1915,SLA,AL,deesh01,Shorty Dee,1,,1,1,0,0,0,0,0,1,0,0,0,0,,,
1915,SLA,AL,leebi01,Billy Lee,18,,18,18,0,0,0,0,1,0,7,6,2,15,,,
1915,BSN,NL,lowfl01,Fletcher Low,1,,1,1,0,0,0,0,1,0,0,0,0,0,,,
1915,PHA,AL,rayca01,Carl Ray,2,,2,2,2,0,0,0,0,0,0,0,0,0,,,
1915,CIN,NL,amesre01,Red Ames,17,,17,17,17,0,0,0,0,0,0,0,0,0,,,
1915,SLN,NL,amesre01,Red Ames,15,,15,15,15,0,0,0,0,0,0,0,0,0,,,
1915,CHF,FL,beckfr02,Fred Beck,121,,121,121,0,0,117,0,0,0,0,0,0,0,,,
1915,SLN,NL,beckzi01,Zinn Beck,70,,70,70,0,0,0,2,62,4,0,0,0,0,,,
1915,CHA,AL,benzjo01,Joe Benz,39,,39,39,39,0,0,0,0,0,0,0,0,0,,,
1915,PTF,FL,burksa01,Sandy Burk,2,,2,2,2,0,0,0,0,0,0,0,0,0,,,
1915,DET,AL,bushdo01,Donie Bush,155,,155,155,0,0,0,0,0,155,0,0,0,0,,,
1915,PHA,AL,bushjo01,Bullet Joe Bush,25,,25,25,25,0,0,0,0,0,0,0,0,0,,,
1915,BOS,AL,cadyhi01,Hick Cady,78,,78,78,0,77,0,0,0,0,0,0,0,0,,,
1915,DET,AL,cobbty01,Ty Cobb,156,,156,156,0,0,0,0,0,0,0,156,0,156,,,
1915,NYA,AL,coleki01,King Cole,10,,10,10,10,0,0,0,0,0,0,0,0,0,,,
1915,PHA,AL,conebo01,Bob Cone,1,,1,1,1,0,0,0,0,0,0,0,0,0,,,
1915,NYA,AL,cookdo01,Doc Cook,132,,132,132,0,0,0,0,0,0,0,0,131,131,,,
1915,SLA,AL,cookro01,Rollin Cook,5,,5,5,5,0,0,0,0,0,0,0,0,0,,,
1915,NYA,AL,creebi01,Birdie Cree,74,,74,74,0,0,0,0,0,0,0,37,16,53,,,
1915,CIN,NL,dalege01,Gene Dale,49,,49,49,49,0,0,0,0,0,0,0,0,0,,,
1915,CHA,AL,dalyto02,Tom Daly,29,,29,29,0,19,1,0,0,0,0,0,0,0,,,
1915,SLF,FL,dealch01,Charlie Deal,65,,65,65,0,0,0,0,65,0,0,0,0,0,,,
1915,BRO,NL,dellwh01,Wheezer Dell,40,,40,40,40,0,0,0,0,0,0,0,0,0,,,
1915,SLN,NL,doakbi01,Bill Doak,38,,38,38,38,0,0,0,0,0,0,0,0,0,,,
1915,NY1,NL,dyerbe01,Ben Dyer,7,,7,7,0,0,0,0,6,1,0,0,0,0,,,
1915,SLA,AL,eastca01,Carl East,1,,1,1,1,0,0,0,0,0,0,0,0,0,,,
1915,CLE,AL,eganbe01,Ben Egan,42,,42,42,0,40,0,0,0,0,0,0,0,0,,,
1915,BSN,NL,egandi01,Dick Egan,83,,83,83,0,0,9,22,4,10,11,0,13,24,,,
1915,BRO,NL,egandi01,Dick Egan,3,,3,3,0,0,0,0,0,0,0,0,0,0,,,
1915,BUF,FL,fordru01,Russ Ford,22,,22,22,21,0,0,0,0,0,0,0,0,0,,,
1915,BRO,NL,getzgu01,Gus Getz,130,,130,130,0,0,0,0,128,2,0,0,0,0,,,
1915,CHN,NL,goodwi01,Wilbur Good,128,,128,128,0,0,0,0,0,0,0,1,125,125,,,
1915,CIN,NL,grohhe01,Heinie Groh,160,,160,160,0,0,0,29,131,0,0,0,0,0,,,
1915,PHA,AL,haasbr01,Bruno Haas,12,,12,12,6,0,0,0,0,0,3,0,0,3,,,
1915,BRF,FL,haltal01,Al Halt,151,,151,151,0,0,0,0,111,40,0,0,0,0,,,
1915,BSN,NL,hessot01,Otto Hess,5,,5,5,4,0,1,0,0,0,0,0,0,0,,,
1915,NYA,AL,highhu01,Hugh High,119,,119,119,0,0,0,0,0,0,44,71,1,117,,,
1915,PIT,NL,hillca01,Carmen Hill,8,,8,8,8,0,0,0,0,0,0,0,0,0,,,
1915,CLE,AL,hillhe01,Herbert Hill,1,,1,1,1,0,0,0,0,0,0,0,0,0,,,
1915,SLA,AL,hochha01,Harry Hoch,12,,12,12,12,0,0,0,0,0,0,0,0,0,,,
1915,SLA,AL,hoffch01,Red Hoff,11,,11,11,11,0,0,0,0,0,0,0,0,0,,,
1915,CHN,NL,hoggbr01,Brad Hogg,2,,2,2,2,0,0,0,0,0,0,0,0,0,,,
1915,NEW,FL,huhnem01,Emil Huhn,124,,124,124,0,16,101,0,0,0,0,0,0,0,,,
1915,BRF,FL,kanefr01,Frank Kane,3,,3,3,0,0,0,0,0,0,2,0,0,2,,,
1915,BLF,FL,kerrdo01,Doc Kerr,3,,3,3,0,2,1,0,0,0,0,0,0,0,,,
1915,SLA,AL,koober01,Ernie Koob,28,,28,28,28,0,0,0,0,0,0,0,0,0,,,
1915,PHA,AL,kopfla01,Larry Kopf,118,,118,118,0,0,0,2,42,74,0,0,0,0,,,
1915,WS1,AL,koppme01,Merlin Kopp,16,,16,16,0,0,0,0,0,0,8,0,1,9,,,
1915,BRF,FL,landgr01,Grover Land,96,,96,96,0,81,0,0,0,0,0,0,0,0,,,
1915,PHA,AL,lappja01,Jack Lapp,112,,112,112,0,89,12,0,0,0,0,0,0,0,,,
1915,PHA,AL,learfr01,Fred Lear,2,,2,2,0,0,0,0,2,0,0,0,0,0,,,
1915,CIN,NL,learki01,King Lear,40,,40,40,40,0,0,0,0,0,0,0,0,0,,,
1915,SLN,NL,longto01,Tom Long,140,,140,140,0,0,0,0,0,0,2,51,87,136,,,
1915,BUF,FL,lordha01,Harry Lord,97,,97,97,0,0,0,0,92,0,0,0,1,1,,,
1915,KCF,FL,mainal01,Alex Main,36,,36,36,35,0,0,0,0,0,0,0,0,0,,,
1915,CHF,FL,mannle01,Les Mann,135,,135,135,0,0,0,0,0,1,94,7,33,130,,,
1915,BOS,AL,maysca01,Carl Mays,38,,38,38,38,0,0,0,0,0,0,0,0,0,,,
1915,WS1,AL,neffdo01,Doug Neff,30,,30,30,0,0,0,10,12,7,0,0,0,0,,,
1915,BSN,NL,nehfar01,Art Nehf,12,,12,12,12,0,0,0,0,0,0,0,0,0,,,
1915,SLA,AL,parkji01,Jim Park,3,,3,3,3,0,0,0,0,0,0,0,0,0,,,
1915,WS1,AL,pickch01,Charlie Pick,3,,3,3,0,0,0,0,0,0,0,0,0,0,,,
1915,NYA,AL,piehcy01,Cy Pieh,21,,21,21,21,0,0,0,0,0,0,0,0,0,,,
1915,NYA,AL,pippwa01,Wally Pipp,136,,136,136,0,0,134,0,0,0,0,0,0,0,,,
1915,BRF,FL,reedmi01,Milt Reed,10,,10,10,0,0,0,0,0,10,0,0,0,0,,,
1915,NEW,FL,reedte01,Ted Reed,20,,20,20,0,0,0,0,20,0,0,0,0,0,,,
1915,BOS,AL,rehgwa01,Wally Rehg,5,,5,5,0,0,0,0,0,0,0,0,1,1,,,
1915,WS1,AL,ricesa01,Sam Rice,4,,4,4,4,0,0,0,0,0,0,0,0,0,,,
1915,CLE,AL,rothbr01,Braggo Roth,39,,39,39,0,0,0,0,0,0,0,39,0,39,,,
1915,CHA,AL,rothbr01,Braggo Roth,70,,70,70,0,0,0,0,35,0,29,1,0,30,,,
1915,SLA,AL,ruelmu01,Muddy Ruel,10,,10,10,0,6,0,0,0,0,0,0,0,0,,,
1915,BOS,AL,ruthba01,Babe Ruth,42,,42,42,32,0,0,0,0,0,0,0,0,0,,,
1915,KCF,FL,shawal02,Al Shaw,132,,132,132,0,0,0,0,0,0,120,4,0,124,,,
1915,WS1,AL,shawji01,Jim Shaw,25,,25,25,25,0,0,0,0,0,0,0,0,0,,,
1915,SLA,AL,simspe01,Pete Sims,3,,3,3,3,0,0,0,0,0,0,0,0,0,,,
1915,PIT,NL,vioxji01,Jim Viox,150,,150,150,0,0,0,134,13,0,0,2,0,2,,,
1915,DET,AL,vittos01,Ossie Vitt,152,,152,152,0,0,0,2,151,0,0,0,0,0,,,
1915,BOS,AL,woodjo02,Smoky Joe Wood,29,,29,29,25,0,0,0,0,0,0,0,0,0,,,
1915,CLE,AL,woodro01,Roy Wood,33,,33,33,0,0,21,0,0,0,1,0,1,2,,,
1915,BLF,FL,zinngu01,Guy Zinn,102,,102,102,0,0,0,0,0,0,63,17,8,88,,,
1915,WS1,AL,acostme01,Merito Acosta,72,,72,72,0,0,0,0,0,0,22,2,29,53,,,
1915,PIT,NL,adamsba01,Babe Adams,40,,40,40,40,0,0,0,0,0,0,0,0,0,,,
1915,PHI,NL,adamsbe01,Bert Adams,24,,24,24,0,23,1,0,0,0,0,0,0,0,,,
1915,KCF,FL,adamsda01,Dan Adams,11,,11,11,11,0,0,0,0,0,0,0,0,0,,,
1915,CHN,NL,adamska01,Karl Adams,26,,26,26,26,0,0,0,0,0,0,0,0,0,,,
1915,BLF,FL,aglerjo01,Joe Agler,72,,72,72,0,0,58,3,0,0,2,1,1,4,,,
1915,BUF,FL,aglerjo01,Joe Agler,25,,25,25,0,0,1,0,0,0,6,3,11,20,,,
1915,SLA,AL,agnewsa01,Sam Agnew,104,,104,104,0,102,0,0,0,0,0,0,0,0,,,
1915,WS1,AL,ainsmed01,Eddie Ainsmith,47,,47,47,0,42,0,0,0,0,0,0,0,0,,,
1915,BRO,NL,aitchra01,Raleigh Aitchison,7,,7,7,7,0,0,0,0,0,0,0,0,0,,,
1915,PHI,NL,alexape01,Pete Alexander,49,,49,49,49,0,0,0,0,0,0,0,0,0,,,
1915,SLA,AL,alexawa01,Walt Alexander,1,,1,1,0,1,0,0,0,0,0,0,0,0,,,
1915,NYA,AL,alexawa01,Walt Alexander,25,,25,25,0,24,0,0,0,0,0,0,0,0,,,
1915,PTF,FL,allenfr01,Frank Allen,41,,41,41,41,0,0,0,0,0,0,0,0,0,,,
1915,BUF,FL,allenni01,Nick Allen,84,,84,84,0,80,0,0,0,0,0,0,0,0,,,
1915,WS1,AL,altroni01,Nick Altrock,1,,1,1,1,0,0,0,0,0,0,0,0,0,,,
1915,PHA,AL,anckewa01,Walter Ancker,4,,4,4,4,0,0,0,0,0,0,0,0,0,,,
1915,BUF,FL,anderfr01,Fred Anderson,36,,36,36,36,0,0,0,0,0,0,0,0,0,,,
1915,BRF,FL,anderge01,George Anderson,136,,136,136,0,0,0,0,0,0,40,12,82,134,,,
1915,BRO,NL,appleed01,Ed Appleton,34,,34,34,34,0,0,0,0,0,0,0,0,0,,,
1915,CHN,NL,archeji01,Jimmy Archer,97,,97,97,0,88,4,0,0,0,0,0,0,0,,,
1915,SLA,AL,austiji01,Jimmy Austin,141,,141,141,0,0,0,0,141,0,0,0,0,0,,,
1915,WS1,AL,ayersdo01,Doc Ayers,40,,40,40,40,0,0,0,0,0,0,0,0,0,,,
1915,NY1,NL,babinch01,Charlie Babington,28,,28,28,0,0,1,0,0,0,2,11,1,12,,,
1915,CHF,FL,bailebi01,Bill Bailey,5,,5,5,5,0,0,0,0,0,0,0,0,0,,,
1915,BLF,FL,bailebi01,Bill Bailey,36,,36,36,36,0,0,0,0,0,0,0,0,0,,,
1915,PIT,NL,bairddo01,Doug Baird,145,,145,145,0,0,0,3,120,0,0,20,0,20,,,
1915,DET,AL,bakerde01,Del Baker,68,,68,68,0,61,0,0,0,0,0,0,0,0,,,
1915,NY1,NL,bakerho01,Howard Baker,1,,1,1,0,0,0,0,1,0,0,0,0,0,,,
1915,CHA,AL,bakerho01,Howard Baker,2,,2,2,0,0,0,0,0,0,0,0,0,0,,,
1915,PHI,NL,bancrda01,Dave Bancroft,153,,153,153,0,0,0,0,0,153,0,0,0,0,,,
1915,PHA,AL,banksev01,Bill Bankston,11,,11,11,0,0,0,0,0,0,4,4,0,8,,,
1915,CLE,AL,barbawa01,Walter Barbare,77,,77,77,0,0,1,0,68,0,0,0,0,0,,,
1915,WS1,AL,barbetu01,Turner Barber,20,,20,20,0,0,0,0,0,0,3,0,16,19,,,
1915,PTF,FL,bargecy01,Cy Barger,36,,36,36,34,0,0,0,0,0,0,0,0,0,,,
1915,PIT,NL,barneed01,Ed Barney,32,,32,32,0,0,0,0,0,0,3,22,1,26,,,
1915,NYA,AL,barneed01,Ed Barney,11,,11,11,0,0,0,0,0,0,3,7,0,10,,,
1915,BSN,NL,barneje01,Jesse Barnes,9,,9,9,9,0,0,0,0,0,0,0,0,0,,,
1915,BOS,AL,barryja01,Jack Barry,78,,78,78,0,0,0,78,0,0,0,0,0,0,,,
1915,PHA,AL,barryja01,Jack Barry,54,,54,54,0,0,0,0,0,54,0,0,0,0,,,
1915,NYA,AL,baumapa01,Paddy Baumann,76,,76,76,0,0,0,43,19,0,0,1,0,1,,,
1915,SLA,AL,baumgge01,George Baumgardner,7,,7,7,7,0,0,0,0,0,0,0,0,0,,,
1915,PHI,NL,baumgst01,Stan Baumgartner,18,,18,18,16,0,0,0,0,0,0,0,0,0,,,
1915,CIN,NL,bealljo01,Johnny Beall,10,,10,10,0,0,0,0,0,0,9,1,0,10,,,
1915,PHI,NL,beckebe01,Beals Becker,112,,112,112,0,0,0,0,0,0,90,0,8,98,,,
1915,NY1,NL,beckema01,Marty Becker,17,,17,17,0,0,0,0,0,0,0,16,1,16,,,
1915,BUF,FL,bediehu01,Hugh Bedient,53,,53,53,53,0,0,0,0,0,0,0,0,0,,,
1915,BLF,FL,bendech01,Chief Bender,26,,26,26,26,0,0,0,0,0,0,0,0,0,,,
1915,WS1,AL,bentlja01,Jack Bentley,4,,4,4,4,0,0,0,0,0,0,0,0,0,,,
1915,NY1,NL,bentoru01,Rube Benton,10,,10,10,10,0,0,0,0,0,0,0,0,0,,,
1915,CIN,NL,bentoru01,Rube Benton,35,,35,35,35,0,0,0,0,0,0,0,0,0,,,
1915,PTF,FL,berghma01,Marty Berghammer,132,,132,132,0,0,0,0,0,132,0,0,0,0,,,
1915,PTF,FL,berrycl01,Claude Berry,100,,100,100,0,99,0,0,0,0,0,0,0,0,,,
1915,SLN,NL,beschbo01,Bob Bescher,130,,130,130,0,0,0,0,0,0,128,0,1,129,,,
1915,SLN,NL,betzebr01,Bruno Betzel,117,,117,117,0,0,0,3,105,2,0,0,0,0,,,
1915,NEW,FL,billiha01,Harry Billiard,14,,14,14,14,0,0,0,0,0,0,0,0,0,,,
1915,CLE,AL,billijo01,Josh Billings,8,,8,8,0,7,0,0,0,0,0,1,0,1,,,
1915,KCF,FL,blackch01,Charlie Blackburn,7,,7,7,7,0,0,0,0,0,0,0,0,0,,,
1915,BLF,FL,blackda01,Dave Black,8,,8,8,8,0,0,0,0,0,0,0,0,0,,,
1915,CHF,FL,blackda01,Dave Black,25,,25,25,25,0,0,0,0,0,0,0,0,0,,,
1915,BSN,NL,blackea01,Earl Blackburn,3,,3,3,0,3,0,0,0,0,0,0,0,0,,,
1915,CHA,AL,blackle01,Lena Blackburne,96,,96,96,0,0,0,0,83,9,0,0,0,0,,,
1915,BUF,FL,blairwa01,Walter Blair,98,,98,98,0,97,0,0,0,0,0,0,0,0,,,
1915,BRF,FL,bluejji01,Jim Bluejacket,24,,24,24,24,0,0,0,0,0,0,0,0,0,,,
1915,SLN,NL,boardch01,Charlie Boardman,3,,3,3,3,0,0,0,0,0,0,0,0,0,,,
1915,DET,AL,boehlge01,George Boehler,9,,9,9,8,0,0,0,0,0,0,0,0,0,,,
1915,WS1,AL,boehljo01,Joe Boehling,41,,41,41,40,0,0,0,0,0,0,0,0,0,,,
1915,DET,AL,bolanbe01,Bernie Boland,47,,47,47,45,0,0,0,0,0,0,0,0,0,,,
1915,NYA,AL,boonelu01,Luke Boone,130,,130,130,0,0,0,115,4,11,0,0,0,0,,,
1915,SLF,FL,bortoba01,Babe Borton,159,,159,159,0,0,159,0,0,0,0,0,0,0,,,
1915,PHA,AL,bostihe01,Henry Bostick,2,,2,2,0,0,0,0,2,0,0,0,0,0,,,
1915,CLE,AL,bowmaab01,Abe Bowman,2,,2,2,2,0,0,0,0,0,0,0,0,0,,,
1915,KCF,FL,bradlbi01,Bill Bradley,66,,66,66,0,0,0,0,61,0,0,0,0,0,,,
1915,PTF,FL,bradlhu01,Hugh Bradley,26,,26,26,0,0,0,0,0,0,0,0,15,15,,,
1915,BRF,FL,bradlhu01,Hugh Bradley,37,,37,37,0,1,26,0,0,0,0,0,7,7,,,
1915,NEW,FL,bradlhu01,Hugh Bradley,12,,12,12,0,0,8,0,0,0,0,0,0,0,,,
1915,NYA,AL,bradyne01,Neal Brady,2,,2,2,2,0,0,0,0,0,0,0,0,0,,,
1915,NY1,NL,brainfr01,Fred Brainard,91,,91,91,0,0,43,1,15,9,0,1,0,1,,,
1915,PTF,FL,braital01,Al Braithwood,2,,2,2,2,0,0,0,0,0,0,0,0,0,,,
1915,NEW,FL,brandch01,Chick Brandom,16,,16,16,16,0,0,0,0,0,0,0,0,0,,,
1915,CHF,FL,brennad01,Ad Brennan,20,,20,20,19,0,0,0,0,0,0,0,1,1,,,
1915,CLE,AL,brently01,Lynn Brenton,11,,11,11,11,0,0,0,0,0,0,0,0,0,,,
1915,CHN,NL,bresnro01,Roger Bresnahan,77,,77,77,0,68,0,0,0,0,0,0,0,0,,,
1915,PHA,AL,bressru01,Rube Bressler,33,,33,33,32,0,0,0,0,0,0,0,0,0,,,
1915,CHA,AL,bretoji01,Jim Breton,16,,16,16,0,0,0,1,14,1,0,0,0,0,,,
1915,SLF,FL,bridwal01,Al Bridwell,65,,65,65,0,0,1,42,15,0,0,0,0,0,,,
1915,CHA,AL,briefbu01,Bunny Brief,48,,48,48,0,0,46,0,0,0,0,0,0,0,,,
1915,NYA,AL,brownbo01,Boardwalk Brown,21,,21,21,19,0,0,0,0,0,0,0,0,0,,,
1915,CIN,NL,browncu01,Curly Brown,9,,9,9,7,0,0,0,0,0,0,0,0,0,,,
1915,KCF,FL,browndr01,Drummond Brown,77,,77,77,0,65,1,0,0,0,0,0,0,0,,,
1915,BRO,NL,brownel01,Elmer Brown,1,,1,1,1,0,0,0,0,0,0,0,0,0,,,
1915,SLN,NL,brownji02,Jim Brown,1,,1,1,0,0,0,0,0,0,0,1,0,1,,,
1915,CHF,FL,brownmo01,Mordecai Brown,36,,36,36,35,0,0,0,0,0,0,0,1,1,,,
1915,SLA,AL,burkach01,Chauncey Burkam,1,,1,1,0,0,0,0,0,0,0,0,0,0,,,
1915,PHI,NL,burnsed01,Ed Burns,67,,67,67,0,62,0,0,0,0,0,0,0,0,,,
1915,NY1,NL,burnsge01,George Burns,155,,155,155,0,0,0,0,0,0,140,0,15,155,,,
1915,DET,AL,burnsge02,George Burns,105,,105,105,0,0,104,0,0,0,0,0,0,0,,,
1915,SLN,NL,butlear01,Art Butler,130,,130,130,0,0,0,2,0,125,0,0,0,0,,,
1915,PHI,NL,byrnebo01,Bobby Byrne,105,,105,105,0,0,0,0,105,0,0,0,0,0,,,
1915,BRO,NL,cadorle01,Leon Cadore,7,,7,7,7,0,0,0,0,0,0,0,0,0,,,
1915,NYA,AL,caldwra02,Ray Caldwell,72,,72,72,36,0,0,0,0,0,0,0,0,0,,,
1915,CIN,NL,callara01,Ray Callahan,3,,3,3,3,0,0,0,0,0,0,0,0,0,,,
1915,PTF,FL,camniho01,Howie Camnitz,4,,4,4,4,0,0,0,0,0,0,0,0,0,,,
1915,NEW,FL,campbvi01,Vin Campbell,127,,127,127,0,0,0,0,0,0,0,12,115,126,,,
1915,PIT,NL,careyma01,Max Carey,140,,140,140,0,0,0,0,0,0,139,0,0,139,,,
1915,BOS,AL,carribi02,Bill Carrigan,46,,46,46,0,44,0,0,0,0,0,0,0,0,,,
1915,CLE,AL,cartepa01,Paul Carter,12,,12,12,11,0,0,0,0,0,0,0,0,0,,,
1915,BSN,NL,cathete01,Ted Cather,40,,40,40,0,0,0,0,0,0,31,0,2,32,,,
1915,DET,AL,cavetpu01,Pug Cavet,17,,17,17,17,0,0,0,0,0,0,0,0,0,,,
1915,KCF,FL,chadbch01,Chet Chadbourne,152,,152,152,0,0,0,0,0,0,5,147,0,152,,,
1915,PHI,NL,chalmge01,George Chalmers,26,,26,26,26,0,0,0,0,0,0,0,0,0,,,
1915,SLF,FL,chapmha01,Harry Chapman,62,,62,62,0,53,0,0,0,0,0,0,0,0,,,
1915,CLE,AL,chapmra01,Ray Chapman,154,,154,154,0,0,0,0,0,154,0,0,0,0,,,
1915,CHA,AL,chappla01,Larry Chappell,1,,1,1,0,0,0,0,0,0,0,0,0,0,,,
1915,BUF,FL,chaseha01,Hal Chase,145,,145,145,0,0,143,0,0,0,0,0,1,1,,,
1915,BRO,NL,chenela01,Larry Cheney,5,,5,5,5,0,0,0,0,0,0,0,0,0,,,
1915,CHN,NL,chenela01,Larry Cheney,25,,25,25,25,0,0,0,0,0,0,0,0,0,,,
1915,BRF,FL,chouife01,Felix Chouinard,4,,4,4,0,0,0,0,0,0,1,1,0,2,,,
1915,CHA,AL,cicoted01,Eddie Cicotte,40,,40,40,39,0,0,0,0,0,0,0,0,0,,,
1915,PIT,NL,clarkfr01,Fred Clarke,1,,1,1,0,0,0,0,0,0,1,0,0,1,,,
1915,CIN,NL,clarkto01,Tommy Clarke,96,,96,96,0,72,0,0,0,0,0,0,0,0,,,
1915,CHF,FL,clemecl01,Clem Clemens,11,,11,11,0,9,0,2,0,0,0,0,0,0,,,
1915,CIN,NL,cochrgo01,Goat Cochran,1,,1,1,1,0,0,0,0,0,0,0,0,0,,,
1915,BSN,NL,cocrege01,Gene Cocreham,1,,1,1,1,0,0,0,0,0,0,0,0,0,,,
1915,CLE,AL,collaal01,Allan Collamore,13,,13,13,11,0,0,0,0,0,0,0,0,0,,,
1915,CHA,AL,collied01,Eddie Collins,155,,155,155,0,0,0,155,0,0,0,0,0,0,,,
1915,BOS,AL,collira01,Ray Collins,25,,25,25,25,0,0,0,0,0,0,0,0,0,,,
1915,CHA,AL,collish01,Shano Collins,153,,153,153,0,0,47,0,0,0,20,21,64,104,,,
1915,PIT,NL,collizi01,Zip Collins,101,,101,101,0,0,0,0,0,0,0,89,0,89,,,
1915,BSN,NL,collizi01,Zip Collins,5,,5,5,0,0,0,0,0,0,4,0,0,4,,,
1915,SLF,FL,comptpe01,Pete Compton,2,,2,2,0,0,0,0,0,0,0,2,0,2,,,
1915,BSN,NL,comptpe01,Pete Compton,35,,35,35,0,0,0,0,0,0,0,20,11,31,,,
1915,PTF,FL,comstra01,Ralph Comstock,12,,12,12,12,0,0,0,0,0,0,0,0,0,,,
1915,BOS,AL,comstra01,Ralph Comstock,3,,3,3,3,0,0,0,0,0,0,0,0,0,,,
1915,BLF,FL,conlesn01,Snipe Conley,25,,25,25,25,0,0,0,0,0,0,0,0,0,,,
1915,BSN,NL,connojo04,Joe Connolly,104,,104,104,0,0,0,0,0,0,81,3,9,93,,,
1915,WS1,AL,connoto01,Tom Connolly,50,,50,50,0,0,0,0,24,4,11,0,8,19,,,
1915,PHA,AL,conwaow01,Owen Conway,4,,4,4,0,0,0,0,4,0,0,0,0,0,,,
1915,PIT,NL,conzejo01,Joe Conzelman,18,,18,18,18,0,0,0,0,0,0,0,0,0,,,
1915,BRO,NL,coombja01,Jack Coombs,29,,29,29,29,0,0,0,0,0,0,0,0,0,,,
1915,BRF,FL,coopecl01,Claude Cooper,153,,153,153,0,0,32,0,0,0,112,7,2,121,,,
1915,BOS,AL,coopegu01,Guy Cooper,1,,1,1,1,0,0,0,0,0,0,0,0,0,,,
1915,PIT,NL,coopewi01,Wilbur Cooper,38,,38,38,38,0,0,0,0,0,0,0,0,0,,,
1915,PHA,AL,corcoar01,Art Corcoran,1,,1,1,0,0,0,0,1,0,0,0,0,0,,,
1915,CHN,NL,corrire01,Red Corriden,6,,6,6,0,0,0,0,1,0,0,1,0,1,,,
1915,PIT,NL,costeda01,Dan Costello,71,,71,71,0,0,1,0,0,0,5,12,5,22,,,
1915,NYA,AL,cottren01,Ensign Cottrell,7,,7,7,7,0,0,0,0,0,0,0,0,0,,,
1915,CLE,AL,coumbfr01,Fritz Coumbe,35,,35,35,30,0,0,0,0,0,0,0,0,0,,,
1915,DET,AL,covelha01,Harry Coveleski,50,,50,50,50,0,0,0,0,0,0,0,0,0,,,
1915,SLF,FL,cranddo01,Doc Crandall,84,,84,84,51,0,0,0,0,0,0,0,0,0,,,
1915,PHA,AL,cranesa02,Sam Crane,8,,8,8,0,0,0,1,0,6,0,0,0,0,,,
1915,PHI,NL,cravaga01,Gavvy Cravath,150,,150,150,0,0,0,0,0,0,0,0,149,149,,,
1915,BLF,FL,crawfke01,Ken Crawford,23,,23,23,0,0,14,0,0,0,1,0,3,4,,,
1915,DET,AL,crawfsa01,Sam Crawford,156,,156,156,0,0,0,0,0,0,0,0,156,156,,,
1915,PHA,AL,croweca01,Cap Crowell,10,,10,10,10,0,0,0,0,0,0,0,0,0,,,
1915,BSN,NL,crutcdi01,Dick Crutcher,14,,14,14,14,0,0,0,0,0,0,0,0,0,,,
1915,KCF,FL,culloni01,Nick Cullop,44,,44,44,44,0,0,0,0,0,0,0,0,0,,,
1915,BRO,NL,cutshge01,George Cutshaw,154,,154,154,0,0,0,154,0,0,0,0,0,0,,,
1915,NYA,AL,daleyto01,Tom Daley,10,,10,10,0,0,0,0,0,0,1,0,1,2,,,
1915,SLA,AL,dalrybi01,Bill Dalrymple,3,,3,3,0,0,0,0,1,0,0,0,0,0,,,
1915,BUF,FL,daltoja01,Jack Dalton,132,,132,132,0,0,0,0,0,0,10,60,52,119,,,
1915,PHA,AL,damraha01,Harry Damrau,16,,16,16,0,0,0,0,16,0,0,0,0,0,,,
1915,PHA,AL,dannebu01,Buck Danner,3,,3,3,0,0,0,0,0,3,0,0,0,0,,,
1915,SLN,NL,darinro01,Rolla Daringer,10,,10,10,0,0,0,0,0,10,0,0,0,0,,,
1915,PIT,NL,daubeha01,Harry Daubert,1,,1,1,0,0,0,0,0,0,0,0,0,0,,,
1915,BRO,NL,daubeja01,Jake Daubert,150,,150,150,0,0,150,0,0,0,0,0,0,0,,,
1915,DET,AL,daussho01,Hooks Dauss,46,,46,46,46,0,0,0,0,0,0,0,0,0,,,
1915,SLF,FL,davenda01,Dave Davenport,55,,55,55,55,0,0,0,0,0,0,0,0,0,,,
1915,PHA,AL,daviech01,Chick Davies,56,,56,56,4,0,0,0,0,0,7,21,4,32,,,
1915,PHA,AL,davisbu01,Bud Davis,21,,21,21,18,0,0,0,0,0,0,0,0,0,,,
1915,CHA,AL,davisdi01,Dixie Davis,2,,2,2,2,0,0,0,0,0,0,0,0,0,,,
1915,BSN,NL,davisge02,Iron Davis,15,,15,15,15,0,0,0,0,0,0,0,0,0,,,
1915,PHA,AL,davisha01,Harry Davis,5,,5,5,0,0,1,0,0,0,0,0,0,0,,,
1915,PTF,FL,delahfr01,Frank Delahanty,14,,14,14,0,0,0,0,0,0,11,0,0,11,,,
1915,BRF,FL,delahji01,Jim Delahanty,17,,17,17,0,0,0,4,0,0,0,0,0,0,,,
1915,PHI,NL,demaral01,Al Demaree,32,,32,32,32,0,0,0,0,0,0,0,0,0,,,
1915,CHA,AL,demmira01,Ray Demmitt,9,,9,9,0,0,0,0,0,0,1,0,2,3,,,
1915,PTF,FL,dickswa01,Walt Dickson,27,,27,27,27,0,0,0,0,0,0,0,0,0,,,
1915,SLN,NL,dolanco02,Cozy Dolan,111,,111,111,0,0,0,0,0,0,28,47,24,98,,,
1915,NYA,AL,donovbi01,Bill Donovan,10,,10,10,9,0,0,0,0,0,0,0,0,0,,,
1915,NY1,NL,dooinre01,Red Dooin,46,,46,46,0,46,0,0,0,0,0,0,0,0,,,
1915,CIN,NL,dooinre01,Red Dooin,10,,10,10,0,10,0,0,0,0,0,0,0,0,,,
1915,BLF,FL,doolami01,Mickey Doolin,119,,119,119,0,0,0,0,0,119,0,0,0,0,,,
1915,CHF,FL,doolami01,Mickey Doolin,24,,24,24,0,0,0,0,0,24,0,0,0,0,,,
1915,BLF,FL,douglla01,Larry Douglas,2,,2,2,2,0,0,0,0,0,0,0,0,0,,,
1915,CIN,NL,douglph01,Phil Douglas,8,,8,8,8,0,0,0,0,0,0,0,0,0,,,
1915,CHN,NL,douglph01,Phil Douglas,4,,4,4,4,0,0,0,0,0,0,0,0,0,,,
1915,BRO,NL,douglph01,Phil Douglas,20,,20,20,20,0,0,0,0,0,0,0,0,0,,,
1915,BUF,FL,downeto01,Tom Downey,92,,92,92,0,0,1,48,35,2,0,0,0,0,,,
1915,NY1,NL,doylela01,Larry Doyle,150,,150,150,0,0,0,147,0,0,0,0,0,0,,,
1915,SLF,FL,drakede01,Delos Drake,102,,102,102,0,0,1,0,0,0,7,62,33,97,,,
1915,DET,AL,dubucje01,Jean Dubuc,60,,60,60,39,0,0,0,0,0,0,0,0,0,,,
1915,PHI,NL,dugeyos01,Oscar Dugey,42,,42,42,0,0,0,14,0,0,0,0,0,0,,,
1915,WS1,AL,dumonge01,George Dumont,6,,6,6,6,0,0,0,0,0,0,0,0,0,,,
1915,PIT,NL,duncapa01,Pat Duncan,3,,3,3,0,0,0,0,0,0,0,1,0,1,,,
1915,BLF,FL,duncave01,Vern Duncan,146,,146,146,0,0,0,1,21,0,60,64,0,124,,,
1915,BLF,FL,eaklech01,Charlie Eakle,2,,2,2,0,0,0,2,0,0,0,0,0,0,,,
1915,KCF,FL,eastete01,Ted Easterly,110,,110,110,0,88,0,0,0,0,0,0,0,0,,,
1915,PHA,AL,eccleha01,Harry Eccles,5,,5,5,5,0,0,0,0,0,0,0,0,0,,,
1915,PHA,AL,edwarra01,Ralph Edwards,2,,2,2,0,0,0,1,0,0,0,0,0,0,,,
1915,BUF,FL,ehmkeho01,Howard Ehmke,18,,18,18,18,0,0,0,0,0,0,0,0,0,,,
1915,WS1,AL,engeljo01,Joe Engel,11,,11,11,11,0,0,0,0,0,0,0,0,0,,,
1915,BUF,FL,englecl01,Clyde Engle,141,,141,141,0,0,1,21,17,0,14,74,13,100,,,
1915,KCF,FL,enzenja01,Jack Enzenroth,14,,14,14,0,8,0,0,0,0,0,0,0,0,,,
1915,CLE,AL,escheji01,Jim Eschen,15,,15,15,0,0,0,0,0,0,0,10,0,10,,,
1915,NEW,FL,esmonji01,Jimmy Esmond,155,,155,155,0,0,0,0,0,155,0,0,0,0,,,
1915,CLE,AL,evansjo01,Joe Evans,42,,42,42,0,0,0,2,30,0,0,0,0,0,,,
1915,BRF,FL,evansst01,Steve Evans,63,,63,63,0,0,1,0,0,0,0,0,61,61,,,
1915,BLF,FL,evansst01,Steve Evans,88,,88,88,0,0,4,0,0,0,0,0,88,88,,,
1915,BSN,NL,eversjo01,Johnny Evers,83,,83,83,0,0,0,82,0,0,0,0,0,0,,,
1915,CHA,AL,faberre01,Red Faber,50,,50,50,50,0,0,0,0,0,0,0,0,0,,,
1915,BRF,FL,falkecy01,Cy Falkenberg,7,,7,7,7,0,0,0,0,0,0,0,0,0,,,
1915,NEW,FL,falkecy01,Cy Falkenberg,25,,25,25,25,0,0,0,0,0,0,0,0,0,,,
1915,CHF,FL,farreja03,Jack Farrell,70,,70,70,0,0,0,70,0,1,0,0,0,0,,,
1915,CHA,AL,felscha01,Happy Felsch,121,,121,121,0,0,0,0,0,0,34,73,10,118,,,
1915,PHA,AL,fillida01,Dana Fillingim,8,,8,8,8,0,0,0,0,0,0,0,0,0,,,
1915,BRF,FL,finneha01,Happy Finneran,38,,38,38,37,0,0,0,0,0,0,0,0,0,,,
1915,CHF,FL,fischwi01,William Fischer,105,,105,105,0,80,0,0,0,0,0,0,0,0,,,
1915,CHN,NL,fishebo01,Bob Fisher,147,,147,147,0,0,0,0,0,145,0,0,0,0,,,
1915,NYA,AL,fishera01,Ray Fisher,30,,30,30,30,0,0,0,0,0,0,0,0,0,,,
1915,BSN,NL,fitzped01,Ed Fitzpatrick,105,,105,105,0,0,0,71,0,0,0,7,22,29,,,
1915,CHF,FL,flackma01,Max Flack,141,,141,141,0,0,0,0,0,0,61,0,81,138,,,
1915,NY1,NL,fletcar01,Art Fletcher,149,,149,149,0,0,0,0,0,149,0,0,0,0,,,
1915,CHN,NL,fluhrjo01,John Fluhrer,6,,6,6,0,0,0,0,0,0,2,0,0,2,,,
1915,BLF,FL,forsyed01,Ed Forsyth,1,,1,1,0,0,0,0,1,0,0,0,0,0,,,
1915,WS1,AL,fosteed02,Eddie Foster,154,,154,154,0,0,0,75,79,0,0,0,0,0,,,
1915,BOS,AL,fosteru01,Rube Foster,40,,40,40,37,0,0,0,0,0,0,0,0,0,,,
1915,CHA,AL,fournja01,Jack Fournier,126,,126,126,0,0,65,0,0,0,38,13,6,57,,,
1915,CHF,FL,fritzha01,Harry Fritz,79,,79,79,0,0,0,6,70,1,0,0,0,0,,,
1915,NY1,NL,frommar01,Art Fromme,4,,4,4,4,0,0,0,0,0,0,0,0,0,,,
1915,DET,AL,fullefr01,Frank Fuller,14,,14,14,0,0,0,9,0,1,0,0,0,0,,,
1915,BUF,FL,gagnied01,Ed Gagnier,1,,1,1,0,0,0,1,0,0,0,0,0,0,,,
1915,BRF,FL,gagnied01,Ed Gagnier,20,,20,20,0,0,0,6,0,13,0,0,0,0,,,
1915,BOS,AL,gainede01,Del Gainer,82,,82,82,0,0,56,0,0,0,0,5,1,6,,,
1915,BLF,FL,gallajo01,John Gallagher,40,,40,40,0,0,0,37,1,5,0,0,0,0,,,
1915,WS1,AL,gallibe01,Bert Gallia,43,,43,43,43,0,0,0,0,0,0,0,0,0,,,
1915,WS1,AL,gandich01,Chick Gandil,136,,136,136,0,0,134,0,0,0,0,0,0,0,,,
1915,BOS,AL,gardnla01,Larry Gardner,127,,127,127,0,0,0,0,127,0,0,0,0,0,,,
1915,CLE,AL,garrecl01,Clarence Garrett,4,,4,4,4,0,0,0,0,0,0,0,0,0,,,
1915,CIN,NL,georgle01,Lefty George,7,,7,7,5,0,0,0,0,0,0,0,0,0,,,
1915,PIT,NL,gerbewa01,Wally Gerber,56,,56,56,0,0,0,2,23,21,0,0,0,0,,,
1915,PIT,NL,gibsoge01,George Gibson,120,,120,120,0,118,0,0,0,0,0,0,0,0,,,
1915,BSN,NL,gilbela01,Larry Gilbert,45,,45,45,0,0,0,0,0,0,2,0,26,27,,,
1915,NYA,AL,gilhofr01,Frank Gilhooley,1,,1,1,0,0,0,0,0,0,0,0,1,1,,,
1915,KCF,FL,gilmogr01,Grover Gilmore,119,,119,119,0,0,0,0,0,0,0,0,119,119,,,
1915,KCF,FL,gingrjo01,Joe Gingras,2,,2,2,2,0,0,0,0,0,0,0,0,0,,,
1915,SLN,NL,glennha01,Harry Glenn,6,,6,6,0,5,0,0,0,0,0,0,0,0,,,
1915,SLN,NL,gonzami01,Mike Gonzalez,51,,51,51,0,32,8,0,0,0,0,0,0,0,,,
1915,CLE,AL,goochle01,Lee Gooch,2,,2,2,0,0,0,0,0,0,0,0,0,0,,,
1915,KCF,FL,goodwpe01,Pep Goodwin,81,,81,81,0,0,0,23,0,42,0,0,0,0,,,
1915,BSN,NL,gowdyha01,Hank Gowdy,118,,118,118,0,114,0,0,0,0,0,0,0,0,,,
1915,CLE,AL,graneja01,Jack Graney,116,,116,116,0,0,0,0,0,0,107,1,8,115,,,
1915,NY1,NL,granted01,Eddie Grant,87,,87,87,0,0,1,9,35,1,0,0,0,0,,,
1915,BOS,AL,greggve01,Vean Gregg,18,,18,18,18,0,0,0,0,0,0,0,0,0,,,
1915,CIN,NL,griffto01,Tommy Griffith,160,,160,160,0,0,0,0,0,0,2,0,160,160,,,
1915,BRF,FL,griggar01,Art Griggs,27,,27,27,0,0,5,0,0,0,0,0,1,1,,,
1915,SLN,NL,grineda01,Dan Griner,39,,39,39,37,0,0,0,0,0,0,0,0,0,,,
1915,SLF,FL,groombo01,Bob Groom,37,,37,37,37,0,0,0,0,0,0,0,0,0,,,
1915,PHA,AL,haeffbi01,Bill Haeffner,3,,3,3,0,3,0,0,0,0,0,0,0,0,,,
1915,CLE,AL,hagerri01,Rip Hagerman,29,,29,29,29,0,0,0,0,0,0,0,0,0,,,
1915,BOS,AL,haleyra01,Raymond Haley,5,,5,5,0,4,0,0,0,0,0,0,0,0,,,
1915,SLA,AL,hamilea01,Earl Hamilton,35,,35,35,35,0,0,0,0,0,0,0,0,0,,,
1915,CLE,AL,hammoja01,Jack Hammond,35,,35,35,0,0,0,19,0,0,0,0,0,0,,,
1915,CHF,FL,hanfoch01,Charlie Hanford,77,,77,77,0,0,0,0,0,0,10,1,32,43,,,
1915,CHN,NL,hargrbu01,Bubbles Hargrave,15,,15,15,0,9,0,0,0,0,0,0,0,0,,,
1915,PIT,NL,harmobo01,Bob Harmon,42,,42,42,37,0,0,0,0,0,0,0,0,0,,,
1915,WS1,AL,harpeha01,Harry Harper,19,,19,19,19,0,0,0,0,0,0,0,0,0,,,
1915,PHA,AL,harpeja02,Jack Harper,3,,3,3,3,0,0,0,0,0,0,0,0,0,,,
1915,KCF,FL,harribe02,Ben Harris,1,,1,1,1,0,0,0,0,0,0,0,0,0,,,
1915,CLE,AL,harstos01,Oscar Harstad,32,,32,32,32,0,0,0,0,0,0,0,0,0,,,
1915,SLF,FL,hartlgr01,Grover Hartley,120,,120,120,0,113,1,0,0,0,0,0,0,0,,,
1915,NYA,AL,hartzro01,Roy Hartzell,119,,119,119,0,0,0,5,2,0,105,0,2,107,,,
1915,CHF,FL,hausear01,Arnold Hauser,23,,23,23,0,0,0,0,6,16,0,0,0,0,,,
1915,CLE,AL,haworho01,Howie Haworth,7,,7,7,0,5,0,0,0,0,0,0,0,0,,,
1915,PHA,AL,healyth01,Thomas Healy,23,,23,23,0,0,0,0,17,1,0,0,0,0,,,
1915,PTF,FL,hearnbu01,Bunny Hearn,29,,29,29,29,0,0,0,0,0,0,0,0,0,,,
1915,BRF,FL,helfrty01,Ty Helfrich,43,,43,43,0,0,0,34,0,0,0,0,1,1,,,
1915,CHF,FL,hendrcl01,Claude Hendrix,50,,50,50,40,0,0,0,0,0,0,0,0,0,,,
1915,NYA,AL,hendrti01,Tim Hendryx,13,,13,13,0,0,0,0,0,0,0,12,0,12,,,
1915,KCF,FL,hennipe01,Pete Henning,40,,40,40,40,0,0,0,0,0,0,0,0,0,,,
1915,BOS,AL,henriol01,Olaf Henriksen,73,,73,73,0,0,0,0,0,0,9,4,12,25,,,
1915,WS1,AL,henryjo02,John Henry,95,,95,95,0,94,0,0,0,0,0,0,0,0,,,
1915,SLF,FL,herbeer01,Ernie Herbert,13,,13,13,11,0,0,0,0,0,0,0,0,0,,,
1915,NY1,NL,herbefr01,Fred Herbert,2,,2,2,2,0,0,0,0,0,0,0,0,0,,,
1915,BRF,FL,herribi01,Bill Herring,3,,3,3,3,0,0,0,0,0,0,0,0,0,,,
1915,CIN,NL,herzobu01,Buck Herzog,155,,155,155,0,0,2,0,0,153,0,0,0,0,,,
1915,BLF,FL,hickmji01,Jim Hickman,20,,20,20,0,0,0,0,0,0,0,20,0,20,,,
1915,PIT,NL,hinchbi01,Bill Hinchman,156,,156,156,0,0,0,0,0,0,6,0,151,156,,,
1915,BOS,AL,hoblidi01,Dick Hoblitzell,124,,124,124,0,0,117,0,0,0,0,0,0,0,,,
1915,CLE,AL,hoffmte01,Tex Hoffman,9,,9,9,0,0,0,0,3,0,0,0,0,0,,,
1915,BUF,FL,hofmaso01,Solly Hofman,109,,109,109,0,0,11,2,4,1,46,20,18,82,,,
1915,PTF,FL,hollyed01,Ed Holly,16,,16,16,0,0,0,0,3,11,0,0,0,0,,,
1915,BOS,AL,hoopeha01,Harry Hooper,149,,149,149,0,0,0,0,0,0,0,0,149,149,,,
1915,WS1,AL,hoppebi01,Bill Hopper,13,,13,13,13,0,0,0,0,0,0,0,0,0,,,
1915,SLN,NL,hornsro01,Rogers Hornsby,18,,18,18,0,0,0,0,0,18,0,0,0,0,,,
1915,BRF,FL,howarda01,Dave Howard,24,,24,24,0,0,0,12,1,1,0,1,1,2,,,
1915,SLA,AL,howariv01,Ivan Howard,113,,113,113,0,0,48,2,23,2,5,1,11,17,,,
1915,SLN,NL,huggimi01,Miller Huggins,107,,107,107,0,0,0,105,0,0,0,0,0,0,,,
1915,BSN,NL,hugheto02,Tom Hughes,50,,50,50,50,0,0,0,0,0,0,0,0,0,,,
1915,BRO,NL,hummejo01,John Hummel,53,,53,53,0,0,11,0,0,1,2,1,18,21,,,
1915,CHN,NL,humphbe01,Bert Humphries,31,,31,31,31,0,0,0,0,0,0,0,0,0,,,
1915,SLN,NL,hyattha01,Ham Hyatt,106,,106,106,0,0,64,0,0,0,0,1,26,25,,,
1915,BLF,FL,jacklfr01,Fred Jacklitsch,49,,49,49,0,45,0,0,0,1,0,0,0,0,,,
1915,CHF,FL,jacksbi01,Bill Jackson,50,,50,50,0,0,36,0,0,0,0,1,0,1,,,
1915,CHA,AL,jacksch02,Charlie Jackson,1,,1,1,0,0,0,0,0,0,0,0,0,0,,,
1915,CLE,AL,jacksjo01,Shoeless Joe Jackson,83,,83,83,0,0,30,0,0,0,5,0,44,50,,,
1915,CHA,AL,jacksjo01,Shoeless Joe Jackson,45,,45,45,0,0,0,0,0,0,19,26,0,45,,,
1915,SLA,AL,jacobba01,Baby Doll Jacobson,34,,34,34,0,0,0,0,0,0,3,3,26,32,,,
1915,DET,AL,jacobba01,Baby Doll Jacobson,37,,37,37,0,0,10,0,0,0,3,5,0,7,,,
1915,NY1,NL,jacobme01,Merwin Jacobson,8,,8,8,0,0,0,0,0,0,0,2,3,5,,,
1915,SLA,AL,jamesbi01,Bill James,34,,34,34,34,0,0,0,0,0,0,0,0,0,,,
1915,DET,AL,jamesbi01,Bill James,11,,11,11,11,0,0,0,0,0,0,0,0,0,,,
1915,BSN,NL,jamesbi02,Bill James,14,,14,14,13,0,0,0,0,0,0,0,0,0,,,
1915,WS1,AL,jamiech01,Charlie Jamieson,17,,17,17,0,0,0,0,0,0,17,0,0,17,,,
1915,BOS,AL,janvrha01,Hal Janvrin,99,,99,99,0,0,0,8,20,64,0,0,0,0,,,
1915,CHA,AL,jaspehi01,Hi Jasper,3,,3,3,3,0,0,0,0,0,0,0,0,0,,,
1915,KCF,FL,johnsch02,Chief Johnson,46,,46,46,46,0,0,0,0,0,0,0,0,0,,,
1915,PIT,NL,johnsdo01,Doc Johnston,147,,147,147,0,0,147,0,0,0,0,0,0,0,,,
1915,SLF,FL,johnser01,Ernie Johnson,152,,152,152,0,0,0,0,0,152,0,0,0,0,,,
1915,CHA,AL,johnspe01,Pete Johns,28,,28,28,0,0,0,0,28,0,0,0,0,0,,,
1915,CHF,FL,johnsra01,Rankin Johnson,11,,11,11,11,0,0,0,0,0,0,0,0,0,,,
1915,BLF,FL,johnsra01,Rankin Johnson,23,,23,23,23,0,0,0,0,0,0,0,0,0,,,
1915,WS1,AL,johnswa01,Walter Johnson,64,,64,64,47,0,0,0,0,0,1,0,3,4,,,
1915,CHA,AL,johnswa02,Ellis Johnson,1,,1,1,1,0,0,0,0,0,0,0,0,0,,,
1915,PTF,FL,jonesda01,Davy Jones,14,,14,14,0,0,0,0,0,0,13,0,0,13,,,
1915,SLF,FL,jonesfi01,Fielder Jones,7,,7,7,0,0,0,0,0,0,0,1,2,3,,,
1915,CLE,AL,jonessa01,Sad Sam Jones,48,,48,48,48,0,0,0,0,0,0,0,0,0,,,
1915,WS1,AL,judgejo01,Joe Judge,12,,12,12,0,0,10,0,0,0,0,0,2,2,,,
1915,NEW,FL,kaisege01,George Kaiserling,41,,41,41,41,0,0,0,0,0,0,0,0,0,,,
1915,PIT,NL,kantler01,Erv Kantlehner,29,,29,29,29,0,0,0,0,0,0,0,0,0,,,
1915,BRO,NL,karstjo01,John Karst,1,,1,1,0,0,0,0,1,0,0,0,0,0,,,
1915,BRF,FL,kauffbe01,Benny Kauff,136,,136,136,0,0,0,0,0,0,0,136,0,136,,,
1915,SLA,AL,kauffdi01,Dick Kauffman,37,,37,37,0,0,32,0,0,0,0,0,1,1,,,
1915,DET,AL,kavanma01,Marty Kavanagh,113,,113,113,0,0,44,42,1,2,2,0,0,2,,,
1915,CHN,NL,keatich01,Chick Keating,4,,4,4,0,0,0,0,0,2,0,0,0,0,,,
1915,NYA,AL,keatira01,Ray Keating,11,,11,11,11,0,0,0,0,0,0,0,0,0,,,
1915,NY1,NL,kellyge01,High Pockets Kelly,17,,17,17,0,0,9,0,0,0,0,4,0,4,,,
1915,PIT,NL,kellyhe01,Herb Kelly,5,,5,5,5,0,0,0,0,0,0,0,0,0,,,
1915,PTF,FL,kellyji01,Jim Kelly,148,,148,148,0,0,0,0,0,0,14,4,133,148,,,
1915,KCF,FL,kenwobi01,Duke Kenworthy,122,,122,122,0,0,0,108,0,0,0,0,7,7,,,
1915,PTF,FL,kerlior01,Orie Kerlin,3,,3,3,0,3,0,0,0,0,0,0,0,0,,,
1915,PHI,NL,killebi01,Bill Killefer,105,,105,105,0,104,0,0,0,0,0,0,0,0,,,
1915,CIN,NL,killere01,Red Killefer,155,,155,155,0,0,2,0,0,0,79,73,0,150,,,
1915,SLF,FL,kirbyla01,LaRue Kirby,61,,61,61,1,0,0,0,0,0,9,40,4,52,,,
1915,CLE,AL,kirkeja01,Jay Kirke,87,,87,87,0,0,87,0,0,0,0,0,0,0,,,
1915,BLF,FL,kirkpen01,Enos Kirkpatrick,68,,68,68,0,0,5,21,28,5,0,0,0,0,,,
1915,CLE,AL,klepfed01,Ed Klepfer,8,,8,8,8,0,0,0,0,0,0,0,0,0,,,
1915,CHA,AL,klepfed01,Ed Klepfer,3,,3,3,3,0,0,0,0,0,0,0,0,0,,,
1915,BLF,FL,knabeot01,Otto Knabe,103,,103,103,0,0,0,94,0,0,0,0,1,1,,,
1915,PTF,FL,knetzel01,Elmer Knetzer,41,,41,41,41,0,0,0,0,0,0,0,0,0,,,
1915,CHN,NL,knisepe01,Pete Knisely,64,,64,64,0,0,0,9,0,0,8,9,16,33,,,
1915,PHA,AL,knowlto01,Tom Knowlson,18,,18,18,18,0,0,0,0,0,0,0,0,0,,,
1915,NY1,NL,kochebr01,Brad Kocher,4,,4,4,0,3,0,0,0,0,0,0,0,0,,,
1915,BLF,FL,kolseka01,Karl Kolseth,6,,6,6,0,0,6,0,0,0,0,0,0,0,,,
1915,PTF,FL,koneted01,Ed Konetchy,152,,152,152,0,0,152,0,0,0,0,0,0,0,,,
1915,SLF,FL,koresar01,Art Kores,60,,60,60,0,0,0,0,60,0,0,0,0,0,,,
1915,BUF,FL,krappge01,Gene Krapp,42,,42,42,38,0,0,0,0,0,0,0,0,0,,,
1915,NYA,AL,krueger01,Ernie Krueger,10,,10,10,0,8,0,0,0,0,0,0,0,0,,,
1915,KCF,FL,krugear01,Art Kruger,80,,80,80,0,0,0,0,0,0,33,3,30,66,,,
1915,BRF,FL,lafited01,Ed Lafitte,17,,17,17,17,0,0,0,0,0,0,0,2,2,,,
1915,BUF,FL,lafited01,Ed Lafitte,14,,14,14,14,0,0,0,0,0,0,0,0,0,,,
1915,PHA,AL,lajoina01,Nap Lajoie,129,,129,129,0,0,5,110,2,10,0,0,0,0,,,
1915,SLN,NL,lamlifr01,Fred Lamlein,4,,4,4,4,0,0,0,0,0,0,0,0,0,,,
1915,NEW,FL,laporfr01,Frank LaPorte,148,,148,148,0,0,0,146,0,0,0,0,0,0,,,
1915,SLA,AL,lavando01,Doc Lavan,157,,157,157,0,0,0,0,0,157,0,0,0,0,,,
1915,CHN,NL,lavenji01,Jimmy Lavender,41,,41,41,41,0,0,0,0,0,0,0,0,0,,,
1915,NYA,AL,laydege01,Gene Layden,3,,3,3,0,0,0,0,0,0,0,2,0,2,,,
1915,CIN,NL,leachto01,Tommy Leach,107,,107,107,0,0,0,0,0,0,17,81,0,96,,,
1915,SLA,AL,learyjo01,John Leary,75,,75,75,0,11,53,0,0,0,0,0,0,0,,,
1915,BUF,FL,leclage01,George LeClair,1,,1,1,1,0,0,0,0,0,0,0,0,0,,,
1915,BLF,FL,leclage01,George LeClair,18,,18,18,18,0,0,0,0,0,0,0,0,0,,,
1915,PTF,FL,leclage01,George LeClair,14,,14,14,14,0,0,0,0,0,0,0,0,0,,,
1915,DET,AL,ledbera01,Razor Ledbetter,1,,1,1,1,0,0,0,0,0,0,0,0,0,,,
1915,CLE,AL,leibone01,Nemo Leibold,57,,57,57,0,0,0,0,0,0,0,52,0,52,,,
1915,CHA,AL,leibone01,Nemo Leibold,36,,36,36,0,0,0,0,0,0,10,12,0,22,,,
1915,PIT,NL,lejeula01,Sheldon Lejeune,18,,18,18,0,0,0,0,0,0,0,18,0,18,,,
1915,PTF,FL,lennoed01,Ed Lennox,55,,55,55,0,0,0,0,3,0,0,0,0,0,,,
1915,BOS,AL,leonadu01,Dutch Leonard,32,,32,32,32,0,0,0,0,0,0,0,0,0,,,
1915,SLA,AL,leverwa01,Walt Leverenz,5,,5,5,5,0,0,0,0,0,0,0,0,0,,,
1915,BOS,AL,lewisdu01,Duffy Lewis,152,,152,152,0,0,0,0,0,0,152,0,0,152,,,
1915,PTF,FL,lewisja01,Jack Lewis,82,,82,82,0,0,5,45,1,11,0,0,6,6,,,
1915,NY1,NL,loberha01,Hans Lobert,106,,106,106,0,0,0,0,103,0,0,0,0,0,,,
1915,BUF,FL,loudeba01,Baldy Louden,141,,141,141,0,0,0,88,19,27,0,0,0,0,,,
1915,SLA,AL,lowdegr01,Grover Lowdermilk,38,,38,38,38,0,0,0,0,0,0,0,0,0,,,
1915,DET,AL,lowdegr01,Grover Lowdermilk,7,,7,7,7,0,0,0,0,0,0,0,0,0,,,
1915,PHI,NL,luderfr01,Fred Luderus,141,,141,141,0,0,141,0,0,0,0,0,0,0,,,
1915,BSN,NL,luquedo01,Dolf Luque,3,,3,3,2,0,0,0,0,0,0,0,0,0,,,
1915,BRF,FL,mageele01,Lee Magee,121,,121,121,0,0,2,115,0,0,0,0,0,0,,,
1915,BSN,NL,mageesh01,Sherry Magee,156,,156,156,0,0,21,0,0,0,34,102,0,135,,,
1915,BRO,NL,mailsdu01,Duster Mails,2,,2,2,2,0,0,0,0,0,0,0,0,0,,,
1915,BLF,FL,maisech01,Charlie Maisel,1,,1,1,0,1,0,0,0,0,0,0,0,0,,,
1915,NYA,AL,maisefr01,Fritz Maisel,135,,135,135,0,0,0,0,134,0,0,0,0,0,,,
1915,PHA,AL,malonle01,Lew Malone,76,,76,76,0,0,0,43,12,2,0,0,4,4,,,
1915,PIT,NL,mamaual01,Al Mamaux,38,,38,38,38,0,0,0,0,0,0,0,0,0,,,
1915,BSN,NL,maranra01,Rabbit Maranville,149,,149,149,0,0,0,0,0,149,0,0,0,0,,,
1915,BRF,FL,marioda01,Dan Marion,35,,35,35,35,0,0,0,0,0,0,0,0,0,,,
1915,NYA,AL,marklcl01,Cliff Markle,3,,3,3,3,0,0,0,0,0,0,0,0,0,,,
1915,BRO,NL,marquru01,Rube Marquard,6,,6,6,6,0,0,0,0,0,0,0,0,0,,,
1915,NY1,NL,marquru01,Rube Marquard,27,,27,27,27,0,0,0,0,0,0,0,0,0,,,
1915,SLF,FL,marsaar01,Armando Marsans,36,,36,36,0,0,0,0,0,0,0,35,0,35,,,
1915,BUF,FL,marshru01,Rube Marshall,22,,22,22,21,0,0,0,0,0,0,0,0,0,,,
1915,NY1,NL,mathech01,Christy Mathewson,27,,27,27,27,0,0,0,0,0,0,0,0,0,,,
1915,PHI,NL,mayerer01,Erskine Mayer,43,,43,43,43,0,0,0,0,0,0,0,0,0,,,
1915,WS1,AL,mayersa01,Sam Mayer,11,,11,11,1,0,1,0,0,0,1,0,8,9,,,
1915,CHA,AL,mayerwa01,Wally Mayer,22,,22,22,0,20,0,0,0,0,0,0,0,0,,,
1915,PIT,NL,mcaulik01,Ike McAuley,5,,5,5,0,0,0,0,0,5,0,0,0,0,,,
1915,PHA,AL,mcavowi01,Wickey McAvoy,68,,68,68,0,64,0,0,0,0,0,0,0,0,,,
1915,WS1,AL,mcbrige01,George McBride,146,,146,146,0,0,0,0,0,146,0,0,0,0,,,
1915,SLA,AL,mccabti01,Tim McCabe,7,,7,7,7,0,0,0,0,0,0,0,0,0,,,
1915,BLF,FL,mccanja01,Jack McCandless,117,,117,117,0,0,0,0,0,0,23,58,25,105,,,
1915,CHN,NL,mccaral01,Alex McCarthy,23,,23,23,0,0,0,12,12,1,0,0,0,0,,,
1915,PIT,NL,mccaral01,Alex McCarthy,21,,21,21,0,0,1,9,4,5,0,0,0,0,,,
1915,BRO,NL,mccarle01,Lew McCarty,84,,84,84,0,81,0,0,0,0,0,0,0,0,,,
1915,CIN,NL,mccluha02,Harry McCluskey,3,,3,3,3,0,0,0,0,0,0,0,0,0,,,
1915,CHF,FL,mcconge01,George McConnell,53,,53,53,44,0,0,0,0,0,0,0,0,0,,,
1915,PHA,AL,mcconsa01,Sam McConnell,6,,6,6,0,0,0,0,5,0,0,0,0,0,,,
1915,BUF,FL,mcdonte01,Tex McDonald,87,,87,87,0,0,0,0,0,0,12,0,53,65,,,
1915,NYA,AL,mchalma01,Marty McHale,13,,13,13,13,0,0,0,0,0,0,0,0,0,,,
1915,PHA,AL,mcinnst01,Stuffy McInnis,119,,119,119,0,0,119,0,0,0,0,0,0,0,,,
1915,SLA,AL,mckayre01,Reeve McKay,1,,1,1,1,0,0,0,0,0,0,0,0,0,,,
1915,NEW,FL,mckecbi01,Bill McKechnie,127,,127,127,0,0,0,0,117,0,0,0,1,1,,,
1915,DET,AL,mckeere01,Red McKee,55,,55,55,0,35,0,0,0,0,0,0,0,0,,,
1915,CIN,NL,mckenli01,Limb McKenry,21,,21,21,21,0,0,0,0,0,0,0,0,0,,,
1915,CHN,NL,mclarpo01,Polly McLarry,68,,68,68,0,0,18,21,0,0,0,0,0,0,,,
1915,NY1,NL,mcleala01,Larry McLean,13,,13,13,0,12,0,0,0,0,0,0,0,0,,,
1915,BOS,AL,mcnalmi01,Mike McNally,23,,23,23,0,0,0,5,18,0,0,0,0,0,,,
1915,PHI,NL,mcquige01,George McQuillan,9,,9,9,9,0,0,0,0,0,0,0,0,0,,,
1915,PIT,NL,mcquige01,George McQuillan,30,,30,30,30,0,0,0,0,0,0,0,0,0,,,
1915,SLN,NL,meadole01,Lee Meadows,39,,39,39,39,0,0,0,0,0,0,0,0,0,,,
1915,PHA,AL,meehabi01,Bill Meehan,1,,1,1,1,0,0,0,0,0,0,0,0,0,,,
1915,PTF,FL,menosmi01,Mike Menosky,17,,17,17,0,0,0,0,0,0,6,1,2,9,,,
1915,NY1,NL,merklfr01,Fred Merkle,140,,140,140,0,0,110,0,0,0,0,27,5,30,,,
1915,BLF,FL,meyerbe01,Benny Meyer,35,,35,35,0,0,0,0,0,0,0,0,34,34,,,
1915,BUF,FL,meyerbe01,Benny Meyer,93,,93,93,0,0,0,0,0,0,73,0,15,88,,,
1915,NY1,NL,meyerch01,Chief Meyers,110,,110,110,0,96,0,0,0,0,0,0,0,0,,,
1915,WS1,AL,milancl01,Clyde Milan,153,,153,153,0,0,0,0,0,0,0,151,0,151,,,
1915,WS1,AL,milanho01,Horace Milan,11,,11,11,0,0,0,0,0,0,2,4,4,10,,,
1915,PTF,FL,miljujo01,Johnny Miljus,1,,1,1,1,0,0,0,0,0,0,0,0,0,,,
1915,BLF,FL,millech03,Charlie Miller,1,,1,1,0,0,0,0,0,0,0,0,0,0,,,
1915,SLN,NL,milledo02,Dots Miller,150,,150,150,0,0,94,55,9,3,0,0,0,0,,,
1915,NYA,AL,milleel01,Elmer Miller,26,,26,26,0,0,0,0,0,0,0,20,6,26,,,
1915,SLF,FL,millehu01,Hughie Miller,7,,7,7,0,0,6,0,0,0,0,0,0,0,,,
1915,BRO,NL,milleot01,Otto Miller,84,,84,84,0,83,0,0,0,0,0,0,0,0,,,
1915,SLF,FL,millewa02,Ward Miller,154,,154,154,0,0,0,0,0,0,154,0,0,154,,,
1915,NEW,FL,millsru01,Rupert Mills,41,,41,41,0,0,37,0,0,0,0,0,0,0,,,
1915,CLE,AL,mitchwi01,Willie Mitchell,36,,36,36,36,0,0,0,0,0,0,0,0,0,,,
1915,WS1,AL,moellda01,Danny Moeller,118,,118,118,0,0,0,0,0,0,21,0,95,116,,,
1915,NYA,AL,mogrige01,George Mogridge,6,,6,6,6,0,0,0,0,0,0,0,0,0,,,
1915,CIN,NL,mollwfr01,Fritz Mollwitz,153,,153,153,0,0,153,0,0,0,0,0,0,0,,,
1915,NEW,FL,moranha01,Harry Moran,35,,35,35,34,0,0,0,0,0,0,0,0,0,,,
1915,BSN,NL,moranhe01,Herbie Moran,130,,130,130,0,0,0,0,0,0,15,12,101,123,,,
1915,WS1,AL,morgara01,Ray Morgan,62,,62,62,0,0,0,57,2,2,0,0,0,0,,,
1915,DET,AL,moriage02,George Moriarty,31,,31,31,0,0,1,1,12,0,0,1,0,1,,,
1915,PHA,AL,morribi01,Bill Morrisette,4,,4,4,4,0,0,0,0,0,0,0,0,0,,,
1915,CLE,AL,mortogu01,Guy Morton,34,,34,34,34,0,0,0,0,0,0,0,0,0,,,
1915,NEW,FL,moselea01,Earl Moseley,44,,44,44,38,0,0,0,0,0,0,0,0,0,,,
1915,PTF,FL,mowremi01,Mike Mowrey,151,,151,151,0,0,0,0,151,0,0,0,0,0,,,
1915,NYA,AL,mullech01,Charlie Mullen,40,,40,40,0,0,27,0,0,0,0,0,0,0,,,
1915,CHN,NL,mullied01,Eddie Mulligan,11,,11,11,0,0,0,0,1,10,0,0,0,0,,,
1915,NEW,FL,mullige01,George Mullin,6,,6,6,5,0,0,0,0,0,0,0,0,0,,,
1915,BRF,FL,murphda02,Danny Murphy,5,,5,5,0,0,0,1,0,0,0,0,1,1,,,
1915,CHA,AL,murphed02,Eddie Murphy,70,,70,70,0,0,0,0,0,0,3,0,67,70,,,
1915,PHA,AL,murphed02,Eddie Murphy,68,,68,68,0,0,0,0,6,0,0,0,58,58,,,
1915,PIT,NL,murphle01,Leo Murphy,31,,31,31,0,20,0,0,0,0,0,0,0,0,,,
1915,CHN,NL,murrare01,Red Murray,51,,51,51,0,0,0,1,0,0,7,11,25,40,,,
1915,NY1,NL,murrare01,Red Murray,45,,45,45,0,0,0,0,0,0,1,30,3,34,,,
1915,PHA,AL,myersel01,Elmer Myers,1,,1,1,1,0,0,0,0,0,0,0,0,0,,,
1915,BRF,FL,myersha01,Hap Myers,118,,118,118,0,0,107,0,0,0,0,0,0,0,,,
1915,BRO,NL,myershy01,Hi Myers,153,,153,153,0,0,0,0,0,0,0,153,0,153,,,
1915,PHA,AL,naborja01,Jack Nabors,10,,10,10,10,0,0,0,0,0,0,0,0,0,,,
1915,SLN,NL,niehadi01,Dick Niehaus,15,,15,15,15,0,0,0,0,0,0,0,0,0,,,
1915,PHI,NL,niehobe01,Bert Niehoff,148,,148,148,0,0,0,148,0,0,0,0,0,0,,,
1915,BRO,NL,nixonal01,Al Nixon,14,,14,14,0,0,0,0,0,0,8,1,1,14,,,
1915,NYA,AL,nunamle01,Les Nunamaker,87,,87,87,0,77,2,0,0,0,0,0,0,0,,,
1915,PTF,FL,oakesre01,Rebel Oakes,153,,153,153,0,0,0,0,0,0,0,152,1,153,,,
1915,SLA,AL,obriege01,George O'Brien,3,,3,3,0,3,0,0,0,0,0,0,0,0,,,
1915,PTF,FL,oconnpa02,Paddy O'Connor,70,,70,70,0,66,0,0,0,0,0,0,0,0,,,
1915,PHI,NL,oeschjo01,Joe Oeschger,6,,6,6,6,0,0,0,0,0,0,0,0,0,,,
1915,CHN,NL,ofarrbo01,Bob O'Farrell,2,,2,2,0,2,0,0,0,0,0,0,0,0,,,
1915,DET,AL,oldhare01,Red Oldham,17,,17,17,17,0,0,0,0,0,0,0,0,0,,,
1915,PHA,AL,oldriru01,Rube Oldring,107,,107,107,0,0,0,0,8,0,88,8,0,96,,,
1915,CIN,NL,olsoniv01,Ivy Olson,63,,63,63,0,0,7,39,15,0,0,0,0,0,,,
1915,BRO,NL,olsoniv01,Ivy Olson,18,,18,18,0,0,0,1,1,7,0,0,1,1,,,
1915,BRO,NL,omaraol01,Ollie O'Mara,149,,149,149,0,0,0,0,0,149,0,0,0,0,,,
1915,CLE,AL,oneilst01,Steve O'Neill,121,,121,121,0,115,0,0,0,0,0,0,0,0,,,
1915,BLF,FL,owensfr01,Yip Owens,99,,99,99,0,99,0,0,0,0,0,0,0,0,,,
1915,KCF,FL,package01,Gene Packard,44,,44,44,42,0,0,0,0,0,0,0,0,0,,,
1915,NY1,NL,palmeem01,Emilio Palmero,3,,3,3,3,0,0,0,0,0,0,0,0,0,,,
1915,SLA,AL,parkepa01,Pat Parker,3,,3,3,0,0,0,0,0,0,0,0,2,2,,,
1915,CLE,AL,paschbe01,Ben Paschal,9,,9,9,0,0,0,0,0,0,0,0,0,0,,,
1915,PHI,NL,paskedo01,Dode Paskert,109,,109,109,0,0,5,0,0,0,19,74,1,92,,,
1915,CHN,NL,pearcge01,George Pierce,36,,36,36,36,0,0,0,0,0,0,0,0,0,,,
1915,CHF,FL,pechoch01,Charlie Pechous,18,,18,18,0,0,0,0,18,0,0,0,0,0,,,
1915,NYA,AL,peckiro01,Roger Peckinpaugh,142,,142,142,0,0,0,0,0,142,0,0,0,0,,,
1915,PHA,AL,pennohe01,Herb Pennock,11,,11,11,11,0,0,0,0,0,0,0,0,0,,,
1915,BOS,AL,pennohe01,Herb Pennock,5,,5,5,5,0,0,0,0,0,0,0,0,0,,,
1915,PHA,AL,peppebo01,Bob Pepper,1,,1,1,1,0,0,0,0,0,0,0,0,0,,,
1915,SLN,NL,perduhu01,Hub Perdue,31,,31,31,31,0,0,0,0,0,0,0,0,0,,,
1915,PHA,AL,perkicy01,Cy Perkins,7,,7,7,0,6,0,0,0,0,0,0,0,0,,,
1915,KCF,FL,perrige01,George Perring,153,,153,153,0,0,31,31,102,1,0,0,0,0,,,
1915,NY1,NL,perripo01,Pol Perritt,35,,35,35,35,0,0,0,0,0,0,0,0,0,,,
1915,SLA,AL,perrypa01,Parson Perryman,24,,24,24,24,0,0,0,0,0,0,0,0,0,,,
1915,SLA,AL,perrysc01,Scott Perry,1,,1,1,1,0,0,0,0,0,0,0,0,0,,,
1915,DET,AL,peterjo02,John Peters,1,,1,1,0,1,0,0,0,0,0,0,0,0,,,
1915,BRO,NL,pfeffje01,Jeff Pfeffer,40,,40,40,40,0,0,0,0,0,0,0,0,0,,,
1915,CHN,NL,phelaar01,Art Phelan,133,,133,133,0,0,0,24,110,0,0,0,0,0,,,
1915,SLA,AL,phillto01,Tom Phillips,5,,5,5,5,0,0,0,0,0,0,0,0,0,,,
1915,PHA,AL,pillisq01,Squiz Pillion,2,,2,2,2,0,0,0,0,0,0,0,0,0,,,
1915,SLF,FL,planked01,Eddie Plank,42,,42,42,42,0,0,0,0,0,0,0,0,0,,,
1915,SLA,AL,prattde01,Del Pratt,159,,159,159,0,0,0,158,0,0,0,0,0,0,,,
1915,BRF,FL,prattla01,Larry Pratt,20,,20,20,0,17,0,0,0,0,0,0,0,0,,,
1915,NEW,FL,prattla01,Larry Pratt,5,,5,5,0,3,0,0,0,0,0,0,0,0,,,
1915,CHF,FL,prendmi01,Mike Prendergast,42,,42,42,42,0,0,0,0,0,0,0,0,0,,,
1915,CHA,AL,quinlfi01,Finners Quinlan,42,,42,42,0,0,0,0,0,0,9,10,13,32,,,
1915,BLF,FL,quinnja01,Jack Quinn,56,,56,56,44,0,0,0,0,0,1,0,0,1,,,
1915,BRO,NL,raganpa01,Pat Ragan,5,,5,5,5,0,0,0,0,0,0,0,0,0,,,
1915,BSN,NL,raganpa01,Pat Ragan,33,,33,33,33,0,0,0,0,0,0,0,0,0,,,
1915,NEW,FL,raridbi01,Bill Rariden,142,,142,142,0,142,0,0,0,0,0,0,0,0,,,
1915,CHF,FL,rasmuha01,Hans Rasmussen,2,,2,2,2,0,0,0,0,0,0,0,0,0,,,
1915,KCF,FL,rawlijo01,Johnny Rawlings,120,,120,120,0,0,0,0,0,120,0,0,0,0,,,
1915,BLF,FL,reinewa01,Wally Reinecker,3,,3,3,0,0,0,0,3,0,0,0,0,0,,,
1915,SLA,AL,remneal01,Alex Remneas,2,,2,2,2,0,0,0,0,0,0,0,0,0,,,
1915,NEW,FL,reulbed01,Ed Reulbach,33,,33,33,33,0,0,0,0,0,0,0,0,0,,,
1915,DET,AL,reynoro01,Ross Reynolds,4,,4,4,4,0,0,0,0,0,0,0,0,0,,,
1915,PTF,FL,rheamcy01,Cy Rheam,34,,34,34,0,0,1,0,0,0,12,4,6,22,,,
1915,PHA,AL,richaja01,Jack Richardson,3,,3,3,3,0,0,0,0,0,0,0,0,0,,,
1915,NY1,NL,ritteha01,Hank Ritter,23,,23,23,22,0,0,0,0,0,0,0,0,0,,,
1915,PHI,NL,rixeyep01,Eppa Rixey,29,,29,29,29,0,0,0,0,0,0,0,0,0,,,
1915,BUF,FL,roachro01,Roxey Roach,92,,92,92,0,0,0,0,0,92,0,0,0,0,,,
1915,NY1,NL,roberda01,Dave Robertson,141,,141,141,0,0,0,0,0,0,16,0,123,138,,,
1915,SLN,NL,robinha01,Hank Robinson,32,,32,32,32,0,0,0,0,0,0,0,0,0,,,
1915,SLN,NL,rocheja01,Jack Roche,46,,46,46,0,4,0,0,0,0,0,0,0,0,,,
1915,BOS,AL,rodgebi01,Bill Rodgers,11,,11,11,0,0,0,6,0,0,0,0,0,0,,,
1915,CLE,AL,rodgebi01,Bill Rodgers,16,,16,16,0,0,0,13,0,0,0,0,0,0,,,
1915,CIN,NL,rodgebi01,Bill Rodgers,72,,72,72,0,0,0,56,1,6,0,0,1,1,,,
1915,PTF,FL,roggecl01,Clint Rogge,37,,37,37,37,0,0,0,0,0,0,0,0,0,,,
1915,WS1,AL,rondehe01,Henri Rondeau,14,,14,14,0,0,0,0,0,0,11,0,0,11,,,
1915,NEW,FL,roushed01,Edd Roush,145,,145,145,0,0,0,0,0,0,0,143,1,144,,,
1915,BRO,NL,ruckena01,Nap Rucker,19,,19,19,19,0,0,0,0,0,0,0,0,0,,,
1915,BSN,NL,rudoldi01,Dick Rudolph,45,,45,45,44,0,0,0,0,0,0,0,0,0,,,
1915,NYA,AL,russeal01,Allen Russell,5,,5,5,5,0,0,0,0,0,0,0,0,0,,,
1915,BLF,FL,russeha01,Harvey Russell,53,,53,53,0,21,0,0,0,0,0,0,0,0,,,
1915,CHA,AL,russere01,Reb Russell,45,,45,45,41,0,0,0,0,0,0,0,0,0,,,
1915,CHN,NL,saiervi01,Vic Saier,144,,144,144,0,0,139,0,0,0,0,0,0,0,,,
1915,SLN,NL,sallesl01,Slim Sallee,46,,46,46,46,0,0,0,0,0,0,0,0,0,,,
1915,PTF,FL,savagji01,Jimmie Savage,14,,14,14,0,0,0,0,1,0,0,0,3,3,,,
1915,WS1,AL,sawyeca01,Carl Sawyer,10,,10,10,0,0,0,6,0,4,0,0,0,0,,,
1915,NEW,FL,schaege01,Germany Schaefer,59,,59,59,0,0,13,2,9,0,3,0,14,17,,,
1915,CHA,AL,schalra01,Ray Schalk,135,,135,135,0,134,0,0,0,0,0,0,0,0,,,
1915,NY1,NL,schanbo01,Bobby Schang,12,,12,12,0,6,0,0,0,0,0,0,0,0,,,
1915,PIT,NL,schanbo01,Bobby Schang,56,,56,56,0,45,0,0,0,0,0,0,0,0,,,
1915,PHA,AL,schanwa01,Wally Schang,116,,116,116,0,26,0,0,43,0,20,21,0,41,,,
1915,NY1,NL,schauru01,Rube Schauer,32,,32,32,32,0,0,0,0,0,0,0,0,0,,,
1915,NEW,FL,scheeal01,Al Scheer,155,,155,155,0,0,0,0,0,0,155,0,0,155,,,
1915,PIT,NL,scheefr01,Fritz Scheeren,4,,4,4,0,0,0,0,0,0,0,1,0,1,,,
1915,SLA,AL,schmara01,Ray Schmandt,3,,3,3,0,0,1,0,0,0,0,0,0,0,,,
1915,BSN,NL,schmibu01,Butch Schmidt,127,,127,127,0,0,127,0,0,0,0,0,0,0,,,
1915,BRO,NL,schmuch01,Charlie Schmutz,1,,1,1,1,0,0,0,0,0,0,0,0,0,,,
1915,CIN,NL,schnepe01,Pete Schneider,48,,48,48,48,0,0,0,0,0,0,0,0,0,,,
1915,CHN,NL,schored01,Ed Schorr,2,,2,2,2,0,0,0,0,0,0,0,0,0,,,
1915,BUF,FL,schulal01,Al Schulz,42,,42,42,42,0,0,0,0,0,0,0,0,0,,,
1915,CHN,NL,schulfr01,Frank Schulte,151,,151,151,0,0,0,0,0,0,146,0,4,147,,,
1915,CHN,NL,schuljo03,Joe Schultz,7,,7,7,0,0,0,2,0,0,0,0,0,0,,,
1915,BRO,NL,schuljo03,Joe Schultz,56,,56,56,0,0,0,0,27,1,0,0,0,0,,,
1915,NY1,NL,schupfe01,Ferdie Schupp,23,,23,23,23,0,0,0,0,0,0,0,0,0,,,
1915,NYA,AL,schwepi01,Pi Schwert,9,,9,9,0,9,0,0,0,0,0,0,0,0,,,
1915,BOS,AL,scottev01,Everett Scott,100,,100,100,0,0,0,0,0,100,0,0,0,0,,,
1915,CHA,AL,scottji01,Jim Scott,48,,48,48,48,0,0,0,0,0,0,0,0,0,,,
1915,NEW,FL,seatoto01,Tom Seaton,12,,12,12,12,0,0,0,0,0,0,0,0,0,,,
1915,BRF,FL,seatoto01,Tom Seaton,33,,33,33,32,0,0,0,0,0,0,0,0,0,,,
1915,PHA,AL,seiboso01,Socks Seibold,10,,10,10,0,0,0,0,0,7,0,0,0,0,,,
1915,SLA,AL,severha01,Hank Severeid,80,,80,80,0,64,0,0,0,0,0,0,0,0,,,
1915,WS1,AL,shankho01,Howie Shanks,141,,141,141,0,0,0,10,49,0,75,1,4,80,,,
1915,BSN,NL,shannjo01,Joe Shannon,5,,5,5,0,0,0,1,0,0,1,1,0,4,,,
1915,BSN,NL,shannre01,Red Shannon,1,,1,1,0,0,0,0,0,1,0,0,0,0,,,
1915,PHA,AL,shawkbo01,Bob Shawkey,17,,17,17,17,0,0,0,0,0,0,0,0,0,,,
1915,NYA,AL,shawkbo01,Bob Shawkey,16,,16,16,16,0,0,0,0,0,0,0,0,0,,,
1915,PHA,AL,sheehto02,Tom Sheehan,15,,15,15,15,0,0,0,0,0,0,0,0,0,,,
1915,NYA,AL,sheltsk01,Skeeter Shelton,10,,10,10,0,0,0,0,0,0,0,10,0,10,,,
1915,PHA,AL,shermjo01,Joe Sherman,2,,2,2,2,0,0,0,0,0,0,0,0,0,,,
1915,CLE,AL,shielpe01,Pete Shields,23,,23,23,0,0,23,0,0,0,0,0,0,0,,,
1915,BOS,AL,shoreer01,Ernie Shore,38,,38,38,38,0,0,0,0,0,0,0,0,0,,,
1915,BOS,AL,shortch01,Chick Shorten,6,,6,6,0,0,0,0,0,0,0,4,1,5,,,
1915,SLA,AL,shottbu01,Burt Shotton,156,,156,156,0,0,0,0,0,0,138,5,11,154,,,
1915,PIT,NL,siglipa01,Paddy Siglin,6,,6,6,0,0,0,1,0,0,0,0,0,0,,,
1915,BLF,FL,simmoha01,Hack Simmons,39,,39,39,0,0,0,13,0,0,13,0,0,13,,,
1915,BRF,FL,simonmi01,Mike Simon,47,,47,47,0,45,0,0,0,0,0,0,0,0,,,
1915,SLA,AL,sislege01,George Sisler,81,,81,81,15,0,36,0,0,0,6,8,15,29,,,
1915,PIT,NL,slattph01,Phil Slattery,3,,3,3,3,0,0,0,0,0,0,0,0,0,,,
1915,BUF,FL,smithbo01,Bob Smith,1,,1,1,1,0,0,0,0,0,0,0,0,0,,,
1915,CLE,AL,smithel02,Elmer Smith,144,,144,144,0,0,0,0,0,0,21,0,102,123,,,
1915,BLF,FL,smithfr03,Frank Smith,17,,17,17,17,0,0,0,0,0,0,0,0,0,,,
1915,BRF,FL,smithfr03,Frank Smith,15,,15,15,15,0,0,0,0,0,0,0,0,0,,,
1915,BRF,FL,smithfr05,Fred Smith,110,,110,110,0,0,0,0,15,94,0,0,0,0,,,
1915,BUF,FL,smithfr05,Fred Smith,35,,35,35,0,0,0,0,1,32,0,0,0,0,,,
1915,BRF,FL,smithha06,Harry Smith,28,,28,28,0,19,0,0,0,0,0,0,1,1,,,
1915,NY1,NL,smithha06,Harry Smith,21,,21,21,0,18,0,0,0,0,0,0,0,0,,,
1915,SLN,NL,smithja03,Jack Smith,4,,4,4,0,0,0,0,0,0,3,1,0,4,,,
1915,BLF,FL,smithji01,Jimmy Smith,33,,33,33,0,0,0,0,0,33,0,0,0,0,,,
1915,CHF,FL,smithji01,Jimmy Smith,95,,95,95,0,0,0,1,0,92,0,0,0,0,,,
1915,BSN,NL,smithre02,Red Smith,157,,157,157,0,0,0,0,157,0,0,0,0,0,,,
1915,BRO,NL,smithsh01,Sherry Smith,29,,29,29,29,0,0,0,0,0,0,0,0,0,,,
1915,PIT,NL,smithsy01,Syd Smith,1,,1,1,0,0,0,0,0,0,0,0,0,0,,,
1915,BRO,NL,smythre01,Red Smyth,19,,19,19,0,0,0,0,0,0,6,2,1,9,,,
1915,NY1,NL,snodgfr01,Fred Snodgrass,80,,80,80,0,0,0,0,0,0,0,68,5,75,,,
1915,BSN,NL,snodgfr01,Fred Snodgrass,23,,23,23,0,0,5,0,0,0,0,20,0,18,,,
1915,SLN,NL,snydefr01,Frank Snyder,144,,144,144,0,142,0,0,0,0,0,0,0,0,,,
1915,SLA,AL,sothoal01,Allan Sothoron,3,,3,3,3,0,0,0,0,0,0,0,0,0,,,
1915,CLE,AL,southbi01,Billy Southworth,60,,60,60,0,0,0,0,0,0,10,30,4,44,,,
1915,BOS,AL,speaktr01,Tris Speaker,150,,150,150,0,0,0,0,0,0,0,150,0,150,,,
1915,DET,AL,stanaos01,Oscar Stanage,100,,100,100,0,100,0,0,0,0,0,0,0,0,,,
1915,CHN,NL,standpe01,Pete Standridge,30,,30,30,29,0,0,0,0,0,0,0,0,0,,,
1915,CLE,AL,steenbi01,Bill Steen,10,,10,10,10,0,0,0,0,0,0,0,0,0,,,
1915,DET,AL,steenbi01,Bill Steen,20,,20,20,20,0,0,0,0,0,0,0,0,0,,,
1915,BRO,NL,stengca01,Casey Stengel,132,,132,132,0,0,0,0,0,0,1,0,128,129,,,
1915,PHI,NL,stockmi01,Milt Stock,69,,69,69,0,0,0,0,55,4,0,0,0,0,,,
1915,KCF,FL,stovage01,George Stovall,130,,130,130,0,0,129,0,0,0,0,0,0,0,,,
1915,NEW,FL,stranla01,Larry Strands,35,,35,35,0,0,0,9,12,0,0,0,2,2,,,
1915,BSN,NL,stranpa01,Paul Strand,24,,24,24,6,0,0,0,0,0,2,1,0,5,,,
1915,NY1,NL,strousa01,Sailor Stroud,32,,32,32,32,0,0,0,0,0,0,0,0,0,,,
1915,PHA,AL,strunam01,Amos Strunk,132,,132,132,0,0,19,0,0,0,0,59,52,111,,,
1915,BLF,FL,suggsge01,George Suggs,35,,35,35,35,0,0,0,0,0,0,0,0,0,,,
1915,BLF,FL,swaciha01,Harry Swacina,85,,85,85,0,0,75,1,0,0,0,0,0,0,,,
1915,NYA,AL,sweened01,Jeff Sweeney,53,,53,53,0,53,0,0,0,0,0,0,0,0,,,
1915,BRF,FL,teschal01,Al Tesch,8,,8,8,0,0,0,3,0,0,0,0,0,0,,,
1915,NY1,NL,tesreje01,Jeff Tesreau,43,,43,43,43,0,0,0,0,0,0,0,0,0,,,
1915,NEW,FL,textoge01,George Textor,3,,3,3,0,3,0,0,0,0,0,0,0,0,,,
1915,PHA,AL,thomair01,Ira Thomas,1,,1,1,0,1,0,0,0,0,0,0,0,0,,,
1915,BOS,AL,thomapi01,Pinch Thomas,86,,86,86,0,82,0,0,0,0,0,0,0,0,,,
1915,PHA,AL,thompsh01,Shag Thompson,17,,17,17,0,0,0,0,0,0,0,7,0,7,,,
1915,NY1,NL,thorpji01,Jim Thorpe,17,,17,17,0,0,0,0,0,0,0,13,2,15,,,
1915,SLA,AL,tillmjo01,Johnny Tillman,2,,2,2,2,0,0,0,0,0,0,0,0,0,,,
1915,PHI,NL,tincube01,Ben Tincup,11,,11,11,10,0,0,0,0,0,0,0,0,0,,,
1915,CHF,FL,tinkejo01,Joe Tinker,31,,31,31,0,0,0,5,4,16,0,0,0,0,,,
1915,NYA,AL,tipplda01,Dan Tipple,3,,3,3,3,0,0,0,0,0,0,0,0,0,,,
1915,SLF,FL,tobinja01,Jack Tobin,158,,158,158,0,0,0,0,0,0,0,31,128,158,,,
1915,CIN,NL,toneyfr01,Fred Toney,36,,36,36,36,0,0,0,0,0,0,0,0,0,,,
1915,BSN,NL,tragewa01,Walt Tragesser,7,,7,7,0,7,0,0,0,0,0,0,0,0,,,
1915,NEW,FL,trautfr01,Fred Trautman,1,,1,1,1,0,0,0,0,0,0,0,0,0,,,
1915,CLE,AL,turnete01,Terry Turner,75,,75,75,0,0,0,51,20,0,0,0,0,0,,,
1915,PHA,AL,turneti01,Tink Turner,1,,1,1,1,0,0,0,0,0,0,0,0,0,,,
1915,CIN,NL,twombge01,George Twombly,46,,46,46,0,0,0,0,0,0,10,13,1,24,,,
1915,BSN,NL,tylerle01,Lefty Tyler,45,,45,45,32,0,0,0,0,0,0,0,0,0,,,
1915,BRF,FL,uphambi01,Bill Upham,33,,33,33,33,0,0,0,0,0,0,0,0,0,,,
1915,NYA,AL,vanceda01,Dazzy Vance,8,,8,8,8,0,0,0,0,0,0,0,0,0,,,
1915,PIT,NL,vanceda01,Dazzy Vance,1,,1,1,1,0,0,0,0,0,0,0,0,0,,,
1915,SLF,FL,vaughbo01,Bobby Vaughn,144,,144,144,0,0,0,127,8,12,0,0,0,0,,,
1915,CHN,NL,vaughhi01,Hippo Vaughn,43,,43,43,41,0,0,0,0,0,0,0,0,0,,,
1915,DET,AL,veachbo01,Bobby Veach,152,,152,152,0,0,0,0,0,0,152,0,0,152,,,
1915,BLF,FL,verekto01,Tommy Vereker,2,,2,2,2,0,0,0,0,0,0,0,0,0,,,
1915,CIN,NL,vonkofr01,Fritz Von Kolnitz,50,,50,50,0,2,3,0,18,6,0,0,1,1,,,
1915,PIT,NL,wagnebi01,Bill Wagner,5,,5,5,0,3,0,0,0,0,0,0,0,0,,,
1915,BOS,AL,wagnehe01,Heinie Wagner,84,,84,84,0,0,0,79,1,0,1,0,0,1,,,
1915,PIT,NL,wagneho01,Honus Wagner,156,,156,156,0,0,10,12,0,131,0,0,0,0,,,
1915,CIN,NL,wagnejo01,Joe Wagner,75,,75,75,0,0,0,46,2,12,0,0,0,0,,,
1915,SLA,AL,walkeer01,Ernie Walker,50,,50,50,0,0,0,0,0,0,3,3,27,33,,,
1915,BRF,FL,walkemy01,Mysterious Walker,13,,13,13,13,0,0,0,0,0,0,0,0,0,,,
1915,CLE,AL,walkero01,Roy Walker,25,,25,25,25,0,0,0,0,0,0,0,0,0,,,
1915,SLA,AL,walketi01,Tillie Walker,144,,144,144,0,0,0,0,0,0,1,119,19,139,,,
1915,SLA,AL,wallabo01,Bobby Wallace,9,,9,9,0,0,0,0,0,9,0,0,0,0,,,
1915,CHN,NL,wallaja01,Jack Wallace,2,,2,2,0,2,0,0,0,0,0,0,0,0,,,
1915,SLA,AL,walshde01,Dee Walsh,59,,59,59,1,0,0,1,2,1,0,21,24,45,,,
1915,CHA,AL,walshed01,Ed Walsh,5,,5,5,3,0,0,0,0,0,0,0,0,0,,,
1915,BLF,FL,walshji01,Jimmy Walsh,106,,106,106,0,0,0,0,106,0,0,0,0,0,,,
1915,SLF,FL,walshji01,Jimmy Walsh,17,,17,17,0,0,0,0,9,0,0,0,0,0,,,
1915,PHA,AL,walshji02,Jimmy Walsh,117,,117,117,0,0,1,0,2,0,29,44,36,109,,,
1915,NYA,AL,waltero01,Roxy Walters,2,,2,2,0,2,0,0,0,0,0,0,0,0,,,
1915,CLE,AL,wambsbi01,Bill Wambsganss,121,,121,121,0,0,0,78,35,0,0,0,0,0,,,
1915,NYA,AL,warhoja01,Jack Warhop,21,,21,21,21,0,0,0,0,0,0,0,0,0,,,
1915,NEW,FL,warrebi01,Bill Warren,5,,5,5,0,1,1,0,0,0,0,0,0,0,,,
1915,BUF,FL,watsoar01,Art Watson,22,,22,22,0,6,0,0,0,0,1,0,0,1,,,
1915,BRF,FL,watsoar01,Art Watson,9,,9,9,0,7,0,0,0,0,0,0,0,0,,,
1915,SLF,FL,watsodo01,Doc Watson,33,,33,33,33,0,0,0,0,0,0,0,0,0,,,
1915,CHA,AL,weavebu01,Buck Weaver,148,,148,148,0,0,0,0,0,148,0,0,0,0,,,
1915,PHA,AL,weaveha01,Harry Weaver,2,,2,2,2,0,0,0,0,0,0,0,0,0,,,
1915,SLA,AL,weilmca01,Carl Weilman,47,,47,47,47,0,0,0,0,0,0,0,0,0,,,
1915,PHI,NL,weisebu01,Bud Weiser,37,,37,37,0,0,0,0,0,0,4,16,0,20,,,
1915,CHF,FL,weissjo01,Joe Weiss,29,,29,29,0,0,29,0,0,0,0,0,0,0,,,
1915,NY1,NL,wendele01,Lew Wendell,20,,20,20,0,18,0,0,0,0,0,0,0,0,,,
1915,BSN,NL,whalibe01,Bert Whaling,72,,72,72,0,69,0,0,0,0,0,0,0,0,,,
1915,BRO,NL,wheatma01,Mack Wheat,8,,8,8,0,8,0,0,0,0,0,0,0,0,,,
1915,BRO,NL,wheatza01,Zack Wheat,146,,146,146,0,0,0,0,0,0,144,0,0,144,,,
1915,NEW,FL,whitech01,Charlie Whitehouse,11,,11,11,11,0,0,0,0,0,0,0,0,0,,,
1915,NEW,FL,whitegi01,Gil Whitehouse,35,,35,35,1,1,0,0,0,0,0,2,26,28,,,
1915,PHI,NL,whittpo01,Possum Whitted,128,,128,128,0,0,7,0,0,0,53,66,0,119,,,
1915,PTF,FL,wicklal01,Al Wickland,110,,110,110,0,0,0,0,0,0,109,0,1,109,,,
1915,CHF,FL,wicklal01,Al Wickland,30,,30,30,0,0,0,0,0,0,5,0,20,24,,,
1915,BLF,FL,wilheka01,Kaiser Wilhelm,1,,1,1,1,0,0,0,0,0,0,0,0,0,,,
1915,CLE,AL,wiliede01,Denney Wilie,45,,45,45,0,0,0,0,0,0,11,24,0,35,,,
1915,SLF,FL,willeed01,Ed Willett,17,,17,17,17,0,0,0,0,0,0,0,0,0,,,
1915,CHN,NL,willicy01,Cy Williams,151,,151,151,0,0,0,0,0,0,0,149,0,149,,,
1915,SLA,AL,willigu02,Gus Williams,45,,45,45,0,0,0,0,0,0,0,0,35,35,,,
1915,CIN,NL,willike01,Ken Williams,71,,71,71,0,0,0,0,0,0,54,8,0,62,,,
1915,WS1,AL,williri01,Rip Williams,91,,91,91,0,40,15,0,1,0,0,0,0,0,,,
1915,CHF,FL,wilsoar01,Art Wilson,96,,96,96,0,87,0,0,0,0,0,0,0,0,,,
1915,SLN,NL,wilsoch01,Chief Wilson,107,,107,107,0,0,0,0,0,0,3,70,33,105,,,
1915,BRF,FL,wilsofi01,Fin Wilson,19,,19,19,18,0,1,0,0,0,0,0,0,0,,,
1915,BRF,FL,wiltsho01,Hooks Wiltse,19,,19,19,18,0,1,0,0,0,0,0,0,0,,,
1915,CIN,NL,wingoiv01,Ivey Wingo,119,,119,119,0,98,0,0,0,0,2,0,0,1,,,
1915,SLF,FL,wistete01,Tex Wisterzil,8,,8,8,0,0,0,0,8,0,0,0,0,0,,,
1915,CHF,FL,wistete01,Tex Wisterzil,49,,49,49,0,0,0,0,48,0,0,0,0,0,,,
1915,BRF,FL,wistete01,Tex Wisterzil,36,,36,36,0,0,0,0,31,0,0,0,0,0,,,
1915,CHA,AL,wolfgme01,Mellie Wolfgang,17,,17,17,17,0,0,0,0,0,0,0,0,0,,,
1915,BUF,FL,woodmda01,Dan Woodman,6,,6,6,5,0,0,0,0,0,0,0,0,0,,,
1915,CHN,NL,wrighbo01,Bob Wright,2,,2,2,2,0,0,0,0,0,0,0,0,0,,,
1915,BRF,FL,wrighdi01,Dick Wright,4,,4,4,0,3,0,0,0,0,0,0,0,0,,,
1915,PHA,AL,wyckowe01,Weldon Wyckoff,45,,45,45,43,0,0,0,0,0,0,0,0,0,,,
1915,PTF,FL,yerkest02,Steve Yerkes,121,,121,121,0,0,0,114,0,8,0,0,0,0,,,
1915,BLF,FL,youngch01,Charlie Young,9,,9,9,9,0,0,0,0,0,0,0,0,0,,,
1915,BUF,FL,youngde01,Del Young,12,,12,12,0,0,0,0,0,0,0,1,2,3,,,
1915,DET,AL,youngra01,Ralph Young,123,,123,123,0,0,0,119,0,0,0,0,0,0,,,
1915,CHN,NL,zabelzi01,Zip Zabel,37,,37,37,36,0,0,0,0,0,0,0,0,0,,,
1915,CHF,FL,zeidero01,Rollie Zeider,129,,129,129,0,0,0,83,30,21,0,0,0,0,,,
1915,BRO,NL,zimmebi01,Bill Zimmerman,22,,22,22,0,0,0,0,0,0,0,0,18,18,,,
1915,CHN,NL,zimmehe01,Heinie Zimmerman,139,,139,139,0,0,0,100,36,4,0,0,0,0,,,
1915,CHF,FL,zwilldu01,Dutch Zwilling,150,,150,150,0,0,3,0,0,0,0,148,0,148,,,
