1921,PHI,NL,leecl01,Cliff Lee,88,,88,88,0,2,48,0,0,0,2,1,24,27,,,
1921,SLA,AL,leedu01,Dud Lee,72,,72,72,0,0,0,30,3,31,0,0,0,0,,,
1921,SLN,NL,mayja01,Jakie May,5,,5,5,5,0,0,0,0,0,0,0,0,0,,,
1921,CIN,NL,seech01,Charlie See,37,,37,37,0,0,0,0,0,0,0,11,18,30,,,
1921,WS1,AL,birdre01,Red Bird,1,,1,1,1,0,0,0,0,0,0,0,0,0,,,
1921,DET,AL,bluelu01,Lu Blue,153,,153,153,0,0,152,0,0,0,0,0,0,0,,,
1921,DET,AL,bushdo01,Donie Bush,104,,104,104,0,0,0,23,0,81,0,0,0,0,,,
1921,WS1,AL,bushdo01,Donie Bush,23,,23,23,0,0,0,0,0,21,0,0,0,0,,,
1921,BOS,AL,bushjo01,Bullet Joe Bush,50,,50,50,37,0,0,0,0,0,3,1,0,4,,,
1921,DET,AL,cobbty01,Ty Cobb,128,,128,128,0,0,0,0,0,0,0,121,0,121,,,
1921,DET,AL,colebe01,Bert Cole,30,,30,30,20,0,0,0,0,0,0,0,0,0,,,
1921,CHN,NL,dalyto02,Tom Daly,51,,51,51,0,47,0,0,0,0,0,0,0,0,,,
1921,CHN,NL,dealch01,Charlie Deal,115,,115,115,0,0,0,0,112,0,0,0,0,0,,,
1921,SLN,NL,doakbi01,Bill Doak,32,,32,32,32,0,0,0,0,0,0,0,0,0,,,
1921,CHA,AL,falkbi01,Bibb Falk,152,,152,152,0,0,0,0,0,0,148,1,0,149,,,
1921,BSN,NL,fordho01,Hod Ford,152,,152,152,0,0,0,119,0,33,0,0,0,0,,,
1921,WS1,AL,fossge01,George Foss,4,,4,4,0,0,0,0,1,0,0,0,0,0,,,
1921,CHN,NL,fuhros01,Oscar Fuhr,1,,1,1,1,0,0,0,0,0,0,0,0,0,,,
1921,CIN,NL,grohhe01,Heinie Groh,97,,97,97,0,0,0,0,97,0,0,0,0,0,,,
1921,DET,AL,halesa01,Sammy Hale,9,,9,9,0,0,0,0,0,0,0,0,0,0,,,
1921,BRO,NL,hoodwa01,Wally Hood,56,,56,56,0,0,0,0,0,0,3,9,7,20,,,
1921,NYA,AL,hoytwa01,Waite Hoyt,43,,43,43,43,0,0,0,0,0,0,0,0,0,,,
1921,BOS,AL,karrbe01,Benn Karr,43,,43,43,26,0,0,0,0,0,0,0,0,0,,,
1921,CHN,NL,keenvi01,Vic Keen,5,,5,5,5,0,0,0,0,0,0,0,0,0,,,
1921,CHA,AL,kerrdi01,Dickey Kerr,45,,45,45,44,0,0,0,0,0,0,0,0,0,,,
1921,NY1,NL,kingle02,Lee King,39,,39,39,0,0,1,0,0,0,0,24,12,35,,,
1921,PHI,NL,kingle02,Lee King,64,,64,64,0,0,0,0,0,0,55,1,2,57,,,
1921,SLA,AL,kolpra01,Ray Kolp,38,,38,38,37,0,0,0,0,1,0,0,0,0,,,
1921,CIN,NL,kopfla01,Larry Kopf,107,,107,107,0,0,0,4,3,93,1,0,0,1,,,
1921,NY1,NL,kopfwa01,Wally Kopf,2,,2,2,0,0,0,0,2,0,0,0,0,0,,,
1921,SLA,AL,lambly01,Lyman Lamb,45,,45,45,0,0,0,7,25,0,2,0,4,6,,,
1921,CHA,AL,leesge01,George Lees,20,,20,20,0,16,0,0,0,0,0,0,0,0,,,
1921,SLN,NL,mannle01,Les Mann,97,,97,97,0,0,0,0,0,0,1,66,12,79,,,
1921,NYA,AL,maysca01,Carl Mays,51,,51,51,49,0,0,0,0,0,0,0,0,0,,,
1921,NY1,NL,nehfar01,Art Nehf,42,,42,42,41,0,0,0,0,0,0,0,0,0,,,
1921,BRO,NL,neisbe01,Bernie Neis,102,,102,102,0,0,0,1,0,0,11,24,45,77,,,
1921,NYA,AL,pippwa01,Wally Pipp,153,,153,153,0,0,153,0,0,0,0,0,0,0,,,
1921,PHI,NL,rappgo01,Goldie Rapp,52,,52,52,0,0,0,1,50,0,0,0,0,0,,,
1921,NY1,NL,rappgo01,Goldie Rapp,58,,58,58,0,0,0,0,56,0,0,0,0,0,,,
1921,WS1,AL,ricesa01,Sam Rice,143,,143,143,0,0,0,0,0,0,0,137,4,141,,,
1921,PHI,NL,ringji01,Jimmy Ring,34,,34,34,34,0,0,0,0,0,0,0,0,0,,,
1921,NYA,AL,rothbr01,Braggo Roth,43,,43,43,0,0,0,0,0,0,3,17,17,37,,,
1921,BOS,AL,ruelmu01,Muddy Ruel,113,,113,113,0,109,0,0,0,0,0,0,0,0,,,
1921,NYA,AL,ruthba01,Babe Ruth,152,,152,152,2,0,2,0,0,0,134,18,0,152,,,
1921,NY1,NL,ryanro01,Rosy Ryan,36,,36,36,36,0,0,0,0,0,0,0,0,0,,,
1921,WS1,AL,shawji01,Jim Shaw,15,,15,15,15,0,0,0,0,0,0,0,0,0,,,
1921,NY1,NL,sheare01,Red Shea,9,,9,9,9,0,0,0,0,0,0,0,0,0,,,
1921,CLE,AL,uhlege01,George Uhle,48,,48,48,41,0,0,0,0,0,0,0,0,0,,,
1921,BOS,AL,vicksa01,Sammy Vick,44,,44,44,0,0,0,0,0,0,0,0,14,14,,,
1921,BOS,AL,vittos01,Ossie Vitt,78,,78,78,0,0,2,0,71,0,3,0,0,3,,,
1921,NYA,AL,wardaa01,Aaron Ward,153,,153,153,0,0,0,124,33,0,0,0,0,0,,,
1921,BRO,NL,wardch01,Chuck Ward,12,,12,12,0,0,0,0,0,12,0,0,0,0,,,
1921,PHA,AL,wittwh01,Whitey Witt,154,,154,154,0,0,0,0,0,0,0,0,154,154,,,
1921,PHA,AL,wolfle01,Lefty Wolf,8,,8,8,8,0,0,0,0,0,0,0,0,0,,,
1921,CLE,AL,woodjo02,Smoky Joe Wood,66,,66,66,0,0,0,0,0,0,0,21,56,64,,,
1921,CHN,NL,yorkle01,Lefty York,40,,40,40,40,0,0,0,0,0,0,0,0,0,,,
1921,NY1,NL,zinkwa01,Walter Zink,2,,2,2,2,0,0,0,0,0,0,0,0,0,,,
1921,PIT,NL,zinnji01,Jimmy Zinn,33,,33,33,32,0,0,0,0,0,0,0,1,1,,,
1921,WS1,AL,acostjo01,Jose Acosta,33,,33,33,33,0,0,0,0,0,0,0,0,0,,,
1921,PIT,NL,adamsba01,Babe Adams,25,,25,25,25,0,0,0,0,0,0,0,0,0,,,
1921,DET,AL,ainsmed01,Eddie Ainsmith,35,,35,35,0,34,0,0,0,0,0,0,0,0,,,
1921,SLN,NL,ainsmed01,Eddie Ainsmith,27,,27,27,0,23,1,0,0,0,0,0,0,0,,,
1921,CHN,NL,alexape01,Pete Alexander,31,,31,31,31,0,0,0,0,0,0,0,0,0,,,
1921,SLA,AL,austiji01,Jimmy Austin,27,,27,27,0,0,0,6,2,14,0,0,0,0,,,
1921,DET,AL,ayersdo01,Doc Ayers,2,,2,2,2,0,0,0,0,0,0,0,0,0,,,
1921,CLE,AL,bagbyji01,Jim Bagby,41,,41,41,40,0,0,0,0,0,0,0,0,0,,,
1921,SLN,NL,bailebi01,Bill Bailey,19,,19,19,19,0,0,0,0,0,0,0,0,0,,,
1921,BRO,NL,bailesw01,Sweetbread Bailey,7,,7,7,7,0,0,0,0,0,0,0,0,0,,,
1921,CHN,NL,bailesw01,Sweetbread Bailey,3,,3,3,3,0,0,0,0,0,0,0,0,0,,,
1921,NYA,AL,bakerfr01,Home Run Baker,94,,94,94,0,0,0,0,83,0,0,0,0,0,,,
1921,NY1,NL,bancrda01,Dave Bancroft,153,,153,153,0,0,0,0,0,153,0,0,0,0,,,
1921,BSN,NL,barbawa01,Walter Barbare,134,,134,134,0,0,0,8,2,121,0,0,0,0,,,
1921,CHN,NL,barbetu01,Turner Barber,127,,127,127,0,0,0,0,0,0,90,20,14,123,,,
1921,NY1,NL,barneje01,Jesse Barnes,42,,42,42,42,0,0,0,0,0,0,0,0,0,,,
1921,DET,AL,barnesa01,Sam Barnes,7,,7,7,0,0,0,2,0,0,0,0,0,0,,,
1921,PIT,NL,barnhcl01,Clyde Barnhart,124,,124,124,0,0,0,0,118,0,0,0,0,0,,,
1921,PHA,AL,barrebi02,Bill Barrett,14,,14,14,4,0,1,0,2,8,0,0,0,0,,,
1921,DET,AL,bassljo01,Johnny Bassler,119,,119,119,0,114,0,0,0,0,0,0,0,0,,,
1921,PHI,NL,baumgst01,Stan Baumgartner,31,,31,31,22,0,0,0,0,0,0,0,1,1,,,
1921,SLA,AL,baynebi01,Bill Bayne,47,,47,47,47,0,0,0,0,0,0,0,0,0,,,
1921,PHI,NL,behanpe01,Petie Behan,2,,2,2,2,0,0,0,0,0,0,0,0,0,,,
1921,NY1,NL,bentoru01,Rube Benton,18,,18,18,18,0,0,0,0,0,0,0,0,0,,,
1921,NY1,NL,berryjo02,Joe Berry,9,,9,9,0,0,0,7,0,0,0,0,0,0,,,
1921,PHI,NL,bettshu01,Huck Betts,32,,32,32,32,0,0,0,0,0,0,0,0,0,,,
1921,PIT,NL,bigbeca01,Carson Bigbee,147,,147,147,0,0,0,0,0,0,133,13,0,146,,,
1921,PIT,NL,bigbely01,Lyle Bigbee,5,,5,5,5,0,0,0,0,0,0,0,0,0,,,
1921,SLA,AL,billijo01,Josh Billings,20,,20,20,0,12,0,0,0,0,0,0,0,0,,,
1921,PHA,AL,bishobi02,Bill Bishop,2,,2,2,2,0,0,0,0,0,0,0,0,0,,,
1921,CHA,AL,blackch01,Charlie Blackburn,1,,1,1,1,0,0,0,0,0,0,0,0,0,,,
1921,NYA,AL,bodiepi01,Ping Bodie,31,,31,31,0,0,0,0,0,0,5,20,0,25,,,
1921,BSN,NL,boeckto01,Tony Boeckel,153,,153,153,0,0,0,0,153,0,0,0,0,0,,,
1921,SLA,AL,boehlge01,George Boehler,1,,1,1,1,0,0,0,0,0,0,0,0,0,,,
1921,CIN,NL,bohnesa01,Sam Bohne,153,,153,153,0,0,0,102,53,0,0,0,0,0,,,
1921,SLA,AL,bolanbe01,Bernie Boland,7,,7,7,7,0,0,0,0,0,0,0,0,0,,,
1921,DET,AL,booneda01,Dan Boone,1,,1,1,1,0,0,0,0,0,0,0,0,0,,,
1921,CHA,AL,bratsfr01,Fred Bratschi,16,,16,16,0,0,0,0,0,0,1,0,4,5,,,
1921,BSN,NL,braxtga01,Garland Braxton,17,,17,17,17,0,0,0,0,0,0,0,0,0,,,
1921,PHA,AL,brazifr01,Frank Brazill,66,,66,66,0,0,36,0,9,0,0,0,0,0,,,
1921,CIN,NL,brently01,Lynn Brenton,17,,17,17,17,0,0,0,0,0,0,0,0,0,,,
1921,CIN,NL,bressru01,Rube Bressler,109,,109,109,0,0,6,0,0,0,9,0,76,85,,,
1921,WS1,AL,brottto01,Tony Brottem,4,,4,4,0,4,0,0,0,0,0,0,0,0,,,
1921,PIT,NL,brottto01,Tony Brottem,30,,30,30,0,29,0,0,0,0,0,0,0,0,,,
1921,WS1,AL,browefr01,Frank Brower,83,,83,83,0,0,4,0,0,0,0,0,46,46,,,
1921,NY1,NL,browned02,Eddie Brown,70,,70,70,0,0,0,0,0,0,2,26,2,30,,,
1921,PHI,NL,bruggfr01,Frank Bruggy,96,,96,96,0,86,2,0,0,0,0,0,0,0,,,
1921,NY1,NL,burnsge01,George Burns,149,,149,149,0,0,0,0,1,0,90,59,0,149,,,
1921,CLE,AL,burnsge02,George Burns,84,,84,84,0,0,73,0,0,0,0,0,0,0,,,
1921,SLA,AL,burwebi01,Bill Burwell,33,,33,33,33,0,0,0,0,0,0,0,0,0,,,
1921,BRO,NL,cadorle01,Leon Cadore,35,,35,35,35,0,0,0,0,0,0,0,0,0,,,
1921,CLE,AL,caldwra02,Ray Caldwell,38,,38,38,37,0,0,0,0,0,0,0,0,0,,,
1921,PHA,AL,callafr01,Frank Callaway,14,,14,14,0,0,0,0,0,14,0,0,0,0,,,
1921,PIT,NL,careyma01,Max Carey,140,,140,140,0,0,0,0,0,0,0,139,0,139,,,
1921,PIT,NL,carlsha01,Hal Carlson,31,,31,31,31,0,0,0,0,0,0,0,0,0,,,
1921,NY1,NL,causere01,Red Causey,9,,9,9,7,0,0,0,0,0,0,0,0,0,,,
1921,PHI,NL,causere01,Red Causey,8,,8,8,7,0,0,0,0,0,0,0,0,0,,,
1921,BOS,AL,chapled01,Ed Chaplin,3,,3,3,0,1,0,0,0,0,0,0,0,0,,,
1921,CHN,NL,cheevvi01,Virgil Cheeves,37,,37,37,37,0,0,0,0,0,0,0,0,0,,,
1921,BSN,NL,chrisll01,Lloyd Christenbury,62,,62,62,0,0,0,32,2,2,0,0,0,0,,,
1921,CLE,AL,clarkbo03,Bob Clark,5,,5,5,5,0,0,0,0,0,0,0,0,0,,,
1921,CIN,NL,clarkle01,Lefty Clarke,1,,1,1,1,0,0,0,0,0,0,0,0,0,,,
1921,SLN,NL,clemove01,Verne Clemons,117,,117,117,0,107,0,0,0,0,0,0,0,0,,,
1921,CHA,AL,collied01,Eddie Collins,139,,139,139,0,0,0,136,0,0,0,0,0,0,,,
1921,SLA,AL,collipa01,Pat Collins,58,,58,58,0,31,0,0,0,0,0,0,0,0,,,
1921,NYA,AL,colliri01,Rip Collins,28,,28,28,28,0,0,0,0,0,0,0,0,0,,,
1921,BOS,AL,collish01,Shano Collins,141,,141,141,0,0,3,0,0,0,1,44,94,139,,,
1921,PHA,AL,collizi01,Zip Collins,24,,24,24,0,0,0,0,0,0,0,20,0,20,,,
1921,CHA,AL,connasa01,Sarge Connally,5,,5,5,5,0,0,0,0,0,0,0,0,0,,,
1921,NYA,AL,conneto01,Tom Connelly,4,,4,4,0,0,0,0,0,0,0,1,2,3,,,
1921,NY1,NL,connojo05,Joe Connolly,2,,2,2,0,0,0,0,0,0,1,0,0,1,,,
1921,BSN,NL,coonejo01,Johnny Cooney,8,,8,8,8,0,0,0,0,0,0,0,0,0,,,
1921,PIT,NL,coopewi01,Wilbur Cooper,38,,38,38,38,0,0,0,0,0,0,0,0,0,,,
1921,CIN,NL,coumbfr01,Fritz Coumbe,31,,31,31,28,0,0,0,0,0,0,0,1,1,,,
1921,WS1,AL,courtha01,Harry Courtney,32,,32,32,30,0,0,0,0,0,0,0,0,0,,,
1921,CLE,AL,covelst01,Stan Coveleski,43,,43,43,43,0,0,0,0,0,0,0,0,0,,,
1921,CIN,NL,cranesa02,Sam Crane,73,,73,73,0,0,0,0,2,63,0,0,1,1,,,
1921,BSN,NL,cruiswa01,Walton Cruise,108,,108,108,0,0,2,0,0,0,100,2,0,102,,,
1921,SLA,AL,culloni01,Nick Cullop,4,,4,4,4,0,0,0,0,0,0,0,0,0,,,
1921,NY1,NL,cunnibi02,Bill Cunningham,40,,40,40,0,0,0,0,0,0,1,18,1,20,,,
1921,DET,AL,cunnige01,George Cunningham,1,,1,1,0,0,0,0,0,0,0,0,1,1,,,
1921,PIT,NL,cutshge01,George Cutshaw,98,,98,98,0,0,0,84,0,0,0,0,0,0,,,
1921,PIT,NL,cuyleki01,Kiki Cuyler,1,,1,1,0,0,0,0,0,0,0,0,1,1,,,
1921,CIN,NL,daubeja01,Jake Daubert,136,,136,136,0,0,136,0,0,0,0,0,0,0,,,
1921,DET,AL,daussho01,Hooks Dauss,32,,32,32,32,0,0,0,0,0,0,0,0,0,,,
1921,CHA,AL,davenlu01,Lum Davenport,15,,15,15,13,0,0,0,0,0,0,0,0,0,,,
1921,SLA,AL,davisdi01,Dixie Davis,40,,40,40,40,0,0,0,0,0,0,0,0,0,,,
1921,SLA,AL,deberjo01,Joe DeBerry,10,,10,10,10,0,0,0,0,0,0,0,0,0,,,
1921,NYA,AL,devoral01,Al DeVormer,22,,22,22,0,17,0,0,0,0,0,0,0,0,,,
1921,SLN,NL,dillhpi01,Pickles Dillhoefer,76,,76,76,0,69,0,0,0,0,0,0,0,0,,,
1921,BOS,AL,dodgesa01,Sam Dodge,1,,1,1,1,0,0,0,0,0,0,0,0,0,,,
1921,CIN,NL,donohpe01,Pete Donohue,21,,21,21,21,0,0,0,0,0,0,0,0,0,,,
1921,CIN,NL,douglas01,Astyanax Douglass,4,,4,4,0,4,0,0,0,0,0,0,0,0,,,
1921,NY1,NL,douglph01,Phil Douglas,40,,40,40,40,0,0,0,0,0,0,0,0,0,,,
1921,PHA,AL,duganjo01,Joe Dugan,119,,119,119,0,0,0,0,119,0,0,0,0,0,,,
1921,CIN,NL,duncapa01,Pat Duncan,145,,145,145,0,0,0,0,0,0,129,16,1,145,,,
1921,PHA,AL,dykesji01,Jimmy Dykes,155,,155,155,0,0,0,155,0,0,0,0,0,0,,,
1921,BRO,NL,eayrsed01,Eddie Eayrs,8,,8,8,0,0,0,0,0,0,0,0,1,1,,,
1921,BSN,NL,eayrsed01,Eddie Eayrs,15,,15,15,2,0,0,0,0,0,0,0,0,0,,,
1921,DET,AL,ehmkeho01,Howard Ehmke,30,,30,30,30,0,0,0,0,0,0,0,0,0,,,
1921,WS1,AL,ellerfr01,Frank Ellerbe,10,,10,10,0,0,0,0,0,0,0,0,0,0,,,
1921,SLA,AL,ellerfr01,Frank Ellerbe,105,,105,105,0,0,0,0,105,0,0,0,0,0,,,
1921,CIN,NL,ellerho01,Hod Eller,13,,13,13,13,0,0,0,0,0,0,0,0,0,,,
1921,CHN,NL,ellioca01,Carter Elliott,12,,12,12,0,0,0,0,0,10,0,0,0,0,,,
1921,WS1,AL,ericker01,Eric Erickson,32,,32,32,32,0,0,0,0,0,0,0,0,0,,,
1921,CLE,AL,evansjo01,Joe Evans,57,,57,57,0,0,0,0,0,0,47,0,0,47,,,
1921,SLN,NL,ewingre01,Reuben Ewing,3,,3,3,0,0,0,0,0,1,0,0,0,0,,,
1921,CHA,AL,faberre01,Red Faber,43,,43,43,43,0,0,0,0,0,0,0,0,0,,,
1921,CHA,AL,fenneho01,Hod Fenner,2,,2,2,2,0,0,0,0,0,0,0,0,0,,,
1921,NYA,AL,fergual01,Alex Ferguson,17,,17,17,17,0,0,0,0,0,0,0,0,0,,,
1921,NYA,AL,fewstch01,Chick Fewster,66,,66,66,0,0,0,15,0,0,7,35,1,43,,,
1921,BSN,NL,fillida01,Dana Fillingim,45,,45,45,44,0,0,0,0,0,0,0,0,0,,,
1921,CHN,NL,flackma01,Max Flack,133,,133,133,0,0,0,0,0,0,0,0,130,130,,,
1921,DET,AL,flagsir01,Ira Flagstead,85,,85,85,0,0,0,8,1,55,6,2,5,12,,,
1921,CIN,NL,fonsele01,Lew Fonseca,82,,82,82,0,0,16,50,0,0,14,0,2,16,,,
1921,BOS,AL,fosteed02,Eddie Foster,120,,120,120,0,0,0,22,94,0,0,0,0,0,,,
1921,SLN,NL,fournja01,Jack Fournier,149,,149,149,0,0,149,0,0,0,0,0,0,0,,,
1921,CHN,NL,freembu02,Buck Freeman,38,,38,38,38,0,0,0,0,0,0,0,0,0,,,
1921,PHA,AL,freemha01,Harvey Freeman,18,,18,18,18,0,0,0,0,0,0,0,0,0,,,
1921,NY1,NL,friscfr01,Frankie Frisch,153,,153,153,0,0,0,61,93,0,0,0,0,0,,,
1921,PHA,AL,fulghdo01,Dot Fulghum,2,,2,2,0,0,0,0,0,1,0,0,0,0,,,
1921,BOS,AL,fullecu01,Curt Fullerton,4,,4,4,4,0,0,0,0,0,0,0,0,0,,,
1921,WS1,AL,gainene01,Nemo Gaines,4,,4,4,4,0,0,0,0,0,0,0,0,0,,,
1921,PHA,AL,galloch01,Chick Galloway,131,,131,131,0,0,0,1,20,110,0,0,0,0,,,
1921,CLE,AL,gardnla01,Larry Gardner,153,,153,153,0,0,0,0,152,0,0,0,0,0,,,
1921,NY1,NL,gastoal01,Alex Gaston,20,,20,20,0,11,0,0,0,0,0,0,0,0,,,
1921,CIN,NL,gearybo01,Bob Geary,10,,10,10,10,0,0,0,0,0,0,0,0,0,,,
1921,SLA,AL,gerbewa01,Wally Gerber,114,,114,114,0,0,0,0,0,113,0,0,0,0,,,
1921,WS1,AL,gharrpa01,Patsy Gharrity,121,,121,121,0,115,0,0,0,0,0,0,0,0,,,
1921,BSN,NL,gibsofr01,Frank Gibson,63,,63,63,0,41,0,0,0,0,0,0,0,0,,,
1921,SLN,NL,gilhage01,George Gilham,1,,1,1,0,0,0,0,0,0,0,0,0,0,,,
1921,PIT,NL,glaznwh01,Whitey Glazner,36,,36,36,36,0,0,0,0,0,0,0,0,0,,,
1921,SLA,AL,gleasbi03,Billy Gleason,26,,26,26,0,0,0,25,0,0,0,0,0,0,,,
1921,NY1,NL,gonzami01,Mike Gonzalez,13,,13,13,0,2,6,0,0,0,0,0,0,0,,,
1921,PIT,NL,goochjo01,Johnny Gooch,13,,13,13,0,13,0,0,0,0,0,0,0,0,,,
1921,SLN,NL,goodwma01,Marv Goodwin,14,,14,14,14,0,0,0,0,0,0,0,0,0,,,
1921,BRO,NL,gordira01,Ray Gordinier,3,,3,3,3,0,0,0,0,0,0,0,0,0,,,
1921,WS1,AL,gosligo01,Goose Goslin,14,,14,14,0,0,0,0,0,0,1,0,14,14,,,
1921,BSN,NL,gowdyha01,Hank Gowdy,64,,64,64,0,53,0,0,0,0,0,0,0,0,,,
1921,CLE,AL,graneja01,Jack Graney,68,,68,68,0,0,0,0,0,0,17,11,5,32,,,
1921,PHA,AL,griffiv01,Ivy Griffin,39,,39,39,0,0,27,0,0,0,0,0,0,0,,,
1921,BRO,NL,griffto01,Tommy Griffith,129,,129,129,0,0,0,0,0,0,0,0,124,124,,,
1921,BRO,NL,grimebu01,Burleigh Grimes,37,,37,37,37,0,0,0,0,0,0,0,0,0,,,
1921,CHN,NL,grimera01,Ray Grimes,147,,147,147,0,0,147,0,0,0,0,0,0,0,,,
1921,PIT,NL,grimmch01,Charlie Grimm,151,,151,151,0,0,150,0,0,0,0,0,0,0,,,
1921,CLE,AL,guistlo01,Lou Guisto,2,,2,2,0,0,1,0,0,0,0,0,0,0,,,
1921,SLN,NL,haineje01,Jesse Haines,39,,39,39,37,0,0,0,0,0,0,0,0,0,,,
1921,PIT,NL,hamilea01,Earl Hamilton,35,,35,35,35,0,0,0,0,0,0,0,0,0,,,
1921,CHN,NL,hansool01,Ollie Hanson,2,,2,2,2,0,0,0,0,0,0,0,0,0,,,
1921,CIN,NL,hargrbu01,Bubbles Hargrave,93,,93,93,0,73,0,0,0,0,0,0,0,0,,,
1921,NYA,AL,harpeha01,Harry Harper,8,,8,8,8,0,0,0,0,0,0,0,0,0,,,
1921,WS1,AL,harribu01,Bucky Harris,154,,154,154,0,0,0,154,0,0,0,0,0,0,,,
1921,PHA,AL,harrisl01,Slim Harriss,39,,39,39,39,0,0,0,0,0,0,0,0,0,,,
1921,PHA,AL,hastybo01,Bob Hasty,35,,35,35,35,0,0,0,0,0,0,0,0,0,,,
1921,NYA,AL,hawksch01,Chicken Hawks,41,,41,41,0,0,0,0,0,0,5,10,0,15,,,
1921,SLN,NL,heathcl01,Cliff Heathcote,62,,62,62,0,0,0,0,0,0,1,40,10,51,,,
1921,DET,AL,heilmha01,Harry Heilmann,149,,149,149,0,0,3,0,0,0,0,0,147,147,,,
1921,PHA,AL,heimafr01,Fred Heimach,1,,1,1,1,0,0,0,0,0,0,0,0,0,,,
1921,NY1,NL,heinebu01,Bud Heine,1,,1,1,0,0,0,1,0,0,0,0,0,0,,,
1921,CLE,AL,hendebe01,Bernie Henderson,3,,3,3,2,0,0,0,0,0,0,0,0,0,,,
1921,BOS,AL,hendrti01,Tim Hendryx,49,,49,49,0,0,0,0,0,0,2,2,37,41,,,
1921,PHI,NL,henlibu01,Butch Henline,33,,33,33,0,32,0,0,0,0,0,0,0,0,,,
1921,NY1,NL,henlibu01,Butch Henline,1,,1,1,0,0,0,0,0,0,0,0,0,0,,,
1921,SLA,AL,henrydu01,Dutch Henry,1,,1,1,1,0,0,0,0,0,0,0,0,0,,,
1921,BOS,AL,hilleho02,Hob Hiller,1,,1,1,0,0,0,0,0,0,0,0,0,0,,,
1921,CHA,AL,hodgesh01,Shovel Hodge,36,,36,36,36,0,0,0,0,0,0,0,0,0,,,
1921,NYA,AL,hofmafr01,Fred Hofmann,23,,23,23,0,18,1,0,0,0,0,0,0,0,,,
1921,CIN,NL,hoganke01,Kenny Hogan,1,,1,1,0,0,0,0,0,0,0,1,0,1,,,
1921,BSN,NL,holkewa01,Walter Holke,150,,150,150,0,0,150,0,0,0,0,0,0,0,,,
1921,DET,AL,hollica01,Carl Holling,35,,35,35,35,0,0,0,0,0,0,0,0,0,,,
1921,CHN,NL,holloch01,Charlie Hollocher,140,,140,140,0,0,0,0,0,137,0,0,0,0,,,
1921,CHA,AL,hoopeha01,Harry Hooper,108,,108,108,0,0,0,0,0,0,0,0,108,108,,,
1921,SLN,NL,hornsro01,Rogers Hornsby,154,,154,154,0,0,1,142,3,3,6,0,0,6,,,
1921,PHI,NL,hubbebi01,Bill Hubbell,36,,36,36,36,0,0,0,0,0,0,0,0,0,,,
1921,DET,AL,hubercl01,Clarence Huber,1,,1,1,0,0,0,0,1,0,0,0,0,0,,,
1921,PIT,NL,hughebi02,Bill Hughes,1,,1,1,1,0,0,0,0,0,0,0,0,0,,,
1921,SLN,NL,huntehe01,Herb Hunter,9,,9,9,0,0,1,0,0,0,0,0,0,0,,,
1921,SLN,NL,irwinwa01,Walt Irwin,4,,4,4,0,0,0,0,0,0,0,0,0,0,,,
1921,SLA,AL,jacobba01,Baby Doll Jacobson,151,,151,151,0,0,10,0,0,0,0,141,1,142,,,
1921,CLE,AL,jamiech01,Charlie Jamieson,140,,140,140,0,0,0,0,0,0,125,19,0,137,,,
1921,SLN,NL,janvrha01,Hal Janvrin,18,,18,18,0,0,9,1,0,0,0,0,0,0,,,
1921,BRO,NL,janvrha01,Hal Janvrin,44,,44,44,0,0,8,10,5,17,0,0,1,1,,,
1921,CLE,AL,jeanete01,Tex Jeanes,5,,5,5,0,0,0,0,0,0,1,2,1,5,,,
1921,CLE,AL,johnsdo01,Doc Johnston,118,,118,118,0,0,116,0,0,0,0,0,0,0,,,
1921,CHA,AL,johnser01,Ernie Johnson,142,,142,142,0,0,0,0,0,141,0,0,0,0,,,
1921,BRO,NL,johnsji01,Jimmy Johnston,152,,152,152,0,0,0,0,150,3,0,0,0,0,,,
1921,PHA,AL,johnspa01,Paul Johnson,48,,48,48,0,0,0,0,0,0,6,24,2,32,,,
1921,WS1,AL,johnswa01,Walter Johnson,38,,38,38,35,0,0,0,0,0,0,0,0,0,,,
1921,DET,AL,jonesbo01,Bob Jones,141,,141,141,0,0,0,0,141,0,0,0,0,0,,,
1921,SLN,NL,jonesho01,Howie Jones,3,,3,3,0,0,0,0,0,0,1,0,0,1,,,
1921,CHN,NL,jonespe01,Percy Jones,32,,32,32,32,0,0,0,0,0,0,0,0,0,,,
1921,BOS,AL,jonessa01,Sad Sam Jones,43,,43,43,40,0,0,0,0,0,0,0,0,0,,,
1921,NY1,NL,jonnacl01,Claude Jonnard,1,,1,1,1,0,0,0,0,0,0,0,0,0,,,
1921,WS1,AL,judgejo01,Joe Judge,153,,153,153,0,0,152,0,0,0,0,0,0,0,,,
1921,CHN,NL,kaufmto01,Tony Kaufmann,2,,2,2,2,0,0,0,0,0,0,0,0,0,,,
1921,PHA,AL,keefeda01,Dave Keefe,44,,44,44,44,0,0,0,0,0,0,0,0,0,,,
1921,PHI,NL,keenaji02,Jimmie Keenan,15,,15,15,15,0,0,0,0,0,0,0,0,0,,,
1921,CHN,NL,kellejo02,John Kelleher,95,,95,95,0,0,11,27,37,11,1,0,0,1,,,
1921,NY1,NL,kellyge01,High Pockets Kelly,149,,149,149,0,0,149,0,0,0,0,0,0,0,,,
1921,BRO,NL,kildupe01,Pete Kilduff,107,,107,107,0,0,0,105,1,0,0,0,0,0,,,
1921,CHN,NL,killebi01,Bill Killefer,45,,45,45,0,42,0,0,0,0,0,0,0,0,,,
1921,CIN,NL,kimmiwa01,Wally Kimmick,3,,3,3,0,0,0,0,2,0,0,0,0,0,,,
1921,SLN,NL,kirchmi01,Mike Kircher,3,,3,3,3,0,0,0,0,0,0,0,0,0,,,
1921,CHN,NL,klugmjo01,Joe Klugmann,6,,6,6,0,0,0,5,0,0,0,0,0,0,,,
1921,BRO,NL,koneted01,Ed Konetchy,55,,55,55,0,0,54,0,0,0,0,0,0,0,,,
1921,PHI,NL,koneted01,Ed Konetchy,72,,72,72,0,0,71,0,0,0,0,0,0,0,,,
1921,BRO,NL,krueger01,Ernie Krueger,65,,65,65,0,52,0,0,0,0,0,0,0,0,,,
1921,BRO,NL,lamarbi01,Bill Lamar,3,,3,3,0,0,0,0,0,0,0,1,0,1,,,
1921,WS1,AL,lamotbo01,Bobby LaMotte,16,,16,16,0,0,0,0,0,12,0,0,0,0,,,
1921,SLN,NL,lavando01,Doc Lavan,150,,150,150,0,0,0,0,0,150,0,0,0,0,,,
1921,PHI,NL,leboube01,Bevo LeBourveau,93,,93,93,0,0,0,0,0,0,27,1,48,76,,,
1921,BOS,AL,leibone01,Nemo Leibold,123,,123,123,0,0,0,0,0,0,0,107,10,117,,,
1921,CHA,AL,leifeel01,Elmer Leifer,9,,9,9,0,0,0,0,1,0,1,0,0,1,,,
1921,DET,AL,leonadu01,Dutch Leonard,36,,36,36,36,0,0,0,0,0,0,0,0,0,,,
1921,WS1,AL,lewisdu01,Duffy Lewis,27,,27,27,0,0,0,0,0,0,26,0,1,27,,,
1921,CIN,NL,luquedo01,Dolf Luque,42,,42,42,41,0,0,0,0,0,0,0,0,0,,,
1921,NY1,NL,mahadji01,Jim Mahady,1,,1,1,0,0,0,1,0,0,0,0,0,0,,,
1921,CLE,AL,mailsdu01,Duster Mails,34,,34,34,34,0,0,0,0,0,0,0,0,0,,,
1921,CHN,NL,maisege01,George Maisel,111,,111,111,0,0,0,0,0,0,0,107,1,108,,,
1921,PHA,AL,mallobe01,Ben Mallonee,7,,7,7,0,0,0,0,0,0,0,6,0,6,,,
1921,BRO,NL,mamaual01,Al Mamaux,12,,12,12,12,0,0,0,0,0,0,0,0,0,,,
1921,DET,AL,maniocl01,Clyde Manion,12,,12,12,0,3,0,0,0,0,0,0,0,0,,,
1921,PIT,NL,maranra01,Rabbit Maranville,153,,153,153,0,0,0,0,0,153,0,0,0,0,,,
1921,CIN,NL,marklcl01,Cliff Markle,10,,10,10,10,0,0,0,0,0,0,0,0,0,,,
1921,CIN,NL,marquru01,Rube Marquard,39,,39,39,39,0,0,0,0,0,0,0,0,0,,,
1921,CHN,NL,marriwi01,William Marriott,30,,30,30,0,0,0,6,1,1,1,0,0,1,,,
1921,CHN,NL,martisp01,Speed Martin,37,,37,37,37,0,0,0,0,0,0,0,0,0,,,
1921,PHA,AL,mccanem01,Emmet McCann,52,,52,52,0,0,1,2,9,32,0,0,0,0,,,
1921,SLN,NL,mccarle01,Lew McCarty,1,,1,1,0,0,0,0,0,0,0,0,0,0,,,
1921,CHA,AL,mccleha01,Hervey McClellan,63,,63,63,0,0,0,21,5,15,0,0,15,15,,,
1921,SLN,NL,mchenau01,Austin McHenry,152,,152,152,0,0,0,0,0,0,146,0,6,152,,,
1921,WS1,AL,mcilrva01,Vance McIlree,1,,1,1,1,0,0,0,0,0,0,0,0,0,,,
1921,BOS,AL,mcinnst01,Stuffy McInnis,152,,152,152,0,0,152,0,0,0,0,0,0,0,,,
1921,SLA,AL,mcmanma01,Marty McManus,121,,121,121,0,0,9,96,13,2,0,0,0,0,,,
1921,NYA,AL,mcnalmi01,Mike McNally,71,,71,71,0,0,0,16,49,0,0,0,0,0,,,
1921,BSN,NL,mcquihu01,Hugh McQuillan,45,,45,45,45,0,0,0,0,0,0,0,0,0,,,
1921,CHA,AL,mcweedo01,Doug McWeeny,27,,27,27,27,0,0,0,0,0,0,0,0,0,,,
1921,PHI,NL,meadole01,Lee Meadows,28,,28,28,28,0,0,0,0,0,0,0,0,0,,,
1921,BOS,AL,menosmi01,Mike Menosky,133,,133,133,0,0,0,0,0,0,133,0,0,133,,,
1921,DET,AL,merrihe01,Herm Merritt,20,,20,20,0,0,0,0,0,17,0,0,0,0,,,
1921,NYA,AL,meusebo01,Bob Meusel,149,,149,149,0,0,0,0,0,0,10,0,137,147,,,
1921,NY1,NL,meuseir01,Irish Meusel,62,,62,62,0,0,0,0,0,0,62,0,1,62,,,
1921,PHI,NL,meuseir01,Irish Meusel,84,,84,84,0,0,0,0,0,0,38,1,46,84,,,
1921,CHA,AL,michajo01,John Michaelson,2,,2,2,2,0,0,0,0,0,0,0,0,0,,,
1921,DET,AL,middlji01,Jim Middleton,38,,38,38,38,0,0,0,0,0,0,0,0,0,,,
1921,WS1,AL,milancl01,Clyde Milan,113,,113,113,0,0,0,0,0,0,34,15,52,99,,,
1921,BRO,NL,miljujo01,Johnny Miljus,28,,28,28,28,0,0,0,0,0,0,0,0,0,,,
1921,WS1,AL,millebi02,Bing Miller,114,,114,114,0,0,0,0,0,0,92,3,14,109,,,
1921,PHI,NL,milledo02,Dots Miller,84,,84,84,0,0,38,6,41,0,0,0,0,0,,,
1921,NYA,AL,milleel01,Elmer Miller,56,,56,56,0,0,0,0,0,0,0,56,0,56,,,
1921,BRO,NL,milleot01,Otto Miller,91,,91,91,0,91,0,0,0,0,0,0,0,0,,,
1921,PHI,NL,millera03,Ralph Miller,57,,57,57,0,0,0,0,10,46,0,0,0,0,,,
1921,WS1,AL,millera04,Ralph Miller,1,,1,1,1,0,0,0,0,0,0,0,0,0,,,
1921,PHA,AL,minerra01,Ray Miner,1,,1,1,1,0,0,0,0,0,0,0,0,0,,,
1921,BRO,NL,mitchcl01,Clarence Mitchell,46,,46,46,37,0,4,0,0,0,0,0,0,0,,,
1921,NYA,AL,mitchjo01,Johnny Mitchell,13,,13,13,0,0,0,5,0,7,0,0,0,0,,,
1921,WS1,AL,mogrige01,George Mogridge,38,,38,38,38,0,0,0,0,0,0,0,0,0,,,
1921,BRO,NL,moharge01,George Mohart,2,,2,2,2,0,0,0,0,0,0,0,0,0,,,
1921,PIT,NL,mokanjo01,Johnny Mokan,19,,19,19,0,0,0,0,0,0,6,0,7,15,,,
1921,PHI,NL,monrojo01,John Monroe,41,,41,41,0,0,0,28,9,0,0,0,0,0,,,
1921,NY1,NL,monrojo01,John Monroe,19,,19,19,0,0,0,8,0,1,0,0,0,0,,,
1921,PHA,AL,moorero01,Roy Moore,31,,31,31,29,0,0,0,0,0,0,0,0,0,,,
1921,BSN,NL,morgacy02,Cy Morgan,17,,17,17,17,0,0,0,0,0,0,0,0,0,,,
1921,CHA,AL,morribu01,Bugs Bennett,3,,3,3,3,0,0,0,0,0,0,0,0,0,,,
1921,SLA,AL,morribu01,Bugs Bennett,3,,3,3,3,0,0,0,0,0,0,0,0,0,,,
1921,PIT,NL,morrijo04,Johnny Morrison,21,,21,21,21,0,0,0,0,0,0,0,0,0,,,
1921,PIT,NL,morriph01,Phil Morrison,1,,1,1,1,0,0,0,0,0,0,0,0,0,,,
1921,CLE,AL,mortogu01,Guy Morton,30,,30,30,30,0,0,0,0,0,0,0,0,0,,,
1921,CHA,AL,mostijo01,Johnny Mostil,100,,100,100,0,0,0,1,0,0,1,90,0,91,,,
1921,SLN,NL,muellhe01,Heinie Mueller,55,,55,55,0,0,0,0,0,0,0,51,3,54,,,
1921,SLA,AL,mullebi01,Billy Mullen,4,,4,4,0,0,0,0,2,0,0,0,0,0,,,
1921,CHA,AL,mullied01,Eddie Mulligan,151,,151,151,0,0,0,0,151,1,0,0,0,0,,,
1921,CHA,AL,mulredo01,Dominic Mulrenan,12,,12,12,12,0,0,0,0,0,0,0,0,0,,,
1921,CHA,AL,murphed02,Eddie Murphy,6,,6,6,0,0,0,0,0,0,0,0,0,0,,,
1921,PHA,AL,myattgl01,Glenn Myatt,44,,44,44,0,27,0,0,0,0,0,0,0,0,,,
1921,BOS,AL,myersel01,Elmer Myers,30,,30,30,30,0,0,0,0,0,0,0,0,0,,,
1921,BRO,NL,myershy01,Hi Myers,144,,144,144,0,0,0,21,1,0,0,124,0,124,,,
1921,CIN,NL,napiebu01,Buddy Napier,22,,22,22,22,0,0,0,0,0,0,0,0,0,,,
1921,PHA,AL,nayloro01,Rollie Naylor,33,,33,33,32,0,0,0,0,0,0,0,0,0,,,
1921,PHI,NL,nealegr01,Greasy Neale,22,,22,22,0,0,0,0,0,0,0,0,16,16,,,
1921,CIN,NL,nealegr01,Greasy Neale,63,,63,63,0,0,0,0,0,0,1,8,53,60,,,
1921,BOS,AL,neitzer01,Ernie Neitzke,11,,11,11,2,0,0,0,0,0,4,1,3,8,,,
1921,BSN,NL,nichofr02,Fred Nicholson,83,,83,83,0,0,4,2,0,0,57,0,3,59,,,
1921,SLN,NL,niebech01,Charlie Niebergall,5,,5,5,0,3,0,0,0,0,0,0,0,0,,,
1921,BSN,NL,nixonal01,Al Nixon,55,,55,55,0,0,0,0,0,0,22,10,13,43,,,
1921,SLN,NL,northlo01,Lou North,40,,40,40,40,0,0,0,0,0,0,0,0,0,,,
1921,CLE,AL,nunamle01,Les Nunamaker,46,,46,46,0,46,0,0,0,0,0,0,0,0,,,
1921,CLE,AL,odenwte01,Ted Odenwald,10,,10,10,10,0,0,0,0,0,0,0,0,0,,,
1921,BSN,NL,oeschjo01,Joe Oeschger,46,,46,46,46,0,0,0,0,0,0,0,0,0,,,
1921,CHN,NL,ofarrbo01,Bob O'Farrell,96,,96,96,0,90,0,0,0,0,0,0,0,0,,,
1921,DET,AL,oldhare01,Red Oldham,42,,42,42,40,0,0,0,0,0,0,0,0,0,,,
1921,BRO,NL,olsoniv01,Ivy Olson,151,,151,151,0,0,0,20,0,133,0,0,0,0,,,
1921,BSN,NL,oneilmi02,Mickey O'Neil,98,,98,98,0,95,0,0,0,0,0,0,0,0,,,
1921,CLE,AL,oneilst01,Steve O'Neill,106,,106,106,0,105,0,0,0,0,0,0,0,0,,,
1921,WS1,AL,orourfr01,Frank O'Rourke,123,,123,123,0,0,0,0,0,122,0,0,0,0,,,
1921,CHA,AL,osterre01,Red Ostergard,12,,12,12,0,0,0,0,0,0,0,0,0,0,,,
1921,SLA,AL,palmeem01,Emilio Palmero,29,,29,29,24,0,0,0,0,0,0,0,0,0,,,
1921,PHI,NL,parkifr01,Frank Parkinson,108,,108,108,0,0,0,0,1,105,0,0,0,0,,,
1921,DET,AL,parkssl01,Slicker Parks,10,,10,10,10,0,0,0,0,0,0,0,0,0,,,
1921,CIN,NL,paskedo01,Dode Paskert,27,,27,27,0,0,0,0,0,0,0,15,9,24,,,
1921,NY1,NL,pattepa01,Pat Patterson,23,,23,23,0,0,0,0,14,7,0,0,0,0,,,
1921,NYA,AL,peckiro01,Roger Peckinpaugh,149,,149,149,0,0,0,0,0,149,0,0,0,0,,,
1921,CHA,AL,penceru01,Rusty Pence,4,,4,4,4,0,0,0,0,0,0,0,0,0,,,
1921,BOS,AL,pennohe01,Herb Pennock,32,,32,32,32,0,0,0,0,0,0,0,0,0,,,
1921,PHA,AL,perkicy01,Cy Perkins,141,,141,141,0,141,0,0,0,0,0,0,0,0,,,
1921,BOS,AL,perrijo01,Jack Perrin,4,,4,4,0,0,0,0,0,0,0,0,4,4,,,
1921,NY1,NL,perripo01,Pol Perritt,5,,5,5,5,0,0,0,0,0,0,0,0,0,,,
1921,DET,AL,perripo01,Pol Perritt,4,,4,4,4,0,0,0,0,0,0,0,0,0,,,
1921,PHA,AL,perrysc01,Scott Perry,12,,12,12,12,0,0,0,0,0,0,0,0,0,,,
1921,SLN,NL,pertibi01,Bill Pertica,38,,38,38,38,0,0,0,0,0,0,0,0,0,,,
1921,PHI,NL,peterjo02,John Peters,55,,55,55,0,44,0,0,0,0,0,0,0,0,,,
1921,CLE,AL,pettyje01,Jesse Petty,4,,4,4,4,0,0,0,0,0,0,0,0,0,,,
1921,BRO,NL,pfeffje01,Jeff Pfeffer,6,,6,6,6,0,0,0,0,0,0,0,0,0,,,
1921,SLN,NL,pfeffje01,Jeff Pfeffer,18,,18,18,18,0,0,0,0,0,0,0,0,0,,,
1921,WS1,AL,phillto01,Tom Phillips,1,,1,1,1,0,0,0,0,0,0,0,0,0,,,
1921,WS1,AL,picinva01,Val Picinich,45,,45,45,0,45,0,0,0,0,0,0,0,0,,,
1921,NYA,AL,piercbi01,Bill Piercy,14,,14,14,14,0,0,0,0,0,0,0,0,0,,,
1921,BSN,NL,pieroal01,Al Pierotti,2,,2,2,2,0,0,0,0,0,0,0,0,0,,,
1921,BOS,AL,pittipi01,Pinky Pittenger,40,,40,40,0,0,0,1,3,2,19,4,4,27,,,
1921,PIT,NL,pondeel01,Elmer Ponder,8,,8,8,8,0,0,0,0,0,0,0,0,0,,,
1921,CHN,NL,pondeel01,Elmer Ponder,16,,16,16,16,0,0,0,0,0,0,0,0,0,,,
1921,BSN,NL,powelra01,Ray Powell,149,,149,149,0,0,0,0,0,0,0,149,0,149,,,
1921,BOS,AL,prattde01,Del Pratt,135,,135,135,0,0,0,134,0,0,0,0,0,0,,,
1921,CHA,AL,prattfr01,Frank Pratt,1,,1,1,0,0,0,0,0,0,0,0,0,0,,,
1921,NYA,AL,quinnja01,Jack Quinn,33,,33,33,33,0,0,0,0,0,0,0,0,0,,,
1921,PHI,NL,raderdo01,Don Rader,9,,9,9,0,0,0,0,0,9,0,0,0,0,,,
1921,PIT,NL,raderdr01,Drew Rader,1,,1,1,1,0,0,0,0,0,0,0,0,0,,,
1921,PHI,NL,rawlijo01,Johnny Rawlings,60,,60,60,0,0,0,60,0,0,0,0,0,0,,,
1921,NY1,NL,rawlijo01,Johnny Rawlings,86,,86,86,0,0,0,86,0,1,0,0,0,0,,,
1921,PHI,NL,richbla01,Lance Richbourg,10,,10,10,0,0,0,4,0,0,0,0,0,0,,,
1921,SLA,AL,richmra01,Ray Richmond,6,,6,6,6,0,0,0,0,0,0,0,0,0,,,
1921,SLA,AL,rileyji02,Jim Riley,4,,4,4,0,0,0,4,0,0,0,0,0,0,,,
1921,SLN,NL,rivieti01,Tink Riviere,18,,18,18,18,0,0,0,0,0,0,0,0,0,,,
1921,CIN,NL,rixeyep01,Eppa Rixey,40,,40,40,40,0,0,0,0,0,0,0,0,0,,,
1921,CHN,NL,roberda01,Dave Robertson,22,,22,22,0,0,0,0,0,0,1,6,0,7,,,
1921,PIT,NL,roberda01,Dave Robertson,60,,60,60,0,0,0,0,0,0,2,1,55,58,,,
1921,NYA,AL,rogerto01,Tom Rogers,6,,6,6,5,0,0,0,0,0,0,1,0,1,,,
1921,CIN,NL,roggecl01,Clint Rogge,6,,6,6,6,0,0,0,0,0,0,0,0,0,,,
1921,PIT,NL,rohwera01,Ray Rohwer,30,,30,30,0,0,0,0,0,0,0,3,7,10,,,
1921,PHA,AL,rommeed01,Eddie Rommel,46,,46,46,46,0,0,0,0,0,0,0,0,0,,,
1921,CIN,NL,roushed01,Edd Roush,112,,112,112,0,0,0,0,0,0,0,108,0,108,,,
1921,BRO,NL,ruethdu01,Dutch Ruether,49,,49,49,36,0,0,0,0,0,0,0,0,0,,,
1921,BOS,AL,russeal01,Allen Russell,40,,40,40,39,0,0,0,0,0,0,0,0,0,,,
1921,CHA,AL,russejo01,John Russell,11,,11,11,11,0,0,0,0,0,0,0,0,0,,,
1921,NY1,NL,sallesl01,Slim Sallee,37,,37,37,37,0,0,0,0,0,0,0,0,0,,,
1921,DET,AL,sargejo01,Joe Sargent,66,,66,66,0,0,0,24,23,19,0,0,0,0,,,
1921,WS1,AL,schacal01,Al Schacht,29,,29,29,29,0,0,0,0,0,0,0,0,0,,,
1921,CHA,AL,schalra01,Ray Schalk,128,,128,128,0,126,0,0,0,0,0,0,0,0,,,
1921,NYA,AL,schanwa01,Wally Schang,134,,134,134,0,132,0,0,0,0,0,0,0,0,,,
1921,BRO,NL,schmara01,Ray Schmandt,95,,95,95,0,0,92,0,0,0,0,0,0,0,,,
1921,PIT,NL,schmiwa01,Walter Schmidt,114,,114,114,0,111,0,0,0,0,0,0,0,0,,,
1921,NY1,NL,schreha01,Hank Schreiber,4,,4,4,0,0,0,2,1,2,0,0,0,0,,,
1921,SLN,NL,schuljo03,Joe Schultz,92,,92,92,0,0,2,0,3,0,0,0,67,67,,,
1921,BRO,NL,schupfe01,Ferdie Schupp,20,,20,20,20,0,0,0,0,0,0,0,0,0,,,
1921,SLN,NL,schupfe01,Ferdie Schupp,9,,9,9,9,0,0,0,0,0,0,0,0,0,,,
1921,BOS,AL,scottev01,Everett Scott,154,,154,154,0,0,0,0,0,154,0,0,0,0,,,
1921,BSN,NL,scottja01,Jack Scott,51,,51,51,47,0,0,0,0,0,0,0,0,0,,,
1921,PHI,NL,sedgwdu01,Duke Sedgwick,16,,16,16,16,0,0,0,0,0,0,0,0,0,,,
1921,SLA,AL,severha01,Hank Severeid,143,,143,143,0,126,0,0,0,0,0,0,0,0,,,
1921,CLE,AL,seweljo01,Joe Sewell,154,,154,154,0,0,0,0,0,154,0,0,0,0,,,
1921,CLE,AL,sewellu01,Luke Sewell,3,,3,3,0,3,0,0,0,0,0,0,0,0,,,
1921,WS1,AL,shankho01,Howie Shanks,154,,154,154,0,0,0,1,154,0,0,0,0,0,,,
1921,PHA,AL,shannre01,Red Shannon,1,,1,1,0,0,0,0,0,0,0,0,0,0,,,
1921,NYA,AL,shawkbo01,Bob Shawkey,38,,38,38,38,0,0,0,0,0,0,0,0,0,,,
1921,BRO,NL,sheehja01,Jack Sheehan,5,,5,5,0,0,0,2,1,1,0,0,0,0,,,
1921,NYA,AL,sheehto02,Tom Sheehan,12,,12,12,12,0,0,0,0,0,0,0,0,0,,,
1921,CHA,AL,sheelea01,Earl Sheely,154,,154,154,0,0,154,0,0,0,0,0,0,0,,,
1921,SLN,NL,sherdbi01,Bill Sherdel,39,,39,39,38,0,1,0,0,0,0,0,0,0,,,
1921,CLE,AL,shinagi01,Ginger Shinault,22,,22,22,0,20,0,0,0,0,0,0,0,0,,,
1921,SLA,AL,shockur01,Urban Shocker,47,,47,47,47,0,0,0,0,0,0,0,0,0,,,
1921,DET,AL,shortch01,Chick Shorten,92,,92,92,0,0,0,0,0,0,3,36,12,51,,,
1921,SLN,NL,shottbu01,Burt Shotton,38,,38,38,0,0,0,0,0,0,1,10,0,11,,,
1921,SLA,AL,sislege01,George Sisler,138,,138,138,0,0,138,0,0,0,0,0,0,0,,,
1921,PIT,NL,skiffbi01,Bill Skiff,16,,16,16,0,13,0,0,0,0,0,0,0,0,,,
1921,SLA,AL,smithea01,Earl Smith,25,,25,25,0,0,0,0,13,0,0,4,0,4,,,
1921,WS1,AL,smithea01,Earl Smith,59,,59,59,0,0,0,0,1,0,3,4,36,43,,,
1921,NY1,NL,smithea02,Earl Smith,89,,89,89,0,78,0,0,0,0,0,0,0,0,,,
1921,CLE,AL,smithel02,Elmer Smith,129,,129,129,0,0,0,0,0,0,1,0,126,127,,,
1921,PHI,NL,smithge02,George Smith,39,,39,39,39,0,0,0,0,0,0,0,0,0,,,
1921,SLN,NL,smithja03,Jack Smith,116,,116,116,0,0,0,0,0,0,0,19,84,103,,,
1921,PHI,NL,smithji01,Jimmy Smith,67,,67,67,0,0,0,66,0,0,0,0,0,0,,,
1921,BRO,NL,smithsh01,Sherry Smith,35,,35,35,35,0,0,0,0,0,0,0,0,0,,,
1921,NY1,NL,snydefr01,Frank Snyder,108,,108,108,0,101,0,0,0,0,0,0,0,0,,,
1921,CLE,AL,sothoal01,Allan Sothoron,22,,22,22,22,0,0,0,0,0,0,0,0,0,,,
1921,SLA,AL,sothoal01,Allan Sothoron,5,,5,5,5,0,0,0,0,0,0,0,0,0,,,
1921,BOS,AL,sothoal01,Allan Sothoron,2,,2,2,2,0,0,0,0,0,0,0,0,0,,,
1921,BSN,NL,southbi01,Billy Southworth,141,,141,141,0,0,0,0,0,0,0,0,141,141,,,
1921,CLE,AL,speaktr01,Tris Speaker,132,,132,132,0,0,0,0,0,0,0,128,0,128,,,
1921,PHI,NL,stengca01,Casey Stengel,24,,24,24,0,0,0,0,0,0,0,0,15,15,,,
1921,NY1,NL,stengca01,Casey Stengel,18,,18,18,0,0,0,0,0,0,0,2,6,8,,,
1921,CLE,AL,stephri01,Riggs Stephenson,65,,65,65,0,0,0,54,2,0,0,0,0,0,,,
1921,DET,AL,stewale01,Lefty Stewart,5,,5,5,5,0,0,0,0,0,0,0,0,0,,,
1921,SLN,NL,stockmi01,Milt Stock,149,,149,149,0,0,0,0,149,0,0,0,0,0,,,
1921,CHA,AL,strunam01,Amos Strunk,121,,121,121,0,0,0,0,0,0,9,69,33,111,,,
1921,SLA,AL,stuarlu01,Luke Stuart,3,,3,3,0,0,0,3,0,0,0,0,0,0,,,
1921,CHN,NL,stuelge01,George Stueland,2,,2,2,2,0,0,0,0,0,0,0,0,0,,,
1921,PHA,AL,stylele01,Lena Styles,4,,4,4,0,2,0,0,0,0,0,0,0,0,,,
1921,PHA,AL,sulliji02,Jim Sullivan,2,,2,2,2,0,0,0,0,0,0,0,0,0,,,
1921,BSN,NL,sullijo04,John Sullivan,5,,5,5,0,0,0,0,0,0,0,0,0,0,,,
1921,CHN,NL,sullijo04,John Sullivan,76,,76,76,0,0,0,0,0,0,63,1,1,66,,,
1921,DET,AL,suthesu01,Suds Sutherland,17,,17,17,13,0,0,0,0,0,0,0,1,1,,,
1921,DET,AL,tavenja01,Jackie Tavener,2,,2,2,0,0,0,0,0,2,0,0,0,0,,,
1921,PHA,AL,tayloar01,Arlas Taylor,1,,1,1,1,0,0,0,0,0,0,0,0,0,,,
1921,BRO,NL,tayloza02,Zack Taylor,30,,30,30,0,30,0,0,0,0,0,0,0,0,,,
1921,CHN,NL,terryze01,Zeb Terry,123,,123,123,0,0,0,122,0,0,0,0,0,0,,,
1921,CLE,AL,thomapi01,Pinch Thomas,21,,21,21,0,19,0,0,0,0,0,0,0,0,,,
1921,CHN,NL,thomare01,Red Thomas,8,,8,8,0,0,0,0,0,0,0,8,0,8,,,
1921,CHA,AL,thomple01,Lee Thompson,4,,4,4,4,0,0,0,0,0,0,0,0,0,,,
1921,BOS,AL,thormha01,Hank Thormahlen,23,,23,23,23,0,0,0,0,0,0,0,0,0,,,
1921,PIT,NL,tiernco01,Cotton Tierney,117,,117,117,0,0,0,72,32,3,0,0,4,4,,,
1921,SLA,AL,tobinja01,Jack Tobin,150,,150,150,0,0,0,0,0,0,0,8,143,150,,,
1921,NY1,NL,toneyfr01,Fred Toney,42,,42,42,42,0,0,0,0,0,0,0,0,0,,,
1921,SLN,NL,toporsp01,Specs Toporcer,22,,22,22,0,0,0,12,0,2,0,0,0,0,,,
1921,WS1,AL,torreri01,Ricardo Torres,2,,2,2,0,2,0,0,0,0,0,0,0,0,,,
1921,BSN,NL,townsir01,Ira Townsend,4,,4,4,4,0,0,0,0,0,0,0,0,0,,,
1921,BSN,NL,townsle01,Leo Townsend,1,,1,1,1,0,0,0,0,0,0,0,0,0,,,
1921,PIT,NL,traynpi01,Pie Traynor,7,,7,7,0,0,0,0,3,1,0,0,0,0,,,
1921,CHN,NL,twombba01,Babe Twombly,87,,87,87,0,0,0,0,0,0,10,29,6,45,,,
1921,CHA,AL,twombcy01,Cy Twombly,7,,7,7,7,0,0,0,0,0,0,0,0,0,,,
1921,CHN,NL,tylerle01,Lefty Tyler,19,,19,19,10,0,0,0,0,0,0,0,0,0,,,
1921,SLA,AL,vangiel01,Elam Vangilder,31,,31,31,31,0,0,0,0,0,0,0,0,0,,,
1921,CHN,NL,vaughhi01,Hippo Vaughn,17,,17,17,17,0,0,0,0,0,0,0,0,0,,,
1921,DET,AL,veachbo01,Bobby Veach,150,,150,150,0,0,0,0,0,0,149,0,0,149,,,
1921,NY1,NL,walkecu01,Curt Walker,64,,64,64,0,0,0,0,0,0,0,46,13,58,,,
1921,PHI,NL,walkecu01,Curt Walker,21,,21,21,0,0,0,0,0,0,7,7,10,21,,,
1921,PHA,AL,walkefr01,Frank Walker,19,,19,19,0,0,0,0,0,0,3,16,0,19,,,
1921,PHA,AL,walkejo01,Johnny Walker,113,,113,113,0,7,99,0,0,0,0,0,0,0,,,
1921,SLN,NL,walkero01,Roy Walker,38,,38,38,38,0,0,0,0,0,0,0,0,0,,,
1921,PHA,AL,walketi01,Tillie Walker,142,,142,142,0,0,0,0,0,0,142,0,0,142,,,
1921,DET,AL,walshji03,Jim Walsh,3,,3,3,3,0,0,0,0,0,0,0,0,0,,,
1921,BOS,AL,waltero01,Roxy Walters,54,,54,54,0,54,0,0,0,0,0,0,0,0,,,
1921,CLE,AL,wambsbi01,Bill Wambsganss,107,,107,107,0,0,0,103,2,0,0,0,0,0,,,
1921,CHN,NL,warneho01,Hooks Warner,14,,14,14,0,0,0,0,10,0,0,0,0,0,,,
1921,PIT,NL,warwibi01,Bill Warwick,1,,1,1,0,1,0,0,0,0,0,0,0,0,,,
1921,BSN,NL,watsomu01,Mule Watson,44,,44,44,44,0,0,0,0,0,0,0,0,0,,,
1921,PHI,NL,weinele01,Lefty Weinert,8,,8,8,8,0,0,0,0,0,0,0,0,0,,,
1921,PHA,AL,welchfr01,Frank Welch,115,,115,115,0,0,0,0,0,0,3,93,8,104,,,
1921,SLA,AL,wetzedu01,Dutch Wetzel,61,,61,61,0,0,0,0,0,0,12,4,11,27,,,
1921,PHI,NL,wheatma01,Mack Wheat,10,,10,10,0,9,0,0,0,0,0,0,0,0,,,
1921,BRO,NL,wheatza01,Zack Wheat,148,,148,148,0,0,0,0,0,0,148,0,0,148,,,
1921,PIT,NL,wheelri01,Rip Wheeler,1,,1,1,1,0,0,0,0,0,0,0,0,0,,,
1921,PIT,NL,whittpo01,Possum Whitted,108,,108,108,0,0,7,0,0,0,15,0,87,102,,,
1921,CHA,AL,wieneja01,Jack Wieneke,10,,10,10,10,0,0,0,0,0,0,0,0,0,,,
1921,PHI,NL,wilheka01,Kaiser Wilhelm,4,,4,4,4,0,0,0,0,0,0,0,0,0,,,
1921,CHA,AL,wilkiro01,Roy Wilkinson,36,,36,36,36,0,0,0,0,0,0,0,0,0,,,
1921,PHI,NL,willicy01,Cy Williams,146,,146,146,0,0,0,0,0,0,0,146,0,146,,,
1921,CIN,NL,willide01,Denny Williams,10,,10,10,0,0,0,0,0,0,1,0,0,1,,,
1921,SLA,AL,willike01,Ken Williams,146,,146,146,0,0,0,0,0,0,145,0,0,145,,,
1921,CLE,AL,wilsoar01,Art Wilson,2,,2,2,0,2,0,0,0,0,0,0,0,0,,,
1921,PIT,NL,wilsomi01,Mike Wilson,5,,5,5,0,5,0,0,0,0,0,0,0,0,,,
1921,CIN,NL,wingoiv01,Ivey Wingo,97,,97,97,0,92,0,0,0,0,1,0,0,1,,,
1921,PHI,NL,winteje01,Jesse Winters,18,,18,18,18,0,0,0,0,0,0,0,0,0,,,
1921,CHN,NL,wirtske01,Kettle Wirts,7,,7,7,0,5,0,0,0,0,0,0,0,0,,,
1921,DET,AL,woodala01,Larry Woodall,46,,46,46,0,25,0,0,0,0,0,0,0,0,,,
1921,WS1,AL,woodwfr01,Frank Woodward,3,,3,3,3,0,0,0,0,0,0,0,0,0,,,
1921,PHI,NL,wrighru01,Russ Wrightstone,109,,109,109,0,0,0,4,54,0,34,0,3,37,,,
1921,CHA,AL,yaryaya01,Yam Yaryan,45,,45,45,0,34,0,0,0,0,0,0,0,0,,,
1921,PIT,NL,yelloch01,Chief Yellow Horse,10,,10,10,10,0,0,0,0,0,0,0,0,0,,,
1921,PHA,AL,yoterel01,Elmer Yoter,3,,3,3,0,0,0,0,0,0,0,0,0,0,,,
1921,DET,AL,youngra01,Ralph Young,107,,107,107,0,0,0,106,0,0,0,0,0,0,,,
1921,NY1,NL,youngro01,Ross Youngs,141,,141,141,0,0,0,0,0,0,0,0,137,137,,,
1921,WS1,AL,zachato01,Tom Zachary,39,,39,39,39,0,0,0,0,0,0,0,0,0,,,
