1941,PIT,NL,coxbi02,Billy Cox,10,,10,10,0,0,0,0,0,10,0,0,0,0,,,
1941,BOS,AL,foxpe01,Pete Fox,73,,73,73,0,0,0,0,0,0,8,5,49,62,,,
1941,PIT,NL,geejo01,Johnny Gee,3,,3,3,3,0,0,0,0,0,0,0,0,0,,,
1941,SLN,NL,koyer01,Ernie Koy,13,,13,13,0,0,0,0,0,0,12,0,0,12,,,
1941,CIN,NL,koyer01,Ernie Koy,67,,67,67,0,0,0,0,0,0,42,1,6,49,,,
1941,CHN,NL,leebi02,Bill Lee,28,,28,28,28,0,0,0,0,0,0,0,0,0,,,
1941,CHA,AL,leeth01,Thornton Lee,35,,35,35,35,0,0,0,0,0,0,0,0,0,,,
1941,PHI,NL,maypi01,Pinky May,142,,142,142,0,0,0,0,140,0,0,0,0,0,,,
1941,NY1,NL,ottme01,Mel Ott,148,,148,148,0,0,0,0,0,0,1,0,144,145,,,
1941,PHI,NL,beckbo01,Boom-Boom Beck,34,,34,34,34,0,0,0,0,0,0,0,0,0,,,
1941,CLE,AL,bellbe01,Beau Bell,48,,48,48,0,0,10,0,0,0,0,0,14,14,,,
1941,BSN,NL,braybu01,Buster Bray,4,,4,4,0,0,0,0,0,0,0,3,0,3,,,
1941,WS1,AL,casege01,George Case,153,,153,153,0,0,0,0,0,0,115,0,36,151,,,
1941,DET,AL,cookea01,Earl Cook,1,,1,1,1,0,0,0,0,0,0,0,0,0,,,
1941,PHA,AL,deanch01,Chubby Dean,27,,27,27,18,0,1,0,0,0,0,0,0,0,,,
1941,CLE,AL,deanch01,Chubby Dean,17,,17,17,8,0,0,0,0,0,0,0,0,0,,,
1941,CHN,NL,deandi01,Dizzy Dean,1,,1,1,1,0,0,0,0,0,0,0,0,0,,,
1941,WS1,AL,deanha01,Harry Dean,2,,2,2,2,0,0,0,0,0,0,0,0,0,,,
1941,NY1,NL,deanpa01,Paul Dean,5,,5,5,5,0,0,0,0,0,0,0,0,0,,,
1941,NY1,NL,easthu01,Hugh East,2,,2,2,2,0,0,0,0,0,0,0,0,0,,,
1941,BOS,AL,foxxji01,Jimmie Foxx,135,,135,135,0,0,124,0,5,0,0,0,1,1,,,
1941,CIN,NL,freylo01,Lonny Frey,146,,146,146,0,0,0,145,0,0,0,0,0,0,,,
1941,CHN,NL,hackst01,Stan Hack,151,,151,151,0,0,1,0,150,0,0,0,0,0,,,
1941,NY1,NL,haleod01,Odell Hale,41,,41,41,0,0,0,29,0,0,0,0,0,0,,,
1941,BOS,AL,haleod01,Odell Hale,12,,12,12,0,0,0,1,6,0,0,0,0,0,,,
1941,BOS,AL,hashhe01,Herb Hash,4,,4,4,4,0,0,0,0,0,0,0,0,0,,,
1941,CHA,AL,hoagmy01,Myril Hoag,106,,106,106,0,0,0,0,0,0,75,25,0,99,,,
1941,SLA,AL,hoagmy01,Myril Hoag,1,,1,1,0,0,0,0,0,0,0,0,0,0,,,
1941,SLN,NL,hoppjo01,Johnny Hopp,134,,134,134,0,0,39,0,0,0,58,23,10,91,,,
1941,SLA,AL,iottho01,Hooks Iott,2,,2,2,2,0,0,0,0,0,0,0,0,0,,,
1941,BOS,AL,juddos01,Oscar Judd,10,,10,10,7,0,0,0,0,0,0,0,0,0,,,
1941,CHN,NL,kushem01,Emil Kush,2,,2,2,2,0,0,0,0,0,0,0,0,0,,,
1941,SLN,NL,lakeed01,Eddie Lake,45,,45,45,0,0,0,5,15,15,0,0,0,0,,,
1941,PIT,NL,leiped01,Ed Leip,15,,15,15,0,0,0,7,1,0,0,0,0,0,,,
1941,CLE,AL,mackra01,Ray Mack,145,,145,145,0,0,0,145,0,0,0,0,0,0,,,
1941,BSN,NL,masiph01,Phil Masi,87,,87,87,0,83,0,0,0,0,0,0,0,0,,,
1941,SLN,NL,mizejo01,Johnny Mize,126,,126,126,0,0,122,0,0,0,0,0,0,0,,,
1941,WS1,AL,myerbu01,Buddy Myer,53,,53,53,0,0,0,24,0,0,0,0,0,0,,,
1941,NY1,NL,odeake01,Ken O'Dea,59,,59,59,0,14,0,0,0,0,0,0,0,0,,,
1941,BRO,NL,owenmi01,Mickey Owen,128,,128,128,0,128,0,0,0,0,0,0,0,0,,,
1941,CHN,NL,pageva01,Vance Page,25,,25,25,25,0,0,0,0,0,0,0,0,0,,,
1941,NYA,AL,peekst01,Steve Peek,17,,17,17,17,0,0,0,0,0,0,0,0,0,,,
1941,BOS,AL,richwo01,Woody Rich,2,,2,2,2,0,0,0,0,0,0,0,0,0,,,
1941,CHN,NL,rootch01,Charlie Root,19,,19,19,19,0,0,0,0,0,0,0,0,0,,,
1941,PHA,AL,rossbu02,Buck Ross,1,,1,1,1,0,0,0,0,0,0,0,0,0,,,
1941,CHA,AL,rossbu02,Buck Ross,20,,20,20,20,0,0,0,0,0,0,0,0,0,,,
1941,BSN,NL,rossch01,Chet Ross,29,,29,29,0,0,0,0,0,0,12,0,0,12,,,
1941,DET,AL,rowesc01,Schoolboy Rowe,32,,32,32,27,0,0,0,0,0,0,0,0,0,,,
1941,BOS,AL,rybami01,Mike Ryba,40,,40,40,40,0,0,0,0,0,0,0,0,0,,,
1941,CHN,NL,toddal01,Al Todd,6,,6,6,0,0,0,0,0,0,0,0,0,0,,,
1941,PHA,AL,valoel01,Elmer Valo,15,,15,15,0,0,0,0,0,0,10,0,0,10,,,
1941,CHA,AL,webbsk01,Skeeter Webb,29,,29,29,0,0,0,18,3,5,0,0,0,0,,,
1941,CIN,NL,westdi01,Dick West,67,,67,67,0,64,0,0,0,0,0,0,0,0,,,
1941,BSN,NL,westma02,Max West,138,,138,138,0,0,0,0,0,0,126,5,5,132,,,
1941,WS1,AL,westsa01,Sam West,26,,26,26,0,0,0,0,0,0,4,1,3,8,,,
1941,WS1,AL,wynnea01,Early Wynn,5,,5,5,5,0,0,0,0,0,0,0,0,0,,,
1941,DET,AL,yorkru01,Rudy York,155,,155,155,0,0,155,0,0,0,0,0,0,0,,,
1941,NY1,NL,adamsac01,Ace Adams,38,,38,38,38,0,0,0,0,0,0,0,0,0,,,
1941,WS1,AL,aderhmo01,Morrie Aderholt,11,,11,11,0,0,0,2,1,0,0,0,0,0,,,
1941,BRO,NL,albosed01,Ed Albosta,2,,2,2,2,0,0,0,0,0,0,0,0,0,,,
1941,CIN,NL,alenoch01,Chuck Aleno,54,,54,54,0,0,2,0,40,0,0,0,0,0,,,
1941,SLA,AL,allenjo02,Johnny Allen,20,,20,20,20,0,0,0,0,0,0,0,0,0,,,
1941,BRO,NL,allenjo02,Johnny Allen,11,,11,11,11,0,0,0,0,0,0,0,0,0,,,
1941,PIT,NL,anderal01,Alf Anderson,70,,70,70,0,0,0,0,0,58,0,0,0,0,,,
1941,WS1,AL,anderre01,Red Anderson,32,,32,32,32,0,0,0,0,0,0,0,0,0,,,
1941,CLE,AL,andrena01,Nate Andrews,2,,2,2,2,0,0,0,0,0,0,0,0,0,,,
1941,CHA,AL,applepe01,Pete Appleton,13,,13,13,13,0,0,0,0,0,0,0,0,0,,,
1941,CHA,AL,applilu01,Luke Appling,154,,154,154,0,0,0,0,0,154,0,0,0,0,,,
1941,NY1,NL,aragoja01,Jack Aragon,1,,1,1,0,0,0,0,0,0,0,0,0,0,,,
1941,SLA,AL,archige01,George Archie,9,,9,9,0,0,8,0,0,0,0,0,0,0,,,
1941,WS1,AL,archige01,George Archie,105,,105,105,0,0,23,0,73,0,0,0,0,0,,,
1941,NY1,NL,arnovmo01,Morrie Arnovich,85,,85,85,0,0,0,0,0,0,61,0,0,61,,,
1941,SLA,AL,aukerel01,Elden Auker,37,,37,37,34,0,0,0,0,0,0,0,0,0,,,
1941,BSN,NL,averiea01,Earl Averill,8,,8,8,0,0,0,0,0,0,1,3,0,4,,,
1941,PHA,AL,babicjo01,Johnny Babich,16,,16,16,16,0,0,0,0,0,0,0,0,0,,,
1941,CLE,AL,bagbyji02,Jim Bagby,35,,35,35,33,0,0,0,0,0,0,0,0,0,,,
1941,CIN,NL,bakerbi01,Bill Baker,2,,2,2,0,1,0,0,0,0,0,0,0,0,,,
1941,PIT,NL,bakerbi01,Bill Baker,35,,35,35,0,33,0,0,0,0,0,0,0,0,,,
1941,NY1,NL,barnaba01,Babe Barna,10,,10,10,0,0,0,0,0,0,2,0,8,10,,,
1941,BSN,NL,barnige01,George Barnicle,1,,1,1,1,0,0,0,0,0,0,0,0,0,,,
1941,DET,AL,bartedi01,Dick Bartell,5,,5,5,0,0,0,0,0,5,0,0,0,0,,,
1941,NY1,NL,bartedi01,Dick Bartell,104,,104,104,0,0,0,0,84,21,0,0,0,0,,,
1941,PIT,NL,bauerru01,Russ Bauers,8,,8,8,8,0,0,0,0,0,0,0,0,0,,,
1941,SLN,NL,beazljo01,Johnny Beazley,1,,1,1,1,0,0,0,0,0,0,0,0,0,,,
1941,PHA,AL,beckmbi01,Bill Beckmann,22,,22,22,22,0,0,0,0,0,0,0,0,0,,,
1941,CIN,NL,beggsjo01,Joe Beggs,37,,37,37,37,0,0,0,0,0,0,0,0,0,,,
1941,PHI,NL,benjast01,Stan Benjamin,129,,129,129,0,0,8,2,1,0,2,26,86,110,,,
1941,DET,AL,bentoal01,Al Benton,38,,38,38,38,0,0,0,0,0,0,0,0,0,,,
1941,SLA,AL,berarjo01,Johnny Berardino,128,,128,128,0,0,0,0,1,123,0,0,0,0,,,
1941,BSN,NL,berrera01,Ray Berres,120,,120,120,0,120,0,0,0,0,0,0,0,0,,,
1941,PHA,AL,bessehe01,Herman Besse,6,,6,6,6,0,0,0,0,0,0,0,0,0,,,
1941,SLA,AL,bildiem01,Emil Bildilli,2,,2,2,2,0,0,0,0,0,0,0,0,0,,,
1941,NY1,NL,blaemra01,Rae Blaemire,2,,2,2,0,2,0,0,0,0,0,0,0,0,,,
1941,PHI,NL,blantcy01,Cy Blanton,28,,28,28,28,0,0,0,0,0,0,0,0,0,,,
1941,WS1,AL,bloodji01,Jimmy Bloodworth,142,,142,142,0,0,0,132,6,1,0,0,0,0,,,
1941,WS1,AL,boltocl01,Cliff Bolton,14,,14,14,0,3,0,0,0,0,0,0,0,0,,,
1941,NYA,AL,bonhati01,Tiny Bonham,23,,23,23,23,0,0,0,0,0,0,0,0,0,,,
1941,NYA,AL,bordafr01,Frenchy Bordagaray,36,,36,36,0,0,0,0,0,0,6,0,13,19,,,
1941,CLE,AL,boudrlo01,Lou Boudreau,148,,148,148,0,0,0,0,0,147,0,0,0,0,,,
1941,NY1,NL,bowmabo01,Bob Bowman,29,,29,29,29,0,0,0,0,0,0,0,0,0,,,
1941,PIT,NL,bowmajo01,Joe Bowman,22,,22,22,18,0,0,0,0,0,0,0,0,0,,,
1941,PHI,NL,bragabo01,Bobby Bragan,154,,154,154,0,0,0,2,1,154,0,0,0,0,,,
1941,PHA,AL,brancal01,Al Brancato,144,,144,144,0,0,0,0,7,139,0,0,0,0,,,
1941,NYA,AL,brancno01,Norm Branch,27,,27,27,27,0,0,0,0,0,0,0,0,0,,,
1941,PIT,NL,brandbi01,Bill Brandt,2,,2,2,2,0,0,0,0,0,0,0,0,0,,,
1941,NYA,AL,breuema01,Marv Breuer,26,,26,26,26,0,0,0,0,0,0,0,0,0,,,
1941,DET,AL,bridgto01,Tommy Bridges,25,,25,25,25,0,0,0,0,0,0,0,0,0,,,
1941,CLE,AL,browncl01,Clint Brown,41,,41,41,41,0,0,0,0,0,0,0,0,0,,,
1941,SLN,NL,brownji03,Jimmy Brown,132,,132,132,0,0,0,11,123,0,0,0,0,0,,,
1941,NY1,NL,brownju01,Jumbo Brown,31,,31,31,31,0,0,0,0,0,0,0,0,0,,,
1941,BRO,NL,brownma01,Mace Brown,24,,24,24,24,0,0,0,0,0,0,0,0,0,,,
1941,PIT,NL,brownma01,Mace Brown,1,,1,1,1,0,0,0,0,0,0,0,0,0,,,
1941,PHI,NL,brunero01,Roy Bruner,13,,13,13,13,0,0,0,0,0,0,0,0,0,,,
1941,PHI,NL,busbypa01,Paul Busby,10,,10,10,0,0,0,0,0,0,0,2,1,3,,,
1941,PIT,NL,butchma01,Max Butcher,33,,33,33,33,0,0,0,0,0,0,0,0,0,,,
1941,PHA,AL,caligfr01,Fred Caligiuri,5,,5,5,5,0,0,0,0,0,0,0,0,0,,,
1941,BRO,NL,camildo01,Dolph Camilli,149,,149,149,0,0,148,0,0,0,0,0,0,0,,,
1941,DET,AL,campbbr01,Bruce Campbell,141,,141,141,0,0,0,0,0,0,0,0,133,133,,,
1941,BOS,AL,campbpa01,Paul Campbell,1,,1,1,0,0,0,0,0,0,0,0,0,0,,,
1941,CLE,AL,campbso01,Soup Campbell,104,,104,104,0,0,0,0,0,0,20,59,0,78,,,
1941,BOS,AL,careyto02,Tom Carey,25,,25,25,0,0,0,9,1,8,0,0,0,0,,,
1941,PHI,NL,carliji01,Jim Carlin,16,,16,16,0,0,0,0,2,0,0,4,5,9,,,
1941,BSN,NL,carneed01,Eddie Carnett,2,,2,2,2,0,0,0,0,0,0,0,0,0,,,
1941,NY1,NL,carpebo01,Bob Carpenter,29,,29,29,29,0,0,0,0,0,0,0,0,0,,,
1941,WS1,AL,carraal01,Alex Carrasquel,35,,35,35,35,0,0,0,0,0,0,0,0,0,,,
1941,BRO,NL,caseyhu01,Hugh Casey,45,,45,45,45,0,0,0,0,0,0,0,0,0,,,
1941,SLA,AL,castege01,George Caster,32,,32,32,32,0,0,0,0,0,0,0,0,0,,,
1941,CHN,NL,cavarph01,Phil Cavarretta,107,,107,107,0,0,33,0,0,0,8,53,6,66,,,
1941,NYA,AL,chandsp01,Spud Chandler,28,,28,28,28,0,0,0,0,0,0,0,0,0,,,
1941,CHA,AL,chapmbe01,Ben Chapman,57,,57,57,0,0,0,0,0,0,21,22,7,49,,,
1941,WS1,AL,chapmbe01,Ben Chapman,28,,28,28,0,0,0,0,0,0,26,0,0,26,,,
1941,PHA,AL,chapmfr02,Fred Chapman,35,,35,35,0,0,0,1,2,28,0,0,0,0,,,
1941,PHA,AL,chapmsa01,Sam Chapman,143,,143,143,0,0,0,0,0,0,0,140,1,141,,,
1941,WS1,AL,chaseke01,Ken Chase,33,,33,33,33,0,0,0,0,0,0,0,0,0,,,
1941,BRO,NL,chipmbo01,Bob Chipman,1,,1,1,1,0,0,0,0,0,0,0,0,0,,,
1941,PIT,NL,clemebi01,Bill Clemensen,2,,2,2,2,0,0,0,0,0,0,0,0,0,,,
1941,SLA,AL,cliftha01,Harlond Clift,154,,154,154,0,0,0,0,154,0,0,0,0,0,,,
1941,PHA,AL,collied02,Eddie Collins,80,,80,80,0,0,0,0,0,0,4,9,38,50,,,
1941,PIT,NL,colliri02,Ripper Collins,49,,49,49,0,0,11,0,0,0,0,0,3,3,,,
1941,PIT,NL,congedi01,Dick Conger,2,,2,2,2,0,0,0,0,0,0,0,0,0,,,
1941,CLE,AL,conwaja01,Jack Conway,2,,2,2,0,0,0,0,0,2,0,0,0,0,,,
1941,BSN,NL,coonejo01,Johnny Cooney,123,,123,123,0,0,4,0,0,0,0,111,0,111,,,
1941,SLN,NL,coopemo01,Mort Cooper,29,,29,29,29,0,0,0,0,0,0,0,0,0,,,
1941,SLN,NL,coopewa01,Walker Cooper,68,,68,68,0,63,0,0,0,0,0,0,0,0,,,
1941,BRO,NL,coscape01,Pete Coscarart,43,,43,43,0,0,0,19,0,1,0,0,0,0,,,
1941,SLN,NL,crabtes01,Estel Crabtree,77,,77,77,0,0,0,0,1,0,17,16,19,50,,,
1941,CIN,NL,craftha01,Harry Craft,119,,119,119,0,0,0,0,0,0,0,115,0,115,,,
1941,WS1,AL,cramedo01,Doc Cramer,154,,154,154,0,0,0,0,0,0,0,152,0,152,,,
1941,SLN,NL,crespcr01,Creepy Crespi,146,,146,146,0,0,0,145,0,0,0,0,0,0,,,
1941,BOS,AL,cronijo01,Joe Cronin,143,,143,143,0,0,0,0,22,119,1,0,0,1,,,
1941,NYA,AL,crosefr01,Frankie Crosetti,50,,50,50,0,0,0,0,13,32,0,0,0,0,,,
1941,PHI,NL,croucbi02,Bill Crouch,20,,20,20,20,0,0,0,0,0,0,0,0,0,,,
1941,SLN,NL,croucbi02,Bill Crouch,18,,18,18,18,0,0,0,0,0,0,0,0,0,,,
1941,DET,AL,croucfr01,Frank Croucher,136,,136,136,0,0,0,0,0,136,0,0,0,0,,,
1941,SLA,AL,cullero01,Roy Cullenbine,149,,149,149,0,0,22,0,0,0,108,7,5,120,,,
1941,BSN,NL,dahlgba01,Babe Dahlgren,44,,44,44,0,0,39,0,5,0,0,0,0,0,,,
1941,CHN,NL,dahlgba01,Babe Dahlgren,99,,99,99,0,0,98,0,0,0,0,0,0,0,,,
1941,CHN,NL,dalledo01,Dom Dallessandro,140,,140,140,0,0,0,0,0,0,69,62,0,131,,,
1941,NY1,NL,danniha01,Harry Danning,130,,130,130,0,116,1,0,0,0,0,0,0,0,,,
1941,PHA,AL,daviscr01,Crash Davis,39,,39,39,0,0,12,20,0,0,0,0,0,0,,,
1941,BRO,NL,daviscu01,Curt Davis,31,,31,31,28,0,0,0,0,0,0,0,0,0,,,
1941,NY1,NL,davisjo01,John Davis,21,,21,21,0,0,0,0,21,0,0,0,0,0,,,
1941,PIT,NL,davissp01,Spud Davis,57,,57,57,0,49,0,0,0,0,0,0,0,0,,,
1941,BSN,NL,demarfr02,Frank Demaree,48,,48,48,0,0,0,0,0,0,9,7,12,28,,,
1941,NY1,NL,demarfr02,Frank Demaree,16,,16,16,0,0,0,0,0,0,1,8,1,10,,,
1941,CIN,NL,derripa01,Paul Derringer,29,,29,29,29,0,0,0,0,0,0,0,0,0,,,
1941,CLE,AL,desauge01,Gene Desautels,66,,66,66,0,66,0,0,0,0,0,0,0,0,,,
1941,NYA,AL,dickebi01,Bill Dickey,109,,109,109,0,104,0,0,0,0,0,0,0,0,,,
1941,CHA,AL,dickege02,George Dickey,32,,32,32,0,17,0,0,0,0,0,0,0,0,,,
1941,BOS,AL,dickmem01,Emerson Dickman,9,,9,9,9,0,0,0,0,0,0,0,0,0,,,
1941,CHA,AL,dietrbi01,Bill Dietrich,19,,19,19,19,0,0,0,0,0,0,0,0,0,,,
1941,PIT,NL,dietzdu01,Dutch Dietz,33,,33,33,33,0,0,0,0,0,0,0,0,0,,,
1941,BOS,AL,dimagdo01,Dom DiMaggio,144,,144,144,0,0,0,0,0,0,0,144,0,144,,,
1941,NYA,AL,dimagjo01,Joe DiMaggio,139,,139,139,0,0,0,0,0,0,0,139,0,139,,,
1941,PIT,NL,dimagvi01,Vince DiMaggio,151,,151,151,0,0,0,0,0,0,0,151,0,151,,,
1941,BOS,AL,dobsojo01,Joe Dobson,27,,27,27,27,0,0,0,0,0,0,0,0,0,,,
1941,BOS,AL,doerrbo01,Bobby Doerr,132,,132,132,0,0,0,132,0,0,0,0,0,0,,,
1941,NYA,AL,donalat01,Atley Donald,22,,22,22,22,0,0,0,0,0,0,0,0,0,,,
1941,CLE,AL,dorseca01,Cal Dorsett,5,,5,5,5,0,0,0,0,0,0,0,0,0,,,
1941,BRO,NL,draketo01,Tom Drake,11,,11,11,10,0,0,0,0,0,0,0,1,1,,,
1941,BSN,NL,dudrajo01,John Dudra,14,,14,14,0,0,1,5,5,1,0,0,0,0,,,
1941,BRO,NL,durocle01,Leo Durocher,18,,18,18,0,0,0,1,0,12,0,0,0,0,,,
1941,SLN,NL,dusaker01,Erv Dusak,6,,6,6,0,0,0,0,0,0,1,2,1,4,,,
1941,BSN,NL,earleto01,Tom Earley,34,,34,34,33,0,0,0,0,0,0,0,0,0,,,
1941,WS1,AL,earlyja01,Jake Early,104,,104,104,0,100,0,0,0,0,0,0,0,0,,,
1941,CHN,NL,eavesva01,Vallie Eaves,12,,12,12,12,0,0,0,0,0,0,0,0,0,,,
1941,CLE,AL,edwarha01,Hank Edwards,16,,16,16,0,0,0,0,0,0,2,0,14,16,,,
1941,CLE,AL,eisenha01,Harry Eisenstat,21,,21,21,21,0,0,0,0,0,0,0,0,0,,,
1941,PIT,NL,elliobo01,Bob Elliott,141,,141,141,0,0,0,0,0,0,4,2,134,139,,,
1941,CLE,AL,embrere01,Red Embree,1,,1,1,1,0,0,0,0,0,0,0,0,0,,,
1941,CHN,NL,erickpa01,Paul Erickson,32,,32,32,32,0,0,0,0,0,0,0,0,0,,,
1941,BSN,NL,erricdi01,Dick Errickson,38,,38,38,38,0,0,0,0,0,0,0,0,0,,,
1941,SLA,AL,estalbo01,Bobby Estalella,46,,46,46,0,0,0,0,0,0,15,0,2,17,,,
1941,PHI,NL,ettenni01,Nick Etten,151,,151,151,0,0,150,0,0,0,0,0,0,0,,,
1941,WS1,AL,evansal01,Al Evans,53,,53,53,0,51,0,0,0,0,0,0,0,0,,,
1941,DET,AL,eversho01,Hoot Evers,1,,1,1,0,0,0,0,0,0,0,0,1,1,,,
1941,NY1,NL,feldmha01,Harry Feldman,3,,3,3,3,0,0,0,0,0,0,0,0,0,,,
1941,CLE,AL,fellebo01,Bob Feller,44,,44,44,44,0,0,0,0,0,0,0,0,0,,,
1941,SLA,AL,ferreri01,Rick Ferrell,100,,100,100,0,98,0,0,0,0,0,0,0,0,,,
1941,WS1,AL,ferreri01,Rick Ferrell,21,,21,21,0,21,0,0,0,0,0,0,0,0,,,
1941,BSN,NL,ferrewe01,Wes Ferrell,4,,4,4,4,0,0,0,0,0,0,0,0,0,,,
1941,PHA,AL,ferrito01,Tom Ferrick,36,,36,36,36,0,0,0,0,0,0,0,0,0,,,
1941,BOS,AL,finnelo01,Lou Finney,127,,127,127,0,0,24,0,0,0,1,0,91,92,,,
1941,NY1,NL,fischru01,Rube Fischer,2,,2,2,2,0,0,0,0,0,0,0,0,0,,,
1941,BRO,NL,fitzsfr01,Freddie Fitzsimmons,13,,13,13,13,0,0,0,0,0,0,0,0,0,,,
1941,BOS,AL,flairal01,Al Flair,10,,10,10,0,0,8,0,0,0,0,0,0,0,,,
1941,BOS,AL,flemibi01,Bill Fleming,16,,16,16,16,0,0,0,0,0,0,0,0,0,,,
1941,CLE,AL,flemile01,Les Fleming,2,,2,2,0,0,2,0,0,0,0,0,0,0,,,
1941,PIT,NL,fletcel01,Elbie Fletcher,151,,151,151,0,0,151,0,0,0,0,0,0,0,,,
1941,PHA,AL,fowledi01,Dick Fowler,4,,4,4,4,0,0,0,0,0,0,0,0,0,,,
1941,BRO,NL,frankhe01,Herman Franks,57,,57,57,0,54,0,0,0,0,0,0,1,1,,,
1941,DET,AL,frankmo01,Moe Franklin,13,,13,13,0,0,0,0,1,4,0,0,0,0,,,
1941,CLE,AL,freibve01,Vern Freiburger,2,,2,2,0,0,2,0,0,0,0,0,0,0,,,
1941,BRO,NL,frencla01,Larry French,6,,6,6,6,0,0,0,0,0,0,0,0,0,,,
1941,CHN,NL,frencla01,Larry French,26,,26,26,26,0,0,0,0,0,0,0,0,0,,,
1941,CLE,AL,frierbu01,Buck Frierson,5,,5,5,0,0,0,0,0,0,2,0,1,3,,,
1941,CLE,AL,gaffkfa01,Fabian Gaffke,4,,4,4,0,0,0,0,0,0,0,2,0,2,,,
1941,BRO,NL,galanau01,Augie Galan,17,,17,17,0,0,0,0,0,0,0,6,0,6,,,
1941,CHN,NL,galanau01,Augie Galan,65,,65,65,0,0,0,0,0,0,17,11,4,31,,,
1941,SLA,AL,galehde01,Denny Galehouse,30,,30,30,30,0,0,0,0,0,0,0,0,0,,,
1941,PIT,NL,garmsde01,Debs Garms,83,,83,83,0,0,0,0,29,0,23,0,1,24,,,
1941,DET,AL,gehrich01,Charlie Gehringer,127,,127,127,0,0,0,116,0,0,0,0,0,0,,,
1941,CHN,NL,georggr01,Greek George,35,,35,35,0,18,0,0,0,0,0,0,0,0,,,
1941,DET,AL,giebefl01,Floyd Giebell,17,,17,17,17,0,0,0,0,0,0,0,0,0,,,
1941,CHN,NL,gilbech01,Charlie Gilbert,39,,39,39,0,0,0,0,0,0,0,21,1,22,,,
1941,BRO,NL,giulito01,Tony Giuliani,3,,3,3,0,3,0,0,0,0,0,0,0,0,,,
1941,CIN,NL,gleesji01,Jim Gleeson,102,,102,102,0,0,0,0,0,0,22,15,50,84,,,
1941,CHA,AL,goletst01,Stan Goletz,5,,5,5,0,0,0,0,0,0,0,0,0,0,,,
1941,NYA,AL,gomezle01,Lefty Gomez,23,,23,23,23,0,0,0,0,0,0,0,0,0,,,
1941,CIN,NL,goodmiv01,Ival Goodman,42,,42,42,0,0,0,0,0,0,0,0,40,40,,,
1941,NYA,AL,gordojo01,Joe Gordon,156,,156,156,0,0,30,131,0,0,0,0,0,0,,,
1941,NY1,NL,gordosi01,Sid Gordon,9,,9,9,0,0,0,0,0,0,3,6,0,9,,,
1941,SLN,NL,gorniha01,Hank Gornicki,4,,4,4,4,0,0,0,0,0,0,0,0,0,,,
1941,CHN,NL,gorniha01,Hank Gornicki,1,,1,1,1,0,0,0,0,0,0,0,0,0,,,
1941,DET,AL,gorsijo01,Johnny Gorsica,33,,33,33,33,0,0,0,0,0,0,0,0,0,,,
1941,SLA,AL,gracejo01,Joe Grace,115,,115,115,0,9,0,0,0,0,0,0,88,88,,,
1941,DET,AL,greenha01,Hank Greenberg,19,,19,19,0,0,0,0,0,0,19,0,0,19,,,
1941,BSN,NL,grempbu01,Buddy Gremp,37,,37,37,0,3,21,6,0,0,0,0,0,0,,,
1941,CLE,AL,grimeos01,Oscar Grimes,77,,77,77,0,0,62,13,1,0,0,0,0,0,,,
1941,PHI,NL,grissle01,Lee Grissom,29,,29,29,29,0,0,0,0,0,0,0,0,0,,,
1941,BRO,NL,grissle01,Lee Grissom,4,,4,4,4,0,0,0,0,0,0,0,0,0,,,
1941,SLN,NL,grodzjo01,Johnny Grodzicki,5,,5,5,5,0,0,0,0,0,0,0,0,0,,,
1941,CLE,AL,gromest01,Steve Gromek,9,,9,9,9,0,0,0,0,0,0,0,0,0,,,
1941,BOS,AL,grovele01,Lefty Grove,21,,21,21,21,0,0,0,0,0,0,0,0,0,,,
1941,CHA,AL,groveor01,Orval Grove,2,,2,2,2,0,0,0,0,0,0,0,0,0,,,
1941,SLA,AL,grubefr01,Frank Grube,18,,18,18,0,18,0,0,0,0,0,0,0,0,,,
1941,SLN,NL,gumbeha01,Harry Gumbert,34,,34,34,33,0,0,0,0,0,0,0,0,0,,,
1941,NY1,NL,gumbeha01,Harry Gumbert,5,,5,5,5,0,0,0,0,0,0,0,0,0,,,
1941,PIT,NL,gustifr01,Frankie Gustine,121,,121,121,0,0,0,104,15,0,0,0,0,0,,,
1941,NY1,NL,hadlebu01,Bump Hadley,3,,3,3,3,0,0,0,0,0,0,0,0,0,,,
1941,PHA,AL,hadlebu01,Bump Hadley,25,,25,25,25,0,0,0,0,0,0,0,0,0,,,
1941,CHA,AL,hajduch01,Chet Hajduk,1,,1,1,0,0,0,0,0,0,0,0,0,0,,,
1941,CHA,AL,halleja01,Jack Hallett,22,,22,22,22,0,0,0,0,0,0,0,0,0,,,
1941,BRO,NL,hamlilu01,Luke Hamlin,30,,30,30,30,0,0,0,0,0,0,0,0,0,,,
1941,PIT,NL,handlle01,Lee Handley,124,,124,124,0,0,0,0,114,0,0,0,0,0,,,
1941,CLE,AL,hardeme01,Mel Harder,15,,15,15,15,0,0,0,0,0,0,0,0,0,,,
1941,PHI,NL,harmabi01,Bill Harman,15,,15,15,5,5,0,0,0,0,0,0,0,0,,,
1941,SLA,AL,harribo01,Bob Harris,34,,34,34,34,0,0,0,0,0,0,0,0,0,,,
1941,PHA,AL,harrilu01,Lum Harris,33,,33,33,33,0,0,0,0,0,0,0,0,0,,,
1941,BOS,AL,harrimi01,Mickey Harris,35,,35,35,35,0,0,0,0,0,0,0,0,0,,,
1941,DET,AL,harrine01,Ned Harris,26,,26,26,0,0,0,0,0,0,12,0,0,12,,,
1941,NY1,NL,hartnga01,Gabby Hartnett,64,,64,64,0,34,0,0,0,0,0,0,0,0,,,
1941,BSN,NL,hassebu01,Buddy Hassett,118,,118,118,0,0,99,0,0,0,0,0,0,0,,,
1941,PHA,AL,hayesfr01,Frankie Hayes,126,,126,126,0,123,0,0,0,0,0,0,0,0,,,
1941,CHA,AL,haynejo01,Joe Haynes,8,,8,8,8,0,0,0,0,0,0,0,0,0,,,
1941,CLE,AL,heathje01,Jeff Heath,151,,151,151,0,0,0,0,0,0,25,0,126,151,,,
1941,SLA,AL,heffndo01,Don Heffner,110,,110,110,0,0,0,105,0,0,0,0,0,0,,,
1941,CLE,AL,heganji01,Jim Hegan,16,,16,16,0,16,0,0,0,0,0,0,0,0,,,
1941,PIT,NL,heintke01,Ken Heintzelman,35,,35,35,35,0,0,0,0,0,0,0,0,0,,,
1941,CLE,AL,hemslro01,Rollie Hemsley,98,,98,98,0,96,0,0,0,0,0,0,0,0,,,
1941,NYA,AL,henrito01,Tommy Henrich,144,,144,144,0,0,0,0,0,0,0,19,121,139,,,
1941,CHN,NL,hermabi01,Billy Herman,11,,11,11,0,0,0,11,0,0,0,0,0,0,,,
1941,BRO,NL,hermabi01,Billy Herman,133,,133,133,0,0,0,133,0,0,0,0,0,0,,,
1941,CLE,AL,hevinjo02,Joe Heving,27,,27,27,27,0,0,0,0,0,0,0,0,0,,,
1941,BRO,NL,higbeki01,Kirby Higbe,48,,48,48,48,0,0,0,0,0,0,0,0,0,,,
1941,DET,AL,higgipi01,Pinky Higgins,147,,147,147,0,0,0,0,145,0,0,0,0,0,,,
1941,CLE,AL,hockeor01,Oris Hockett,2,,2,2,0,0,0,0,0,0,0,2,0,2,,,
1941,PHI,NL,hoersle01,Lefty Hoerst,37,,37,37,37,0,0,0,0,0,0,0,0,0,,,
1941,CLE,AL,howelre01,Red Howell,11,,11,11,0,0,0,0,0,0,0,0,0,0,,,
1941,NY1,NL,hubbeca01,Carl Hubbell,26,,26,26,26,0,0,0,0,0,0,0,0,0,,,
1941,CHN,NL,hudsojo01,Johnny Hudson,50,,50,50,0,0,0,13,10,17,0,0,0,0,,,
1941,WS1,AL,hudsosi01,Sid Hudson,33,,33,33,33,0,0,0,0,0,0,0,0,0,,,
1941,PHI,NL,hugheto04,Tommy Hughes,37,,37,37,34,0,0,0,0,0,0,0,0,0,,,
1941,BOS,AL,hughste01,Tex Hughson,12,,12,12,12,0,0,0,0,0,0,0,0,0,,,
1941,CHA,AL,humphjo02,Johnny Humphries,14,,14,14,14,0,0,0,0,0,0,0,0,0,,,
1941,DET,AL,hutchfr01,Fred Hutchinson,2,,2,2,0,0,0,0,0,0,0,0,0,0,,,
1941,SLN,NL,hutchir01,Ira Hutchinson,29,,29,29,29,0,0,0,0,0,0,0,0,0,,,
1941,BSN,NL,hutchjo02,Johnny Hutchings,36,,36,36,36,0,0,0,0,0,0,0,0,0,,,
1941,CIN,NL,hutchjo02,Johnny Hutchings,8,,8,8,8,0,0,0,0,0,0,0,0,0,,,
1941,BSN,NL,javeral01,Al Javery,34,,34,34,34,0,0,0,0,0,0,0,0,0,,,
1941,CHN,NL,jelinfr01,Frank Jelincich,4,,4,4,0,0,0,0,0,0,2,0,0,2,,,
1941,BSN,NL,johnsar02,Art Johnson,44,,44,44,43,0,0,0,0,0,0,0,0,0,,,
1941,PHA,AL,johnsbo01,Bob Johnson,149,,149,149,0,0,28,0,0,0,118,4,0,122,,,
1941,BOS,AL,johnsea01,Earl Johnson,17,,17,17,17,0,0,0,0,0,0,0,0,0,,,
1941,PHA,AL,johnsra02,Rankin Johnson,7,,7,7,7,0,0,0,0,0,0,0,0,0,,,
1941,PHI,NL,johnssi01,Si Johnson,39,,39,39,39,0,0,0,0,0,0,0,0,0,,,
1941,PHI,NL,jonesda02,Dale Jones,2,,2,2,2,0,0,0,0,0,0,0,0,0,,,
1941,CHA,AL,jonesja03,Jake Jones,3,,3,3,0,0,3,0,0,0,0,0,0,0,,,
1941,CIN,NL,joosted01,Eddie Joost,152,,152,152,0,0,2,4,1,147,0,0,0,0,,,
1941,SLA,AL,judniwa01,Wally Judnich,146,,146,146,0,0,0,0,0,0,0,140,0,140,,,
1941,PHI,NL,jumonge01,George Jumonville,6,,6,6,0,0,0,1,0,1,0,0,0,0,,,
1941,CLE,AL,jungeke01,Ken Jungels,6,,6,6,6,0,0,0,0,0,0,0,0,0,,,
1941,NY1,NL,jurgebi01,Billy Jurges,134,,134,134,0,0,0,0,0,134,0,0,0,0,,,
1941,BRO,NL,kampoal01,Alex Kampouris,16,,16,16,0,0,0,15,0,0,0,0,0,0,,,
1941,NYA,AL,kellech01,Charlie Keller,140,,140,140,0,0,0,0,0,0,137,0,0,137,,,
1941,CLE,AL,keltnke01,Ken Keltner,149,,149,149,0,0,0,0,149,0,0,0,0,0,,,
1941,CHA,AL,kennebo01,Bob Kennedy,76,,76,76,0,0,0,0,71,0,0,0,0,0,,,
1941,SLA,AL,kenneve01,Vern Kennedy,6,,6,6,6,0,0,0,0,0,0,0,0,0,,,
1941,WS1,AL,kenneve01,Vern Kennedy,18,,18,18,17,0,0,0,0,0,0,0,0,0,,,
1941,BRO,NL,kimbane01,Newt Kimball,15,,15,15,15,0,0,0,0,0,0,0,0,0,,,
1941,PHI,NL,kleinch01,Chuck Klein,50,,50,50,0,0,0,0,0,0,2,0,12,14,,,
1941,PIT,NL,klingbo01,Bob Klinger,35,,35,35,35,0,0,0,0,0,0,0,0,0,,,
1941,CHA,AL,knickbi01,Bill Knickerbocker,89,,89,89,0,0,0,88,0,0,0,0,0,0,,,
1941,PHA,AL,knottja01,Jack Knott,27,,27,27,27,0,0,0,0,0,0,0,0,0,,,
1941,CHA,AL,kollodo01,Don Kolloway,71,,71,71,0,0,4,62,0,0,0,0,0,0,,,
1941,NY1,NL,kosloda01,Dave Koslo,4,,4,4,4,0,0,0,0,0,0,0,0,0,,,
1941,CLE,AL,krakajo01,Joe Krakauskas,12,,12,12,12,0,0,0,0,0,0,0,0,0,,,
1941,SLA,AL,krameja01,Jack Kramer,29,,29,29,29,0,0,0,0,0,0,0,0,0,,,
1941,CHA,AL,kreevmi01,Mike Kreevich,121,,121,121,0,0,0,0,0,0,0,113,0,113,,,
1941,SLN,NL,kristho01,Howie Krist,37,,37,37,37,0,0,0,0,0,0,0,0,0,,,
1941,CHA,AL,kuheljo01,Joe Kuhel,153,,153,153,0,0,151,0,0,0,0,0,0,0,,,
1941,SLN,NL,kurowwh01,Whitey Kurowski,5,,5,5,0,0,0,0,4,0,0,0,0,0,,,
1941,SLA,AL,laabsch01,Chet Laabs,118,,118,118,0,0,0,0,0,0,21,15,64,100,,,
1941,BSN,NL,lamanfr02,Hank LaManna,47,,47,47,35,0,0,0,0,0,1,3,0,4,,,
1941,CIN,NL,lamanra01,Ray Lamanno,1,,1,1,0,1,0,0,0,0,0,0,0,0,,,
1941,PHI,NL,lambege01,Gene Lambert,2,,2,2,2,0,0,0,0,0,0,0,0,0,,,
1941,PIT,NL,lanahdi01,Dick Lanahan,7,,7,7,7,0,0,0,0,0,0,0,0,0,,,
1941,CHN,NL,lanfrwa01,Walt Lanfranconi,2,,2,2,2,0,0,0,0,0,0,0,0,0,,,
1941,SLN,NL,laniema01,Max Lanier,35,,35,35,35,0,0,0,0,0,0,0,0,0,,,
1941,PIT,NL,lannijo01,Johnny Lanning,34,,34,34,34,0,0,0,0,0,0,0,0,0,,,
1941,BRO,NL,lavagco01,Cookie Lavagetto,132,,132,132,0,0,0,0,120,0,0,0,0,0,,,
1941,WS1,AL,laynehi01,Hillis Layne,13,,13,13,0,0,0,0,13,0,0,0,0,0,,,
1941,CHN,NL,leibeha01,Hank Leiber,53,,53,53,0,0,15,0,0,0,23,2,5,29,,,
1941,CLE,AL,lemonbo01,Bob Lemon,5,,5,5,0,0,0,0,1,0,0,0,0,0,,,
1941,WS1,AL,leonadu02,Dutch Leonard,34,,34,34,34,0,0,0,0,0,0,0,0,0,,,
1941,PHA,AL,leovijo01,John Leovich,1,,1,1,0,1,0,0,0,0,0,0,0,0,,,
1941,WS1,AL,letchch01,Charlie Letchas,2,,2,2,0,0,0,2,0,0,0,0,0,0,,,
1941,WS1,AL,lewisbu01,Buddy Lewis,149,,149,149,0,0,0,0,49,0,0,0,96,96,,,
1941,NYA,AL,lindejo01,Johnny Lindell,1,,1,1,0,0,0,0,0,0,0,0,0,0,,,
1941,PHI,NL,litwhda01,Danny Litwhiler,151,,151,151,0,0,0,0,0,0,148,0,2,150,,,
1941,PHI,NL,livinmi01,Mickey Livingston,95,,95,95,0,71,1,0,0,0,0,0,0,0,,,
1941,CHA,AL,lodigda01,Dario Lodigiani,87,,87,87,0,0,0,0,86,0,0,0,0,0,,,
1941,CIN,NL,loganbo01,Bob Logan,2,,2,2,2,0,0,0,0,0,0,0,0,0,,,
1941,NY1,NL,lohrmbi01,Bill Lohrman,33,,33,33,33,0,0,0,0,0,0,0,0,0,,,
1941,CIN,NL,lombaer01,Ernie Lombardi,117,,117,117,0,116,0,0,0,0,0,0,0,0,,,
1941,PIT,NL,lopezal01,Al Lopez,114,,114,114,0,114,0,0,0,0,0,0,0,0,,,
1941,SLA,AL,lucadjo01,Johnny Lucadello,107,,107,107,0,0,0,70,6,12,1,0,0,1,,,
1941,CIN,NL,lukoned01,Eddie Lukon,23,,23,23,0,0,0,0,0,0,0,0,22,22,,,
1941,SLN,NL,lyonshe01,Hersh Lyons,1,,1,1,1,0,0,0,0,0,0,0,0,0,,,
1941,CHA,AL,lyonste01,Ted Lyons,22,,22,22,22,0,0,0,0,0,0,0,0,0,,,
1941,WS1,AL,macfada01,Danny MacFayden,5,,5,5,5,0,0,0,0,0,0,0,0,0,,,
1941,PHA,AL,mackife01,Felix Mackiewicz,5,,5,5,0,0,0,0,0,0,0,1,2,3,,,
1941,BSN,NL,majesha01,Hank Majeski,19,,19,19,0,0,0,0,11,0,0,0,0,0,,,
1941,SLN,NL,mancugu01,Gus Mancuso,106,,106,106,0,105,0,0,0,0,0,0,0,0,,,
1941,DET,AL,mandeha01,Hal Manders,8,,8,8,8,0,0,0,0,0,0,0,0,0,,,
1941,BSN,NL,mannodo01,Don Manno,22,,22,22,0,0,1,0,3,0,5,0,0,5,,,
1941,PHA,AL,marchph01,Phil Marchildon,30,,30,30,30,0,0,0,0,0,0,0,0,0,,,
1941,SLN,NL,marioma01,Marty Marion,155,,155,155,0,0,0,0,0,155,0,0,0,0,,,
1941,PHI,NL,marniha01,Hal Marnie,61,,61,61,0,0,0,39,3,16,0,0,0,0,,,
1941,SLN,NL,marshch01,Chip Marshall,1,,1,1,0,1,0,0,0,0,0,0,0,0,,,
1941,PIT,NL,martist01,Stu Martin,88,,88,88,0,0,1,53,2,0,0,0,0,0,,,
1941,PHI,NL,martyjo01,Joe Marty,137,,137,137,0,0,0,0,0,0,0,131,1,132,,,
1941,PHI,NL,mastepa01,Paul Masterson,2,,2,2,2,0,0,0,0,0,0,0,0,0,,,
1941,WS1,AL,mastewa02,Walt Masterson,34,,34,34,34,0,0,0,0,0,0,0,0,0,,,
1941,CIN,NL,mattibo01,Bobby Mattick,20,,20,20,0,0,0,1,5,12,0,0,0,0,,,
1941,NY1,NL,mccarjo03,Johnny McCarthy,14,,14,14,0,0,8,0,0,0,1,0,0,1,,,
1941,CIN,NL,mccorfr01,Frank McCormick,154,,154,154,0,0,154,0,0,0,0,0,0,0,,,
1941,CIN,NL,mccormi02,Mike McCormick,110,,110,110,0,0,0,0,0,0,82,19,0,101,,,
1941,DET,AL,mccosba01,Barney McCosky,127,,127,127,0,0,0,0,0,0,21,101,0,122,,,
1941,PHA,AL,mccoybe01,Benny McCoy,141,,141,141,0,0,0,135,0,0,0,0,0,0,,,
1941,PHA,AL,mccrale01,Les McCrabb,26,,26,26,26,0,0,0,0,0,0,0,0,0,,,
1941,CHN,NL,mcculcl01,Clyde McCullough,125,,125,125,0,119,0,0,0,0,0,0,0,0,,,
1941,SLN,NL,mcgeebi01,Bill McGee,4,,4,4,4,0,0,0,0,0,0,0,0,0,,,
1941,NY1,NL,mcgeebi01,Bill McGee,22,,22,22,22,0,0,0,0,0,0,0,0,0,,,
1941,SLA,AL,mckaiar01,Archie McKain,8,,8,8,8,0,0,0,0,0,0,0,0,0,,,
1941,DET,AL,mckaiar01,Archie McKain,15,,15,15,15,0,0,0,0,0,0,0,0,0,,,
1941,DET,AL,mcnaier01,Eric McNair,23,,23,23,0,0,0,0,11,3,0,0,0,0,,,
1941,SLA,AL,mcquige02,George McQuinn,130,,130,130,0,0,125,0,0,0,0,0,0,0,,,
1941,SLA,AL,mcquigl01,Glenn McQuillen,7,,7,7,0,0,0,0,0,0,3,0,3,6,,,
1941,BRO,NL,medwijo01,Joe Medwick,133,,133,133,0,0,0,0,0,0,130,0,1,131,,,
1941,CHN,NL,meersru01,Russ Meers,1,,1,1,1,0,0,0,0,0,0,0,0,0,,,
1941,NY1,NL,meltocl01,Cliff Melton,42,,42,42,42,0,0,0,0,0,0,0,0,0,,,
1941,PHI,NL,meltoru01,Rube Melton,25,,25,25,25,0,0,0,0,0,0,0,0,0,,,
1941,CHN,NL,merulle01,Lennie Merullo,7,,7,7,0,0,0,0,0,7,0,0,0,0,,,
1941,SLN,NL,mesnest01,Steve Mesner,24,,24,24,0,0,0,0,22,0,0,0,0,0,,,
1941,DET,AL,meyerdu01,Dutch Meyer,46,,46,46,0,0,0,40,0,0,0,0,0,0,,,
1941,PHA,AL,milesde01,Dee Miles,80,,80,80,0,0,0,0,0,0,25,2,8,35,,,
1941,BSN,NL,milleed03,Eddie Miller,154,,154,154,0,0,0,0,0,154,0,0,0,0,,,
1941,WS1,AL,millero02,Ronny Miller,1,,1,1,1,0,0,0,0,0,0,0,0,0,,,
1941,PHI,NL,milliwa01,Wally Millies,1,,1,1,0,1,0,0,0,0,0,0,0,0,,,
1941,CLE,AL,milnaal01,Al Milnar,35,,35,35,35,0,0,0,0,0,0,0,0,0,,,
1941,BSN,NL,montgal01,Al Montgomery,42,,42,42,0,30,0,0,0,0,0,0,0,0,,,
1941,BSN,NL,moorege03,Gene Moore,129,,129,129,0,0,0,0,0,0,1,28,84,110,,,
1941,NY1,NL,moorejo02,Jo-Jo Moore,121,,121,121,0,0,0,0,0,0,112,4,0,116,,,
1941,SLN,NL,moorete01,Terry Moore,122,,122,122,0,0,0,0,0,0,0,121,1,121,,,
1941,CIN,NL,moorewh01,Whitey Moore,23,,23,23,23,0,0,0,0,0,0,0,0,0,,,
1941,CHN,NL,mootyja01,Jake Mooty,33,,33,33,33,0,0,0,0,0,0,0,0,0,,,
1941,PHA,AL,moseswa01,Wally Moses,116,,116,116,0,0,0,0,0,0,0,0,109,109,,,
1941,PHI,NL,muellhe02,Heinie Mueller,93,,93,93,0,0,0,29,19,0,0,1,20,21,,,
1941,DET,AL,muellle01,Les Mueller,4,,4,4,4,0,0,0,0,0,0,0,0,0,,,
1941,WS1,AL,mullidi01,Dick Mulligan,1,,1,1,1,0,0,0,0,0,0,0,0,0,,,
1941,DET,AL,mullipa01,Pat Mullin,54,,54,54,0,0,0,0,0,0,0,51,0,51,,,
1941,SLA,AL,muncrbo01,Bob Muncrief,36,,36,36,36,0,0,0,0,0,0,0,0,0,,,
1941,BRO,NL,mungova01,Van Mungo,2,,2,2,2,0,0,0,0,0,0,0,0,0,,,
1941,NYA,AL,murphjo04,Johnny Murphy,35,,35,35,35,0,0,0,0,0,0,0,0,0,,,
1941,PHI,NL,murtada01,Danny Murtaugh,85,,85,85,0,0,0,85,0,1,0,0,0,0,,,
1941,SLN,NL,musiast01,Stan Musial,12,,12,12,0,0,0,0,0,0,3,0,8,11,,,
1941,CHN,NL,myersbi01,Billy Myers,24,,24,24,0,0,0,1,0,19,0,0,0,0,,,
1941,PHI,NL,nagelbi01,Bill Nagel,17,,17,17,0,0,0,12,1,0,2,0,0,2,,,
1941,SLN,NL,nahemsa01,Sam Nahem,26,,26,26,26,0,0,0,0,0,0,0,0,0,,,
1941,DET,AL,newhoha01,Hal Newhouser,33,,33,33,33,0,0,0,0,0,0,0,0,0,,,
1941,SLA,AL,newlima01,Maury Newlin,14,,14,14,14,0,0,0,0,0,0,0,0,0,,,
1941,DET,AL,newsobo01,Bobo Newsom,43,,43,43,43,0,0,0,0,0,0,0,0,0,,,
1941,BOS,AL,newsodi01,Dick Newsome,36,,36,36,36,0,0,0,0,0,0,0,0,0,,,
1941,BOS,AL,newsosk01,Skeeter Newsome,93,,93,93,0,0,0,23,0,69,0,0,0,0,,,
1941,CHN,NL,nichobi01,Bill Nicholson,147,,147,147,0,0,0,0,0,0,3,0,140,143,,,
1941,SLA,AL,niggejo01,Johnny Niggeling,24,,24,24,24,0,0,0,0,0,0,0,0,0,,,
1941,CHN,NL,noviklo01,Lou Novikoff,62,,62,62,0,0,0,0,0,0,51,0,3,54,,,
1941,CHN,NL,olsenba01,Barney Olsen,24,,24,24,0,0,0,0,0,0,0,23,0,23,,,
1941,CHN,NL,olsenve01,Vern Olsen,37,,37,37,37,0,0,0,0,0,0,0,0,0,,,
1941,NY1,NL,orengjo01,Joe Orengo,77,,77,77,0,0,0,6,59,9,0,0,0,0,,,
1941,WS1,AL,ortizro01,Roberto Ortiz,22,,22,22,0,0,0,0,0,0,0,0,21,21,,,
1941,SLA,AL,osterfr01,Fritz Ostermueller,16,,16,16,15,0,0,0,0,0,0,0,0,0,,,
1941,SLN,NL,padgedo01,Don Padgett,107,,107,107,0,18,2,0,0,0,59,0,3,62,,,
1941,CHN,NL,passecl01,Claude Passeau,34,,34,34,34,0,0,0,0,0,0,0,0,0,,,
1941,DET,AL,patribo01,Bob Patrick,5,,5,5,0,0,0,0,0,0,3,0,0,3,,,
1941,BOS,AL,peacojo01,Johnny Peacock,79,,79,79,0,70,0,0,0,0,0,0,0,0,,,
1941,PHI,NL,pearsik01,Ike Pearson,46,,46,46,46,0,0,0,0,0,0,0,0,0,,,
1941,CIN,NL,pearsmo01,Monte Pearson,8,,8,8,7,0,0,0,0,0,0,0,0,0,,,
1941,DET,AL,perrybo01,Boyd Perry,36,,36,36,0,0,0,11,0,25,0,0,0,0,,,
1941,CLE,AL,peterru02,Rusty Peters,29,,29,29,0,0,0,3,9,11,0,0,0,0,,,
1941,BRO,NL,pfistge01,George Pfister,1,,1,1,0,1,0,0,0,0,0,0,0,0,,,
1941,BRO,NL,phelpba01,Babe Phelps,16,,16,16,0,11,0,0,0,0,0,0,0,0,,,
1941,CHA,AL,phillda01,Dave Philley,7,,7,7,0,0,0,0,0,0,2,0,0,2,,,
1941,BSN,NL,piechal01,Al Piechota,1,,1,1,1,0,0,0,0,0,0,0,0,0,,,
1941,PHI,NL,podgajo01,Johnny Podgajny,35,,35,35,34,0,0,0,0,0,0,0,0,0,,,
1941,WS1,AL,pofahji01,Jimmy Pofahl,22,,22,22,0,0,0,0,0,21,0,0,0,0,,,
1941,SLN,NL,polleho01,Howie Pollet,9,,9,9,9,0,0,0,0,0,0,0,0,0,,,
1941,PHA,AL,poolera01,Ray Poole,2,,2,2,0,0,0,0,0,0,0,0,0,0,,,
1941,BSN,NL,posedbi01,Bill Posedel,18,,18,18,18,0,0,0,0,0,0,0,0,0,,,
1941,PHA,AL,pottene01,Nels Potter,10,,10,10,10,0,0,0,0,0,0,0,0,0,,,
1941,BOS,AL,pottene01,Nels Potter,10,,10,10,10,0,0,0,0,0,0,0,0,0,,,
1941,BSN,NL,preibme01,Mel Preibisch,5,,5,5,0,0,0,0,0,0,1,1,1,2,,,
1941,CHN,NL,pressto01,Tot Pressnell,29,,29,29,29,0,0,0,0,0,0,0,0,0,,,
1941,NYA,AL,priddje01,Jerry Priddy,56,,56,56,0,0,10,31,14,0,0,0,0,0,,,
1941,BOS,AL,pytlafr01,Frankie Pytlak,106,,106,106,0,91,0,0,0,0,0,0,0,0,,,
1941,CHN,NL,quinnwi01,Wimpy Quinn,3,,3,3,3,0,0,0,0,0,0,0,0,0,,,
1941,DET,AL,radclri01,Rip Radcliff,96,,96,96,0,0,0,0,0,0,85,0,2,87,,,
1941,SLA,AL,radclri01,Rip Radcliff,19,,19,19,0,0,3,0,0,0,14,0,0,14,,,
1941,CHN,NL,raffeke01,Ken Raffensberger,10,,10,10,10,0,0,0,0,0,0,0,0,0,,,
1941,BRO,NL,reesepe01,Pee Wee Reese,152,,152,152,0,0,0,0,0,151,0,0,0,0,,,
1941,BRO,NL,reisepe01,Pete Reiser,137,,137,137,0,0,0,0,0,0,0,133,2,133,,,
1941,PHA,AL,richmdo01,Don Richmond,9,,9,9,0,0,0,0,9,0,0,0,0,0,,,
1941,CIN,NL,riddlel01,Elmer Riddle,33,,33,33,33,0,0,0,0,0,0,0,0,0,,,
1941,CIN,NL,riddljo02,Johnny Riddle,10,,10,10,0,10,0,0,0,0,0,0,0,0,,,
1941,BRO,NL,riggsle01,Lew Riggs,77,,77,77,0,0,1,1,43,0,0,0,0,0,,,
1941,CHA,AL,rignejo01,Johnny Rigney,30,,30,30,30,0,0,0,0,0,0,0,0,0,,,
1941,PIT,NL,rikarcu01,Culley Rikard,6,,6,6,0,0,0,0,0,0,3,3,0,5,,,
1941,CIN,NL,ripplji01,Jimmy Ripple,38,,38,38,0,0,0,0,0,0,7,0,18,25,,,
1941,PHI,NL,rizzojo01,Johnny Rizzo,99,,99,99,0,0,0,0,2,0,3,8,53,62,,,
1941,NYA,AL,rizzuph01,Phil Rizzuto,133,,133,133,0,0,0,0,0,128,0,0,0,0,,,
1941,WS1,AL,robersh01,Sherry Robertson,1,,1,1,0,0,0,0,1,0,0,0,0,0,,,
1941,BSN,NL,robersk02,Skippy Roberge,55,,55,55,0,0,0,46,5,2,0,0,0,0,,,
1941,NYA,AL,rolfere01,Red Rolfe,136,,136,136,0,0,0,0,134,0,0,0,0,0,,,
1941,NYA,AL,rosarbu01,Buddy Rosar,67,,67,67,0,60,0,0,0,0,0,0,0,0,,,
1941,CLE,AL,rosenla01,Larry Rosenthal,45,,45,45,0,0,1,0,0,0,5,8,1,14,,,
1941,CHA,AL,rosenla01,Larry Rosenthal,20,,20,20,0,0,0,0,0,0,0,2,16,18,,,
1941,BSN,NL,rowelba01,Bama Rowell,138,,138,138,0,0,0,112,2,0,7,2,6,14,,,
1941,PHA,AL,rubelal01,Al Rubeling,6,,6,6,0,0,0,0,6,0,0,0,0,0,,,
1941,NY1,NL,ruckejo01,Johnny Rucker,143,,143,143,0,0,0,0,0,0,0,142,0,142,,,
1941,NYA,AL,ruffire01,Red Ruffing,38,,38,38,23,0,0,0,0,0,0,0,0,0,,,
1941,CHN,NL,russeri01,Rip Russell,6,,6,6,0,0,5,0,0,0,0,0,0,0,,,
1941,NYA,AL,russoma01,Marius Russo,28,,28,28,28,0,0,0,0,0,0,0,0,0,,,
1941,BSN,NL,salvoma01,Manny Salvo,35,,35,35,35,0,0,0,0,0,0,0,0,0,,,
1941,WS1,AL,sanfoja01,Jack Sanford,3,,3,3,0,0,1,0,0,0,0,0,0,0,,,
1941,CIN,NL,sauerha01,Hank Sauer,9,,9,9,0,0,0,0,0,0,8,0,0,8,,,
1941,CHN,NL,schefbo01,Bob Scheffing,51,,51,51,0,34,0,0,0,0,0,0,0,0,,,
1941,CHN,NL,schmijo01,Johnny Schmitz,6,,6,6,5,0,0,0,0,0,0,0,0,0,,,
1941,PIT,NL,schuljo05,Joe Schultz,2,,2,2,0,2,0,0,0,0,0,0,0,0,,,
1941,NY1,NL,schumha02,Hal Schumacher,38,,38,38,30,0,0,0,0,0,0,1,0,1,,,
1941,NYA,AL,selkige01,George Selkirk,70,,70,70,0,0,0,0,0,0,19,0,28,47,,,
1941,SLN,NL,sessiwa01,Walter Sessi,5,,5,5,0,0,0,0,0,0,0,0,3,3,,,
1941,PIT,NL,sewelri01,Rip Sewell,42,,42,42,39,0,0,0,0,0,0,0,0,0,,,
1941,PHA,AL,shirlte01,Tex Shirley,5,,5,5,5,0,0,0,0,0,0,0,0,0,,,
1941,CIN,NL,shokeed01,Eddie Shokes,1,,1,1,0,0,0,0,0,0,0,0,0,0,,,
1941,CHA,AL,shortda01,Dave Short,3,,3,3,0,0,0,0,0,0,2,0,0,2,,,
1941,SLN,NL,shouncl01,Clyde Shoun,26,,26,26,26,0,0,0,0,0,0,0,0,0,,,
1941,PHA,AL,siebedi01,Dick Siebert,123,,123,123,0,0,123,0,0,0,0,0,0,0,,,
1941,NYA,AL,silveke01,Ken Silvestri,17,,17,17,0,13,0,0,0,0,0,0,0,0,,,
1941,PHA,AL,simmoal01,Al Simmons,9,,9,9,0,0,0,0,0,0,5,0,0,5,,,
1941,BSN,NL,sistisi01,Sibby Sisti,140,,140,140,0,0,0,2,137,2,0,0,0,0,,,
1941,SLN,NL,slaugen01,Enos Slaughter,113,,113,113,0,0,0,0,0,0,0,0,108,108,,,
1941,CLE,AL,smithal03,Al Smith,30,,30,30,29,0,0,0,0,0,0,0,0,0,,,
1941,CHA,AL,smithed04,Eddie Smith,34,,34,34,34,0,0,0,0,0,0,0,0,0,,,
1941,PIT,NL,smithvi01,Vinnie Smith,9,,9,9,0,9,0,0,0,0,0,0,0,0,,,
1941,CHA,AL,soltemo01,Moose Solters,76,,76,76,0,0,0,0,0,0,62,0,1,63,,,
1941,BOS,AL,spencst01,Stan Spence,86,,86,86,0,0,1,0,0,0,27,10,16,52,,,
1941,DET,AL,staintu01,Tuck Stainback,94,,94,94,0,0,0,0,0,0,39,6,36,80,,,
1941,NYA,AL,stancch01,Charley Stanceu,22,,22,22,22,0,0,0,0,0,0,0,0,0,,,
1941,CIN,NL,starrra01,Ray Starr,7,,7,7,7,0,0,0,0,0,0,0,0,0,,,
1941,SLA,AL,stephve01,Vern Stephens,3,,3,3,0,0,0,0,0,1,0,0,0,0,,,
1941,SLA,AL,stevech01,Chuck Stevens,4,,4,4,0,0,4,0,0,0,0,0,0,0,,,
1941,PIT,NL,stewabu01,Bud Stewart,73,,73,73,0,0,0,0,0,0,15,4,24,41,,,
1941,SLA,AL,stranal01,Alan Strange,45,,45,45,0,0,2,0,1,32,0,0,0,0,,,
1941,CHN,NL,strinlo01,Lou Stringer,145,,145,145,0,0,0,137,0,7,0,0,0,0,,,
1941,PIT,NL,strinni01,Nick Strincevich,12,,12,12,12,0,0,0,0,0,0,0,0,0,,,
1941,BSN,NL,strinni01,Nick Strincevich,3,,3,3,3,0,0,0,0,0,0,0,0,0,,,
1941,CHN,NL,sturgbo01,Bobby Sturgeon,129,,129,129,0,0,0,1,1,126,0,0,0,0,,,
1941,NYA,AL,sturmjo01,Johnny Sturm,124,,124,124,0,0,124,0,0,0,0,0,0,0,,,
1941,PHA,AL,suderpe01,Pete Suder,139,,139,139,0,0,0,0,136,3,0,0,0,0,,,
1941,DET,AL,sullibi04,Billy Sullivan,85,,85,85,0,63,0,0,0,0,0,0,0,0,,,
1941,BSN,NL,sullijo05,Joe Sullivan,16,,16,16,16,0,0,0,0,0,0,0,0,0,,,
1941,PIT,NL,sullijo05,Joe Sullivan,16,,16,16,16,0,0,0,0,0,0,0,0,0,,,
1941,WS1,AL,sundrst01,Steve Sundra,28,,28,28,28,0,0,0,0,0,0,0,0,0,,,
1941,NY1,NL,sunketo01,Tom Sunkel,2,,2,2,2,0,0,0,0,0,0,0,0,0,,,
1941,CLE,AL,suscege01,George Susce,1,,1,1,0,1,0,0,0,0,0,0,0,0,,,
1941,BRO,NL,swiftbi01,Bill Swift,9,,9,9,9,0,0,0,0,0,0,0,0,0,,,
1941,SLA,AL,swiftbo01,Bob Swift,63,,63,63,0,58,0,0,0,0,0,0,0,0,,,
1941,BOS,AL,taborji01,Jim Tabor,126,,126,126,0,0,0,0,125,0,0,0,0,0,,,
1941,PHI,NL,tamulvi01,Vito Tamulis,6,,6,6,6,0,0,0,0,0,0,0,0,0,,,
1941,BRO,NL,tamulvi01,Vito Tamulis,12,,12,12,12,0,0,0,0,0,0,0,0,0,,,
1941,BRO,NL,tatumto01,Tommy Tatum,8,,8,8,0,0,0,0,0,0,1,3,0,4,,,
1941,DET,AL,tebbebi01,Birdie Tebbetts,110,,110,110,0,98,0,0,0,0,0,0,0,0,,,
1941,DET,AL,thomabu01,Bud Thomas,26,,26,26,26,0,0,0,0,0,0,0,0,0,,,
1941,CIN,NL,thompju01,Gene Thompson,27,,27,27,27,0,0,0,0,0,0,0,0,0,,,
1941,PHA,AL,tiptoer01,Eric Tipton,1,,1,1,0,0,0,0,0,0,1,0,0,1,,,
1941,BSN,NL,tobinji01,Jim Tobin,43,,43,43,33,0,0,0,0,0,0,0,0,0,,,
1941,PHA,AL,tobinpa01,Pat Tobin,1,,1,1,1,0,0,0,0,0,0,0,0,0,,,
1941,WS1,AL,travice01,Cecil Travis,152,,152,152,0,0,0,0,16,136,0,0,0,0,,,
1941,CHA,AL,treshmi01,Mike Tresh,115,,115,115,0,115,0,0,0,0,0,0,0,0,,,
1941,SLN,NL,triplco01,Coaker Triplett,76,,76,76,0,0,0,0,0,0,38,0,8,46,,,
1941,CLE,AL,troskha01,Hal Trosky,89,,89,89,0,0,85,0,0,0,0,0,0,0,,,
1941,SLA,AL,trottbi01,Bill Trotter,29,,29,29,29,0,0,0,0,0,0,0,0,0,,,
1941,DET,AL,troutdi01,Dizzy Trout,40,,40,40,37,0,0,0,0,0,0,0,0,0,,,
1941,DET,AL,truckvi01,Virgil Trucks,1,,1,1,1,0,0,0,0,0,0,0,0,0,,,
1941,CIN,NL,turneji01,Jim Turner,23,,23,23,23,0,0,0,0,0,0,0,0,0,,,
1941,CHA,AL,turneto01,Tom Turner,38,,38,38,0,35,0,0,0,0,0,0,0,0,,,
1941,CIN,NL,vandejo01,Johnny Vander Meer,35,,35,35,33,0,0,0,0,0,0,0,0,0,,,
1941,PIT,NL,vanroma01,Maurice Van Robays,129,,129,129,0,0,0,0,0,0,121,0,0,121,,,
1941,PIT,NL,vaughar01,Arky Vaughan,106,,106,106,0,0,0,0,3,97,0,0,0,0,,,
1941,PHA,AL,vaughpo01,Porter Vaughan,5,,5,5,5,0,0,0,0,0,0,0,0,0,,,
1941,WS1,AL,vernomi01,Mickey Vernon,138,,138,138,0,0,132,0,0,0,0,0,0,0,,,
1941,BRO,NL,vosmijo01,Joe Vosmik,25,,25,25,0,0,0,0,0,0,2,0,16,18,,,
1941,BOS,AL,wagnech01,Charlie Wagner,29,,29,29,29,0,0,0,0,0,0,0,0,0,,,
1941,PHA,AL,wagneha01,Hal Wagner,46,,46,46,0,42,0,0,0,0,0,0,0,0,,,
1941,CHN,NL,waitked01,Eddie Waitkus,12,,12,12,0,0,9,0,0,0,0,0,0,0,,,
1941,DET,AL,wakefdi01,Dick Wakefield,7,,7,7,0,0,0,0,0,0,0,0,1,1,,,
1941,BRO,NL,walkedi02,Dixie Walker,148,,148,148,0,0,0,0,0,0,22,22,105,146,,,
1941,CLE,AL,walkege02,Gee Walker,121,,121,121,0,0,0,0,0,0,103,2,0,105,,,
1941,SLN,NL,walkeha01,Harry Walker,7,,7,7,0,0,0,0,0,0,5,0,0,5,,,
1941,CIN,NL,waltebu01,Bucky Walters,39,,39,39,37,0,0,0,0,0,0,0,0,0,,,
1941,CIN,NL,wanerll01,Lloyd Waner,55,,55,55,0,0,0,0,0,0,0,13,31,44,,,
1941,PIT,NL,wanerll01,Lloyd Waner,3,,3,3,0,0,0,0,0,0,0,1,0,1,,,
1941,BSN,NL,wanerll01,Lloyd Waner,19,,19,19,0,0,0,0,0,0,3,11,1,15,,,
1941,BSN,NL,wanerpa01,Paul Waner,95,,95,95,0,0,7,0,0,0,10,3,66,77,,,
1941,BRO,NL,wanerpa01,Paul Waner,11,,11,11,0,0,0,0,0,0,0,0,9,9,,,
1941,SLN,NL,warnelo01,Lon Warneke,37,,37,37,37,0,0,0,0,0,0,0,0,0,,,
1941,PHI,NL,warrebe01,Bennie Warren,121,,121,121,0,110,0,0,0,0,0,0,0,0,,,
1941,BRO,NL,wasdeji01,Jimmy Wasdell,94,,94,94,0,0,15,0,0,0,8,0,46,54,,,
1941,NYA,AL,washbge01,George Washburn,1,,1,1,1,0,0,0,0,0,0,0,0,0,,,
1941,CLE,AL,weathro01,Roy Weatherly,102,,102,102,0,0,0,0,0,0,0,87,1,88,,,
1941,WS1,AL,welajjo01,Johnny Welaj,49,,49,49,0,0,0,0,0,0,13,3,3,19,,,
1941,CIN,NL,werbebi01,Billy Werber,109,,109,109,0,0,0,0,107,0,0,0,0,0,,,
1941,NY1,NL,whitebu01,Burgess Whitehead,116,,116,116,0,0,0,104,1,0,0,0,0,0,,,
1941,SLN,NL,whiteer01,Ernie White,33,,33,33,32,0,0,0,0,0,0,0,0,0,,,
1941,DET,AL,whiteha01,Hal White,4,,4,4,4,0,0,0,0,0,0,0,0,0,,,
1941,BRO,NL,wickeke01,Kemp Wicker,16,,16,16,16,0,0,0,0,0,0,0,0,0,,,
1941,BSN,NL,wietewh01,Whitey Wietelmann,16,,16,16,0,0,0,10,2,5,0,0,0,0,,,
1941,PIT,NL,wilkile01,Lefty Wilkie,26,,26,26,26,0,0,0,0,0,0,0,0,0,,,
1941,BOS,AL,willite01,Ted Williams,143,,143,143,0,0,0,0,0,0,130,0,4,133,,,
1941,BOS,AL,wilsoja01,Jack Wilson,27,,27,27,27,0,0,0,0,0,0,0,0,0,,,
1941,NY1,NL,witekmi01,Mickey Witek,26,,26,26,0,0,0,23,0,0,0,0,0,0,,,
1941,NY1,NL,wittijo01,Johnnie Wittig,25,,25,25,25,0,0,0,0,0,0,0,0,0,,,
1941,PHA,AL,wolffro01,Roger Wolff,2,,2,2,2,0,0,0,0,0,0,0,0,0,,,
1941,CLE,AL,workmch01,Chuck Workman,9,,9,9,0,0,0,0,0,0,0,0,0,0,,,
1941,CHA,AL,wrighta01,Taffy Wright,136,,136,136,0,0,0,0,0,0,0,0,134,134,,,
1941,BRO,NL,wyattwh01,Whit Wyatt,40,,40,40,38,0,0,0,0,0,0,0,0,0,,,
1941,NY1,NL,youngba01,Babe Young,152,,152,152,0,0,150,0,0,0,0,0,0,0,,,
1941,CIN,NL,youngpe01,Pep Young,4,,4,4,0,0,0,0,3,0,0,0,0,0,,,
1941,SLN,NL,youngpe01,Pep Young,2,,2,2,0,0,0,0,0,0,0,0,0,0,,,
1941,CIN,NL,zientbe01,Benny Zientara,9,,9,9,0,0,0,6,0,0,0,0,0,0,,,
1941,WS1,AL,zuberbi01,Bill Zuber,36,,36,36,36,0,0,0,0,0,0,0,0,0,,,
