1943,BOS,AL,foxpe01,Pete Fox,127,,127,127,0,0,0,0,0,0,3,0,122,125,,,
1943,PIT,NL,geejo01,Johnny Gee,15,,15,15,15,0,0,0,0,0,0,0,0,0,,,
1943,PHI,NL,leebi02,Bill Lee,13,,13,13,13,0,0,0,0,0,0,0,0,0,,,
1943,CHN,NL,leebi02,Bill Lee,13,,13,13,13,0,0,0,0,0,0,0,0,0,,,
1943,CHA,AL,leeth01,Thornton Lee,19,,19,19,19,0,0,0,0,0,0,0,0,0,,,
1943,PHI,NL,maypi01,Pinky May,137,,137,137,0,0,0,0,132,0,0,0,0,0,,,
1943,NY1,NL,ottme01,Mel Ott,125,,125,125,0,0,0,0,1,0,0,0,111,111,,,
1943,PHI,NL,beckbo01,Boom-Boom Beck,4,,4,4,4,0,0,0,0,0,0,0,0,0,,,
1943,WS1,AL,casege01,George Case,141,,141,141,0,0,0,0,0,0,18,0,122,140,,,
1943,CIN,NL,clayda01,Dain Clay,49,,49,49,0,0,0,0,0,0,1,29,3,33,,,
1943,PHI,NL,culpbe01,Benny Culp,10,,10,10,0,10,0,0,0,0,0,0,0,0,,,
1943,CLE,AL,deanch01,Chubby Dean,41,,41,41,17,0,0,0,0,0,0,0,0,0,,,
1943,SLA,AL,deanpa01,Paul Dean,3,,3,3,3,0,0,0,0,0,0,0,0,0,,,
1943,NY1,NL,easthu01,Hugh East,17,,17,17,13,0,0,0,0,0,0,0,0,0,,,
1943,CHN,NL,elkope01,Pete Elko,9,,9,9,0,0,0,0,9,0,0,0,0,0,,,
1943,SLA,AL,eppsha01,Hal Epps,8,,8,8,0,0,0,0,0,0,0,8,0,8,,,
1943,CIN,NL,freylo01,Lonny Frey,144,,144,144,0,0,0,144,0,0,0,0,0,0,,,
1943,CIN,NL,haasbe01,Bert Haas,101,,101,101,0,0,44,0,23,0,0,18,0,18,,,
1943,CHN,NL,hackst01,Stan Hack,144,,144,144,0,0,0,0,136,0,0,0,0,0,,,
1943,PHA,AL,hallir01,Irv Hall,151,,151,151,0,0,0,1,1,148,0,0,0,0,,,
1943,BRO,NL,hartbi03,Bill Hart,8,,8,8,0,0,0,0,6,1,0,0,0,0,,,
1943,BRO,NL,headed01,Ed Head,47,,47,47,47,0,0,0,0,0,0,0,0,0,,,
1943,CHN,NL,holmbi01,Billy Holm,7,,7,7,0,7,0,0,0,0,0,0,0,0,,,
1943,SLN,NL,hoppjo01,Johnny Hopp,91,,91,91,0,0,27,0,0,0,40,12,0,52,,,
1943,BOS,AL,juddos01,Oscar Judd,27,,27,27,23,0,0,0,0,0,0,0,0,0,,,
1943,BOS,AL,karlan01,Andy Karl,11,,11,11,11,0,0,0,0,0,0,0,0,0,,,
1943,PHI,NL,karlan01,Andy Karl,11,,11,11,9,0,0,0,0,0,0,0,0,0,,,
1943,PHA,AL,kellge01,George Kell,1,,1,1,0,0,0,0,1,0,0,0,0,0,,,
1943,NY1,NL,kerrbu01,Buddy Kerr,27,,27,27,0,0,0,0,0,27,0,0,0,0,,,
1943,BOS,AL,lakeed01,Eddie Lake,75,,75,75,0,0,0,0,0,63,0,0,0,0,,,
1943,CLE,AL,mackra01,Ray Mack,153,,153,153,0,0,0,153,0,0,0,0,0,0,,,
1943,BSN,NL,masiph01,Phil Masi,80,,80,80,0,73,0,0,0,0,0,0,0,0,,,
1943,PHA,AL,mayoed01,Eddie Mayo,128,,128,128,0,0,0,0,123,0,0,0,0,0,,,
1943,NY1,NL,meadch01,Charlie Mead,37,,37,37,0,0,0,0,0,0,0,3,34,37,,,
1943,DET,AL,oanapr01,Prince Oana,20,,20,20,10,0,0,0,0,0,0,0,0,0,,,
1943,SLN,NL,odeake01,Ken O'Dea,71,,71,71,0,56,0,0,0,0,0,0,0,0,,,
1943,BSN,NL,odomda01,Dave Odom,22,,22,22,22,0,0,0,0,0,0,0,0,0,,,
1943,BRO,NL,olmolu01,Luis Olmo,57,,57,57,0,0,0,0,0,0,1,54,2,57,,,
1943,BRO,NL,owenmi01,Mickey Owen,106,,106,106,0,100,0,0,3,1,0,0,0,0,,,
1943,BRO,NL,peckha01,Hal Peck,1,,1,1,0,0,0,0,0,0,0,0,0,0,,,
1943,CLE,AL,poatra01,Ray Poat,17,,17,17,17,0,0,0,0,0,0,0,0,0,,,
1943,CHN,NL,primra01,Ray Prim,29,,29,29,29,0,0,0,0,0,0,0,0,0,,,
1943,WS1,AL,pyleew01,Ewald Pyle,18,,18,18,18,0,0,0,0,0,0,0,0,0,,,
1943,CHA,AL,rossbu02,Buck Ross,21,,21,21,21,0,0,0,0,0,0,0,0,0,,,
1943,BSN,NL,rossch01,Chet Ross,94,,94,94,0,0,0,0,0,0,73,0,0,73,,,
1943,DET,AL,rossdo01,Don Ross,89,,89,89,0,0,0,7,1,18,6,0,32,38,,,
1943,PHI,NL,rowesc01,Schoolboy Rowe,82,,82,82,27,0,0,0,0,0,0,0,0,0,,,
1943,BSN,NL,ryanco01,Connie Ryan,132,,132,132,0,0,0,100,30,0,0,0,0,0,,,
1943,BOS,AL,rybami01,Mike Ryba,40,,40,40,40,0,0,0,0,0,0,0,0,0,,,
1943,CHN,NL,toddal01,Al Todd,21,,21,21,0,17,0,0,0,0,0,0,0,0,,,
1943,BSN,NL,tostlo01,Lou Tost,3,,3,3,3,0,0,0,0,0,0,0,0,0,,,
1943,PHA,AL,valoel01,Elmer Valo,77,,77,77,0,0,0,0,0,0,9,0,54,63,,,
1943,CHA,AL,wadeja01,Jake Wade,21,,21,21,21,0,0,0,0,0,0,0,0,0,,,
1943,PHI,NL,webbbi02,Bill Webb,1,,1,1,1,0,0,0,0,0,0,0,0,0,,,
1943,CHA,AL,webbsk01,Skeeter Webb,58,,58,58,0,0,0,54,0,0,0,0,0,0,,,
1943,CIN,NL,westdi01,Dick West,3,,3,3,0,0,0,0,0,0,0,0,0,0,,,
1943,DET,AL,woodjo03,Joe Wood,60,,60,60,0,0,0,22,18,0,0,0,0,0,,,
1943,WS1,AL,wynnea01,Early Wynn,38,,38,38,37,0,0,0,0,0,0,0,0,0,,,
1943,CHN,NL,wyseha01,Hank Wyse,40,,40,40,38,0,0,0,0,0,0,0,0,0,,,
1943,DET,AL,yorkru01,Rudy York,155,,155,155,0,0,155,0,0,0,0,0,0,0,,,
1943,PHA,AL,abernte01,Ted Abernathy,5,,5,5,5,0,0,0,0,0,0,0,0,0,,,
1943,NY1,NL,adamsac01,Ace Adams,70,,70,70,70,0,0,0,0,0,0,0,0,0,,,
1943,PHI,NL,adamsbu01,Buster Adams,111,,111,111,0,0,0,0,0,0,1,107,0,107,,,
1943,SLN,NL,adamsbu01,Buster Adams,8,,8,8,0,0,0,0,0,0,0,6,0,6,,,
1943,WS1,AL,adkinde01,Dewey Adkins,7,,7,7,7,0,0,0,0,0,0,0,0,0,,,
1943,CHN,NL,alderda01,Dale Alderson,4,,4,4,4,0,0,0,0,0,0,0,0,0,,,
1943,CIN,NL,alenoch01,Chuck Aleno,7,,7,7,0,0,0,0,0,0,2,0,0,2,,,
1943,NY1,NL,allenjo02,Johnny Allen,15,,15,15,15,0,0,0,0,0,0,0,0,0,,,
1943,BRO,NL,allenjo02,Johnny Allen,17,,17,17,17,0,0,0,0,0,0,0,0,0,,,
1943,BSN,NL,andrena01,Nate Andrews,36,,36,36,36,0,0,0,0,0,0,0,0,0,,,
1943,BRO,NL,ankenpa01,Pat Ankenman,1,,1,1,0,0,0,0,0,1,0,0,0,0,,,
1943,CHA,AL,applilu01,Luke Appling,155,,155,155,0,0,0,0,0,155,0,0,0,0,,,
1943,PHA,AL,arntzor01,Orie Arntzen,32,,32,32,32,0,0,0,0,0,0,0,0,0,,,
1943,CLE,AL,bagbyji02,Jim Bagby,41,,41,41,36,0,0,0,0,1,0,0,0,0,,,
1943,PIT,NL,bakerbi01,Bill Baker,63,,63,63,0,56,0,0,0,0,0,0,0,0,,,
1943,SLA,AL,bakerfl01,Floyd Baker,22,,22,22,0,0,0,0,1,10,0,0,0,0,,,
1943,WS1,AL,barbare01,Red Barbary,1,,1,1,0,0,0,0,0,0,0,0,0,0,,,
1943,BRO,NL,barklre01,Red Barkley,20,,20,20,0,0,0,0,0,18,0,0,0,0,,,
1943,BOS,AL,barnaba01,Babe Barna,30,,30,30,0,0,0,0,0,0,29,0,0,29,,,
1943,NY1,NL,barnaba01,Babe Barna,40,,40,40,0,0,0,0,0,0,31,0,0,31,,,
1943,BRO,NL,barnere02,Rex Barney,9,,9,9,9,0,0,0,0,0,0,0,0,0,,,
1943,CHN,NL,barredi01,Dick Barrett,15,,15,15,15,0,0,0,0,0,0,0,0,0,,,
1943,PHI,NL,barredi01,Dick Barrett,23,,23,23,23,0,0,0,0,0,0,0,0,0,,,
1943,PIT,NL,barrejo01,Johnny Barrett,130,,130,130,0,0,0,0,0,0,4,3,92,99,,,
1943,BSN,NL,barrere01,Red Barrett,38,,38,38,38,0,0,0,0,0,0,0,0,0,,,
1943,NY1,NL,bartedi01,Dick Bartell,99,,99,99,0,0,0,0,54,33,0,0,0,0,,,
1943,BRO,NL,bartlbo01,Boyd Bartley,9,,9,9,0,0,0,0,0,9,0,0,0,0,,,
1943,CHN,NL,beckehe02,Heinz Becker,24,,24,24,0,0,18,0,0,0,0,0,0,0,,,
1943,CIN,NL,beggsjo01,Joe Beggs,39,,39,39,39,0,0,0,0,0,0,0,0,0,,,
1943,PHA,AL,bensove01,Vern Benson,2,,2,2,0,0,0,0,0,0,0,0,0,0,,,
1943,NY1,NL,berrera01,Ray Berres,20,,20,20,0,17,0,0,0,0,0,0,0,0,,,
1943,PHA,AL,bessehe01,Herman Besse,7,,7,7,5,0,0,0,0,0,0,0,0,0,,,
1943,CHN,NL,bithohi01,Hi Bithorn,39,,39,39,39,0,0,0,0,0,0,0,0,0,,,
1943,PHA,AL,blackdo01,Don Black,33,,33,33,33,0,0,0,0,0,0,0,0,0,,,
1943,DET,AL,bloodji01,Jimmy Bloodworth,129,,129,129,0,0,0,129,0,0,0,0,0,0,,,
1943,NYA,AL,bonhati01,Tiny Bonham,28,,28,28,28,0,0,0,0,0,0,0,0,0,,,
1943,BRO,NL,bordafr01,Frenchy Bordagaray,89,,89,89,0,0,0,0,25,0,28,6,20,53,,,
1943,NYA,AL,borowha01,Hank Borowy,29,,29,29,29,0,0,0,0,0,0,0,0,0,,,
1943,CLE,AL,boudrlo01,Lou Boudreau,152,,152,152,0,1,0,0,0,152,0,0,0,0,,,
1943,PHA,AL,bowlech01,Charlie Bowles,3,,3,3,2,0,0,0,0,0,0,0,0,0,,,
1943,NY1,NL,bradfvi01,Vic Bradford,6,,6,6,0,0,0,0,0,0,1,0,0,1,,,
1943,BRO,NL,bragabo01,Bobby Bragan,74,,74,74,0,57,0,0,12,0,0,0,0,0,,,
1943,PIT,NL,brandbi01,Bill Brandt,29,,29,29,29,0,0,0,0,0,0,0,0,0,,,
1943,SLN,NL,brazlal01,Al Brazle,13,,13,13,13,0,0,0,0,0,0,0,0,0,,,
1943,SLN,NL,brechha01,Harry Brecheen,29,,29,29,29,0,0,0,0,0,0,0,0,0,,,
1943,NYA,AL,breuema01,Marv Breuer,5,,5,5,5,0,0,0,0,0,0,0,0,0,,,
1943,PHI,NL,brewsch01,Charlie Brewster,49,,49,49,0,0,0,0,0,46,0,0,0,0,,,
1943,CIN,NL,brewsch01,Charlie Brewster,7,,7,7,0,0,0,2,0,0,0,0,0,0,,,
1943,DET,AL,bridgto01,Tommy Bridges,25,,25,25,25,0,0,0,0,0,0,0,0,0,,,
1943,SLN,NL,brownji03,Jimmy Brown,34,,34,34,0,0,0,19,9,6,0,0,0,0,,,
1943,BOS,AL,brownma01,Mace Brown,49,,49,49,49,0,0,0,0,0,0,0,0,0,,,
1943,PHA,AL,brownno01,Norm Brown,1,,1,1,1,0,0,0,0,0,0,0,0,0,,,
1943,BSN,NL,brubabi01,Bill Brubaker,13,,13,13,0,0,3,0,5,0,0,0,0,0,,,
1943,PHA,AL,bruckea01,Earle Brucker,1,,1,1,0,0,0,0,0,0,0,0,0,0,,,
1943,PHA,AL,burgobi01,Bill Burgo,17,,17,17,0,0,0,0,0,0,17,0,0,17,,,
1943,BSN,NL,burnsjo03,Joe Burns,52,,52,52,0,0,0,0,34,0,1,1,2,4,,,
1943,CHN,NL,burrojo01,John Burrows,23,,23,23,23,0,0,0,0,0,0,0,0,0,,,
1943,PHA,AL,burrojo01,John Burrows,4,,4,4,4,0,0,0,0,0,0,0,0,0,,,
1943,PHI,NL,busbypa01,Paul Busby,26,,26,26,0,0,0,0,0,0,2,0,8,10,,,
1943,PHA,AL,busched01,Ed Busch,4,,4,4,0,0,0,0,0,4,0,0,0,0,,,
1943,PIT,NL,butchma01,Max Butcher,33,,33,33,33,0,0,0,0,0,0,0,0,0,,,
1943,WS1,AL,butkaed01,Ed Butka,3,,3,3,0,0,3,0,0,0,0,0,0,0,,,
1943,SLN,NL,byerlbu01,Bud Byerly,2,,2,2,2,0,0,0,0,0,0,0,0,0,,,
1943,SLA,AL,byrnemi01,Milt Byrnes,129,,129,129,0,0,0,0,0,0,23,66,26,114,,,
1943,NYA,AL,byrneto01,Tommy Byrne,13,,13,13,11,0,0,0,0,0,0,0,0,0,,,
1943,CLE,AL,calvepa01,Paul Calvert,5,,5,5,5,0,0,0,0,0,0,0,0,0,,,
1943,PIT,NL,camelha01,Hank Camelli,1,,1,1,0,1,0,0,0,0,0,0,0,0,,,
1943,BRO,NL,camildo01,Dolph Camilli,95,,95,95,0,0,95,0,0,0,0,0,0,0,,,
1943,BRO,NL,campaal01,Al Campanis,7,,7,7,0,0,0,7,0,0,0,0,0,0,,,
1943,WS1,AL,candimi01,Milo Candini,28,,28,28,28,0,0,0,0,0,0,0,0,0,,,
1943,BSN,NL,cardobe01,Ben Cardoni,11,,11,11,11,0,0,0,0,0,0,0,0,0,,,
1943,WS1,AL,carpele01,Lew Carpenter,4,,4,4,4,0,0,0,0,0,0,0,0,0,,,
1943,WS1,AL,carraal01,Alex Carrasquel,39,,39,39,39,0,0,0,0,0,0,0,0,0,,,
1943,SLA,AL,castege01,George Caster,35,,35,35,35,0,0,0,0,0,0,0,0,0,,,
1943,CHA,AL,castivi01,Vince Castino,33,,33,33,0,30,0,0,0,0,0,0,0,0,,,
1943,CHN,NL,cavarph01,Phil Cavarretta,143,,143,143,0,0,134,0,0,0,0,7,0,7,,,
1943,CLE,AL,centepe01,Pete Center,24,,24,24,24,0,0,0,0,0,0,0,0,0,,,
1943,NYA,AL,chandsp01,Spud Chandler,30,,30,30,30,0,0,0,0,0,0,0,0,0,,,
1943,SLA,AL,chartmi01,Mike Chartak,108,,108,108,0,0,18,0,0,0,0,0,77,77,,,
1943,BOS,AL,chaseke01,Ken Chase,7,,7,7,7,0,0,0,0,0,0,0,0,0,,,
1943,NY1,NL,chaseke01,Ken Chase,23,,23,23,21,0,0,0,0,0,0,0,0,0,,,
1943,BRO,NL,chipmbo01,Bob Chipman,1,,1,1,1,0,0,0,0,0,0,0,0,0,,,
1943,SLA,AL,chrisma01,Mark Christman,98,,98,98,0,0,20,14,37,24,0,0,0,0,,,
1943,PHA,AL,chrisru01,Russ Christopher,24,,24,24,24,0,0,0,0,0,0,0,0,0,,,
1943,PHA,AL,ciolalo01,Lou Ciola,12,,12,12,12,0,0,0,0,0,0,0,0,0,,,
1943,WS1,AL,claryel01,Ellis Clary,73,,73,73,0,0,0,0,68,1,0,0,0,0,,,
1943,SLA,AL,claryel01,Ellis Clary,23,,23,23,0,0,0,3,14,0,0,0,0,0,,,
1943,WS1,AL,cliftha01,Harlond Clift,8,,8,8,0,0,0,0,8,0,0,0,0,0,,,
1943,SLA,AL,cliftha01,Harlond Clift,105,,105,105,0,0,0,0,104,0,0,0,0,0,,,
1943,PHA,AL,clydeto01,Tom Clyde,4,,4,4,4,0,0,0,0,0,0,0,0,0,,,
1943,PIT,NL,colmafr01,Frank Colman,32,,32,32,0,0,0,0,0,0,0,0,11,11,,,
1943,PHI,NL,congedi01,Dick Conger,13,,13,13,13,0,0,0,0,0,0,0,0,0,,,
1943,BOS,AL,conrobi02,Bill Conroy,39,,39,39,0,38,0,0,0,0,0,0,0,0,,,
1943,NY1,NL,coombbo01,Bobby Coombs,9,,9,9,9,0,0,0,0,0,0,0,0,0,,,
1943,BRO,NL,coonejo01,Johnny Cooney,37,,37,37,0,0,3,0,0,0,0,2,0,2,,,
1943,SLN,NL,coopemo01,Mort Cooper,37,,37,37,37,0,0,0,0,0,0,0,0,0,,,
1943,SLN,NL,coopewa01,Walker Cooper,122,,122,122,0,112,0,0,0,0,0,0,0,0,,,
1943,PIT,NL,coscape01,Pete Coscarart,133,,133,133,0,0,0,85,1,47,0,0,0,0,,,
1943,CIN,NL,crabtes01,Estel Crabtree,95,,95,95,0,0,0,0,0,0,2,44,17,65,,,
1943,DET,AL,cramedo01,Doc Cramer,140,,140,140,0,0,0,0,0,0,0,138,0,138,,,
1943,BSN,NL,creedco01,Connie Creeden,5,,5,5,0,0,0,0,0,0,0,0,0,0,,,
1943,SLA,AL,criscto01,Tony Criscola,29,,29,29,0,0,0,0,0,0,10,2,1,13,,,
1943,BOS,AL,cronijo01,Joe Cronin,59,,59,59,0,0,0,0,10,0,0,0,0,0,,,
1943,NYA,AL,crosefr01,Frankie Crosetti,95,,95,95,0,0,0,0,0,90,0,0,0,0,,,
1943,CHA,AL,cuccito01,Tony Cuccinello,34,,34,34,0,0,0,0,30,0,0,0,0,0,,,
1943,BSN,NL,cuccito01,Tony Cuccinello,13,,13,13,0,0,0,2,4,1,0,0,0,0,,,
1943,PIT,NL,cuccuco01,Cookie Cuccurullo,1,,1,1,1,0,0,0,0,0,0,0,0,0,,,
1943,BOS,AL,culbele01,Leon Culberson,81,,81,81,0,0,0,0,0,0,28,51,0,79,,,
1943,CHA,AL,culledi01,Dick Culler,53,,53,53,0,0,0,19,26,3,0,0,0,0,,,
1943,CLE,AL,cullero01,Roy Cullenbine,138,,138,138,0,0,13,0,0,0,0,0,121,121,,,
1943,WS1,AL,curtive01,Vern Curtis,2,,2,2,2,0,0,0,0,0,0,0,0,0,,,
1943,CHA,AL,curtrgu01,Guy Curtright,138,,138,138,0,0,0,0,0,0,128,0,0,128,,,
1943,BSN,NL,dagenjo01,John Dagenhard,2,,2,2,2,0,0,0,0,0,0,0,0,0,,,
1943,PHI,NL,dahlgba01,Babe Dahlgren,136,,136,136,0,1,73,0,35,25,0,0,0,0,,,
1943,CHN,NL,dalledo01,Dom Dallessandro,87,,87,87,0,0,0,0,0,0,31,14,0,45,,,
1943,BRO,NL,daviscu01,Curt Davis,31,,31,31,31,0,0,0,0,0,0,0,0,0,,,
1943,PHI,NL,delsaga01,Garton Del Savio,4,,4,4,0,0,0,0,0,4,0,0,0,0,,,
1943,SLN,NL,demarfr02,Frank Demaree,39,,39,39,0,0,0,0,0,0,12,0,12,23,,,
1943,CLE,AL,denniot01,Otto Denning,37,,37,37,0,0,34,0,0,0,0,0,0,0,,,
1943,CIN,NL,dephito01,Tony DePhillips,35,,35,35,0,35,0,0,0,0,0,0,0,0,,,
1943,CHN,NL,derripa01,Paul Derringer,32,,32,32,32,0,0,0,0,0,0,0,0,0,,,
1943,CLE,AL,desauge01,Gene Desautels,68,,68,68,0,66,0,0,0,0,0,0,0,0,,,
1943,NYA,AL,dickebi01,Bill Dickey,85,,85,85,0,71,0,0,0,0,0,0,0,0,,,
1943,SLN,NL,dicksmu01,Murry Dickson,31,,31,31,31,0,0,0,0,0,0,0,0,0,,,
1943,BSN,NL,diehlge01,George Diehl,1,,1,1,1,0,0,0,0,0,0,0,0,0,,,
1943,CHA,AL,dietrbi01,Bill Dietrich,26,,26,26,26,0,0,0,0,0,0,0,0,0,,,
1943,PIT,NL,dietzdu01,Dutch Dietz,10,,10,10,8,0,0,0,0,0,0,0,0,0,,,
1943,PHI,NL,dietzdu01,Dutch Dietz,21,,21,21,21,0,0,0,0,0,0,0,0,0,,,
1943,PIT,NL,dimagvi01,Vince DiMaggio,157,,157,157,0,0,0,0,0,1,0,156,0,156,,,
1943,BOS,AL,dobsojo01,Joe Dobson,25,,25,25,25,0,0,0,0,0,0,0,0,0,,,
1943,BOS,AL,doerrbo01,Bobby Doerr,155,,155,155,0,0,0,155,0,0,0,0,0,0,,,
1943,CLE,AL,doljafr01,Frank Doljack,3,,3,3,0,0,0,0,0,0,1,0,1,2,,,
1943,PHI,NL,donahde01,Deacon Donahue,2,,2,2,2,0,0,0,0,0,0,0,0,0,,,
1943,NYA,AL,donalat01,Atley Donald,22,,22,22,22,0,0,0,0,0,0,0,0,0,,,
1943,BSN,NL,donovbi02,Bill Donovan,7,,7,7,7,0,0,0,0,0,0,0,0,0,,,
1943,BOS,AL,doyleda01,Danny Doyle,13,,13,13,0,13,0,0,0,0,0,0,0,0,,,
1943,BRO,NL,durocle01,Leo Durocher,6,,6,6,0,0,0,0,0,6,0,0,0,0,,,
1943,WS1,AL,earlyja01,Jake Early,126,,126,126,0,122,0,0,0,0,0,0,0,0,,,
1943,CLE,AL,edwarha01,Hank Edwards,92,,92,92,0,0,0,0,0,0,0,74,0,74,,,
1943,PIT,NL,elliobo01,Bob Elliott,156,,156,156,0,0,0,2,151,1,0,0,0,0,,,
1943,CHN,NL,erickpa01,Paul Erickson,15,,15,15,15,0,0,0,0,0,0,0,0,0,,,
1943,PHA,AL,estalbo01,Bobby Estalella,117,,117,117,0,0,0,0,0,0,95,1,1,97,,,
1943,BSN,NL,etchibu01,Buck Etchison,10,,10,10,0,0,6,0,0,0,0,0,0,0,,,
1943,NYA,AL,ettenni01,Nick Etten,154,,154,154,0,0,154,0,0,0,0,0,0,0,,,
1943,PHI,NL,eyricge01,George Eyrich,9,,9,9,9,0,0,0,0,0,0,0,0,0,,,
1943,PHA,AL,faganev01,Everett Fagan,18,,18,18,18,0,0,0,0,0,0,0,0,0,,,
1943,SLN,NL,falloge01,George Fallon,36,,36,36,0,0,0,36,0,0,0,0,0,0,,,
1943,BSN,NL,farreke01,Kerby Farrell,85,,85,85,5,0,69,0,0,0,0,0,0,0,,,
1943,NY1,NL,feldmha01,Harry Feldman,44,,44,44,31,0,0,0,0,0,0,0,0,0,,,
1943,SLA,AL,ferreri01,Rick Ferrell,74,,74,74,0,70,0,0,0,0,0,0,0,0,,,
1943,PHI,NL,finlebo01,Bob Finley,28,,28,28,0,24,0,0,0,0,0,0,0,0,,,
1943,NY1,NL,fischru01,Rube Fischer,22,,22,22,22,0,0,0,0,0,0,0,0,0,,,
1943,BRO,NL,fitzsfr01,Freddie Fitzsimmons,9,,9,9,9,0,0,0,0,0,0,0,0,0,,,
1943,CHN,NL,flemibi01,Bill Fleming,11,,11,11,11,0,0,0,0,0,0,0,0,0,,,
1943,PIT,NL,fletcel01,Elbie Fletcher,154,,154,154,0,0,154,0,0,0,0,0,0,0,,,
1943,PHA,AL,flickle01,Lew Flick,1,,1,1,0,0,0,0,0,0,0,0,1,1,,,
1943,PHA,AL,floreje01,Jesse Flores,31,,31,31,31,0,0,0,0,0,0,0,0,0,,,
1943,PHI,NL,fuchsch01,Charlie Fuchs,17,,17,17,17,0,0,0,0,0,0,0,0,0,,,
1943,SLA,AL,fuchsch01,Charlie Fuchs,13,,13,13,13,0,0,0,0,0,0,0,0,0,,,
1943,BRO,NL,galanau01,Augie Galan,139,,139,139,0,0,13,0,0,0,28,97,0,124,,,
1943,SLA,AL,galehde01,Denny Galehouse,31,,31,31,31,0,0,0,0,0,0,0,0,0,,,
1943,SLN,NL,garmsde01,Debs Garms,90,,90,90,0,0,0,0,23,1,18,0,29,47,,,
1943,BOS,AL,garrifo01,Ford Garrison,36,,36,36,0,0,0,0,0,0,26,6,0,32,,,
1943,PIT,NL,gearyhu01,Huck Geary,46,,46,46,0,0,0,0,0,46,0,0,0,0,,,
1943,BSN,NL,gentisa01,Sam Gentile,8,,8,8,0,0,0,0,0,0,0,0,0,0,,,
1943,DET,AL,gentrru01,Rufe Gentry,4,,4,4,4,0,0,0,0,0,0,0,0,0,,,
1943,BSN,NL,geragbe01,Ben Geraghty,8,,8,8,0,0,0,1,1,1,0,0,0,0,,,
1943,PHI,NL,gerheal01,Al Gerheauser,38,,38,38,38,0,0,0,0,0,0,0,0,0,,,
1943,CHN,NL,gilbech01,Charlie Gilbert,8,,8,8,0,0,0,0,0,0,3,3,0,6,,,
1943,BRO,NL,gilleca01,Carden Gillenwater,8,,8,8,0,0,0,0,0,0,2,1,1,4,,,
1943,WS1,AL,giulito01,Tony Giuliani,49,,49,49,0,49,0,0,0,0,0,0,0,0,,,
1943,BRO,NL,glossal01,Al Glossop,87,,87,87,0,0,0,24,17,33,0,0,1,1,,,
1943,CIN,NL,goldslo01,Lon Goldstein,5,,5,5,0,0,2,0,0,0,0,0,0,0,,,
1943,WS1,AL,gomezle01,Lefty Gomez,1,,1,1,1,0,0,0,0,0,0,0,0,0,,,
1943,CHN,NL,goodmiv01,Ival Goodman,80,,80,80,0,0,0,0,0,0,55,10,0,61,,,
1943,NYA,AL,gordojo01,Joe Gordon,152,,152,152,0,0,0,152,0,0,0,0,0,0,,,
1943,NY1,NL,gordosi01,Sid Gordon,131,,131,131,0,0,41,3,53,0,28,0,0,28,,,
1943,PIT,NL,gorniha01,Hank Gornicki,42,,42,42,42,0,0,0,0,0,0,0,0,0,,,
1943,DET,AL,gorsijo01,Johnny Gorsica,36,,36,36,35,0,0,0,0,0,0,0,0,0,,,
1943,CHA,AL,grantji02,Jimmy Grant,58,,58,58,0,0,0,0,51,0,0,0,0,0,,,
1943,CLE,AL,grantji02,Jimmy Grant,15,,15,15,0,0,0,0,5,0,0,0,0,0,,,
1943,BRO,NL,greggha01,Hal Gregg,5,,5,5,5,0,0,0,0,0,0,0,0,0,,,
1943,NYA,AL,grimeos01,Oscar Grimes,9,,9,9,0,0,1,0,0,3,0,0,0,0,,,
1943,CLE,AL,gromest01,Steve Gromek,3,,3,3,3,0,0,0,0,0,0,0,0,0,,,
1943,CHA,AL,groveor01,Orval Grove,32,,32,32,32,0,0,0,0,0,0,0,0,0,,,
1943,SLN,NL,gumbeha01,Harry Gumbert,21,,21,21,21,0,0,0,0,0,0,0,0,0,,,
1943,PIT,NL,gustifr01,Frankie Gustine,112,,112,112,0,0,1,40,0,68,0,0,0,0,,,
1943,SLA,AL,guttedo01,Don Gutteridge,132,,132,132,0,0,0,132,0,0,0,0,0,0,,,
1943,WS1,AL,haefnmi01,Mickey Haefner,36,,36,36,36,0,0,0,0,0,0,0,0,0,,,
1943,PIT,NL,halleja01,Jack Hallett,9,,9,9,9,0,0,0,0,0,0,0,0,0,,,
1943,PHI,NL,hamrira01,Ray Hamrick,44,,44,44,0,0,0,31,0,12,0,0,0,0,,,
1943,CHA,AL,hanskdo01,Don Hanski,9,,9,9,1,0,5,0,0,0,0,0,0,0,,,
1943,CHN,NL,hanyzed01,Ed Hanyzewski,33,,33,33,33,0,0,0,0,0,0,0,0,0,,,
1943,CLE,AL,hardeme01,Mel Harder,19,,19,19,19,0,0,0,0,0,0,0,0,0,,,
1943,PHA,AL,harrilu01,Lum Harris,32,,32,32,32,0,0,0,0,0,0,0,0,0,,,
1943,DET,AL,harrine01,Ned Harris,114,,114,114,0,0,0,0,0,0,4,6,86,96,,,
1943,BRO,NL,haughch01,Chris Haughey,1,,1,1,1,0,0,0,0,0,0,0,0,0,,,
1943,SLA,AL,hayesfr01,Frankie Hayes,88,,88,88,0,76,1,0,0,0,0,0,0,0,,,
1943,CHA,AL,haynejo01,Joe Haynes,35,,35,35,35,0,0,0,0,0,0,0,0,0,,,
1943,CLE,AL,heathje01,Jeff Heath,118,,118,118,0,0,0,0,0,0,107,3,4,111,,,
1943,PIT,NL,heberwa01,Wally Hebert,35,,35,35,34,0,0,0,0,0,0,0,0,0,,,
1943,SLA,AL,heffndo01,Don Heffner,18,,18,18,0,0,1,13,0,0,0,0,0,0,,,
1943,PHA,AL,heffndo01,Don Heffner,52,,52,52,0,0,1,47,0,0,0,0,0,0,,,
1943,BSN,NL,heltzhe01,Heinie Heltzel,29,,29,29,0,0,0,0,29,0,0,0,0,0,,,
1943,NYA,AL,hemslro01,Rollie Hemsley,62,,62,62,0,52,0,0,0,0,0,0,0,0,,,
1943,DET,AL,henshro01,Roy Henshaw,26,,26,26,26,0,0,0,0,0,0,0,0,0,,,
1943,BRO,NL,hermabi01,Billy Herman,153,,153,153,0,0,0,117,37,0,0,0,0,0,,,
1943,BRO,NL,hermage01,Gene Hermanski,18,,18,18,0,0,0,0,0,0,11,0,6,17,,,
1943,CHN,NL,hernach01,Chico Hernandez,43,,43,43,0,41,0,0,0,0,0,0,0,0,,,
1943,CIN,NL,heussed01,Ed Heusser,26,,26,26,26,0,0,0,0,0,0,0,0,0,,,
1943,CLE,AL,hevinjo02,Joe Heving,30,,30,30,30,0,0,0,0,0,0,0,0,0,,,
1943,BRO,NL,higbeki01,Kirby Higbe,35,,35,35,35,0,0,0,0,0,0,0,0,0,,,
1943,DET,AL,higgipi01,Pinky Higgins,138,,138,138,0,0,0,0,138,0,0,0,0,0,,,
1943,CLE,AL,hockeor01,Oris Hockett,141,,141,141,0,0,0,0,0,0,35,81,26,139,,,
1943,BRO,NL,hodgegi01,Gil Hodges,1,,1,1,0,0,0,0,1,0,0,0,0,0,,,
1943,CHA,AL,hodgira01,Ralph Hodgin,117,,117,117,0,0,0,0,56,0,17,0,25,42,,,
1943,SLA,AL,hollial01,Al Hollingsworth,36,,36,36,35,0,0,0,0,0,0,0,0,0,,,
1943,BSN,NL,holmeto01,Tommy Holmes,152,,152,152,0,0,0,0,0,0,2,149,1,152,,,
1943,DET,AL,hoovejo01,Joe Hoover,144,,144,144,0,0,0,0,0,144,0,0,0,0,,,
1943,NY1,NL,hubbeca01,Carl Hubbell,12,,12,12,12,0,0,0,0,0,0,0,0,0,,,
1943,BOS,AL,hughste01,Tex Hughson,35,,35,35,35,0,0,0,0,0,0,0,0,0,,,
1943,CHA,AL,humphjo02,Johnny Humphries,28,,28,28,28,0,0,0,0,0,0,0,0,0,,,
1943,BSN,NL,javeral01,Al Javery,41,,41,41,41,0,0,0,0,0,0,0,0,0,,,
1943,BSN,NL,jeffcge01,George Jeffcoat,8,,8,8,8,0,0,0,0,0,0,0,0,0,,,
1943,NYA,AL,johnsbi03,Billy Johnson,155,,155,155,0,0,0,0,155,0,0,0,0,0,,,
1943,WS1,AL,johnsbo01,Bob Johnson,117,,117,117,0,0,10,0,19,0,88,0,0,88,,,
1943,CHN,NL,johnsdo02,Don Johnson,10,,10,10,0,0,0,10,0,0,0,0,0,0,,,
1943,PHI,NL,johnssi01,Si Johnson,21,,21,21,21,0,0,0,0,0,0,0,0,0,,,
1943,BSN,NL,joosted01,Eddie Joost,124,,124,124,0,0,0,60,67,4,0,0,0,0,,,
1943,NY1,NL,jurgebi01,Billy Jurges,136,,136,136,0,0,0,0,28,99,0,0,0,0,,,
1943,CHA,AL,kalinfr01,Frank Kalin,4,,4,4,0,0,0,0,0,0,0,0,0,0,,,
1943,WS1,AL,kampoal01,Alex Kampouris,51,,51,51,0,0,0,10,33,0,0,0,1,1,,,
1943,BRO,NL,kampoal01,Alex Kampouris,19,,19,19,0,0,0,18,0,0,0,0,0,0,,,
1943,NYA,AL,kellech01,Charlie Keller,141,,141,141,0,0,0,0,0,0,141,0,0,141,,,
1943,CIN,NL,kellefr01,Frankie Kelleher,9,,9,9,0,0,0,0,0,0,0,0,1,1,,,
1943,CLE,AL,keltnke01,Ken Keltner,110,,110,110,0,0,0,0,107,0,0,0,0,0,,,
1943,CLE,AL,kenneve01,Vern Kennedy,38,,38,38,28,0,0,0,0,0,0,0,0,0,,,
1943,PHI,NL,kimbane01,Newt Kimball,34,,34,34,34,0,0,0,0,0,0,0,0,0,,,
1943,BRO,NL,kimbane01,Newt Kimball,5,,5,5,5,0,0,0,0,0,0,0,0,0,,,
1943,PHI,NL,kleinch01,Chuck Klein,12,,12,12,0,0,0,0,0,0,2,0,0,2,,,
1943,SLN,NL,kleinlo01,Lou Klein,154,,154,154,0,0,0,126,0,51,0,0,0,0,,,
1943,CLE,AL,kliemed01,Ed Klieman,1,,1,1,1,0,0,0,0,0,0,0,0,0,,,
1943,PIT,NL,klingbo01,Bob Klinger,33,,33,33,33,0,0,0,0,0,0,0,0,0,,,
1943,BSN,NL,kluttcl01,Clyde Kluttz,66,,66,66,0,55,0,0,0,0,0,0,0,0,,,
1943,CHA,AL,kollodo01,Don Kolloway,85,,85,85,0,0,0,85,0,0,0,0,0,0,,,
1943,PHA,AL,konopbr01,Bruce Konopka,2,,2,2,0,0,0,0,0,0,0,0,0,0,,,
1943,SLA,AL,krameja01,Jack Kramer,3,,3,3,3,0,0,0,0,0,0,0,0,0,,,
1943,PHI,NL,krausja01,Jack Kraus,35,,35,35,34,0,0,0,0,0,0,0,0,0,,,
1943,SLA,AL,kreevmi01,Mike Kreevich,60,,60,60,0,0,0,0,0,0,3,47,1,51,,,
1943,CHN,NL,kreitmi01,Mickey Kreitner,3,,3,3,0,3,0,0,0,0,0,0,0,0,,,
1943,SLN,NL,kristho01,Howie Krist,34,,34,34,34,0,0,0,0,0,0,0,0,0,,,
1943,PHA,AL,kuczybe01,Bert Kuczynski,6,,6,6,6,0,0,0,0,0,0,0,0,0,,,
1943,CHA,AL,kuheljo01,Joe Kuhel,153,,153,153,0,0,153,0,0,0,0,0,0,0,,,
1943,SLN,NL,kurowwh01,Whitey Kurowski,139,,139,139,0,0,0,0,137,2,0,0,0,0,,,
1943,SLA,AL,laabsch01,Chet Laabs,151,,151,151,0,0,0,0,0,0,125,24,6,150,,,
1943,CIN,NL,lakemal01,Al Lakeman,22,,22,22,0,21,0,0,0,0,0,0,0,0,,,
1943,SLA,AL,lamacal01,Al LaMacchia,1,,1,1,1,0,0,0,0,0,0,0,0,0,,,
1943,SLN,NL,laniema01,Max Lanier,32,,32,32,32,0,0,0,0,0,0,0,0,0,,,
1943,PIT,NL,lannijo01,Johnny Lanning,12,,12,12,12,0,0,0,0,0,0,0,0,0,,,
1943,PHI,NL,lapihan01,Andy Lapihuska,1,,1,1,1,0,0,0,0,0,0,0,0,0,,,
1943,BOS,AL,lazorjo01,Johnny Lazor,83,,83,83,0,0,0,0,0,0,51,7,8,63,,,
1943,WS1,AL,lefebbi01,Bill LeFebvre,7,,7,7,6,0,0,0,0,0,0,0,0,0,,,
1943,WS1,AL,leonadu02,Dutch Leonard,31,,31,31,31,0,0,0,0,0,0,0,0,0,,,
1943,NYA,AL,lindejo01,Johnny Lindell,122,,122,122,0,0,0,0,0,0,3,55,66,122,,,
1943,BSN,NL,lindqca01,Carl Lindquist,2,,2,2,2,0,0,0,0,0,0,0,0,0,,,
1943,PHI,NL,litwhda01,Danny Litwhiler,36,,36,36,0,0,0,0,0,0,34,0,0,34,,,
1943,SLN,NL,litwhda01,Danny Litwhiler,80,,80,80,0,0,0,0,0,0,70,0,0,70,,,
1943,CHN,NL,livinmi01,Mickey Livingston,36,,36,36,0,31,4,0,0,0,0,0,0,0,,,
1943,PHI,NL,livinmi01,Mickey Livingston,84,,84,84,0,84,2,0,0,0,0,0,0,0,,,
1943,NY1,NL,lohrmbi01,Bill Lohrman,21,,21,21,17,0,0,0,0,0,0,0,0,0,,,
1943,BRO,NL,lohrmbi01,Bill Lohrman,6,,6,6,6,0,0,0,0,0,0,0,0,0,,,
1943,NY1,NL,lombaer01,Ernie Lombardi,104,,104,104,0,73,0,0,0,0,0,0,0,0,,,
1943,PIT,NL,lopezal01,Al Lopez,118,,118,118,0,116,0,0,1,0,0,0,0,0,,,
1943,CHN,NL,lowrepe01,Peanuts Lowrey,130,,130,130,0,0,0,3,0,16,0,113,0,113,,,
1943,PHA,AL,lowrysa01,Sam Lowry,5,,5,5,5,0,0,0,0,0,0,0,0,0,,,
1943,BOS,AL,lucielo01,Lou Lucier,16,,16,16,16,0,0,0,0,0,0,0,0,0,,,
1943,BOS,AL,lupieto01,Tony Lupien,154,,154,154,0,0,153,0,0,0,0,0,0,0,,,
1943,BSN,NL,macfada01,Danny MacFayden,10,,10,10,10,0,0,0,0,0,0,0,0,0,,,
1943,PHA,AL,mackife01,Felix Mackiewicz,9,,9,9,0,0,0,0,0,0,0,2,1,3,,,
1943,BRO,NL,maconma01,Max Macon,45,,45,45,25,0,3,0,0,0,0,0,0,0,,,
1943,PHA,AL,mainsji01,Jim Mains,1,,1,1,1,0,0,0,0,0,0,0,0,0,,,
1943,CIN,NL,mallobo01,Bob Malloy,6,,6,6,6,0,0,0,0,0,0,0,0,0,,,
1943,CHA,AL,maltzgo01,Gordon Maltzberger,37,,37,37,37,0,0,0,0,0,0,0,0,0,,,
1943,NY1,NL,mancugu01,Gus Mancuso,94,,94,94,0,77,0,0,0,0,0,0,0,0,,,
1943,SLN,NL,marioma01,Marty Marion,129,,129,129,0,0,0,0,0,128,0,0,0,0,,,
1943,WS1,AL,mariore01,Red Marion,14,,14,14,0,0,0,0,0,0,4,0,0,4,,,
1943,CIN,NL,marshma01,Max Marshall,132,,132,132,0,0,0,0,0,0,0,0,129,129,,,
1943,BSN,NL,martira01,Ray Martin,2,,2,2,2,0,0,0,0,0,0,0,0,0,,,
1943,CHN,NL,martist01,Stu Martin,64,,64,64,0,0,2,22,8,0,0,0,0,0,,,
1943,PHI,NL,matthda01,Dale Matthewson,12,,12,12,11,0,0,0,0,0,0,0,0,0,,,
1943,NY1,NL,maynabu01,Buster Maynard,121,,121,121,0,0,0,0,22,0,25,39,13,74,,,
1943,BOS,AL,mcbrito01,Tom McBride,26,,26,26,0,0,0,0,0,0,0,21,3,24,,,
1943,BSN,NL,mccarjo03,Johnny McCarthy,78,,78,78,0,0,78,0,0,0,0,0,0,0,,,
1943,CIN,NL,mccorfr01,Frank McCormick,126,,126,126,0,0,120,0,0,0,0,0,0,0,,,
1943,CIN,NL,mccormi02,Mike McCormick,4,,4,4,0,0,0,0,0,0,0,4,0,4,,,
1943,CHN,NL,mcculcl01,Clyde McCullough,87,,87,87,0,81,0,0,0,0,0,0,0,0,,,
1943,CLE,AL,mcdonji03,Jim McDonnell,2,,2,2,0,1,0,0,0,0,0,0,0,0,,,
1943,DET,AL,mchaljo01,John McHale,4,,4,4,0,0,0,0,0,0,0,0,0,0,,,
1943,SLA,AL,mckaiar01,Archie McKain,10,,10,10,10,0,0,0,0,0,0,0,0,0,,,
1943,PHI,NL,mckeero01,Roger McKee,4,,4,4,4,0,0,0,0,0,0,0,0,0,,,
1943,SLA,AL,mcquige02,George McQuinn,125,,125,125,0,0,122,0,0,0,0,0,0,0,,,
1943,NY1,NL,medwijo01,Joe Medwick,78,,78,78,0,0,3,0,0,0,74,0,0,74,,,
1943,BRO,NL,medwijo01,Joe Medwick,48,,48,48,0,0,0,0,0,0,42,0,0,42,,,
1943,NY1,NL,meltocl01,Cliff Melton,34,,34,34,34,0,0,0,0,0,0,0,0,0,,,
1943,BRO,NL,meltoru01,Rube Melton,30,,30,30,30,0,0,0,0,0,0,0,0,0,,,
1943,WS1,AL,mertzji01,Jim Mertz,33,,33,33,33,0,0,0,0,0,0,0,0,0,,,
1943,CHN,NL,merulle01,Lennie Merullo,129,,129,129,0,0,0,0,0,125,0,0,0,0,,,
1943,CIN,NL,mesnest01,Steve Mesner,137,,137,137,0,0,0,0,130,0,0,0,0,0,,,
1943,NYA,AL,methebu01,Bud Metheny,103,,103,103,0,0,0,0,0,0,0,0,91,91,,,
1943,BOS,AL,metkoca01,George Metkovich,78,,78,78,0,0,2,0,0,0,0,54,25,76,,,
1943,DET,AL,metroch01,Charlie Metro,44,,44,44,0,0,0,0,0,0,1,11,2,14,,,
1943,CHA,AL,michaca01,Cass Michaels,2,,2,2,0,0,0,0,2,0,0,0,0,0,,,
1943,BOS,AL,milesde01,Dee Miles,45,,45,45,0,0,0,0,0,0,1,24,0,25,,,
1943,CIN,NL,milleed03,Eddie Miller,154,,154,154,0,0,0,0,0,154,0,0,0,0,,,
1943,WS1,AL,milleox01,Ox Miller,3,,3,3,3,0,0,0,0,0,0,0,0,0,,,
1943,SLA,AL,milleox01,Ox Miller,2,,2,2,2,0,0,0,0,0,0,0,0,0,,,
1943,CLE,AL,milnaal01,Al Milnar,19,,19,19,16,0,0,0,0,0,0,0,0,0,,,
1943,SLA,AL,milnaal01,Al Milnar,3,,3,3,3,0,0,0,0,0,0,0,0,0,,,
1943,BRO,NL,moorede01,Dee Moore,37,,37,37,0,15,0,0,9,0,0,0,0,0,,,
1943,PHI,NL,moorede01,Dee Moore,37,,37,37,0,21,1,0,5,0,6,0,0,6,,,
1943,WS1,AL,moorege03,Gene Moore,92,,92,92,0,0,1,0,0,0,24,1,32,57,,,
1943,CHN,NL,mootyja01,Jake Mooty,2,,2,2,2,0,0,0,0,0,0,0,0,0,,,
1943,CHA,AL,moseswa01,Wally Moses,150,,150,150,0,0,0,0,0,0,0,23,125,148,,,
1943,CIN,NL,muellra01,Ray Mueller,141,,141,141,0,140,0,0,0,0,0,0,0,0,,,
1943,SLA,AL,muncrbo01,Bob Muncrief,35,,35,35,35,0,0,0,0,0,0,0,0,0,,,
1943,SLN,NL,mungere01,Red Munger,32,,32,32,32,0,0,0,0,0,0,0,0,0,,,
1943,NY1,NL,mungova01,Van Mungo,49,,49,49,45,0,0,0,0,0,0,0,0,0,,,
1943,NYA,AL,murphjo04,Johnny Murphy,37,,37,37,37,0,0,0,0,0,0,0,0,0,,,
1943,PHI,NL,murtada01,Danny Murtaugh,113,,113,113,0,0,0,113,0,0,0,0,0,0,,,
1943,SLN,NL,musiast01,Stan Musial,157,,157,157,0,0,0,0,0,0,34,10,117,155,,,
1943,WS1,AL,myattge01,George Myatt,42,,42,42,0,0,0,11,2,2,0,0,0,0,,,
1943,SLN,NL,narrosa01,Sam Narron,10,,10,10,0,3,0,0,0,0,0,0,0,0,,,
1943,PHI,NL,nayloea01,Earl Naylor,33,,33,33,0,0,0,0,0,0,0,33,0,33,,,
1943,CLE,AL,naymimi01,Mike Naymick,29,,29,29,29,0,0,0,0,0,0,0,0,0,,,
1943,DET,AL,newhoha01,Hal Newhouser,37,,37,37,37,0,0,0,0,0,0,0,0,0,,,
1943,SLA,AL,newsobo01,Bobo Newsom,10,,10,10,10,0,0,0,0,0,0,0,0,0,,,
1943,WS1,AL,newsobo01,Bobo Newsom,6,,6,6,6,0,0,0,0,0,0,0,0,0,,,
1943,BRO,NL,newsobo01,Bobo Newsom,22,,22,22,22,0,0,0,0,0,0,0,0,0,,,
1943,BOS,AL,newsodi01,Dick Newsome,27,,27,27,25,0,0,0,0,0,0,0,0,0,,,
1943,BOS,AL,newsosk01,Skeeter Newsome,114,,114,114,0,0,0,0,15,98,0,0,0,0,,,
1943,CHN,NL,nichobi01,Bill Nicholson,154,,154,154,0,0,0,0,0,0,0,0,154,154,,,
1943,BSN,NL,niemabu01,Butch Nieman,101,,101,101,0,0,0,0,0,0,76,1,16,93,,,
1943,CIN,NL,niemeja01,Jack Niemes,3,,3,3,3,0,0,0,0,0,0,0,0,0,,,
1943,SLA,AL,niggejo01,Johnny Niggeling,20,,20,20,20,0,0,0,0,0,0,0,0,0,,,
1943,WS1,AL,niggejo01,Johnny Niggeling,6,,6,6,6,0,0,0,0,0,0,0,0,0,,,
1943,PHI,NL,northro01,Ron Northey,147,,147,147,0,0,0,0,0,0,0,0,145,145,,,
1943,CHN,NL,noviklo01,Lou Novikoff,78,,78,78,0,0,0,0,0,0,60,1,0,61,,,
1943,PIT,NL,obrieto03,Tommy O'Brien,89,,89,89,0,0,0,0,9,0,17,0,31,48,,,
1943,BOS,AL,oneilem01,Emmett O'Neill,11,,11,11,11,0,0,0,0,0,0,0,0,0,,,
1943,PIT,NL,ordento01,Tony Ordenana,1,,1,1,0,0,0,0,0,1,0,0,0,0,,,
1943,BRO,NL,orengjo01,Joe Orengo,7,,7,7,0,0,0,0,6,0,0,0,0,0,,,
1943,NY1,NL,orengjo01,Joe Orengo,83,,83,83,0,0,82,0,0,0,0,0,0,0,,,
1943,DET,AL,orreljo01,Joe Orrell,10,,10,10,10,0,0,0,0,0,0,0,0,0,,,
1943,WS1,AL,ortizro01,Roberto Ortiz,1,,1,1,0,0,0,0,0,0,0,0,1,1,,,
1943,BRO,NL,osterfr01,Fritz Ostermueller,8,,8,8,7,0,0,0,0,0,0,0,0,0,,,
1943,SLA,AL,osterfr01,Fritz Ostermueller,11,,11,11,11,0,0,0,0,0,0,0,0,0,,,
1943,CHN,NL,ostrojo01,Johnny Ostrowski,10,,10,10,0,0,0,0,4,0,5,0,0,5,,,
1943,DET,AL,outlaji01,Jimmy Outlaw,20,,20,20,0,0,0,0,0,0,4,3,9,16,,,
1943,DET,AL,overmst01,Stubby Overmire,29,,29,29,29,0,0,0,0,0,0,0,0,0,,,
1943,PHI,NL,paddeto01,Tom Padden,17,,17,17,0,16,0,0,0,0,0,0,0,0,,,
1943,WS1,AL,paddeto01,Tom Padden,3,,3,3,0,2,0,0,0,0,0,0,0,0,,,
1943,CHN,NL,pafkoan01,Andy Pafko,13,,13,13,0,0,0,0,0,0,0,13,0,13,,,
1943,PHA,AL,paristo01,Tony Parisse,6,,6,6,0,5,0,0,0,0,0,0,0,0,,,
1943,DET,AL,parsodi01,Dixie Parsons,40,,40,40,0,40,0,0,0,0,0,0,0,0,,,
1943,BOS,AL,partero01,Roy Partee,96,,96,96,0,91,0,0,0,0,0,0,0,0,,,
1943,CHN,NL,passecl01,Claude Passeau,35,,35,35,35,0,0,0,0,0,0,0,0,0,,,
1943,BOS,AL,peacojo01,Johnny Peacock,48,,48,48,0,32,0,0,0,0,0,0,0,0,,,
1943,CLE,AL,peterru02,Rusty Peters,79,,79,79,0,0,0,6,46,14,2,0,0,2,,,
1943,SLA,AL,petersi01,Sid Peterson,3,,3,3,3,0,0,0,0,0,0,0,0,0,,,
1943,CHN,NL,plattwh01,Whitey Platt,20,,20,20,0,0,0,0,0,0,7,7,0,14,,,
1943,PHI,NL,podgajo01,Johnny Podgajny,13,,13,13,13,0,0,0,0,0,0,0,0,0,,,
1943,PIT,NL,podgajo01,Johnny Podgajny,21,,21,21,15,0,0,0,0,0,0,0,0,0,,,
1943,NY1,NL,polanhu01,Hugh Poland,4,,4,4,0,4,0,0,0,0,0,0,0,0,,,
1943,BSN,NL,polanhu01,Hugh Poland,44,,44,44,0,38,0,0,0,0,0,0,0,0,,,
1943,SLN,NL,polleho01,Howie Pollet,16,,16,16,16,0,0,0,0,0,0,0,0,0,,,
1943,SLA,AL,pottene01,Nels Potter,33,,33,33,33,0,0,0,0,0,0,0,0,0,,,
1943,WS1,AL,powelja03,Jake Powell,37,,37,37,0,0,0,0,0,0,25,8,0,33,,,
1943,WS1,AL,priddje01,Jerry Priddy,149,,149,149,0,0,0,134,1,15,0,0,0,0,,,
1943,DET,AL,radclri01,Rip Radcliff,70,,70,70,0,0,1,0,0,0,2,0,17,19,,,
1943,PHI,NL,raffeke01,Ken Raffensberger,1,,1,1,1,0,0,0,0,0,0,0,0,0,,,
1943,PIT,NL,rescixa01,Xavier Rescigno,37,,37,37,37,0,0,0,0,0,0,0,0,0,,,
1943,NY1,NL,reyesna01,Nap Reyes,40,,40,40,0,0,38,0,1,0,0,0,0,0,,,
1943,CLE,AL,reynoal01,Allie Reynolds,39,,39,39,34,0,0,0,0,0,0,0,0,0,,,
1943,DET,AL,richapa01,Paul Richards,100,,100,100,0,100,0,0,0,0,0,0,0,0,,,
1943,CIN,NL,riddlel01,Elmer Riddle,36,,36,36,36,0,0,0,0,0,0,0,0,0,,,
1943,PHA,AL,ripplji01,Jimmy Ripple,32,,32,32,0,0,0,0,0,0,10,0,21,31,,,
1943,WS1,AL,roberre01,Red Roberts,9,,9,9,0,0,0,0,1,6,0,0,0,0,,,
1943,WS1,AL,robersh01,Sherry Robertson,59,,59,59,0,0,0,0,27,1,0,0,0,0,,,
1943,NYA,AL,robinaa01,Aaron Robinson,1,,1,1,0,0,0,0,0,0,0,0,0,0,,,
1943,CLE,AL,roccomi01,Mickey Rocco,108,,108,108,0,0,108,0,0,0,0,0,0,0,,,
1943,CLE,AL,rosarbu01,Buddy Rosar,115,,115,115,0,114,0,0,0,0,0,0,0,0,,,
1943,PIT,NL,rubelal01,Al Rubeling,47,,47,47,0,0,0,44,1,0,0,0,0,0,,,
1943,NY1,NL,ruckejo01,Johnny Rucker,132,,132,132,0,0,0,0,0,0,0,117,0,117,,,
1943,PHA,AL,rullojo01,Joe Rullo,16,,16,16,0,0,0,16,0,0,0,0,0,0,,,
1943,PIT,NL,russeji01,Jim Russell,146,,146,146,0,0,6,0,0,0,133,2,2,134,,,
1943,NYA,AL,russoma01,Marius Russo,24,,24,24,24,0,0,0,0,0,0,0,0,0,,,
1943,CLE,AL,salveja01,Jack Salveson,23,,23,23,23,0,0,0,0,0,0,0,0,0,,,
1943,BSN,NL,salvoma01,Manny Salvo,21,,21,21,21,0,0,0,0,0,0,0,0,0,,,
1943,PHI,NL,salvoma01,Manny Salvo,1,,1,1,1,0,0,0,0,0,0,0,0,0,,,
1943,SLN,NL,sandera01,Ray Sanders,144,,144,144,0,0,141,0,0,0,0,0,0,0,,,
1943,SLA,AL,sanfofr01,Fred Sanford,3,,3,3,3,0,0,0,0,0,0,0,0,0,,,
1943,CHN,NL,sauered01,Ed Sauer,14,,14,14,0,0,0,0,0,0,13,0,0,13,,,
1943,BRO,NL,saylebi01,Bill Sayles,6,,6,6,5,0,0,0,0,0,0,0,0,0,,,
1943,NY1,NL,saylebi01,Bill Sayles,19,,19,19,18,0,0,0,0,0,0,0,0,0,,,
1943,WS1,AL,scarbra01,Ray Scarborough,24,,24,24,24,0,0,0,0,0,0,0,0,0,,,
1943,WS1,AL,scheeow01,Owen Scheetz,6,,6,6,6,0,0,0,0,0,0,0,0,0,,,
1943,PHA,AL,scheica01,Carl Scheib,6,,6,6,6,0,0,0,0,0,0,0,0,0,,,
1943,SLA,AL,schmuha01,Hank Schmulbach,1,,1,1,0,0,0,0,0,0,0,0,0,0,,,
1943,BRO,NL,schulho01,Howie Schultz,45,,45,45,0,0,45,0,0,0,0,0,0,0,,,
1943,SLA,AL,schuljo05,Joe Schultz,46,,46,46,0,26,0,0,0,0,0,0,0,0,,,
1943,CHN,NL,schusbi01,Bill Schuster,13,,13,13,0,0,0,0,0,13,0,0,0,0,,,
1943,NYA,AL,searske01,Ken Sears,60,,60,60,0,50,0,0,0,0,0,0,0,0,,,
1943,CLE,AL,seerepa01,Pat Seerey,26,,26,26,0,0,0,0,0,0,16,0,0,16,,,
1943,PHI,NL,seminan01,Andy Seminick,22,,22,22,0,22,0,0,0,0,1,0,0,1,,,
1943,NY1,NL,sewarfr01,Frank Seward,1,,1,1,1,0,0,0,0,0,0,0,0,0,,,
1943,PIT,NL,sewelri01,Rip Sewell,41,,41,41,35,0,0,0,0,0,0,0,0,0,,,
1943,CIN,NL,shouncl01,Clyde Shoun,45,,45,45,45,0,0,0,0,0,0,0,0,0,,,
1943,PIT,NL,shumaha01,Harry Shuman,11,,11,11,11,0,0,0,0,0,0,0,0,0,,,
1943,PHA,AL,siebedi01,Dick Siebert,146,,146,146,0,0,145,0,0,0,0,0,0,0,,,
1943,CHN,NL,signewa01,Walter Signer,4,,4,4,4,0,0,0,0,0,0,0,0,0,,,
1943,BOS,AL,simmoal01,Al Simmons,40,,40,40,0,0,0,0,0,0,33,0,0,33,,,
1943,PHA,AL,skafffr01,Frank Skaff,32,,32,32,0,0,18,0,3,1,0,0,0,0,,,
1943,CLE,AL,smithal03,Al Smith,30,,30,30,29,0,0,0,0,0,0,0,0,0,,,
1943,CHA,AL,smithed04,Eddie Smith,25,,25,25,25,0,0,0,0,0,0,0,0,0,,,
1943,CHA,AL,soltemo01,Moose Solters,42,,42,42,0,0,0,0,0,0,13,0,8,21,,,
1943,CHA,AL,speerfl01,Floyd Speer,1,,1,1,1,0,0,0,0,0,0,0,0,0,,,
1943,WS1,AL,spencst01,Stan Spence,149,,149,149,0,0,0,0,0,0,0,148,0,148,,,
1943,NYA,AL,staintu01,Tuck Stainback,71,,71,71,0,0,0,0,0,0,12,43,5,60,,,
1943,PHA,AL,stallge02,George Staller,21,,21,21,0,0,0,0,0,0,0,0,20,20,,,
1943,CHN,NL,stanked01,Eddie Stanky,142,,142,142,0,0,0,131,2,12,0,0,0,0,,,
1943,CIN,NL,starrra01,Ray Starr,36,,36,36,36,0,0,0,0,0,0,0,0,0,,,
1943,NY1,NL,stephjo01,Joe Stephenson,9,,9,9,0,6,0,0,0,0,0,0,0,0,,,
1943,SLA,AL,stephve01,Vern Stephens,137,,137,137,0,0,0,0,0,123,9,0,3,11,,,
1943,PHI,NL,stewagl01,Glen Stewart,110,,110,110,0,1,8,18,0,77,0,0,0,0,,,
1943,NYA,AL,stirnsn01,Snuffy Stirnweiss,83,,83,83,0,0,0,4,0,68,0,0,0,0,,,
1943,CIN,NL,stonero01,Rocky Stone,13,,13,13,13,0,0,0,0,0,0,0,0,0,,,
1943,BSN,NL,stoutal01,Allyn Stout,9,,9,9,9,0,0,0,0,0,0,0,0,0,,,
1943,PHA,AL,suderpe01,Pete Suder,131,,131,131,0,0,0,95,32,5,0,0,0,0,,,
1943,WS1,AL,sullijo06,John Sullivan,134,,134,134,0,0,0,0,0,133,0,0,0,0,,,
1943,SLA,AL,sundrst01,Steve Sundra,32,,32,32,32,0,0,0,0,0,0,0,0,0,,,
1943,NY1,NL,sunketo01,Tom Sunkel,1,,1,1,1,0,0,0,0,0,0,0,0,0,,,
1943,CLE,AL,suscege01,George Susce,3,,3,3,0,3,0,0,0,0,0,0,0,0,,,
1943,CHA,AL,swiftbi01,Bill Swift,18,,18,18,18,0,0,0,0,0,0,0,0,0,,,
1943,PHA,AL,swiftbo01,Bob Swift,77,,77,77,0,77,0,0,0,0,0,0,0,0,,,
1943,BOS,AL,taborji01,Jim Tabor,137,,137,137,0,0,0,0,133,0,2,0,0,2,,,
1943,BSN,NL,talcoro01,Roy Talcott,1,,1,1,1,0,0,0,0,0,0,0,0,0,,,
1943,BOS,AL,terryya01,Yank Terry,30,,30,30,30,0,0,0,0,0,0,0,0,0,,,
1943,CIN,NL,tiptoer01,Eric Tipton,140,,140,140,0,0,0,0,0,0,139,0,0,139,,,
1943,BSN,NL,tobinji01,Jim Tobin,46,,46,46,33,0,1,0,0,0,0,0,0,0,,,
1943,CHA,AL,treshmi01,Mike Tresh,86,,86,86,0,85,0,0,0,0,0,0,0,0,,,
1943,NY1,NL,trinkke01,Ken Trinkle,11,,11,11,11,0,0,0,0,0,0,0,0,0,,,
1943,SLN,NL,triplco01,Coaker Triplett,9,,9,9,0,0,0,0,0,0,2,0,4,6,,,
1943,PHI,NL,triplco01,Coaker Triplett,105,,105,105,0,0,0,0,0,0,90,0,0,90,,,
1943,DET,AL,troutdi01,Dizzy Trout,45,,45,45,44,0,0,0,0,0,0,0,0,0,,,
1943,DET,AL,truckvi01,Virgil Trucks,33,,33,33,33,0,0,0,0,0,0,0,0,0,,,
1943,CHA,AL,tucketh01,Thurman Tucker,139,,139,139,0,0,0,0,0,0,0,132,0,132,,,
1943,CLE,AL,turched01,Eddie Turchin,11,,11,11,0,0,0,0,4,2,0,0,0,0,,,
1943,NYA,AL,turneji01,Jim Turner,18,,18,18,18,0,0,0,0,0,0,0,0,0,,,
1943,CHA,AL,turneto01,Tom Turner,51,,51,51,0,49,0,0,0,0,0,0,0,0,,,
1943,PHA,AL,tyackji01,Jim Tyack,54,,54,54,0,0,0,0,0,0,9,2,27,38,,,
1943,DET,AL,unseral01,Al Unser,38,,38,38,0,37,0,0,0,0,0,0,0,0,,,
1943,CIN,NL,vandejo01,Johnny Vander Meer,40,,40,40,36,0,0,0,0,0,0,0,0,0,,,
1943,PIT,NL,vanroma01,Maurice Van Robays,69,,69,69,0,0,0,0,0,0,15,0,45,60,,,
1943,BRO,NL,vaughar01,Arky Vaughan,149,,149,149,0,0,0,0,55,99,0,0,0,0,,,
1943,WS1,AL,vernomi01,Mickey Vernon,145,,145,145,0,0,143,0,0,0,0,0,0,0,,,
1943,NY1,NL,voisebi01,Bill Voiselle,4,,4,4,4,0,0,0,0,0,0,0,0,0,,,
1943,PHA,AL,wagneha01,Hal Wagner,111,,111,111,0,99,0,0,0,0,0,0,0,0,,,
1943,DET,AL,wakefdi01,Dick Wakefield,155,,155,155,0,0,0,0,0,0,140,0,15,155,,,
1943,BRO,NL,walkedi02,Dixie Walker,138,,138,138,0,0,0,0,0,0,57,0,82,136,,,
1943,CIN,NL,walkege02,Gee Walker,114,,114,114,0,0,0,0,0,0,15,75,17,106,,,
1943,SLN,NL,walkeha01,Harry Walker,148,,148,148,0,0,0,1,0,0,0,143,1,144,,,
1943,CIN,NL,waltebu01,Bucky Walters,37,,37,37,34,0,0,0,0,0,0,0,0,0,,,
1943,BRO,NL,wanerpa01,Paul Waner,82,,82,82,0,0,0,0,0,0,1,0,56,57,,,
1943,CHN,NL,warnelo01,Lon Warneke,21,,21,21,21,0,0,0,0,0,0,0,0,0,,,
1943,PIT,NL,wasdeji01,Jimmy Wasdell,4,,4,4,0,0,0,0,0,0,0,0,0,0,,,
1943,PHI,NL,wasdeji01,Jimmy Wasdell,141,,141,141,0,0,82,0,0,0,39,22,5,56,,,
1943,NYA,AL,weathro01,Roy Weatherly,77,,77,77,0,0,0,0,0,0,0,68,0,68,,,
1943,BRO,NL,webbele01,Les Webber,54,,54,54,54,0,0,0,0,0,0,0,0,0,,,
1943,PHA,AL,welajjo01,Johnny Welaj,93,,93,93,0,0,0,0,0,0,15,27,32,72,,,
1943,NYA,AL,wenslbu01,Butch Wensloff,29,,29,29,29,0,0,0,0,0,0,0,0,0,,,
1943,PHA,AL,wheatwo01,Woody Wheaton,7,,7,7,0,0,0,0,0,0,0,7,0,7,,,
1943,SLN,NL,whiteer01,Ernie White,21,,21,21,14,0,0,0,0,0,0,0,0,0,,,
1943,DET,AL,whiteha01,Hal White,32,,32,32,32,0,0,0,0,0,0,0,0,0,,,
1943,PHA,AL,whitejo01,Jo-Jo White,139,,139,139,0,0,0,0,0,0,2,131,0,133,,,
1943,BSN,NL,wietewh01,Whitey Wietelmann,153,,153,153,0,0,0,0,0,153,0,0,0,0,,,
1943,CIN,NL,williwo01,Woody Williams,30,,30,30,0,0,0,12,7,5,0,0,0,0,,,
1943,NY1,NL,witekmi01,Mickey Witek,153,,153,153,0,0,0,153,0,0,0,0,0,0,,,
1943,NY1,NL,wittijo01,Johnnie Wittig,40,,40,40,40,0,0,0,0,0,0,0,0,0,,,
1943,PHA,AL,wolffro01,Roger Wolff,41,,41,41,41,0,0,0,0,0,0,0,0,0,,,
1943,CLE,AL,woodlge01,Gene Woodling,8,,8,8,0,0,0,0,0,0,0,1,5,6,,,
1943,BOS,AL,woodspi01,Pinky Woods,23,,23,23,23,0,0,0,0,0,0,0,0,0,,,
1943,BSN,NL,workmch01,Chuck Workman,153,,153,153,0,0,3,0,1,0,16,0,133,149,,,
1943,BRO,NL,wyattwh01,Whit Wyatt,27,,27,27,26,0,0,0,0,0,0,0,0,0,,,
1943,PIT,NL,wyrosjo01,Johnny Wyrostek,51,,51,51,0,0,1,1,2,0,5,6,9,20,,,
1943,SLA,AL,zarilal01,Al Zarilla,70,,70,70,0,0,0,0,0,0,0,6,56,60,,,
1943,NYA,AL,zuberbi01,Bill Zuber,20,,20,20,20,0,0,0,0,0,0,0,0,0,,,
