1961,CHA,AL,foxne01,Nellie Fox,159,,159,159,0,0,0,159,0,0,0,0,0,0,,,
1961,DET,AL,foxte01,Terry Fox,39,,39,39,39,0,0,0,0,0,0,0,0,0,,,
1961,CIN,NL,jayjo01,Joey Jay,34,,34,34,34,0,0,0,0,0,0,0,0,0,,,
1961,ML1,NL,lauch01,Charlie Lau,28,,28,28,0,25,0,0,0,0,0,0,0,0,,,
1961,BAL,AL,lauch01,Charlie Lau,17,,17,17,0,17,0,0,0,0,0,0,0,0,,,
1961,PIT,NL,lawve01,Vern Law,11,,11,11,11,0,0,0,0,0,0,0,0,0,,,
1961,MIN,AL,leedo01,Don Lee,37,,37,37,37,0,0,0,0,0,0,0,0,0,,,
1961,SFN,NL,aloufe01,Felipe Alou,132,,132,132,0,0,0,0,0,0,42,6,87,122,,,
1961,SFN,NL,alouma01,Matty Alou,81,,81,81,0,0,0,0,0,0,16,3,40,58,,,
1961,KC1,AL,bassno01,Norm Bass,41,,41,41,40,0,0,0,0,0,0,0,0,0,,,
1961,CLE,AL,bellga01,Gary Bell,34,,34,34,34,0,0,0,0,0,0,0,0,0,,,
1961,CIN,NL,bellgu01,Gus Bell,103,,103,103,0,0,0,0,0,0,43,1,33,75,,,
1961,WS2,AL,boakch01,Chet Boak,5,,5,5,0,0,0,1,0,0,0,0,0,0,,,
1961,CLE,AL,bondwa01,Walt Bond,38,,38,38,0,0,0,0,0,0,0,1,11,12,,,
1961,ML1,NL,boydbo01,Bob Boyd,36,,36,36,0,0,3,0,0,0,0,0,0,0,,,
1961,KC1,AL,boydbo01,Bob Boyd,26,,26,26,0,0,8,0,0,0,0,0,0,0,,,
1961,ML1,NL,buhlbo01,Bob Buhl,32,,32,32,32,0,0,0,0,0,0,0,0,0,,,
1961,DET,AL,cashno01,Norm Cash,159,,159,159,0,0,157,0,0,0,0,0,0,0,,,
1961,LAA,AL,cervbo01,Bob Cerv,18,,18,18,0,0,0,0,0,0,15,0,0,15,,,
1961,NYA,AL,cervbo01,Bob Cerv,57,,57,57,0,0,3,0,0,0,28,2,0,30,,,
1961,CIN,NL,cookcl01,Cliff Cook,4,,4,4,0,0,0,0,1,0,0,0,0,0,,,
1961,PIT,NL,facero01,Roy Face,62,,62,62,62,0,0,0,0,0,0,0,0,0,,,
1961,NYA,AL,fordwh01,Whitey Ford,39,,39,39,39,0,0,0,0,0,0,0,0,0,,,
1961,PIT,NL,fossla01,Larry Foss,3,,3,3,3,0,0,0,0,0,0,0,0,0,,,
1961,CLE,AL,funkfr01,Frank Funk,56,,56,56,56,0,0,0,0,0,0,0,0,0,,,
1961,MIN,AL,gielpa01,Paul Giel,15,,15,15,12,0,0,0,0,0,0,0,0,0,,,
1961,KC1,AL,gielpa01,Paul Giel,1,,1,1,1,0,0,0,0,0,0,0,0,0,,,
1961,BOS,AL,giledo01,Don Gile,8,,8,8,0,1,6,0,0,0,0,0,0,0,,,
1961,LAA,AL,grbael01,Eli Grba,42,,42,42,40,0,0,0,0,0,0,0,0,0,,,
1961,NYA,AL,halebo01,Bob Hale,11,,11,11,0,0,5,0,0,0,0,0,0,0,,,
1961,CLE,AL,halebo01,Bob Hale,42,,42,42,0,0,0,0,0,0,0,0,0,0,,,
1961,BAL,AL,halldi01,Dick Hall,30,,30,30,29,0,0,0,0,0,0,0,0,0,,,
1961,CLE,AL,heldwo01,Woodie Held,146,,146,146,0,0,0,0,0,144,0,0,0,0,,,
1961,PIT,NL,hoakdo01,Don Hoak,145,,145,145,0,0,0,0,143,0,0,0,0,0,,,
1961,CIN,NL,hookja01,Jay Hook,22,,22,22,22,0,0,0,0,0,0,0,0,0,,,
1961,LAA,AL,huntke01,Ken Hunt,149,,149,149,0,0,0,1,0,0,8,108,23,134,,,
1961,CIN,NL,huntke02,Ken Hunt,29,,29,29,29,0,0,0,0,0,0,0,0,0,,,
1961,BAL,AL,hydedi01,Dick Hyde,15,,15,15,15,0,0,0,0,0,0,0,0,0,,,
1961,MIN,AL,kaatji01,Jim Kaat,47,,47,47,36,0,0,0,0,0,0,0,0,0,,,
1961,WS2,AL,kingji01,Jim King,110,,110,110,0,1,0,0,0,0,25,0,67,91,,,
1961,KC1,AL,kirkbi01,Bill Kirk,1,,1,1,1,0,0,0,0,0,0,0,0,0,,,
1961,DET,AL,laryfr01,Frank Lary,42,,42,42,36,0,0,0,0,0,0,0,0,0,,,
1961,LAA,AL,leekge01,Gene Leek,57,,57,57,0,0,0,0,49,7,1,0,0,1,,,
1961,SFN,NL,loesbi01,Billy Loes,26,,26,26,26,0,0,0,0,0,0,0,0,0,,,
1961,WS2,AL,longda02,Dale Long,123,,123,123,0,0,95,0,0,0,0,0,0,0,,,
1961,CHA,AL,lookde01,Dean Look,3,,3,3,0,0,0,0,0,0,1,0,0,1,,,
1961,CHA,AL,lowntu01,Turk Lown,60,,60,60,59,0,0,0,0,0,0,0,0,0,,,
1961,NYA,AL,maasdu01,Duke Maas,1,,1,1,1,0,0,0,0,0,0,0,0,0,,,
1961,ML1,NL,mayele01,Lee Maye,110,,110,110,0,0,0,0,0,0,26,0,72,96,,,
1961,SFN,NL,mayswi01,Willie Mays,154,,154,154,0,0,0,0,0,0,0,153,0,153,,,
1961,LAN,NL,moonwa01,Wally Moon,134,,134,134,0,0,0,0,0,0,126,0,19,133,,,
1961,LAN,NL,nealch01,Charlie Neal,108,,108,108,0,0,0,104,0,0,0,0,0,0,,,
1961,CIN,NL,nunnho01,Howie Nunn,24,,24,24,24,0,0,0,0,0,0,0,0,0,,,
1961,BAL,AL,papajo01,John Papa,2,,2,2,2,0,0,0,0,0,0,0,0,0,,,
1961,CIN,NL,postwa01,Wally Post,99,,99,99,0,0,0,0,0,0,41,0,40,81,,,
1961,NYA,AL,reedja01,Jack Reed,28,,28,28,0,0,0,0,0,0,12,14,1,27,,,
1961,LAA,AL,ricede01,Del Rice,44,,44,44,0,30,0,0,0,0,0,0,0,0,,,
1961,ML1,NL,roofph01,Phil Roof,1,,1,1,0,1,0,0,0,0,0,0,0,0,,,
1961,CHA,AL,shawbo01,Bob Shaw,14,,14,14,14,0,0,0,0,0,0,0,0,0,,,
1961,KC1,AL,shawbo01,Bob Shaw,28,,28,28,26,0,0,0,0,0,0,0,0,0,,,
1961,PHI,NL,valoel01,Elmer Valo,50,,50,50,0,0,0,0,0,0,0,0,1,1,,,
1961,MIN,AL,valoel01,Elmer Valo,33,,33,33,0,0,0,0,0,0,1,0,0,1,,,
1961,WS2,AL,vealco01,Coot Veal,69,,69,69,0,0,0,0,0,63,0,0,0,0,,,
1961,CHN,NL,willbo01,Bob Will,86,,86,86,0,0,1,0,0,0,9,0,22,30,,,
1961,PIT,NL,wittge01,Red Witt,9,,9,9,9,0,0,0,0,0,0,0,0,0,,,
1961,DET,AL,woodja01,Jake Wood,162,,162,162,0,0,0,162,0,0,0,0,0,0,,,
1961,BOS,AL,woodwi01,Wilbur Wood,6,,6,6,6,0,0,0,0,0,0,0,0,0,,,
1961,CHA,AL,wynnea01,Early Wynn,17,,17,17,17,0,0,0,0,0,0,0,0,0,,,
1961,LAA,AL,yosted01,Eddie Yost,76,,76,76,0,0,0,0,67,0,0,0,0,0,,,
1961,BAL,AL,zupofr01,Frank Zupo,5,,5,5,0,4,0,0,0,0,0,0,0,0,,,
1961,ML1,NL,aaronha01,Hank Aaron,155,,155,155,0,0,0,0,2,0,0,71,88,154,,,
1961,BAL,AL,adairje01,Jerry Adair,133,,133,133,0,0,0,107,2,27,0,0,0,0,,,
1961,ML1,NL,adcocjo01,Joe Adcock,152,,152,152,0,0,148,0,0,0,0,0,0,0,,,
1961,DET,AL,aguirha01,Hank Aguirre,45,,45,45,45,0,0,0,0,0,0,0,0,0,,,
1961,CLE,AL,allenbo04,Bob Allen,48,,48,48,48,0,0,0,0,0,0,0,0,0,,,
1961,MIN,AL,allisbo01,Bob Allison,159,,159,159,0,0,18,0,0,0,0,0,150,150,,,
1961,CHN,NL,altmage01,George Altman,138,,138,138,0,0,3,0,0,0,1,25,115,130,,,
1961,MIN,AL,altobjo01,Joe Altobelli,41,,41,41,0,0,2,0,0,0,25,0,0,25,,,
1961,DET,AL,alusige01,George Alusik,15,,15,15,0,0,0,0,0,0,0,0,1,1,,,
1961,SFN,NL,amalfjo01,Joey Amalfitano,109,,109,109,0,0,0,95,6,0,0,0,0,0,,,
1961,PHI,NL,amaroru01,Ruben Amaro,135,,135,135,0,0,3,1,0,132,0,0,0,0,,,
1961,CHN,NL,anderbo01,Bob Anderson,57,,57,57,57,0,0,0,0,0,0,0,0,0,,,
1961,SLN,NL,andercr01,Craig Anderson,25,,25,25,25,0,0,0,0,0,0,0,0,0,,,
1961,CIN,NL,anderha02,Harry Anderson,4,,4,4,0,0,0,0,0,0,0,0,0,0,,,
1961,ML1,NL,antonjo02,Johnny Antonelli,9,,9,9,9,0,0,0,0,0,0,0,0,0,,,
1961,CLE,AL,antonjo02,Johnny Antonelli,12,,12,12,11,0,0,0,0,0,0,0,0,0,,,
1961,CHA,AL,aparilu01,Luis Aparicio,156,,156,156,0,0,0,0,0,156,0,0,0,0,,,
1961,KC1,AL,archeji02,Jim Archer,39,,39,39,39,0,0,0,0,0,0,0,0,0,,,
1961,LAA,AL,ardelda01,Dan Ardell,7,,7,7,0,0,1,0,0,0,0,0,0,0,,,
1961,MIN,AL,arrigge01,Gerry Arrigo,7,,7,7,7,0,0,0,0,0,0,0,0,0,,,
1961,NYA,AL,arroylu01,Luis Arroyo,65,,65,65,65,0,0,0,0,0,0,0,0,0,,,
1961,CHN,NL,ashburi01,Richie Ashburn,109,,109,109,0,0,0,0,0,0,14,62,0,76,,,
1961,LAN,NL,asprobo01,Bob Aspromonte,47,,47,47,0,0,0,2,9,4,0,0,0,0,,,
1961,LAA,AL,asproke01,Ken Aspromonte,66,,66,66,0,0,0,62,0,0,0,0,0,0,,,
1961,CLE,AL,asproke01,Ken Aspromonte,22,,22,22,0,0,0,21,0,0,0,0,0,0,,,
1961,LAA,AL,averiea02,Earl Averill,115,,115,115,0,88,0,1,0,0,9,0,0,9,,,
1961,SFN,NL,baileed01,Ed Bailey,107,,107,107,0,103,0,0,0,0,1,0,0,1,,,
1961,CIN,NL,baileed01,Ed Bailey,12,,12,12,0,12,0,0,0,0,0,0,0,0,,,
1961,PIT,NL,bakerge02,Gene Baker,9,,9,9,0,0,0,0,3,0,0,0,0,0,,,
1961,PHI,NL,baldsja01,Jack Baldschun,65,,65,65,65,0,0,0,0,0,0,0,0,0,,,
1961,CHN,NL,bankser01,Ernie Banks,138,,138,138,0,0,7,0,0,104,23,0,0,23,,,
1961,BAL,AL,barbest01,Steve Barber,37,,37,37,37,0,0,0,0,0,0,0,0,0,,,
1961,CHN,NL,barracu01,Cuno Barragan,10,,10,10,0,10,0,0,0,0,0,0,0,0,,,
1961,MIN,AL,batteea01,Earl Battey,133,,133,133,0,131,0,0,0,0,0,0,0,0,,,
1961,KC1,AL,bauerha01,Hank Bauer,43,,43,43,0,0,0,0,0,0,11,2,27,35,,,
1961,CHA,AL,baumafr01,Frank Baumann,55,,55,55,53,0,0,0,0,0,0,0,0,0,,,
1961,CIN,NL,baumeji01,Jim Baumer,10,,10,10,0,0,0,9,0,0,0,0,0,0,,,
1961,SLN,NL,bautaed01,Ed Bauta,13,,13,13,13,0,0,0,0,0,0,0,0,0,,,
1961,MIN,AL,becquju01,Julio Becquer,57,,57,57,1,0,18,0,0,0,5,0,0,5,,,
1961,LAA,AL,becquju01,Julio Becquer,11,,11,11,0,0,5,0,0,0,0,0,0,0,,,
1961,NYA,AL,berrayo01,Yogi Berra,119,,119,119,0,15,0,0,0,0,81,0,8,87,,,
1961,CHN,NL,bertedi01,Dick Bertell,92,,92,92,0,90,0,0,0,0,0,0,0,0,,,
1961,MIN,AL,bertore01,Reno Bertoia,35,,35,35,0,0,0,0,32,0,0,0,0,0,,,
1961,KC1,AL,bertore01,Reno Bertoia,39,,39,39,0,0,0,6,29,0,0,0,0,0,,,
1961,DET,AL,bertore01,Reno Bertoia,24,,24,24,0,0,0,7,13,1,0,0,0,0,,,
1961,CIN,NL,bevanha01,Hal Bevan,3,,3,3,0,0,0,0,0,0,0,0,0,0,,,
1961,LAA,AL,bilkost01,Steve Bilko,114,,114,114,0,0,86,0,0,0,0,0,3,3,,,
1961,NYA,AL,blancjo01,Johnny Blanchard,93,,93,93,0,48,0,0,0,0,8,0,7,15,,,
1961,SFN,NL,blasido01,Don Blasingame,3,,3,3,0,0,0,0,0,0,0,0,0,0,,,
1961,CIN,NL,blasido01,Don Blasingame,123,,123,123,0,0,0,116,0,0,0,0,0,0,,,
1961,SFN,NL,bolinbo01,Bobby Bolin,37,,37,37,37,0,0,0,0,0,0,0,0,0,,,
1961,ML1,NL,bollifr01,Frank Bolling,148,,148,148,0,0,0,148,0,0,0,0,0,0,,,
1961,BOS,AL,borlato01,Tom Borland,1,,1,1,1,0,0,0,0,0,0,0,0,0,,,
1961,DET,AL,borosst01,Steve Boros,116,,116,116,0,0,0,0,116,0,0,0,0,0,,,
1961,CHN,NL,bouched01,Ed Bouchee,112,,112,112,0,0,107,0,0,0,0,0,0,0,,,
1961,WS2,AL,bouldca01,Carl Bouldin,2,,2,2,2,0,0,0,0,0,0,0,0,0,,,
1961,SFN,NL,bowmaer01,Ernie Bowman,38,,38,38,0,0,0,13,7,12,0,0,0,0,,,
1961,LAA,AL,bowsfte01,Ted Bowsfield,46,,46,46,41,0,0,0,0,0,0,0,0,0,,,
1961,NYA,AL,boyercl02,Clete Boyer,148,,148,148,0,0,0,0,141,12,0,0,1,1,,,
1961,SLN,NL,boyerke01,Ken Boyer,153,,153,153,0,0,0,0,153,0,0,0,0,0,,,
1961,BAL,AL,brandja01,Jackie Brandt,139,,139,139,0,0,0,0,1,0,21,120,34,136,,,
1961,BAL,AL,breedma01,Marv Breeding,90,,90,90,0,0,0,80,0,0,0,0,0,0,,,
1961,SFN,NL,bressed01,Eddie Bressoud,59,,59,59,0,0,0,1,3,34,0,0,0,0,,,
1961,CHN,NL,breweji01,Jim Brewer,36,,36,36,36,0,0,0,0,0,0,0,0,0,,,
1961,BOS,AL,breweto01,Tom Brewer,18,,18,18,10,0,0,0,0,0,0,0,0,0,,,
1961,CHA,AL,briceal01,Alan Brice,3,,3,3,3,0,0,0,0,0,0,0,0,0,,,
1961,LAA,AL,brickfr02,Fritz Brickell,21,,21,21,0,0,0,0,0,17,0,0,0,0,,,
1961,CIN,NL,bridgma01,Marshall Bridges,13,,13,13,13,0,0,0,0,0,0,0,0,0,,,
1961,LAA,AL,bridgro01,Rocky Bridges,84,,84,84,0,0,0,58,4,25,0,0,0,0,,,
1961,WS2,AL,brighha01,Harry Bright,72,,72,72,0,8,0,1,40,0,0,0,0,0,,,
1961,WS2,AL,brinked01,Ed Brinkman,4,,4,4,0,0,0,0,3,0,0,0,0,0,,,
1961,CHN,NL,brocklo01,Lou Brock,4,,4,4,0,0,0,0,0,0,0,3,0,3,,,
1961,SLN,NL,brogler01,Ernie Broglio,29,,29,29,29,0,0,0,0,0,0,0,0,0,,,
1961,CIN,NL,brosnji01,Jim Brosnan,53,,53,53,53,0,0,0,0,0,0,0,0,0,,,
1961,DET,AL,browndi01,Dick Brown,93,,93,93,0,91,0,0,0,0,0,0,0,0,,,
1961,BAL,AL,brownha01,Hal Brown,27,,27,27,27,0,0,0,0,0,0,0,0,0,,,
1961,PHI,NL,brownpa01,Paul Brown,5,,5,5,5,0,0,0,0,0,0,0,0,0,,,
1961,DET,AL,brucebo01,Bob Bruce,14,,14,14,14,0,0,0,0,0,0,0,0,0,,,
1961,MIN,AL,bruckfr01,Fred Bruckbauer,1,,1,1,1,0,0,0,0,0,0,0,0,0,,,
1961,ML1,NL,brunege01,George Brunet,5,,5,5,5,0,0,0,0,0,0,0,0,0,,,
1961,DET,AL,brutobi01,Bill Bruton,160,,160,160,0,0,0,0,0,0,0,155,0,155,,,
1961,KC1,AL,bryanbi01,Billy Bryan,9,,9,9,0,4,0,0,0,0,0,0,0,0,,,
1961,SLN,NL,bucheje01,Jerry Buchek,31,,31,31,0,0,0,0,0,31,0,0,0,0,,,
1961,BOS,AL,buddido01,Don Buddin,115,,115,115,0,0,0,0,0,109,0,0,0,0,,,
1961,DET,AL,bunniji01,Jim Bunning,38,,38,38,38,0,0,0,0,0,0,0,0,0,,,
1961,ML1,NL,burdele01,Lew Burdette,42,,42,42,40,0,0,0,0,0,0,0,0,0,,,
1961,PIT,NL,burgesm01,Smoky Burgess,100,,100,100,0,92,0,0,0,0,0,0,0,0,,,
1961,LAA,AL,burkele02,Leo Burke,6,,6,6,0,0,0,0,0,0,0,0,0,0,,,
1961,WS2,AL,burnspe01,Pete Burnside,33,,33,33,33,0,0,0,0,0,0,0,0,0,,,
1961,CHN,NL,burwedi01,Dick Burwell,2,,2,2,2,0,0,0,0,0,0,0,0,0,,,
1961,BAL,AL,busbyji01,Jim Busby,75,,75,75,0,0,0,0,0,0,0,71,0,71,,,
1961,PHI,NL,buzhajo01,John Buzhardt,41,,41,41,41,0,0,0,0,0,0,0,0,0,,,
1961,PHI,NL,callijo01,Johnny Callison,138,,138,138,0,0,0,0,0,0,90,1,35,124,,,
1961,LAN,NL,camildo02,Doug Camilli,13,,13,13,0,12,0,0,0,0,0,0,0,0,,,
1961,SLN,NL,cannich01,Chris Cannizzaro,6,,6,6,0,5,0,0,0,0,0,0,0,0,,,
1961,CIN,NL,cardele01,Leo Cardenas,74,,74,74,0,0,0,0,0,63,0,0,0,0,,,
1961,CHN,NL,cardwdo01,Don Cardwell,40,,40,40,39,0,0,0,0,0,0,0,0,0,,,
1961,KC1,AL,careyan01,Andy Carey,39,,39,39,0,0,0,0,39,0,0,0,0,0,,,
1961,CHA,AL,careyan01,Andy Carey,56,,56,56,0,0,0,0,54,0,0,0,0,0,,,
1961,CHA,AL,carreca01,Cam Carreon,78,,78,78,0,71,0,0,0,0,0,0,0,0,,,
1961,LAA,AL,casalje01,Jerry Casale,13,,13,13,13,0,0,0,0,0,0,0,0,0,,,
1961,DET,AL,casalje01,Jerry Casale,3,,3,3,3,0,0,0,0,0,0,0,0,0,,,
1961,KC1,AL,causewa01,Wayne Causey,104,,104,104,0,0,0,9,88,11,0,0,0,0,,,
1961,SFN,NL,cepedor01,Orlando Cepeda,152,,152,152,0,0,81,0,0,0,64,0,17,80,,,
1961,CIN,NL,chacoel01,Elio Chacon,61,,61,61,0,0,0,42,0,0,3,0,5,7,,,
1961,LAA,AL,chancde01,Dean Chance,5,,5,5,5,0,0,0,0,0,0,0,0,0,,,
1961,PIT,NL,cheneto01,Tom Cheney,1,,1,1,1,0,0,0,0,0,0,0,0,0,,,
1961,WS2,AL,cheneto01,Tom Cheney,13,,13,13,10,0,0,0,0,0,0,0,0,0,,,
1961,DET,AL,chitiha01,Harry Chiti,5,,5,5,0,5,0,0,0,0,0,0,0,0,,,
1961,PIT,NL,chrisjo01,Joe Christopher,76,,76,76,0,0,0,0,0,0,45,5,5,55,,,
1961,ML1,NL,chrisne01,Neil Chrisley,10,,10,10,0,0,0,0,0,0,0,0,0,0,,,
1961,SLN,NL,cicotal01,Al Cicotte,29,,29,29,29,0,0,0,0,0,0,0,0,0,,,
1961,PIT,NL,cimolgi01,Gino Cimoli,21,,21,21,0,0,0,0,0,0,14,5,0,19,,,
1961,ML1,NL,cimolgi01,Gino Cimoli,37,,37,37,0,0,0,0,0,0,0,30,1,31,,,
1961,KC1,AL,ciprifr01,Frank Cipriani,13,,13,13,0,0,0,0,0,0,0,0,11,11,,,
1961,BOS,AL,ciscoga01,Galen Cisco,18,,18,18,17,0,0,0,0,0,0,0,0,0,,,
1961,SLN,NL,clemedo01,Doug Clemens,6,,6,6,0,0,0,0,0,0,2,0,2,3,,,
1961,PIT,NL,clemero01,Roberto Clemente,146,,146,146,0,0,0,0,0,0,0,1,144,144,,,
1961,PIT,NL,clenddo01,Donn Clendenon,9,,9,9,0,0,0,0,0,0,1,0,7,8,,,
1961,NYA,AL,clevete01,Tex Clevenger,21,,21,21,21,0,0,0,0,0,0,0,0,0,,,
1961,LAA,AL,clevete01,Tex Clevenger,12,,12,12,12,0,0,0,0,0,0,0,0,0,,,
1961,CLE,AL,clinety01,Ty Cline,12,,12,12,0,0,0,0,0,0,0,12,0,12,,,
1961,BOS,AL,clintlo01,Lou Clinton,17,,17,17,0,0,0,0,0,0,0,0,13,13,,,
1961,ML1,NL,clonito01,Tony Cloninger,19,,19,19,19,0,0,0,0,0,0,0,0,0,,,
1961,NYA,AL,coateji01,Jim Coates,43,,43,43,43,0,0,0,0,0,0,0,0,0,,,
1961,PHI,NL,cokerji01,Jimmie Coker,11,,11,11,0,11,0,0,0,0,0,0,0,0,,,
1961,DET,AL,colavro01,Rocky Colavito,163,,163,163,0,0,0,0,0,0,150,0,20,161,,,
1961,PHI,NL,colemch01,Choo-Choo Coleman,34,,34,34,0,14,0,0,0,0,0,0,0,0,,,
1961,CIN,NL,colemgo01,Gordy Coleman,150,,150,150,0,0,150,0,0,0,0,0,0,0,,,
1961,BOS,AL,conlege01,Gene Conley,33,,33,33,33,0,0,0,0,0,0,0,0,0,,,
1961,MIN,AL,consobi01,Billy Consolo,11,,11,11,0,0,0,3,1,3,0,0,0,0,,,
1961,WS2,AL,cottich01,Chuck Cottier,101,,101,101,0,0,0,100,0,0,0,0,0,0,,,
1961,DET,AL,cottich01,Chuck Cottier,10,,10,10,0,0,0,2,0,8,0,0,0,0,,,
1961,BAL,AL,courtcl01,Clint Courtney,22,,22,22,0,16,0,0,0,0,0,0,0,0,,,
1961,KC1,AL,courtcl01,Clint Courtney,1,,1,1,0,0,0,0,0,0,0,0,0,0,,,
1961,CHA,AL,covinwe01,Wes Covington,22,,22,22,0,0,0,0,0,0,11,0,3,14,,,
1961,KC1,AL,covinwe01,Wes Covington,17,,17,17,0,0,0,0,0,0,11,0,1,12,,,
1961,PHI,NL,covinwe01,Wes Covington,57,,57,57,0,0,0,0,0,0,10,0,36,45,,,
1961,ML1,NL,covinwe01,Wes Covington,9,,9,9,0,0,0,0,0,0,5,0,0,5,,,
1961,LAN,NL,craigro01,Roger Craig,40,,40,40,40,0,0,0,0,0,0,0,0,0,,,
1961,ML1,NL,crandde01,Del Crandall,15,,15,15,0,5,0,0,0,0,0,0,0,0,,,
1961,SLN,NL,crowege01,George Crowe,7,,7,7,0,0,0,0,0,0,0,0,0,0,,,
1961,MIN,AL,cuetobe01,Bert Cueto,7,,7,7,7,0,0,0,0,0,0,0,0,0,,,
1961,SLN,NL,cunnijo01,Joe Cunningham,113,,113,113,0,0,10,0,0,0,1,1,85,86,,,
1961,PHI,NL,curryto01,Tony Curry,15,,15,15,0,0,0,0,0,0,8,0,0,8,,,
1961,CHN,NL,curtija01,Jack Curtis,31,,31,31,31,0,0,0,0,0,0,0,0,0,,,
1961,CLE,AL,dailebi01,Bill Dailey,12,,12,12,12,0,0,0,0,0,0,0,0,0,,,
1961,KC1,AL,daleybu01,Bud Daley,16,,16,16,16,0,0,0,0,0,0,0,0,0,,,
1961,NYA,AL,daleybu01,Bud Daley,23,,23,23,23,0,0,0,0,0,0,0,0,0,,,
1961,WS2,AL,daleype01,Pete Daley,72,,72,72,0,72,0,0,0,0,0,0,0,0,,,
1961,PHI,NL,dalrycl01,Clay Dalrymple,129,,129,129,0,122,0,0,0,0,0,0,0,0,,,
1961,WS2,AL,daniebe02,Bennie Daniels,32,,32,32,32,0,0,0,0,0,0,0,0,0,,,
1961,SFN,NL,davenji01,Jim Davenport,137,,137,137,0,0,0,0,132,0,0,0,0,0,,,
1961,LAN,NL,davisto02,Tommy Davis,132,,132,132,0,0,0,0,59,0,44,39,30,86,,,
1961,LAN,NL,daviswi02,Willie Davis,128,,128,128,0,0,0,0,0,0,0,114,0,114,,,
1961,CHA,AL,degermi01,Mike DeGerick,1,,1,1,1,0,0,0,0,0,0,0,0,0,,,
1961,CLE,AL,delahmi01,Mike de la Hoz,61,,61,61,0,0,0,17,16,17,0,0,0,0,,,
1961,KC1,AL,delgrbo01,Bobby Del Greco,74,,74,74,0,0,0,0,0,0,0,73,0,73,,,
1961,PHI,NL,delgrbo01,Bobby Del Greco,41,,41,41,0,0,0,1,1,0,1,31,0,32,,,
1961,BOS,AL,delocik01,Ike Delock,28,,28,28,28,0,0,0,0,0,0,0,0,0,,,
1961,NYA,AL,demaejo01,Joe DeMaestri,30,,30,30,0,0,0,5,4,18,0,0,0,0,,,
1961,ML1,NL,demerjo01,John DeMerit,32,,32,32,0,0,0,0,0,0,2,5,15,21,,,
1961,PHI,NL,demetdo01,Don Demeter,106,,106,106,0,0,22,0,0,0,23,44,17,79,,,
1961,LAN,NL,demetdo01,Don Demeter,15,,15,15,0,0,0,0,0,0,0,3,12,14,,,
1961,CLE,AL,dillado01,Don Dillard,74,,74,74,0,0,0,0,0,0,14,24,1,39,,,
1961,KC1,AL,ditmaar01,Art Ditmar,20,,20,20,20,0,0,0,0,0,0,0,0,0,,,
1961,NYA,AL,ditmaar01,Art Ditmar,12,,12,12,12,0,0,0,0,0,0,0,0,0,,,
1961,MIN,AL,dobbeda01,Dan Dobbek,72,,72,72,0,0,0,0,0,0,32,10,13,48,,,
1961,LAA,AL,donohji01,Jim Donohue,38,,38,38,38,0,0,0,0,0,0,0,0,0,,,
1961,DET,AL,donohji01,Jim Donohue,14,,14,14,14,0,0,0,0,0,0,0,0,0,,,
1961,WS2,AL,donovdi01,Dick Donovan,24,,24,24,23,0,0,0,0,0,0,0,0,0,,,
1961,WS2,AL,dottedu01,Dutch Dotterer,7,,7,7,0,7,0,0,0,0,0,0,0,0,,,
1961,MIN,AL,dottega01,Gary Dotter,2,,2,2,2,0,0,0,0,0,0,0,0,0,,,
1961,NYA,AL,downial01,Al Downing,5,,5,5,5,0,0,0,0,0,0,0,0,0,,,
1961,ML1,NL,drabomo01,Moe Drabowsky,16,,16,16,16,0,0,0,0,0,0,0,0,0,,,
1961,CHN,NL,drakesa01,Sammy Drake,13,,13,13,0,0,0,0,0,0,0,0,1,1,,,
1961,BAL,AL,dropowa01,Walt Dropo,14,,14,14,0,0,12,0,0,0,0,0,0,0,,,
1961,CHN,NL,drottdi01,Dick Drott,35,,35,35,35,0,0,0,0,0,0,0,0,0,,,
1961,LAN,NL,drysddo01,Don Drysdale,40,,40,40,40,0,0,0,0,0,0,0,0,0,,,
1961,SFN,NL,duffaji01,Jim Duffalo,25,,25,25,24,0,0,0,0,0,0,0,0,0,,,
1961,NYA,AL,durenry01,Ryne Duren,4,,4,4,4,0,0,0,0,0,0,0,0,0,,,
1961,LAA,AL,durenry01,Ryne Duren,40,,40,40,40,0,0,0,0,0,0,0,0,0,,,
1961,BOS,AL,earlear01,Arnold Earley,33,,33,33,33,0,0,0,0,0,0,0,0,0,,,
1961,CIN,NL,edwarjo01,Johnny Edwards,52,,52,52,0,52,0,0,0,0,0,0,0,0,,,
1961,CHN,NL,ellswdi01,Dick Ellsworth,37,,37,37,37,0,0,0,0,0,0,0,0,0,,,
1961,CHN,NL,elstodo01,Don Elston,58,,58,58,58,0,0,0,0,0,0,0,0,0,,,
1961,CHA,AL,espossa01,Sammy Esposito,63,,63,63,0,0,0,11,28,20,0,0,0,0,,,
1961,KC1,AL,essegch01,Chuck Essegian,4,,4,4,0,0,0,0,0,0,1,0,0,1,,,
1961,BAL,AL,essegch01,Chuck Essegian,1,,1,1,0,0,0,0,0,0,0,0,0,0,,,
1961,CLE,AL,essegch01,Chuck Essegian,60,,60,60,0,0,0,0,0,0,16,19,16,49,,,
1961,BAL,AL,estrach01,Chuck Estrada,33,,33,33,33,0,0,0,0,0,0,0,0,0,,,
1961,LAN,NL,fairlro01,Ron Fairly,111,,111,111,0,0,23,0,0,0,6,15,53,71,,,
1961,SFN,NL,farlebo01,Bob Farley,13,,13,13,0,0,1,0,0,0,3,0,0,3,,,
1961,PHI,NL,farretu01,Turk Farrell,5,,5,5,5,0,0,0,0,0,0,0,0,0,,,
1961,LAN,NL,farretu01,Turk Farrell,50,,50,50,50,0,0,0,0,0,0,0,0,0,,,
1961,DET,AL,fernach01,Chico Fernandez,133,,133,133,0,0,0,0,8,121,0,0,0,0,,,
1961,PHI,NL,ferrado01,Don Ferrarese,43,,43,43,42,0,0,0,0,0,0,1,0,1,,,
1961,KC1,AL,fischbi01,Bill Fischer,15,,15,15,15,0,0,0,0,0,0,0,0,0,,,
1961,DET,AL,fischbi01,Bill Fischer,26,,26,26,26,0,0,0,0,0,0,0,0,0,,,
1961,SFN,NL,fisheed02,Eddie Fisher,15,,15,15,15,0,0,0,0,0,0,0,0,0,,,
1961,BAL,AL,fisheja01,Jack Fisher,36,,36,36,36,0,0,0,0,0,0,0,0,0,,,
1961,SLN,NL,floodcu01,Curt Flood,132,,132,132,0,0,0,0,0,0,0,119,0,119,,,
1961,BAL,AL,foileha01,Hank Foiles,43,,43,43,0,38,0,0,0,0,0,0,0,0,,,
1961,BOS,AL,fornimi01,Mike Fornieles,57,,57,57,57,0,0,0,0,0,0,0,0,0,,,
1961,LAA,AL,fowlear01,Art Fowler,53,,53,53,53,0,0,0,0,0,0,0,0,0,,,
1961,DET,AL,foytapa01,Paul Foytack,32,,32,32,32,0,0,0,0,0,0,0,0,0,,,
1961,PIT,NL,francea01,Earl Francis,23,,23,23,23,0,0,0,0,0,0,0,0,0,,,
1961,CLE,AL,francti01,Tito Francona,155,,155,155,0,0,14,0,0,0,138,0,0,138,,,
1961,DET,AL,freehbi01,Bill Freehan,4,,4,4,0,3,0,0,0,0,0,0,0,0,,,
1961,CHN,NL,freesge01,George Freese,9,,9,9,0,0,0,0,0,0,0,0,0,0,,,
1961,CIN,NL,freesge02,Gene Freese,152,,152,152,0,0,0,1,151,0,0,0,0,0,,,
1961,LAA,AL,fregoji01,Jim Fregosi,11,,11,11,0,0,0,0,0,11,0,0,0,0,,,
1961,PIT,NL,frienbo01,Bob Friend,41,,41,41,41,0,0,0,0,0,0,0,0,0,,,
1961,WS2,AL,gablega02,John Gabler,34,,34,34,29,0,0,0,0,0,0,0,0,0,,,
1961,CIN,NL,gainejo01,Joe Gaines,5,,5,5,0,0,0,0,0,0,1,2,0,3,,,
1961,WS2,AL,garcimi01,Mike Garcia,16,,16,16,16,0,0,0,0,0,0,0,0,0,,,
1961,MIN,AL,gardnbi02,Billy Gardner,45,,45,45,0,0,0,41,2,0,0,0,0,0,,,
1961,NYA,AL,gardnbi02,Billy Gardner,41,,41,41,0,0,0,6,33,0,0,0,0,0,,,
1961,LAA,AL,garvene01,Ned Garver,12,,12,12,12,0,0,0,0,0,0,0,0,0,,,
1961,BOS,AL,geigega01,Gary Geiger,140,,140,140,0,0,0,0,0,0,0,137,0,137,,,
1961,BAL,AL,gentiji01,Jim Gentile,148,,148,148,0,0,144,0,0,0,0,0,0,0,,,
1961,DET,AL,gernedi01,Dick Gernert,6,,6,6,0,0,0,0,0,0,0,0,0,0,,,
1961,CIN,NL,gernedi01,Dick Gernert,40,,40,40,0,0,21,0,0,0,0,0,0,0,,,
1961,PIT,NL,gibbojo01,Joe Gibbon,31,,31,31,30,0,0,0,0,0,0,0,0,0,,,
1961,SLN,NL,gibsobo01,Bob Gibson,40,,40,40,35,0,0,0,0,0,0,0,0,0,,,
1961,LAN,NL,gilliji01,Jim Gilliam,144,,144,144,0,0,0,71,74,0,11,0,0,11,,,
1961,CHA,AL,ginsbjo01,Joe Ginsberg,6,,6,6,0,2,0,0,0,0,0,0,0,0,,,
1961,BOS,AL,ginsbjo01,Joe Ginsberg,19,,19,19,0,6,0,0,0,0,0,0,0,0,,,
1961,DET,AL,gladdfr01,Fred Gladding,8,,8,8,8,0,0,0,0,0,0,0,0,0,,,
1961,LAN,NL,goldeji01,Jim Golden,28,,28,28,28,0,0,0,0,0,0,0,0,0,,,
1961,NYA,AL,gondeje01,Jesse Gonder,15,,15,15,0,0,0,0,0,0,0,0,0,0,,,
1961,PHI,NL,gonzato01,Tony Gonzalez,126,,126,126,0,0,0,0,0,0,1,86,34,118,,,
1961,CHA,AL,goodmbi01,Billy Goodman,41,,41,41,0,0,2,1,7,0,0,0,0,0,,,
1961,SLN,NL,gotayju01,Julio Gotay,10,,10,10,0,0,0,0,0,10,0,0,0,0,,,
1961,SLN,NL,grammal01,Alex Grammas,89,,89,89,0,0,0,18,3,65,0,0,0,0,,,
1961,CLE,AL,grantmu01,Mudcat Grant,48,,48,48,35,0,0,0,0,0,0,0,0,0,,,
1961,PHI,NL,greenda02,Dallas Green,42,,42,42,42,0,0,0,0,0,0,0,0,0,,,
1961,PIT,NL,greenfr01,Fred Green,13,,13,13,13,0,0,0,0,0,0,0,0,0,,,
1961,WS2,AL,greenge01,Gene Green,110,,110,110,0,79,0,0,0,0,0,0,21,21,,,
1961,MIN,AL,greenle01,Lenny Green,156,,156,156,0,0,0,0,0,0,56,141,4,153,,,
1961,BOS,AL,greenpu01,Pumpsie Green,88,,88,88,0,0,0,7,0,57,0,0,0,0,,,
1961,PIT,NL,groatdi01,Dick Groat,148,,148,148,0,0,0,0,1,144,0,0,0,0,,,
1961,DET,AL,grzenjo01,Joe Grzenda,4,,4,4,4,0,0,0,0,0,0,0,0,0,,,
1961,CHA,AL,hackewa02,Warren Hacker,42,,42,42,42,0,0,0,0,0,0,0,0,0,,,
1961,PIT,NL,haddiha01,Harvey Haddix,31,,31,31,29,0,0,0,0,0,0,0,0,0,,,
1961,SFN,NL,halleto01,Tom Haller,30,,30,30,0,25,0,0,0,0,0,0,0,0,,,
1961,CLE,AL,hamilst01,Steve Hamilton,2,,2,2,2,0,0,0,0,0,0,0,0,0,,,
1961,LAA,AL,hamlike01,Ken Hamlin,42,,42,42,0,0,0,0,0,39,0,0,0,0,,,
1961,KC1,AL,hankija01,Jay Hankins,76,,76,76,0,0,0,0,0,0,23,31,14,65,,,
1961,BAL,AL,hansero02,Ron Hansen,155,,155,155,0,0,0,7,0,149,0,0,0,0,,,
1961,BOS,AL,hardyca01,Carroll Hardy,85,,85,85,0,0,0,0,0,0,20,38,21,76,,,
1961,LAN,NL,harknti01,Tim Harkness,5,,5,5,0,0,2,0,0,0,0,0,0,0,,,
1961,BOS,AL,harrebi01,Billy Harrell,37,,37,37,0,0,3,0,10,7,0,0,0,0,,,
1961,CLE,AL,hawkiwy01,Wynn Hawkins,30,,30,30,30,0,0,0,0,0,0,0,0,0,,,
1961,WS2,AL,heisero01,Roy Heiser,3,,3,3,3,0,0,0,0,0,0,0,0,0,,,
1961,CHN,NL,heistal01,Al Heist,109,,109,109,0,0,0,0,0,0,0,99,0,99,,,
1961,CLE,AL,hemanru01,Russ Heman,6,,6,6,6,0,0,0,0,0,0,0,0,0,,,
1961,LAA,AL,hemanru01,Russ Heman,6,,6,6,6,0,0,0,0,0,0,0,0,0,,,
1961,ML1,NL,hendlbo01,Bob Hendley,19,,19,19,19,0,0,0,0,0,0,0,0,0,,,
1961,CIN,NL,henrybi01,Bill Henry,48,,48,48,47,0,0,0,0,0,0,0,0,0,,,
1961,MIN,AL,henryro01,Ron Henry,20,,20,20,0,5,1,0,0,0,0,0,0,0,,,
1961,KC1,AL,herbera01,Ray Herbert,13,,13,13,13,0,0,0,0,0,0,0,0,0,,,
1961,CHA,AL,herbera01,Ray Herbert,21,,21,21,21,0,0,0,0,0,0,0,0,0,,,
1961,WS2,AL,hernaru01,Rudy Hernandez,7,,7,7,7,0,0,0,0,0,0,0,0,0,,,
1961,PHI,NL,herrepa01,Pancho Herrera,126,,126,126,0,0,115,0,0,0,0,0,0,0,,,
1961,CHA,AL,hershmi01,Mike Hershberger,15,,15,15,0,0,0,0,0,0,1,9,3,13,,,
1961,BAL,AL,herzowh01,Whitey Herzog,113,,113,113,0,0,0,0,0,0,27,0,73,98,,,
1961,WS2,AL,hicksjo01,Joe Hicks,12,,12,12,0,0,0,0,0,0,3,0,4,7,,,
1961,SFN,NL,hillech01,Chuck Hiller,70,,70,70,0,0,0,67,0,0,0,0,0,0,,,
1961,BOS,AL,hillmda01,Dave Hillman,28,,28,28,28,0,0,0,0,0,0,0,0,0,,,
1961,WS2,AL,hintoch01,Chuck Hinton,106,,106,106,0,0,0,0,0,0,72,2,20,92,,,
1961,WS2,AL,hobaued01,Ed Hobaugh,27,,27,27,26,0,0,0,0,0,0,0,0,0,,,
1961,CHN,NL,hobbigl01,Glen Hobbie,36,,36,36,36,0,0,0,0,0,0,0,0,0,,,
1961,LAN,NL,hodgegi01,Gil Hodges,109,,109,109,0,0,100,0,0,0,0,0,0,0,,,
1961,BAL,AL,hoeftbi01,Billy Hoeft,35,,35,35,35,0,0,0,0,0,0,0,0,0,,,
1961,CHA,AL,horlejo01,Joe Horlen,5,,5,5,5,0,0,0,0,0,0,0,0,0,,,
1961,DET,AL,housefr03,Frank House,17,,17,17,0,14,0,0,0,0,0,0,0,0,,,
1961,NYA,AL,howarel01,Elston Howard,129,,129,129,0,111,9,0,0,0,0,0,0,0,,,
1961,LAN,NL,howarfr01,Frank Howard,92,,92,92,0,0,7,0,0,0,20,0,46,65,,,
1961,KC1,AL,howsedi01,Dick Howser,158,,158,158,0,0,0,0,0,157,0,0,0,0,,,
1961,CHN,NL,hubbske01,Ken Hubbs,10,,10,10,0,0,0,8,0,0,0,0,0,0,,,
1961,PIT,NL,jacksal01,Al Jackson,5,,5,5,3,0,0,0,0,0,0,0,0,0,,,
1961,SLN,NL,jacksla01,Larry Jackson,34,,34,34,33,0,0,0,0,0,0,0,0,0,,,
1961,MIN,AL,jacobja01,Jake Jacobs,4,,4,4,0,0,0,0,0,0,0,3,0,3,,,
1961,SLN,NL,jamesch01,Charlie James,108,,108,108,0,0,0,0,0,0,39,4,56,90,,,
1961,LAA,AL,jamesjo01,Johnny James,43,,43,43,36,0,0,0,0,0,0,0,0,0,,,
1961,NYA,AL,jamesjo01,Johnny James,1,,1,1,1,0,0,0,0,0,0,0,0,0,,,
1961,SLN,NL,javieju01,Julian Javier,113,,113,113,0,0,0,113,0,0,0,0,0,0,,,
1961,BOS,AL,jenseja01,Jackie Jensen,137,,137,137,0,0,0,0,0,0,2,0,129,131,,,
1961,WS2,AL,johnsbo02,Bob Johnson,61,,61,61,0,0,0,2,2,57,0,0,0,0,,,
1961,PHI,NL,johnsda01,Darrell Johnson,21,,21,21,0,21,0,0,0,0,0,0,0,0,,,
1961,CIN,NL,johnsda01,Darrell Johnson,20,,20,20,0,20,0,0,0,0,0,0,0,0,,,
1961,NYA,AL,johnsde01,Deron Johnson,13,,13,13,0,0,0,0,8,0,0,0,0,0,,,
1961,KC1,AL,johnsde01,Deron Johnson,83,,83,83,0,0,3,0,19,0,28,1,30,59,,,
1961,CIN,NL,johnske02,Ken Johnson,15,,15,15,15,0,0,0,0,0,0,0,0,0,,,
1961,KC1,AL,johnske02,Ken Johnson,6,,6,6,6,0,0,0,0,0,0,0,0,0,,,
1961,LAA,AL,johnslo01,Lou Johnson,1,,1,1,0,0,0,0,0,0,1,0,0,1,,,
1961,KC1,AL,johnsst01,Stan Johnson,3,,3,3,0,0,0,0,0,0,0,0,2,2,,,
1961,BAL,AL,jonesgo01,Gordon Jones,3,,3,3,3,0,0,0,0,0,0,0,0,0,,,
1961,CLE,AL,jonesha01,Hal Jones,12,,12,12,0,0,10,0,0,0,0,0,0,0,,,
1961,ML1,NL,jonesma01,Mack Jones,28,,28,28,0,0,0,0,0,0,0,26,0,26,,,
1961,SFN,NL,jonessa02,Sam Jones,37,,37,37,37,0,0,0,0,0,0,0,0,0,,,
1961,CIN,NL,jonessh02,Sherman Jones,24,,24,24,24,0,0,0,0,0,0,0,0,0,,,
1961,CIN,NL,joneswi01,Willie Jones,9,,9,9,0,0,0,0,1,0,0,0,0,0,,,
1961,DET,AL,kalinal01,Al Kaline,153,,153,153,0,0,0,0,1,0,1,22,141,147,,,
1961,CIN,NL,kaskoed01,Eddie Kasko,126,,126,126,0,0,0,6,12,112,0,0,0,0,,,
1961,KC1,AL,keegaed01,Ed Keegan,6,,6,6,6,0,0,0,0,0,0,0,0,0,,,
1961,CHA,AL,kemmeru01,Russ Kemmerer,47,,47,47,47,0,0,0,0,0,0,0,0,0,,,
1961,PHI,NL,kendeal01,Al Kenders,10,,10,10,0,10,0,0,0,0,0,0,0,0,,,
1961,WS2,AL,keougma01,Marty Keough,135,,135,135,0,0,10,0,0,0,63,25,18,100,,,
1961,MIN,AL,killeha01,Harmon Killebrew,150,,150,150,0,0,119,0,45,0,2,0,0,2,,,
1961,CHN,NL,kindaje01,Jerry Kindall,96,,96,96,0,0,0,50,0,47,0,0,0,0,,,
1961,CLE,AL,kirklwi01,Willie Kirkland,146,,146,146,0,0,0,0,0,0,0,0,138,138,,,
1961,WS2,AL,klausbi01,Billy Klaus,91,,91,91,0,0,0,1,51,18,1,0,0,1,,,
1961,KC1,AL,klimclo01,Lou Klimchock,57,,57,57,0,0,11,1,6,0,4,0,3,7,,,
1961,LAA,AL,klinero01,Ron Kline,26,,26,26,26,0,0,0,0,0,0,0,0,0,,,
1961,DET,AL,klinero01,Ron Kline,10,,10,10,10,0,0,0,0,0,0,0,0,0,,,
1961,WS2,AL,klippjo01,Johnny Klippstein,42,,42,42,42,0,0,0,0,0,0,0,0,0,,,
1961,LAA,AL,kluszte01,Ted Kluszewski,107,,107,107,0,0,66,0,0,0,0,0,0,0,,,
1961,DET,AL,kopliho01,Howie Koplitz,4,,4,4,4,0,0,0,0,0,0,0,0,0,,,
1961,PHI,NL,koppejo01,Joe Koppe,6,,6,6,0,0,0,0,0,5,0,0,0,0,,,
1961,LAA,AL,koppejo01,Joe Koppe,91,,91,91,0,0,0,3,1,88,0,0,0,0,,,
1961,LAN,NL,koufasa01,Sandy Koufax,42,,42,42,42,0,0,0,0,0,0,0,0,0,,,
1961,MIN,AL,kralija01,Jack Kralick,33,,33,33,33,0,0,0,0,0,0,0,0,0,,,
1961,KC1,AL,krausle02,Lew Krausse,13,,13,13,12,0,0,0,0,0,0,0,0,0,,,
1961,NYA,AL,kubekto01,Tony Kubek,153,,153,153,0,0,0,0,0,145,0,0,0,0,,,
1961,CLE,AL,kubisja01,Jack Kubiszyn,25,,25,25,0,0,0,2,8,7,0,0,0,0,,,
1961,SFN,NL,kuennha01,Harvey Kuenn,131,,131,131,0,0,0,0,32,1,67,0,31,93,,,
1961,KC1,AL,kunkebi01,Bill Kunkel,58,,58,58,58,0,0,0,0,0,0,0,0,0,,,
1961,WS2,AL,kutynma01,Marty Kutyna,50,,50,50,50,0,0,0,0,0,0,0,0,0,,,
1961,PIT,NL,labincl01,Clem Labine,56,,56,56,56,0,0,0,0,0,0,0,0,0,,,
1961,CHA,AL,landiji01,Jim Landis,140,,140,140,0,0,0,0,0,0,0,139,0,139,,,
1961,SLN,NL,landrdo01,Don Landrum,28,,28,28,0,0,0,1,0,0,6,20,4,25,,,
1961,SFN,NL,landrho01,Hobie Landrith,43,,43,43,0,30,0,0,0,0,0,0,0,0,,,
1961,LAN,NL,larkeno01,Norm Larker,97,,97,97,0,0,86,0,0,0,0,0,1,1,,,
1961,KC1,AL,larsedo01,Don Larsen,18,,18,18,8,0,0,0,0,0,1,0,0,1,,,
1961,CHA,AL,larsedo01,Don Larsen,25,,25,25,25,0,0,0,0,0,0,0,0,0,,,
1961,CLE,AL,latmaba01,Barry Latman,45,,45,45,45,0,0,0,0,0,0,0,0,0,,,
1961,BAL,AL,lehewji01,Jim Lehew,2,,2,2,2,0,0,0,0,0,0,0,0,0,,,
1961,PHI,NL,lehmake01,Ken Lehman,42,,42,42,41,0,0,0,0,0,0,0,0,0,,,
1961,SFN,NL,lemaydi01,Dick LeMay,27,,27,27,27,0,0,0,0,0,0,0,0,0,,,
1961,MIN,AL,lemonji01,Jim Lemon,129,,129,129,0,0,0,0,0,0,120,0,1,120,,,
1961,CHA,AL,lepcite01,Ted Lepcio,5,,5,5,0,0,0,0,1,0,0,0,0,0,,,
1961,MIN,AL,lepcite01,Ted Lepcio,47,,47,47,0,0,0,22,35,6,0,0,0,0,,,
1961,PIT,NL,leppedo02,Don Leppert,22,,22,22,0,21,0,0,0,0,0,0,0,0,,,
1961,SLN,NL,lillibo01,Bob Lillis,86,,86,86,0,0,0,24,0,56,0,0,0,0,,,
1961,LAN,NL,lillibo01,Bob Lillis,19,,19,19,0,0,0,1,12,1,0,0,0,0,,,
1961,CLE,AL,lockebo01,Bobby Locke,37,,37,37,37,0,0,0,0,0,0,0,0,0,,,
1961,ML1,NL,loganjo01,Johnny Logan,18,,18,18,0,0,0,0,0,2,0,0,0,0,,,
1961,PIT,NL,loganjo01,Johnny Logan,27,,27,27,0,0,0,0,7,6,0,0,0,0,,,
1961,CHA,AL,lollash01,Sherm Lollar,116,,116,116,0,107,0,0,0,0,0,0,0,0,,,
1961,NYA,AL,lopezhe01,Hector Lopez,93,,93,93,0,0,0,0,0,0,65,0,9,72,,,
1961,KC1,AL,lumpeje01,Jerry Lumpe,148,,148,148,0,0,0,147,0,0,0,0,0,0,,,
1961,CLE,AL,luploal01,Al Luplow,5,,5,5,0,0,0,0,0,0,1,0,4,5,,,
1961,CIN,NL,lynchje01,Jerry Lynch,96,,96,96,0,0,0,0,0,0,42,0,2,44,,,
1961,KC1,AL,mackego01,Gordon MacKenzie,11,,11,11,0,7,0,0,0,0,0,0,0,0,,,
1961,ML1,NL,mackeke01,Ken MacKenzie,5,,5,5,5,0,0,0,0,0,0,0,0,0,,,
1961,WS2,AL,maesthe01,Hector Maestri,1,,1,1,1,0,0,0,0,0,0,0,0,0,,,
1961,PHI,NL,mahafar01,Art Mahaffey,36,,36,36,36,0,0,0,0,0,0,0,0,0,,,
1961,WS2,AL,mahonji01,Jim Mahoney,43,,43,43,0,0,0,2,0,31,0,0,0,0,,,
1961,PHI,NL,malkmbo01,Bobby Malkmus,121,,121,121,0,0,0,58,25,34,0,0,0,0,,,
1961,CIN,NL,malonji01,Jim Maloney,30,,30,30,27,0,0,0,0,0,1,0,0,1,,,
1961,BOS,AL,malzofr01,Frank Malzone,151,,151,151,0,0,0,0,149,0,0,0,0,0,,,
1961,ML1,NL,mantife01,Felix Mantilla,45,,45,45,0,0,0,10,6,19,2,6,2,10,,,
1961,NYA,AL,mantlmi01,Mickey Mantle,153,,153,153,0,0,0,0,0,0,0,150,0,150,,,
1961,SFN,NL,maricju01,Juan Marichal,30,,30,30,29,0,0,0,0,0,0,0,0,0,,,
1961,NYA,AL,marisro01,Roger Maris,161,,161,161,0,0,0,0,0,0,0,11,156,160,,,
1961,SFN,NL,marshji01,Jim Marshall,44,,44,44,0,0,4,0,0,0,1,0,1,2,,,
1961,ML1,NL,martibi02,Billy Martin,6,,6,6,0,0,0,0,0,0,0,0,0,0,,,
1961,MIN,AL,martibi02,Billy Martin,108,,108,108,0,0,0,105,0,1,0,0,0,0,,,
1961,CHA,AL,martijc01,J. C. Martin,110,,110,110,0,0,60,0,36,0,0,0,0,0,,,
1961,ML1,NL,matheed01,Eddie Mathews,152,,152,152,0,0,0,0,151,0,0,0,0,0,,,
1961,CHN,NL,mathene01,Nelson Mathews,3,,3,3,0,0,0,0,0,0,0,2,0,2,,,
1961,WS2,AL,mathica01,Carl Mathias,4,,4,4,4,0,0,0,0,0,0,0,0,0,,,
1961,DET,AL,maxwech01,Charlie Maxwell,79,,79,79,0,0,0,0,0,0,22,0,4,25,,,
1961,PIT,NL,mazerbi01,Bill Mazeroski,152,,152,152,0,0,0,152,0,0,0,0,0,0,,,
1961,CHN,NL,mcanaji01,Jim McAnany,11,,11,11,0,0,0,0,0,0,0,0,1,1,,,
1961,DET,AL,mcauldi01,Dick McAuliffe,80,,80,80,0,0,0,0,22,55,0,0,0,0,,,
1961,PIT,NL,mcbeaal01,Al McBean,28,,28,28,27,0,0,0,0,0,0,0,0,0,,,
1961,LAA,AL,mcbrike01,Ken McBride,45,,45,45,38,0,0,0,0,0,0,0,0,0,,,
1961,SLN,NL,mccarti01,Tim McCarver,22,,22,22,0,20,0,0,0,0,0,0,0,0,,,
1961,WS2,AL,mcclajo01,Joe McClain,33,,33,33,33,0,0,0,0,0,0,0,0,0,,,
1961,SFN,NL,mccormi03,Mike McCormick,40,,40,40,40,0,0,0,0,0,0,0,0,0,,,
1961,SFN,NL,mccovwi01,Willie McCovey,106,,106,106,0,0,84,0,0,0,0,0,0,0,,,
1961,SLN,NL,mcdanli01,Lindy McDaniel,55,,55,55,55,0,0,0,0,0,0,0,0,0,,,
1961,KC1,AL,mcdermi03,Mickey McDermott,7,,7,7,4,0,0,0,0,0,0,0,0,0,,,
1961,SLN,NL,mcdermi03,Mickey McDermott,22,,22,22,19,0,0,0,0,0,0,0,0,0,,,
1961,NYA,AL,mcdevda01,Danny McDevitt,8,,8,8,8,0,0,0,0,0,0,0,0,0,,,
1961,MIN,AL,mcdevda01,Danny McDevitt,16,,16,16,16,0,0,0,0,0,0,0,0,0,,,
1961,CLE,AL,mcdowsa01,Sam McDowell,1,,1,1,1,0,0,0,0,0,0,0,0,0,,,
1961,CHA,AL,mclisca01,Cal McLish,31,,31,31,31,0,0,0,0,0,0,0,0,0,,,
1961,ML1,NL,mcmahdo02,Don McMahon,53,,53,53,53,0,0,0,0,0,0,0,0,0,,,
1961,ML1,NL,mcmilro01,Roy McMillan,154,,154,154,0,0,0,0,0,154,0,0,0,0,,,
1961,PIT,NL,mejiaro01,Roman Mejias,4,,4,4,0,0,0,0,0,0,2,0,0,2,,,
1961,PHI,NL,meyerja01,Jack Meyer,1,,1,1,1,0,0,0,0,0,0,0,0,0,,,
1961,SLN,NL,millebo04,Bob Miller,35,,35,35,34,0,0,0,0,0,0,0,0,0,,,
1961,SFN,NL,millest01,Stu Miller,64,,64,64,63,0,0,0,0,0,0,0,0,0,,,
1961,MIN,AL,minchdo01,Don Mincher,35,,35,35,0,0,29,0,0,0,0,0,0,0,,,
1961,CHA,AL,minosmi01,Minnie Minoso,152,,152,152,0,0,0,0,0,0,147,0,0,147,,,
1961,PIT,NL,mizelvi01,Vinegar Bend Mizell,25,,25,25,25,0,0,0,0,0,0,0,0,0,,,
1961,LAA,AL,moellro01,Ron Moeller,35,,35,35,33,0,0,0,0,0,0,0,0,0,,,
1961,BOS,AL,monbobi01,Bill Monbouquette,33,,33,33,32,0,0,0,0,0,0,0,0,0,,,
1961,DET,AL,montema01,Manny Montejo,12,,12,12,12,0,0,0,0,0,0,0,0,0,,,
1961,MIN,AL,moorera02,Ray Moore,46,,46,46,46,0,0,0,0,0,0,0,0,0,,,
1961,LAA,AL,moranbi02,Billy Moran,54,,54,54,0,0,0,51,0,2,0,0,0,0,,,
1961,ML1,NL,morehse01,Seth Morehead,12,,12,12,12,0,0,0,0,0,0,0,0,0,,,
1961,CLE,AL,morgajo01,Joe Morgan,4,,4,4,0,0,0,0,0,0,0,2,0,2,,,
1961,LAA,AL,morgato01,Tom Morgan,59,,59,59,59,0,0,0,0,0,0,0,0,0,,,
1961,CHN,NL,morhamo01,Moe Morhardt,7,,7,7,0,0,7,0,0,0,0,0,0,0,,,
1961,DET,AL,mortobu01,Bubba Morton,77,,77,77,0,0,0,0,0,0,8,2,20,30,,,
1961,SLN,NL,morynwa01,Walt Moryn,17,,17,17,0,0,0,0,0,0,3,0,4,7,,,
1961,PIT,NL,morynwa01,Walt Moryn,40,,40,40,0,0,0,0,0,0,6,0,5,11,,,
1961,DET,AL,mossido01,Don Mossi,35,,35,35,35,0,0,0,0,0,0,0,0,0,,,
1961,BOS,AL,muffebi01,Billy Muffett,38,,38,38,38,0,0,0,0,0,0,0,0,0,,,
1961,CHN,NL,murphda04,Danny Murphy,4,,4,4,0,0,0,0,0,0,0,0,4,4,,,
1961,SLN,NL,musiast01,Stan Musial,123,,123,123,0,0,0,0,0,0,103,0,0,103,,,
1961,MIN,AL,naragha01,Hal Naragon,57,,57,57,0,36,0,0,0,0,0,0,0,0,,,
1961,PHI,NL,neemaca01,Cal Neeman,19,,19,19,0,19,0,0,0,0,0,0,0,0,,,
1961,PIT,NL,nelsoro01,Rocky Nelson,75,,75,75,0,0,35,0,0,0,0,0,0,0,,,
1961,BOS,AL,nichoch02,Chet Nichols,26,,26,26,26,0,0,0,0,0,0,0,0,0,,,
1961,SLN,NL,niemabo01,Bob Nieman,6,,6,6,0,0,0,0,0,0,4,0,0,4,,,
1961,CLE,AL,niemabo01,Bob Nieman,39,,39,39,0,0,0,0,0,0,7,0,5,12,,,
1961,DET,AL,nischro01,Ron Nischwitz,6,,6,6,6,0,0,0,0,0,0,0,0,0,,,
1961,BOS,AL,nixonru01,Russ Nixon,87,,87,87,0,66,0,0,0,0,0,0,0,0,,,
1961,ML1,NL,nottedo01,Don Nottebart,38,,38,38,38,0,0,0,0,0,0,0,0,0,,,
1961,KC1,AL,nuxhajo01,Joe Nuxhall,56,,56,56,37,0,0,0,0,0,0,0,0,0,,,
1961,WS2,AL,oconnda02,Danny O'Connell,138,,138,138,0,0,0,61,73,0,0,0,0,0,,,
1961,SFN,NL,odellbi01,Billy O'Dell,49,,49,49,46,0,0,0,0,0,0,0,0,0,,,
1961,PIT,NL,oldisbo01,Bob Oldis,4,,4,4,0,4,0,0,0,0,0,0,0,0,,,
1961,SLN,NL,olivaed01,Ed Olivares,21,,21,21,0,0,0,0,0,0,5,0,5,10,,,
1961,SLN,NL,olivege01,Gene Oliver,22,,22,22,0,15,0,0,0,0,1,0,0,1,,,
1961,ML1,NL,olivoch01,Chi-Chi Olivo,3,,3,3,3,0,0,0,0,0,0,0,0,0,,,
1961,SFN,NL,orsinjo01,John Orsino,25,,25,25,0,25,0,0,0,0,0,0,0,0,,,
1961,LAN,NL,ortegph01,Phil Ortega,4,,4,4,4,0,0,0,0,0,0,0,0,0,,,
1961,DET,AL,osborbo02,Bobo Osborne,71,,71,71,0,0,11,0,8,0,0,0,0,0,,,
1961,WS2,AL,osteecl01,Claude Osteen,3,,3,3,3,0,0,0,0,0,0,0,0,0,,,
1961,CIN,NL,osteecl01,Claude Osteen,6,,6,6,1,0,0,0,0,0,1,0,0,1,,,
1961,CIN,NL,otoolji01,Jim O'Toole,39,,39,39,39,0,0,0,0,0,0,0,0,0,,,
1961,PHI,NL,owensji01,Jim Owens,21,,21,21,20,0,0,0,0,0,0,0,1,1,,,
1961,SFN,NL,paganjo01,Jose Pagan,134,,134,134,0,0,0,0,0,132,3,0,2,4,,,
1961,BOS,AL,pagliji01,Jim Pagliaroni,120,,120,120,0,108,0,0,0,0,0,0,0,0,,,
1961,MIN,AL,palmqed01,Ed Palmquist,9,,9,9,9,0,0,0,0,0,0,0,0,0,,,
1961,LAN,NL,palmqed01,Ed Palmquist,5,,5,5,5,0,0,0,0,0,0,0,0,0,,,
1961,BAL,AL,pappami01,Milt Pappas,26,,26,26,26,0,0,0,0,0,0,0,0,0,,,
1961,MIN,AL,pascuca02,Camilo Pascual,35,,35,35,35,0,0,0,0,0,0,0,0,0,,,
1961,LAA,AL,pearsal02,Albie Pearson,144,,144,144,0,0,0,0,0,0,1,46,76,113,,,
1961,LAN,NL,perraro01,Ron Perranoski,53,,53,53,53,0,0,0,0,0,0,0,0,0,,,
1961,CLE,AL,perryji01,Jim Perry,35,,35,35,35,0,0,0,0,0,0,0,0,0,,,
1961,CHA,AL,peterga01,Gary Peters,3,,3,3,3,0,0,0,0,0,0,0,0,0,,,
1961,KC1,AL,pfistda01,Dan Pfister,2,,2,2,2,0,0,0,0,0,0,0,0,0,,,
1961,CLE,AL,phillbu02,Bubba Phillips,143,,143,143,0,0,0,0,143,0,0,0,0,0,,,
1961,BAL,AL,phillda01,Dave Philley,99,,99,99,0,0,1,0,0,0,22,0,3,25,,,
1961,ML1,NL,pichero01,Ron Piche,12,,12,12,12,0,0,0,0,0,0,0,0,0,,,
1961,CHA,AL,piercbi02,Billy Pierce,39,,39,39,39,0,0,0,0,0,0,0,0,0,,,
1961,CLE,AL,piersji01,Jim Piersall,121,,121,121,0,0,0,0,0,0,0,120,0,120,,,
1961,KC1,AL,pignajo01,Joe Pignatano,92,,92,92,0,83,0,0,2,0,0,0,0,0,,,
1961,CHA,AL,pilaral01,Al Pilarcik,47,,47,47,0,0,0,0,0,0,2,14,1,17,,,
1961,KC1,AL,pilaral01,Al Pilarcik,35,,35,35,0,0,0,0,0,0,0,2,19,21,,,
1961,CIN,NL,pinsova01,Vada Pinson,154,,154,154,0,0,0,0,0,0,0,153,0,153,,,
1961,CHA,AL,pizarju01,Juan Pizarro,40,,40,40,39,0,0,0,0,0,0,0,0,0,,,
1961,MIN,AL,pleisbi01,Bill Pleis,37,,37,37,37,0,0,0,0,0,0,0,0,0,,,
1961,LAN,NL,podrejo01,Johnny Podres,32,,32,32,32,0,0,0,0,0,0,0,0,0,,,
1961,KC1,AL,posadle01,Leo Posada,116,,116,116,0,0,0,0,0,0,69,20,29,102,,,
1961,BAL,AL,powelbo01,Boog Powell,4,,4,4,0,0,0,0,0,0,3,0,0,3,,,
1961,CLE,AL,powervi01,Vic Power,147,,147,147,0,0,141,7,0,0,0,0,0,0,,,
1961,KC1,AL,prescbo01,Bobby Prescott,10,,10,10,0,0,0,0,0,0,2,0,0,2,,,
1961,CIN,NL,purkebo01,Bob Purkey,36,,36,36,36,0,0,0,0,0,0,0,0,0,,,
1961,KC1,AL,rakowed01,Ed Rakow,45,,45,45,45,0,0,0,0,0,0,0,0,0,,,
1961,MIN,AL,ramospe01,Pedro Ramos,53,,53,53,42,0,0,0,0,0,0,0,0,0,,,
1961,ML1,NL,raymocl01,Claude Raymond,13,,13,13,13,0,0,0,0,0,0,0,0,0,,,
1961,DET,AL,reganph01,Phil Regan,33,,33,33,32,0,0,0,0,0,0,0,0,0,,,
1961,NYA,AL,renifha01,Hal Reniff,25,,25,25,25,0,0,0,0,0,0,0,0,0,,,
1961,BOS,AL,repulri01,Rip Repulski,15,,15,15,0,0,0,0,0,0,4,0,0,4,,,
1961,WS2,AL,retzeke01,Ken Retzer,16,,16,16,0,16,0,0,0,0,0,0,0,0,,,
1961,NYA,AL,richabo01,Bobby Richardson,162,,162,162,0,0,0,161,0,0,0,0,0,0,,,
1961,KC1,AL,riverji01,Jim Rivera,64,,64,64,0,0,0,0,0,0,0,7,36,43,,,
1961,CHA,AL,riverji01,Jim Rivera,1,,1,1,0,0,0,0,0,0,0,0,0,0,,,
1961,CHN,NL,roachme01,Mel Roach,23,,23,23,0,0,7,7,0,0,0,0,0,0,,,
1961,ML1,NL,roachme01,Mel Roach,13,,13,13,0,0,2,0,0,0,9,0,0,9,,,
1961,DET,AL,roarkmi01,Mike Roarke,86,,86,86,0,85,0,0,0,0,0,0,0,0,,,
1961,PHI,NL,roberro01,Robin Roberts,26,,26,26,26,0,0,0,0,0,0,0,0,0,,,
1961,BAL,AL,robinbr01,Brooks Robinson,163,,163,163,0,0,0,2,163,1,0,0,0,0,,,
1961,BAL,AL,robinea01,Earl Robinson,96,,96,96,0,0,0,0,0,0,6,1,78,82,,,
1961,CHA,AL,robinfl01,Floyd Robinson,132,,132,132,0,0,0,0,0,0,0,0,106,106,,,
1961,CIN,NL,robinfr02,Frank Robinson,153,,153,153,0,0,0,0,1,0,52,3,99,150,,,
1961,CHN,NL,rodgean01,Andre Rodgers,73,,73,73,0,0,42,1,0,24,0,0,2,2,,,
1961,LAA,AL,rodgebu01,Buck Rodgers,16,,16,16,0,14,0,0,0,0,0,0,0,0,,,
1961,LAN,NL,roebued01,Ed Roebuck,5,,5,5,5,0,0,0,0,0,0,0,0,0,,,
1961,MIN,AL,rolliri01,Rich Rollins,13,,13,13,0,0,0,5,4,0,0,0,0,0,,,
1961,CLE,AL,romanjo01,John Romano,142,,142,142,0,141,0,0,0,0,0,0,0,0,,,
1961,LAN,NL,rosebjo01,John Roseboro,128,,128,128,0,125,0,0,0,0,0,0,0,0,,,
1961,CHA,AL,roselbo01,Bob Roselli,22,,22,22,0,10,0,0,0,0,0,0,0,0,,,
1961,BOS,AL,runnepe01,Pete Runnels,143,,143,143,0,0,113,7,11,1,0,0,0,0,,,
1961,SLN,NL,sadecra01,Ray Sadecki,36,,36,36,31,0,0,0,0,0,0,0,0,0,,,
1961,PHI,NL,sadowbo01,Bob Sadowski,16,,16,16,0,0,0,0,14,0,0,0,0,0,,,
1961,LAA,AL,sadowed01,Ed Sadowski,69,,69,69,0,56,0,0,0,0,0,0,0,0,,,
1961,MIN,AL,sadowte01,Ted Sadowski,15,,15,15,15,0,0,0,0,0,0,0,0,0,,,
1961,SFN,NL,sanfoja02,Jack Sanford,39,,39,39,38,0,0,0,0,0,0,0,0,0,,,
1961,CHN,NL,santoro01,Ron Santo,154,,154,154,0,0,0,0,153,0,0,0,0,0,,,
1961,LAA,AL,satrito01,Tom Satriano,35,,35,35,0,0,0,10,23,1,0,0,0,0,,,
1961,SLN,NL,sawatca01,Carl Sawatski,86,,86,86,0,60,0,0,0,0,0,1,0,1,,,
1961,SLN,NL,schafji01,Jimmie Schaffer,68,,68,68,0,68,0,0,0,0,0,0,0,0,,,
1961,CLE,AL,schafjo01,Joe Schaffernoth,15,,15,15,15,0,0,0,0,0,0,0,0,0,,,
1961,CHN,NL,schafjo01,Joe Schaffernoth,21,,21,21,21,0,0,0,0,0,0,0,0,0,,,
1961,BOS,AL,schilch01,Chuck Schilling,158,,158,158,0,0,0,158,0,0,0,0,0,0,,,
1961,SFN,NL,schmibo02,Bob Schmidt,2,,2,2,0,2,0,0,0,0,0,0,0,0,,,
1961,CIN,NL,schmibo02,Bob Schmidt,27,,27,27,0,27,0,0,0,0,0,0,0,0,,,
1961,SLN,NL,schoere01,Red Schoendienst,72,,72,72,0,0,0,32,0,0,0,0,0,0,,,
1961,PIT,NL,schofdi01,Dick Schofield,60,,60,60,0,0,0,5,11,9,2,0,2,3,,,
1961,MIN,AL,schroal01,Al Schroll,11,,11,11,11,0,0,0,0,0,0,0,0,0,,,
1961,CHN,NL,schulba01,Barney Schultz,41,,41,41,41,0,0,0,0,0,0,0,0,0,,,
1961,BOS,AL,schwado01,Don Schwall,27,,27,27,25,0,0,0,0,0,0,0,0,0,,,
1961,CHA,AL,scorehe01,Herb Score,8,,8,8,8,0,0,0,0,0,0,0,0,0,,,
1961,LAA,AL,semprra01,Ray Semproch,2,,2,2,2,0,0,0,0,0,0,0,0,0,,,
1961,PIT,NL,shantbo01,Bobby Shantz,44,,44,44,43,0,0,0,0,0,0,0,0,0,,,
1961,NYA,AL,sheldro01,Rollie Sheldon,36,,36,36,35,0,0,0,0,0,0,0,0,0,,,
1961,LAN,NL,sherrla01,Larry Sherry,53,,53,53,53,0,0,0,0,0,0,0,0,0,,,
1961,LAN,NL,sherrno01,Norm Sherry,47,,47,47,0,45,0,0,0,0,0,0,0,0,,,
1961,BAL,AL,shetrba01,Barry Shetrone,3,,3,3,0,0,0,0,0,0,0,2,0,2,,,
1961,KC1,AL,shoemch01,Charlie Shoemaker,7,,7,7,0,0,0,6,0,0,0,0,0,0,,,
1961,PHI,NL,shortch02,Chris Short,40,,40,40,39,1,0,0,0,0,0,0,0,0,,,
1961,KC1,AL,siebeno01,Norm Siebern,153,,153,153,0,0,109,0,0,0,47,0,0,47,,,
1961,CHA,AL,sievero01,Roy Sievers,141,,141,141,0,0,132,0,0,0,0,0,0,0,,,
1961,SLN,NL,simmocu01,Curt Simmons,32,,32,32,30,0,0,0,0,0,0,0,0,0,,,
1961,WS2,AL,sisleda01,Dave Sisler,45,,45,45,45,0,0,0,0,0,0,0,0,0,,,
1961,PIT,NL,skinnbo01,Bob Skinner,119,,119,119,0,0,0,0,0,0,97,0,0,97,,,
1961,NYA,AL,skowrbi01,Bill Skowron,150,,150,150,0,0,149,0,0,0,0,0,0,0,,,
1961,CHA,AL,smithal04,Al Smith,147,,147,147,0,0,0,0,80,0,10,3,59,71,,,
1961,PHI,NL,smithbo04,Bobby Smith,79,,79,79,0,0,0,0,0,0,33,3,12,47,,,
1961,LAN,NL,smithch04,Charley Smith,9,,9,9,0,0,0,0,4,3,0,0,0,0,,,
1961,PHI,NL,smithch04,Charley Smith,112,,112,112,0,0,0,0,94,14,0,0,0,0,,,
1961,PIT,NL,smithha08,Hal Smith,67,,67,67,0,65,0,0,0,0,0,0,0,0,,,
1961,SLN,NL,smithha09,Hal Smith,45,,45,45,0,45,0,0,0,0,0,0,0,0,,,
1961,LAN,NL,snidedu01,Duke Snider,85,,85,85,0,0,0,0,0,0,0,24,51,66,,,
1961,MIN,AL,snydeji02,Jim Snyder,3,,3,3,0,0,0,3,0,0,0,0,0,0,,,
1961,BAL,AL,snyderu01,Russ Snyder,115,,115,115,0,0,0,0,0,0,75,28,22,108,,,
1961,ML1,NL,spahnwa01,Warren Spahn,39,,39,39,38,0,0,0,0,0,0,0,0,0,,,
1961,ML1,NL,spangal01,Al Spangler,68,,68,68,0,0,0,0,0,0,23,21,1,44,,,
1961,SLN,NL,spencda01,Daryl Spencer,37,,37,37,0,0,0,0,0,37,0,0,0,0,,,
1961,LAN,NL,spencda01,Daryl Spencer,60,,60,60,0,0,0,0,57,3,0,0,0,0,,,
1961,LAA,AL,sprinja01,Jack Spring,18,,18,18,18,0,0,0,0,0,0,0,0,0,,,
1961,LAA,AL,sproubo01,Bob Sprout,1,,1,1,1,0,0,0,0,0,0,0,0,0,,,
1961,NYA,AL,staffbi01,Bill Stafford,36,,36,36,36,0,0,0,0,0,0,0,0,0,,,
1961,KC1,AL,stalege01,Gerry Staley,23,,23,23,23,0,0,0,0,0,0,0,0,0,,,
1961,DET,AL,stalege01,Gerry Staley,13,,13,13,13,0,0,0,0,0,0,0,0,0,,,
1961,CHA,AL,stalege01,Gerry Staley,16,,16,16,16,0,0,0,0,0,0,0,0,0,,,
1961,BOS,AL,stalltr01,Tracy Stallard,43,,43,43,43,0,0,0,0,0,0,0,0,0,,,
1961,MIN,AL,stangle01,Lee Stange,7,,7,7,7,0,0,0,0,0,0,0,0,0,,,
1961,KC1,AL,stephge01,Gene Stephens,62,,62,62,0,0,0,0,0,0,6,28,25,54,,,
1961,BAL,AL,stephge01,Gene Stephens,32,,32,32,0,0,0,0,0,0,27,5,5,30,,,
1961,WS2,AL,steverc01,R C Stevens,33,,33,33,0,0,25,0,0,0,0,0,0,0,,,
1961,CLE,AL,stigmdi01,Dick Stigman,22,,22,22,22,0,0,0,0,0,0,0,0,0,,,
1961,WS2,AL,stillro01,Ron Stillwell,8,,8,8,0,0,0,0,0,5,0,0,0,0,,,
1961,MIN,AL,stobbch01,Chuck Stobbs,24,,24,24,24,0,0,0,0,0,0,0,0,0,,,
1961,BAL,AL,stockwe01,Wes Stock,35,,35,35,35,0,0,0,0,0,0,0,0,0,,,
1961,PIT,NL,stuardi01,Dick Stuart,138,,138,138,0,0,132,0,0,0,1,0,0,1,,,
1961,PIT,NL,sturdto01,Tom Sturdivant,13,,13,13,13,0,0,0,0,0,0,0,0,0,,,
1961,WS2,AL,sturdto01,Tom Sturdivant,15,,15,15,15,0,0,0,0,0,0,0,0,0,,,
1961,PHI,NL,sullifr01,Frank Sullivan,49,,49,49,49,0,0,0,0,0,0,0,0,0,,,
1961,KC1,AL,sulliha02,Haywood Sullivan,117,,117,117,0,88,16,0,0,0,2,0,3,5,,,
1961,LAA,AL,tannech01,Chuck Tanner,7,,7,7,0,0,0,0,0,0,0,0,1,1,,,
1961,WS2,AL,tasbywi01,Willie Tasby,141,,141,141,0,0,0,0,0,0,0,138,1,139,,,
1961,SLN,NL,taussdo01,Don Taussig,98,,98,98,0,0,0,0,0,0,48,20,30,87,,,
1961,ML1,NL,tayloha04,Hawk Taylor,20,,20,20,0,1,0,0,0,0,4,0,1,5,,,
1961,CHN,NL,taylosa02,Sammy Taylor,89,,89,89,0,75,0,0,0,0,0,0,0,0,,,
1961,PHI,NL,tayloto02,Tony Taylor,106,,106,106,0,0,0,91,3,0,0,0,0,0,,,
1961,CLE,AL,templjo01,Johnny Temple,129,,129,129,0,0,0,129,0,0,0,0,0,0,,,
1961,NYA,AL,terryra01,Ralph Terry,31,,31,31,31,0,0,0,0,0,0,0,0,0,,,
1961,CHN,NL,thackmo01,Moe Thacker,25,,25,25,0,25,0,0,0,0,0,0,0,0,,,
1961,ML1,NL,thomafr03,Frank Thomas,124,,124,124,0,0,11,0,0,0,109,0,0,109,,,
1961,CHN,NL,thomafr03,Frank Thomas,15,,15,15,0,0,6,0,0,0,10,0,0,10,,,
1961,LAA,AL,thomage01,George Thomas,79,,79,79,0,0,0,0,38,0,24,17,4,45,,,
1961,DET,AL,thomage01,George Thomas,17,,17,17,0,0,0,0,0,1,0,0,2,2,,,
1961,NYA,AL,thomale03,Lee Thomas,2,,2,2,0,0,0,0,0,0,0,0,0,0,,,
1961,LAA,AL,thomale03,Lee Thomas,130,,130,130,0,0,34,0,0,0,26,0,65,86,,,
1961,CLE,AL,thomava01,Valmy Thomas,27,,27,27,0,27,0,0,0,0,0,0,0,0,,,
1961,LAA,AL,thronfa01,Faye Throneberry,24,,24,24,0,0,0,0,0,0,3,0,2,5,,,
1961,BAL,AL,thronma01,Marv Throneberry,56,,56,56,0,0,11,0,0,0,0,0,15,15,,,
1961,KC1,AL,thronma01,Marv Throneberry,40,,40,40,0,0,30,0,0,0,0,0,10,10,,,
1961,SLN,NL,tiefebo01,Bobby Tiefenauer,3,,3,3,3,0,0,0,0,0,0,0,0,0,,,
1961,NYA,AL,torgeea01,Earl Torgeson,22,,22,22,0,0,8,0,0,0,0,0,0,0,,,
1961,CHA,AL,torgeea01,Earl Torgeson,20,,20,20,0,0,1,0,0,0,0,0,0,0,,,
1961,ML1,NL,torrejo01,Joe Torre,113,,113,113,0,112,0,0,0,0,0,0,0,0,,,
1961,NYA,AL,treshto01,Tom Tresh,9,,9,9,0,0,0,0,0,3,0,0,0,0,,,
1961,BAL,AL,triangu01,Gus Triandos,115,,115,115,0,114,0,0,0,0,0,0,0,0,,,
1961,NYA,AL,turlebo01,Bob Turley,15,,15,15,15,0,0,0,0,0,0,0,0,0,,,
1961,KC1,AL,tuttlbi01,Bill Tuttle,25,,25,25,0,0,0,0,0,0,0,25,0,25,,,
1961,MIN,AL,tuttlbi01,Bill Tuttle,113,,113,113,0,0,0,2,85,0,0,63,6,64,,,
1961,PIT,NL,umbriji01,Jim Umbricht,1,,1,1,1,0,0,0,0,0,0,0,0,0,,,
1961,MIN,AL,valdijo01,Jose Valdivielso,76,,76,76,0,0,0,15,14,43,0,0,0,0,,,
1961,MIN,AL,versazo01,Zoilo Versalles,129,,129,129,0,0,0,0,0,129,0,0,0,0,,,
1961,PIT,NL,virdobi01,Bill Virdon,146,,146,146,0,0,0,0,0,0,0,145,0,145,,,
1961,DET,AL,virgioz01,Ozzie Virgil,20,,20,20,0,3,0,1,9,1,0,0,0,0,,,
1961,KC1,AL,virgioz01,Ozzie Virgil,11,,11,11,0,3,0,0,4,0,0,0,0,0,,,
1961,LAA,AL,wagnele01,Leon Wagner,133,,133,133,0,0,0,0,0,0,104,0,14,116,,,
1961,KC1,AL,walkeje01,Jerry Walker,45,,45,45,36,0,0,0,0,0,0,0,0,0,,,
1961,PHI,NL,wallsle01,Lee Walls,91,,91,91,0,0,28,0,26,0,11,1,8,17,,,
1961,PHI,NL,walteke01,Ken Walters,86,,86,86,0,0,5,0,1,0,0,4,53,56,,,
1961,SLN,NL,warwica01,Carl Warwick,55,,55,55,0,0,0,0,0,0,15,34,10,48,,,
1961,LAN,NL,warwica01,Carl Warwick,19,,19,19,0,0,0,0,0,0,6,5,1,12,,,
1961,SLN,NL,washbra01,Ray Washburn,3,,3,3,3,0,0,0,0,0,0,0,0,0,,,
1961,BOS,AL,wertzvi01,Vic Wertz,99,,99,99,0,0,86,0,0,0,0,0,0,0,,,
1961,DET,AL,wertzvi01,Vic Wertz,8,,8,8,0,0,0,0,0,0,0,0,0,0,,,
1961,CIN,NL,whisepe01,Pete Whisenant,26,,26,26,0,1,0,0,1,0,10,0,2,12,,,
1961,MIN,AL,whisepe01,Pete Whisenant,10,,10,10,0,0,0,0,0,0,5,0,0,5,,,
1961,SLN,NL,whitebi03,Bill White,153,,153,153,0,0,151,0,0,0,0,0,0,0,,,
1961,ML1,NL,whitesa02,Sammy White,21,,21,21,0,20,0,0,0,0,0,0,0,0,,,
1961,KC1,AL,wickeda01,Dave Wickersham,17,,17,17,17,0,0,0,0,0,0,0,0,0,,,
1961,BAL,AL,wilheho01,Hoyt Wilhelm,51,,51,51,51,0,0,0,0,0,0,0,0,0,,,
1961,ML1,NL,willeca01,Carl Willey,35,,35,35,35,0,0,0,0,0,0,0,0,0,,,
1961,CHN,NL,willibi01,Billy Williams,146,,146,146,0,0,0,0,0,0,110,0,27,135,,,
1961,BAL,AL,willidi02,Dick Williams,103,,103,103,0,0,20,0,2,0,73,2,2,75,,,
1961,PHI,NL,willige01,George Williams,17,,17,17,0,0,0,15,0,0,0,0,0,0,,,
1961,LAN,NL,willist02,Stan Williams,41,,41,41,41,0,0,0,0,0,0,0,0,0,,,
1961,LAN,NL,willsma01,Maury Wills,148,,148,148,0,0,0,0,0,148,0,0,0,0,,,
1961,BOS,AL,willste01,Ted Wills,17,,17,17,17,0,0,0,0,0,0,0,0,0,,,
1961,LAN,NL,windhgo01,Gordie Windhorn,34,,34,34,0,0,0,0,0,0,5,3,9,17,,,
1961,WS2,AL,woodeha01,Hal Woodeshick,7,,7,7,7,0,0,0,0,0,0,0,0,0,,,
1961,DET,AL,woodeha01,Hal Woodeshick,12,,12,12,12,0,0,0,0,0,0,0,0,0,,,
1961,WS2,AL,woodlge01,Gene Woodling,110,,110,110,0,0,0,0,0,0,15,0,77,90,,,
1961,PHI,NL,woodsji01,Jim Woods,23,,23,23,0,0,0,0,15,0,0,0,0,0,,,
1961,CHN,NL,wrighme01,Mel Wright,11,,11,11,11,0,0,0,0,0,0,0,0,0,,,
1961,KC1,AL,wyattjo02,John Wyatt,5,,5,5,5,0,0,0,0,0,0,0,0,0,,,
1961,BOS,AL,yastrca01,Carl Yastrzemski,148,,148,148,0,0,0,0,0,0,147,0,0,147,,,
1961,SFN,NL,zannido01,Dom Zanni,8,,8,8,8,0,0,0,0,0,0,0,0,0,,,
1961,CHN,NL,zimmedo01,Don Zimmer,128,,128,128,0,0,0,116,5,0,0,0,1,1,,,
1961,CIN,NL,zimmeje01,Jerry Zimmerman,76,,76,76,0,76,0,0,0,0,0,0,0,0,,,
1961,WS2,AL,zipfebu01,Bud Zipfel,50,,50,50,0,0,44,0,0,0,0,0,0,0,,,
