1967,WS2,AL,coxca01,Casey Cox,54,,54,54,54,0,0,0,0,0,0,0,0,0,,,
1967,BOS,AL,foyjo01,Joe Foy,130,,130,130,0,0,0,0,118,0,0,0,1,1,,,
1967,CLE,AL,gilgu01,Gus Gil,51,,51,51,0,0,1,49,0,0,0,0,0,0,,,
1967,ATL,NL,lauch01,Charlie Lau,52,,52,52,0,0,0,0,0,0,0,0,0,0,,,
1967,BAL,AL,lauch01,Charlie Lau,11,,11,11,0,0,0,0,0,0,0,0,0,0,,,
1967,PIT,NL,lawve01,Vern Law,26,,26,26,25,0,0,0,0,0,0,0,0,0,,,
1967,LAN,NL,leebo01,Bob Lee,4,,4,4,4,0,0,0,0,0,0,0,0,0,,,
1967,CIN,NL,leebo01,Bob Lee,27,,27,27,27,0,0,0,0,0,0,0,0,0,,,
1967,ATL,NL,lummi01,Mike Lum,9,,9,9,0,0,0,0,0,0,0,6,0,6,,,
1967,BAL,AL,mayda01,Dave May,36,,36,36,0,0,0,0,0,0,1,0,18,19,,,
1967,PIT,NL,mayje01,Jerry May,110,,110,110,0,110,0,0,0,0,0,0,0,0,,,
1967,CIN,NL,mayle01,Lee May,127,,127,127,0,0,81,0,0,0,32,0,16,48,,,
1967,WS2,AL,nendi01,Dick Nen,110,,110,110,0,0,65,0,0,0,1,0,0,1,,,
1967,CHN,NL,nyeri01,Rich Nye,35,,35,35,35,0,0,0,0,0,0,0,0,0,,,
1967,CHA,AL,ageeto01,Tommie Agee,158,,158,158,0,0,0,0,0,0,10,136,9,152,,,
1967,KC1,AL,akerja01,Jack Aker,57,,57,57,57,0,0,0,0,0,0,0,0,0,,,
1967,ATL,NL,aloufe01,Felipe Alou,140,,140,140,0,0,85,0,0,0,24,30,5,56,,,
1967,SFN,NL,alouje01,Jesus Alou,129,,129,129,0,0,0,0,0,0,79,0,50,123,,,
1967,PIT,NL,alouma01,Matty Alou,139,,139,139,0,0,1,0,0,0,0,134,0,134,,,
1967,BOS,AL,bellga01,Gary Bell,29,,29,29,29,0,0,0,0,0,0,0,0,0,,,
1967,CLE,AL,bellga01,Gary Bell,9,,9,9,9,0,0,0,0,0,0,0,0,0,,,
1967,MIN,AL,bondwa01,Walt Bond,10,,10,10,0,0,0,0,0,0,3,0,0,3,,,
1967,PHI,NL,buhlbo01,Bob Buhl,3,,3,3,3,0,0,0,0,0,0,0,0,0,,,
1967,DET,AL,cashno01,Norm Cash,152,,152,152,0,0,146,0,0,0,0,0,0,0,,,
1967,CHN,NL,culpra01,Ray Culp,30,,30,30,30,0,0,0,0,0,0,0,0,0,,,
1967,LAN,NL,deanto01,Tommy Dean,12,,12,12,0,0,0,0,0,12,0,0,0,0,,,
1967,LAN,NL,egandi02,Dick Egan,20,,20,20,20,0,0,0,0,0,0,0,0,0,,,
1967,CAL,AL,eganto01,Tom Egan,1,,1,1,0,1,0,0,0,0,0,0,0,0,,,
1967,PIT,NL,facero01,Roy Face,61,,61,61,61,0,0,0,0,0,0,0,0,0,,,
1967,NYA,AL,fordwh01,Whitey Ford,7,,7,7,7,0,0,0,0,0,0,0,0,0,,,
1967,PHI,NL,halldi01,Dick Hall,48,,48,48,48,0,0,0,0,0,0,0,0,0,,,
1967,CAL,AL,hallji02,Jimmie Hall,129,,129,129,0,0,0,0,0,0,2,6,116,120,,,
1967,SFN,NL,hartji01,Jim Ray Hart,158,,158,158,0,0,0,0,89,0,72,0,0,72,,,
1967,CAL,AL,heldwo01,Woodie Held,58,,58,58,0,0,0,3,19,13,8,10,1,17,,,
1967,BAL,AL,heldwo01,Woodie Held,26,,26,26,0,0,0,9,5,0,2,0,0,2,,,
1967,LAN,NL,huntro01,Ron Hunt,110,,110,110,0,0,0,90,8,0,0,0,0,0,,,
1967,CHA,AL,johnto01,Tommy John,31,,31,31,31,0,0,0,0,0,0,0,0,0,,,
1967,MIN,AL,kaatji01,Jim Kaat,45,,45,45,42,0,0,0,0,0,0,0,0,0,,,
1967,HOU,NL,kingha01,Hal King,15,,15,15,0,11,0,0,0,0,0,0,0,0,,,
1967,CLE,AL,kingji01,Jim King,19,,19,19,0,0,0,0,0,0,0,0,1,1,,,
1967,CHA,AL,kingji01,Jim King,23,,23,23,0,0,0,0,0,0,1,0,12,12,,,
1967,WS2,AL,kingji01,Jim King,47,,47,47,0,1,0,0,0,0,0,0,31,31,,,
1967,PHI,NL,linzph01,Phil Linz,23,,23,23,0,0,0,0,1,7,0,0,0,0,,,
1967,NYN,NL,linzph01,Phil Linz,24,,24,24,0,0,0,11,1,8,1,0,0,1,,,
1967,PHI,NL,lockdo01,Don Lock,112,,112,112,0,0,0,0,0,0,1,96,1,97,,,
1967,CLE,AL,lundgo01,Gordy Lund,3,,3,3,0,0,0,0,0,2,0,0,0,0,,,
1967,BOS,AL,lylesp01,Sparky Lyle,27,,27,27,27,0,0,0,0,0,0,0,0,0,,,
1967,CLE,AL,mayele01,Lee Maye,115,,115,115,0,0,0,1,0,0,23,10,54,77,,,
1967,SFN,NL,mayswi01,Willie Mays,141,,141,141,0,0,0,0,0,0,0,134,0,134,,,
1967,PIT,NL,motama01,Manny Mota,120,,120,120,0,0,0,0,2,0,48,48,13,99,,,
1967,CHA,AL,nashco01,Cotton Nash,3,,3,3,0,0,3,0,0,0,0,0,0,0,,,
1967,KC1,AL,nashji01,Jim Nash,37,,37,37,37,0,0,0,0,0,0,0,0,0,,,
1967,WS2,AL,nolddi01,Dick Nold,7,,7,7,7,0,0,0,0,0,0,0,0,0,,,
1967,KC1,AL,odombl01,Blue Moon Odom,33,,33,33,29,0,0,0,0,0,0,0,0,0,,,
1967,NYN,NL,otisam01,Amos Otis,19,,19,19,0,0,0,0,1,0,2,14,3,16,,,
1967,DET,AL,penaor01,Orlando Peña,2,,2,2,2,0,0,0,0,0,0,0,0,0,,,
1967,CLE,AL,penaor01,Orlando Peña,48,,48,48,48,0,0,0,0,0,0,0,0,0,,,
1967,HOU,NL,reedho01,Howie Reed,4,,4,4,4,0,0,0,0,0,0,0,0,0,,,
1967,ATL,NL,reedro01,Ron Reed,3,,3,3,3,0,0,0,0,0,0,0,0,0,,,
1967,BOS,AL,rohrbi01,Billy Rohr,10,,10,10,10,0,0,0,0,0,0,0,0,0,,,
1967,NYN,NL,rohrle01,Les Rohr,3,,3,3,3,0,0,0,0,0,0,0,0,0,,,
1967,KC1,AL,roofph01,Phil Roof,114,,114,114,0,113,0,0,0,0,0,0,0,0,,,
1967,CIN,NL,rosepe01,Pete Rose,148,,148,148,0,0,0,35,0,0,123,1,0,123,,,
1967,KC1,AL,rudijo01,Joe Rudi,19,,19,19,0,0,9,0,0,0,6,0,0,6,,,
1967,CIN,NL,ruizch01,Chico Ruiz,105,,105,105,0,0,0,56,13,11,3,0,2,5,,,
1967,BOS,AL,ryanmi02,Mike Ryan,79,,79,79,0,79,0,0,0,0,0,0,0,0,,,
1967,CHN,NL,shawbo01,Bob Shaw,9,,9,9,9,0,0,0,0,0,0,0,0,0,,,
1967,NYN,NL,shawbo01,Bob Shaw,23,,23,23,23,0,0,0,0,0,0,0,0,0,,,
1967,NYN,NL,shawdo01,Don Shaw,40,,40,40,40,0,0,0,0,0,0,0,0,0,,,
1967,CLE,AL,simsdu01,Duke Sims,88,,88,88,0,85,0,0,0,0,0,0,0,0,,,
1967,PIT,NL,siskto01,Tommie Sisk,37,,37,37,37,0,0,0,0,0,0,0,0,0,,,
1967,CHA,AL,vossbi01,Bill Voss,13,,13,13,0,0,0,0,0,0,1,2,9,11,,,
1967,CHA,AL,wardpe01,Pete Ward,146,,146,146,0,0,39,0,22,0,74,0,19,89,,,
1967,BAL,AL,watted01,Eddie Watt,49,,49,49,49,0,0,0,0,0,0,0,0,0,,,
1967,CHA,AL,weisal01,Al Weis,50,,50,50,0,0,0,32,0,13,0,0,0,0,,,
1967,DET,AL,wertdo01,Don Wert,142,,142,142,0,0,0,0,140,1,0,0,0,0,,,
1967,PHI,NL,winebo01,Bobby Wine,135,,135,135,0,0,2,0,0,134,0,0,0,0,,,
1967,PHI,NL,wiseri01,Rick Wise,36,,36,36,36,0,0,0,0,0,0,0,0,0,,,
1967,DET,AL,woodja01,Jake Wood,14,,14,14,0,0,2,2,0,0,0,0,0,0,,,
1967,CIN,NL,woodja01,Jake Wood,16,,16,16,0,0,0,0,0,0,0,0,2,2,,,
1967,CHA,AL,woodwi01,Wilbur Wood,51,,51,51,51,0,0,0,0,0,0,0,0,0,,,
1967,HOU,NL,wynnji01,Jim Wynn,158,,158,158,0,0,0,0,0,0,0,157,0,157,,,
1967,ATL,NL,aaronha01,Hank Aaron,155,,155,155,0,0,0,1,0,0,0,11,141,152,,,
1967,CIN,NL,abernte02,Ted Abernathy,70,,70,70,70,0,0,0,0,0,0,0,0,0,,,
1967,CHA,AL,adairje01,Jerry Adair,28,,28,28,0,0,0,27,0,0,0,0,0,0,,,
1967,BOS,AL,adairje01,Jerry Adair,89,,89,89,0,0,0,23,35,30,0,0,0,0,,,
1967,BAL,AL,adamsmi01,Mike Adamson,3,,3,3,3,0,0,0,0,0,0,0,0,0,,,
1967,HOU,NL,adlesda01,Dave Adlesh,39,,39,39,0,31,0,0,0,0,0,0,0,0,,,
1967,DET,AL,aguirha01,Hank Aguirre,31,,31,31,31,0,0,0,0,0,0,0,0,0,,,
1967,LAN,NL,alcarlu01,Luis Alcaraz,17,,17,17,0,0,0,17,0,0,0,0,0,0,,,
1967,WS2,AL,allenbe01,Bernie Allen,87,,87,87,0,0,0,75,0,0,0,0,0,0,,,
1967,CLE,AL,allenbo04,Bob Allen,47,,47,47,47,0,0,0,0,0,0,0,0,0,,,
1967,PHI,NL,allendi01,Dick Allen,122,,122,122,0,0,0,1,121,1,0,0,0,0,,,
1967,WS2,AL,allenha02,Hank Allen,116,,116,116,0,0,0,0,0,0,59,65,1,99,,,
1967,PIT,NL,alleyge01,Gene Alley,152,,152,152,0,0,0,0,0,146,0,0,0,0,,,
1967,MIN,AL,allisbo01,Bob Allison,153,,153,153,0,0,0,0,0,0,138,0,9,145,,,
1967,NYN,NL,alomasa01,Sandy Alomar,15,,15,15,0,0,0,2,3,10,0,0,0,0,,,
1967,CHA,AL,alomasa01,Sandy Alomar,12,,12,12,0,0,0,2,0,8,0,0,0,0,,,
1967,CHN,NL,altmage01,George Altman,15,,15,15,0,0,1,0,0,0,3,0,1,4,,,
1967,CLE,AL,alvisma01,Max Alvis,161,,161,161,0,0,0,0,161,0,0,0,0,0,,,
1967,CHN,NL,amalfjo01,Joey Amalfitano,4,,4,4,0,0,0,0,0,0,0,0,0,0,,,
1967,NYA,AL,amaroru01,Ruben Amaro,130,,130,130,0,0,2,0,3,123,0,0,0,0,,,
1967,BOS,AL,andremi01,Mike Andrews,142,,142,142,0,0,0,139,0,6,0,0,0,0,,,
1967,BAL,AL,aparilu01,Luis Aparicio,134,,134,134,0,0,0,0,0,131,0,0,0,0,,,
1967,CIN,NL,arrigge01,Gerry Arrigo,32,,32,32,32,0,0,0,0,0,0,0,0,0,,,
1967,HOU,NL,asprobo01,Bob Aspromonte,137,,137,137,0,0,0,0,133,0,0,0,0,0,,,
1967,CLE,AL,azcuejo01,Joe Azcue,86,,86,86,0,86,0,0,0,0,0,0,0,0,,,
1967,LAN,NL,bailebo01,Bob Bailey,116,,116,116,0,0,4,0,65,1,27,0,0,27,,,
1967,CLE,AL,bailest01,Steve Bailey,32,,32,32,32,0,0,0,0,0,0,0,0,0,,,
1967,CIN,NL,baldsja01,Jack Baldschun,9,,9,9,9,0,0,0,0,0,0,0,0,0,,,
1967,WS2,AL,baldwda01,Dave Baldwin,58,,58,58,58,0,0,0,0,0,0,0,0,0,,,
1967,HOU,NL,balesle01,Lee Bales,19,,19,19,0,0,0,6,0,1,0,0,0,0,,,
1967,KC1,AL,bandosa01,Sal Bando,47,,47,47,0,0,0,0,44,0,0,0,0,0,,,
1967,CHN,NL,bankser01,Ernie Banks,151,,151,151,0,0,147,0,0,0,0,0,0,0,,,
1967,NYA,AL,barbest01,Steve Barber,17,,17,17,17,0,0,0,0,0,0,0,0,0,,,
1967,BAL,AL,barbest01,Steve Barber,15,,15,15,15,0,0,0,0,0,0,0,0,0,,,
1967,NYA,AL,barkera01,Ray Barker,17,,17,17,0,0,13,0,0,0,0,0,0,0,,,
1967,SFN,NL,bartobo01,Bob Barton,7,,7,7,0,7,0,0,0,0,0,0,0,0,,,
1967,HOU,NL,batemjo01,John Bateman,76,,76,76,0,71,0,0,0,0,0,0,0,0,,,
1967,MIN,AL,batteea01,Earl Battey,48,,48,48,0,41,0,0,0,0,0,0,0,0,,,
1967,ATL,NL,beaucji01,Jim Beauchamp,4,,4,4,0,0,0,0,0,0,0,0,0,0,,,
1967,CHN,NL,beckegl01,Glenn Beckert,146,,146,146,0,0,0,144,0,0,0,0,0,0,,,
1967,BAL,AL,belanma01,Mark Belanger,69,,69,69,0,0,0,26,2,38,0,0,0,0,,,
1967,HOU,NL,belinbo01,Bo Belinsky,27,,27,27,27,0,0,0,0,0,0,0,0,0,,,
1967,CIN,NL,benchjo01,Johnny Bench,26,,26,26,0,26,0,0,0,0,0,0,0,0,,,
1967,NYN,NL,bennede01,Dennis Bennett,8,,8,8,8,0,0,0,0,0,0,0,0,0,,,
1967,BOS,AL,bennede01,Dennis Bennett,13,,13,13,13,0,0,0,0,0,0,0,0,0,,,
1967,CHA,AL,berryke01,Ken Berry,147,,147,147,0,0,0,0,0,0,50,38,86,143,,,
1967,WS2,AL,bertafr01,Frank Bertaina,19,,19,19,18,0,0,0,0,0,0,0,0,0,,,
1967,BAL,AL,bertafr01,Frank Bertaina,5,,5,5,5,0,0,0,0,0,0,0,0,0,,,
1967,CHN,NL,bertedi01,Dick Bertell,2,,2,2,0,2,0,0,0,0,0,0,0,0,,,
1967,BAL,AL,blairpa01,Paul Blair,151,,151,151,0,0,0,0,0,0,0,146,0,146,,,
1967,HOU,NL,blasiwa01,Wade Blasingame,16,,16,16,15,0,0,0,0,0,0,0,0,0,,,
1967,ATL,NL,blasiwa01,Wade Blasingame,10,,10,10,10,0,0,0,0,0,0,0,0,0,,,
1967,PIT,NL,blassst01,Steve Blass,32,,32,32,32,0,0,0,0,0,0,0,0,0,,,
1967,BAL,AL,blefacu01,Curt Blefary,155,,155,155,0,0,52,0,0,0,86,0,19,103,,,
1967,CHN,NL,boccajo01,John Boccabella,25,,25,25,0,1,3,0,0,0,4,0,5,9,,,
1967,CIN,NL,boehmle01,Len Boehmer,2,,2,2,0,0,0,1,0,0,0,0,0,0,,,
1967,SFN,NL,bolinbo01,Bobby Bolin,37,,37,37,37,0,0,0,0,0,0,0,0,0,,,
1967,PHI,NL,boozejo01,John Boozer,28,,28,28,28,0,0,0,0,0,0,0,0,0,,,
1967,NYN,NL,boschdo01,Don Bosch,44,,44,44,0,0,0,0,0,0,0,39,0,39,,,
1967,WS2,AL,bosmadi01,Dick Bosman,8,,8,8,7,0,0,0,0,0,0,0,0,0,,,
1967,MIN,AL,bosweda01,Dave Boswell,44,,44,44,37,0,0,0,0,0,0,0,0,0,,,
1967,NYN,NL,bosweke01,Ken Boswell,11,,11,11,0,0,0,6,4,0,0,0,0,0,,,
1967,NYA,AL,boutoji01,Jim Bouton,17,,17,17,17,0,0,0,0,0,0,0,0,0,,,
1967,BAL,AL,bowensa01,Sam Bowens,62,,62,62,0,0,0,0,0,0,16,0,16,32,,,
1967,KC1,AL,bowliwe01,Weldon Bowlin,2,,2,2,0,0,0,0,2,0,0,0,0,0,,,
1967,ATL,NL,boyercl02,Clete Boyer,154,,154,154,0,0,0,0,150,6,0,0,0,0,,,
1967,CHA,AL,boyerke01,Ken Boyer,57,,57,57,0,0,18,0,33,0,0,0,0,0,,,
1967,NYN,NL,boyerke01,Ken Boyer,56,,56,56,0,0,8,0,44,0,0,0,0,0,,,
1967,BAL,AL,brabege01,Gene Brabender,14,,14,14,14,0,0,0,0,0,0,0,0,0,,,
1967,CHA,AL,bradfbu01,Buddy Bradford,24,,24,24,0,0,0,0,0,0,6,1,8,14,,,
1967,BOS,AL,brandbu01,Bucky Brandon,39,,39,39,39,0,0,0,0,0,0,0,0,0,,,
1967,PHI,NL,brandja01,Jackie Brandt,16,,16,16,0,0,0,0,0,0,3,0,0,3,,,
1967,HOU,NL,brandja01,Jackie Brandt,41,,41,41,0,0,14,0,1,0,6,0,0,6,,,
1967,HOU,NL,brandro01,Ron Brand,84,,84,84,0,67,0,1,0,0,1,0,0,1,,,
1967,SLN,NL,bressed01,Eddie Bressoud,52,,52,52,0,0,0,0,1,48,0,0,0,0,,,
1967,BOS,AL,brettke01,Ken Brett,1,,1,1,1,0,0,0,0,0,0,0,0,0,,,
1967,LAN,NL,breweji01,Jim Brewer,30,,30,30,30,0,0,0,0,0,0,0,0,0,,,
1967,PHI,NL,briggjo02,John Briggs,106,,106,106,0,0,0,0,0,0,31,65,1,94,,,
1967,SLN,NL,brilene01,Nelson Briles,49,,49,49,49,0,0,0,0,0,0,0,0,0,,,
1967,WS2,AL,brinked01,Ed Brinkman,109,,109,109,0,0,0,0,0,109,0,0,0,0,,,
1967,ATL,NL,brittji02,Jim Britton,2,,2,2,2,0,0,0,0,0,0,0,0,0,,,
1967,SLN,NL,brocklo01,Lou Brock,159,,159,159,0,0,0,0,0,0,157,0,0,157,,,
1967,CHN,NL,brownby01,Byron Browne,10,,10,10,0,0,0,0,0,0,0,2,6,8,,,
1967,DET,AL,brownga01,Gates Brown,51,,51,51,0,0,0,0,0,0,20,0,0,20,,,
1967,CLE,AL,brownla01,Larry Brown,152,,152,152,0,0,0,0,0,150,0,0,0,0,,,
1967,SFN,NL,brownol02,Ollie Brown,120,,120,120,0,0,0,0,0,0,0,10,111,115,,,
1967,LAN,NL,brubabr01,Bruce Brubaker,1,,1,1,1,0,0,0,0,0,0,0,0,0,,,
1967,ATL,NL,brucebo01,Bob Bruce,12,,12,12,12,0,0,0,0,0,0,0,0,0,,,
1967,CAL,AL,brunege01,George Brunet,40,,40,40,40,0,0,0,0,0,0,0,0,0,,,
1967,NYA,AL,bryanbi01,Billy Bryan,16,,16,16,0,1,0,0,0,0,0,0,0,0,,,
1967,SFN,NL,bryanro01,Ron Bryant,1,,1,1,1,0,0,0,0,0,0,0,0,0,,,
1967,NYN,NL,bucheje01,Jerry Buchek,124,,124,124,0,0,0,95,17,9,0,0,0,0,,,
1967,CHA,AL,bufordo01,Don Buford,156,,156,156,0,0,0,51,121,0,1,0,0,1,,,
1967,BAL,AL,bunkewa01,Wally Bunker,29,,29,29,29,0,0,0,0,0,0,0,0,0,,,
1967,PHI,NL,bunniji01,Jim Bunning,40,,40,40,40,0,0,0,0,0,0,0,0,0,,,
1967,CAL,AL,burdele01,Lew Burdette,19,,19,19,19,0,0,0,0,0,0,0,0,0,,,
1967,CHA,AL,burgesm01,Smoky Burgess,77,,77,77,0,0,0,0,0,0,0,0,0,0,,,
1967,CHA,AL,buzhajo01,John Buzhardt,28,,28,28,28,0,0,0,0,0,0,0,0,0,,,
1967,BAL,AL,buzhajo01,John Buzhardt,7,,7,7,7,0,0,0,0,0,0,0,0,0,,,
1967,HOU,NL,buzhajo01,John Buzhardt,1,,1,1,1,0,0,0,0,0,0,0,0,0,,,
1967,PHI,NL,callijo01,Johnny Callison,149,,149,149,0,0,0,0,0,0,0,0,147,147,,,
1967,CHN,NL,calmudi01,Dick Calmus,1,,1,1,1,0,0,0,0,0,0,0,0,0,,,
1967,WS2,AL,camildo02,Doug Camilli,30,,30,30,0,24,0,0,0,0,0,0,0,0,,,
1967,KC1,AL,campabe01,Bert Campaneris,147,,147,147,0,0,0,0,0,145,0,0,0,0,,,
1967,LAN,NL,campaji01,Jim Campanis,41,,41,41,0,23,0,0,0,0,0,0,0,0,,,
1967,DET,AL,campbda01,Dave Campbell,2,,2,2,0,0,1,0,0,0,0,0,0,0,,,
1967,CHN,NL,campbjo02,Joe Campbell,1,,1,1,0,0,0,0,0,0,0,0,1,1,,,
1967,CAL,AL,cardejo02,Jose Cardenal,108,,108,108,0,0,0,0,0,0,27,70,17,101,,,
1967,CIN,NL,cardele01,Leo Cardenas,108,,108,108,0,0,0,0,0,108,0,0,0,0,,,
1967,NYN,NL,cardwdo01,Don Cardwell,27,,27,27,26,0,0,0,0,0,0,0,0,0,,,
1967,MIN,AL,carewro01,Rod Carew,137,,137,137,0,0,0,134,0,0,0,0,0,0,,,
1967,CHA,AL,carloci01,Cisco Carlos,8,,8,8,8,0,0,0,0,0,0,0,0,0,,,
1967,SLN,NL,carltst01,Steve Carlton,30,,30,30,30,0,0,0,0,0,0,0,0,0,,,
1967,ATL,NL,carrocl02,Clay Carroll,42,,42,42,42,0,0,0,0,0,0,0,0,0,,,
1967,ATL,NL,cartyri01,Rico Carty,134,,134,134,0,0,9,0,0,0,97,0,15,112,,,
1967,WS2,AL,casanpa01,Paul Casanova,141,,141,141,0,137,0,0,0,0,0,0,0,0,,,
1967,KC1,AL,caterda01,Danny Cater,142,,142,142,0,0,44,0,56,0,55,0,0,55,,,
1967,CHA,AL,causewa01,Wayne Causey,124,,124,124,0,0,0,96,0,2,0,0,0,0,,,
1967,SLN,NL,cepedor01,Orlando Cepeda,151,,151,151,0,0,151,0,0,0,0,0,0,0,,,
1967,WS2,AL,chancbo01,Bob Chance,27,,27,27,0,0,10,0,0,0,0,0,0,0,,,
1967,MIN,AL,chancde01,Dean Chance,41,,41,41,41,0,0,0,0,0,0,0,0,0,,,
1967,KC1,AL,charled01,Ed Charles,19,,19,19,0,0,0,0,18,0,0,0,0,0,,,
1967,NYN,NL,charled01,Ed Charles,101,,101,101,0,0,0,0,89,0,0,0,0,0,,,
1967,KC1,AL,chavaos01,Ossie Chavarria,38,,38,38,0,0,0,17,7,2,2,0,1,3,,,
1967,SFN,NL,chavene01,Nestor Chavez,2,,2,2,2,0,0,0,0,0,0,0,0,0,,,
1967,CAL,AL,ciminpe01,Pete Cimino,46,,46,46,46,0,0,0,0,0,0,0,0,0,,,
1967,BOS,AL,ciscoga01,Galen Cisco,11,,11,11,11,0,0,0,0,0,0,0,0,0,,,
1967,ATL,NL,clarkgl01,Glen Clark,4,,4,4,0,0,0,0,0,0,0,0,0,0,,,
1967,NYA,AL,clarkho01,Horace Clarke,143,,143,143,0,0,0,140,0,0,0,0,0,0,,,
1967,CAL,AL,clarkri01,Rickey Clark,32,,32,32,32,0,0,0,0,0,0,0,0,0,,,
1967,MIN,AL,clarkro02,Ron Clark,20,,20,20,0,0,0,0,16,0,0,0,0,0,,,
1967,PHI,NL,clemedo01,Doug Clemens,69,,69,69,0,0,0,0,0,0,9,0,1,10,,,
1967,PIT,NL,clemero01,Roberto Clemente,147,,147,147,0,0,0,0,0,0,0,2,144,145,,,
1967,PIT,NL,clenddo01,Donn Clendenon,131,,131,131,0,0,123,0,0,0,0,0,0,0,,,
1967,SFN,NL,clinety01,Ty Cline,64,,64,64,0,0,0,0,0,0,17,21,3,37,,,
1967,ATL,NL,clinety01,Ty Cline,10,,10,10,0,0,0,0,0,0,1,0,0,1,,,
1967,NYA,AL,clintlo01,Lou Clinton,6,,6,6,0,0,0,0,0,0,1,0,0,1,,,
1967,ATL,NL,clonito01,Tony Cloninger,16,,16,16,16,0,0,0,0,0,0,0,0,0,,,
1967,CAL,AL,coateji01,Jim Coates,25,,25,25,25,0,0,0,0,0,0,0,0,0,,,
1967,WS2,AL,coggifr01,Frank Coggins,19,,19,19,0,0,0,19,0,0,0,0,0,0,,,
1967,CIN,NL,cokerji01,Jimmie Coker,45,,45,45,0,34,0,0,0,0,0,0,0,0,,,
1967,CHA,AL,colavro01,Rocky Colavito,60,,60,60,0,0,0,0,0,0,11,0,54,58,,,
1967,CLE,AL,colavro01,Rocky Colavito,63,,63,63,0,0,0,0,0,0,28,0,31,50,,,
1967,CIN,NL,colemgo01,Gordy Coleman,4,,4,4,0,0,2,0,0,0,0,0,0,0,,,
1967,WS2,AL,colemjo05,Joe Coleman,28,,28,28,28,0,0,0,0,0,0,0,0,0,,,
1967,NYN,NL,collike01,Kevin Collins,4,,4,4,0,0,0,2,0,0,0,0,0,0,,,
1967,DET,AL,comerwa01,Wayne Comer,4,,4,4,0,0,0,0,0,0,0,1,0,1,,,
1967,BOS,AL,conigto01,Tony Conigliaro,95,,95,95,0,0,0,0,0,0,0,0,95,95,,,
1967,NYN,NL,connobi01,Bill Connors,6,,6,6,6,0,0,0,0,0,0,0,0,0,,,
1967,CLE,AL,connoed02,Ed Connolly,15,,15,15,15,0,0,0,0,0,0,0,0,0,,,
1967,HOU,NL,coombda01,Danny Coombs,6,,6,6,6,0,0,0,0,0,0,0,0,0,,,
1967,SLN,NL,cosmaji01,Jim Cosman,10,,10,10,10,0,0,0,0,0,0,0,0,0,,,
1967,PHI,NL,cowanbi01,Billy Cowan,34,,34,34,0,0,0,1,1,0,16,0,4,20,,,
1967,LAN,NL,crawfwi01,Willie Crawford,4,,4,4,0,0,0,0,0,0,0,0,1,1,,,
1967,HOU,NL,cuellmi01,Mike Cuellar,38,,38,38,36,0,0,0,0,0,0,0,0,0,,,
1967,WS2,AL,culleti01,Tim Cullen,124,,124,124,0,0,0,46,15,69,0,0,1,1,,,
1967,CLE,AL,culvege01,George Culver,53,,53,53,53,0,0,0,0,0,0,0,0,0,,,
1967,PIT,NL,dalcabr01,Bruce Dal Canton,8,,8,8,8,0,0,0,0,0,0,0,0,0,,,
1967,PHI,NL,dalrycl01,Clay Dalrymple,101,,101,101,0,97,0,0,0,0,0,0,0,0,,,
1967,CLE,AL,davalvi01,Vic Davalillo,139,,139,139,0,0,0,0,0,0,1,125,0,125,,,
1967,SFN,NL,davenji01,Jim Davenport,124,,124,124,0,0,0,12,64,28,0,0,0,0,,,
1967,CIN,NL,davidte01,Ted Davidson,9,,9,9,9,0,0,0,0,0,0,0,0,0,,,
1967,HOU,NL,davisro01,Ron Davis,94,,94,94,0,0,0,0,0,0,63,11,8,80,,,
1967,NYN,NL,davisto02,Tommy Davis,154,,154,154,0,0,1,0,0,0,149,0,0,149,,,
1967,LAN,NL,daviswi02,Willie Davis,143,,143,143,0,0,0,0,0,0,0,138,0,138,,,
1967,ATL,NL,delahmi01,Mike de la Hoz,74,,74,74,0,0,0,23,22,1,0,0,0,0,,,
1967,BOS,AL,demetdo01,Don Demeter,20,,20,20,0,0,0,0,1,0,3,1,9,12,,,
1967,CLE,AL,demetdo01,Don Demeter,51,,51,51,0,0,0,0,1,0,13,28,1,35,,,
1967,NYN,NL,denehbi01,Bill Denehy,15,,15,15,15,0,0,0,0,0,0,0,0,0,,,
1967,HOU,NL,dierkla01,Larry Dierker,15,,15,15,15,0,0,0,0,0,0,0,0,0,,,
1967,SFN,NL,dietzdi01,Dick Dietz,56,,56,56,0,43,0,0,0,0,0,0,0,0,,,
1967,BAL,AL,dillmbi01,Bill Dillman,33,,33,33,32,0,0,0,0,0,0,0,0,0,,,
1967,KC1,AL,dobsoch01,Chuck Dobson,33,,33,33,32,0,0,0,0,0,0,0,0,0,,,
1967,DET,AL,dobsopa01,Pat Dobson,28,,28,28,28,0,0,0,0,0,0,0,0,0,,,
1967,KC1,AL,donaljo01,John Donaldson,105,,105,105,0,0,0,101,0,1,0,0,0,0,,,
1967,NYA,AL,downial01,Al Downing,31,,31,31,31,0,0,0,0,0,0,0,0,0,,,
1967,BAL,AL,drabomo01,Moe Drabowsky,43,,43,43,43,0,0,0,0,0,0,0,0,0,,,
1967,LAN,NL,drysddo01,Don Drysdale,38,,38,38,38,0,0,0,0,0,0,0,0,0,,,
1967,LAN,NL,duffijo01,John Duffie,2,,2,2,2,0,0,0,0,0,0,0,0,0,,,
1967,HOU,NL,dukesto01,Tom Dukes,17,,17,17,17,0,0,0,0,0,0,0,0,0,,,
1967,KC1,AL,dulibbo01,Bob Duliba,7,,7,7,7,0,0,0,0,0,0,0,0,0,,,
1967,KC1,AL,duncada01,Dave Duncan,34,,34,34,0,32,0,0,0,0,0,0,0,0,,,
1967,HOU,NL,earlear01,Arnold Earley,2,,2,2,2,0,0,0,0,0,0,0,0,0,,,
1967,KC1,AL,edgerbi01,Bill Edgerton,7,,7,7,7,0,0,0,0,0,0,0,0,0,,,
1967,CIN,NL,edwarjo01,Johnny Edwards,80,,80,80,0,73,0,0,0,0,0,0,0,0,,,
1967,HOU,NL,eilerda01,Dave Eilers,35,,35,35,35,0,0,0,0,0,0,0,0,0,,,
1967,CHN,NL,ellisji01,Jim Ellis,8,,8,8,8,0,0,0,0,0,0,0,0,0,,,
1967,CIN,NL,ellissa01,Sammy Ellis,32,,32,32,32,0,0,0,0,0,0,0,0,0,,,
1967,PHI,NL,ellswdi01,Dick Ellsworth,32,,32,32,32,0,0,0,0,0,0,0,0,0,,,
1967,WS2,AL,epstemi01,Mike Epstein,96,,96,96,0,0,80,0,0,0,0,0,0,0,,,
1967,BAL,AL,epstemi01,Mike Epstein,9,,9,9,0,0,3,0,0,0,0,0,0,0,,,
1967,NYN,NL,estrach01,Chuck Estrada,9,,9,9,9,0,0,0,0,0,0,0,0,0,,,
1967,BAL,AL,etchean01,Andy Etchebarren,112,,112,112,0,110,0,0,0,0,0,0,0,0,,,
1967,SFN,NL,etherbo01,Bobby Etheridge,40,,40,40,0,0,0,0,37,0,0,0,0,0,,,
1967,LAN,NL,fairlro01,Ron Fairly,153,,153,153,0,0,68,0,0,0,1,0,97,97,,,
1967,PHI,NL,farretu01,Turk Farrell,50,,50,50,50,0,0,0,0,0,0,0,0,0,,,
1967,HOU,NL,farretu01,Turk Farrell,7,,7,7,7,0,0,0,0,0,0,0,0,0,,,
1967,NYA,AL,fernafr01,Frank Fernandez,9,,9,9,0,7,0,0,0,0,0,0,2,2,,,
1967,LAN,NL,ferraal01,Al Ferrara,122,,122,122,0,0,0,0,0,0,27,0,71,94,,,
1967,BOS,AL,fischha01,Hank Fischer,9,,9,9,9,0,0,0,0,0,0,0,0,0,,,
1967,BAL,AL,fisheed02,Eddie Fisher,46,,46,46,46,0,0,0,0,0,0,0,0,0,,,
1967,NYN,NL,fisheja01,Jack Fisher,39,,39,39,39,0,0,0,0,0,0,0,0,0,,,
1967,BAL,AL,fisheto02,Tom Fisher,2,,2,2,2,0,0,0,0,0,0,0,0,0,,,
1967,SLN,NL,floodcu01,Curt Flood,134,,134,134,0,0,0,0,0,0,0,126,0,126,,,
1967,CLE,AL,fossera01,Ray Fosse,7,,7,7,0,7,0,0,0,0,0,0,0,0,,,
1967,LAN,NL,fosteal01,Alan Foster,4,,4,4,4,0,0,0,0,0,0,0,0,0,,,
1967,ATL,NL,francti01,Tito Francona,82,,82,82,0,0,56,0,0,0,5,0,1,6,,,
1967,PHI,NL,francti01,Tito Francona,27,,27,27,0,0,24,0,0,0,0,0,1,1,,,
1967,DET,AL,freehbi01,Bill Freehan,155,,155,155,0,147,11,0,0,0,0,0,0,0,,,
1967,CAL,AL,fregoji01,Jim Fregosi,151,,151,151,0,0,0,0,0,151,0,0,0,0,,,
1967,WS2,AL,frencji01,Jim French,6,,6,6,0,6,0,0,0,0,0,0,0,0,,,
1967,NYN,NL,friseda01,Danny Frisella,14,,14,14,14,0,0,0,0,0,0,0,0,0,,,
1967,PIT,NL,frymawo01,Woodie Fryman,28,,28,28,28,0,0,0,0,0,0,0,0,0,,,
1967,SFN,NL,fuentti01,Tito Fuentes,133,,133,133,0,0,0,130,0,5,0,0,0,0,,,
1967,CLE,AL,fulleve01,Vern Fuller,73,,73,73,0,0,0,64,0,2,0,0,0,0,,,
1967,LAN,NL,gabrile02,Len Gabrielson,90,,90,90,0,0,0,0,0,0,47,1,26,68,,,
1967,CAL,AL,gabrile02,Len Gabrielson,11,,11,11,0,0,0,0,0,0,1,0,0,1,,,
1967,SLN,NL,gagliph01,Phil Gagliano,73,,73,73,0,0,4,27,25,2,0,0,0,0,,,
1967,CHN,NL,gardnro01,Rob Gardner,18,,18,18,18,0,0,0,0,0,0,0,0,0,,,
1967,ATL,NL,gastoci01,Cito Gaston,9,,9,9,0,0,0,0,0,0,0,6,1,7,,,
1967,ATL,NL,geigega01,Gary Geiger,69,,69,69,0,0,0,0,0,0,6,26,7,38,,,
1967,PIT,NL,gelnajo01,John Gelnar,10,,10,10,10,0,0,0,0,0,0,0,0,0,,,
1967,SFN,NL,gibbojo01,Joe Gibbon,28,,28,28,28,0,0,0,0,0,0,0,0,0,,,
1967,NYA,AL,gibbsja01,Jake Gibbs,116,,116,116,0,99,0,0,0,0,0,0,0,0,,,
1967,SLN,NL,gibsobo01,Bob Gibson,27,,27,27,24,0,0,0,0,0,0,0,0,0,,,
1967,BOS,AL,gibsoru01,Russ Gibson,49,,49,49,0,48,0,0,0,0,0,0,0,0,,,
1967,CHN,NL,gigonno01,Norm Gigon,34,,34,34,0,0,0,12,1,0,0,0,4,4,,,
1967,BAL,AL,gillipa01,Paul Gilliford,2,,2,2,2,0,0,0,0,0,0,0,0,0,,,
1967,HOU,NL,giustda01,Dave Giusti,43,,43,43,37,0,0,0,0,0,0,0,0,0,,,
1967,DET,AL,gladdfr01,Fred Gladding,42,,42,42,42,0,0,0,0,0,0,0,0,0,,,
1967,PHI,NL,gomezru01,Ruben Gomez,7,,7,7,7,0,0,0,0,0,0,0,0,0,,,
1967,PIT,NL,gondeje01,Jesse Gonder,22,,22,22,0,18,0,0,0,0,0,0,0,0,,,
1967,CLE,AL,gonzape01,Pedro Gonzalez,80,,80,80,0,0,4,64,4,3,0,0,0,0,,,
1967,PHI,NL,gonzato01,Tony Gonzalez,149,,149,149,0,0,0,0,0,0,105,29,16,143,,,
1967,NYN,NL,goossgr01,Greg Goossen,37,,37,37,0,23,0,0,0,0,0,0,0,0,,,
1967,KC1,AL,gosgeji01,Jim Gosger,134,,134,134,0,0,0,0,0,0,54,30,40,113,,,
1967,HOU,NL,gotayju01,Julio Gotay,77,,77,77,0,0,0,30,3,20,0,0,0,0,,,
1967,NYN,NL,grahabi02,Bill Graham,5,,5,5,5,0,0,0,0,0,0,0,0,0,,,
1967,MIN,AL,grantmu01,Mudcat Grant,27,,27,27,27,0,0,0,0,0,0,0,0,0,,,
1967,PHI,NL,greenda02,Dallas Green,8,,8,8,8,0,0,0,0,0,0,0,0,0,,,
1967,KC1,AL,greendi01,Dick Green,122,,122,122,0,0,1,50,59,1,0,0,0,0,,,
1967,DET,AL,greenle01,Lenny Green,58,,58,58,0,0,0,0,0,0,43,2,0,44,,,
1967,PHI,NL,groatdi01,Dick Groat,10,,10,10,0,0,0,0,0,6,0,0,0,0,,,
1967,SFN,NL,groatdi01,Dick Groat,34,,34,34,0,0,0,1,0,24,0,0,0,0,,,
1967,NYN,NL,groteje01,Jerry Grote,120,,120,120,0,119,0,0,0,0,0,0,0,0,,,
1967,NYN,NL,grzenjo01,Joe Grzenda,11,,11,11,11,0,0,0,0,0,0,0,0,0,,,
1967,SFN,NL,gutiece01,Cesar Gutierrez,18,,18,18,0,0,0,1,0,15,0,0,0,0,,,
1967,SFN,NL,halleto01,Tom Haller,141,,141,141,0,136,0,0,0,0,0,0,1,1,,,
1967,CAL,AL,hamilja01,Jack Hamilton,26,,26,26,26,0,0,0,0,0,0,0,0,0,,,
1967,NYN,NL,hamilja01,Jack Hamilton,17,,17,17,17,0,0,0,0,0,0,0,0,0,,,
1967,NYA,AL,hamilst01,Steve Hamilton,44,,44,44,44,0,0,0,0,0,0,0,0,0,,,
1967,CHN,NL,handsbi01,Bill Hands,49,,49,49,49,0,0,0,0,0,0,0,0,0,,,
1967,BAL,AL,haneyla01,Larry Haney,58,,58,58,0,57,0,0,0,0,0,0,0,0,,,
1967,WS2,AL,hannaji01,Jim Hannan,8,,8,8,8,0,0,0,0,0,0,0,0,0,,,
1967,CHA,AL,hansero02,Ron Hansen,157,,157,157,0,0,0,0,0,157,0,0,0,0,,,
1967,BAL,AL,hardiji01,Jim Hardin,19,,19,19,19,0,0,0,0,0,0,0,0,0,,,
1967,MIN,AL,hardyca01,Carroll Hardy,11,,11,11,0,0,0,0,0,0,1,0,3,4,,,
1967,CLE,AL,hargast01,Steve Hargan,30,,30,30,30,0,0,0,0,0,0,0,0,0,,,
1967,PHI,NL,harmote01,Terry Harmon,2,,2,2,0,0,0,0,0,0,0,0,0,0,,,
1967,CIN,NL,harpeto01,Tommy Harper,103,,103,103,0,0,0,0,0,0,2,4,97,100,,,
1967,NYN,NL,harrebu01,Bud Harrelson,151,,151,151,0,0,0,0,0,149,0,0,0,0,,,
1967,BOS,AL,harreke01,Ken Harrelson,23,,23,23,0,0,1,0,0,0,0,0,23,23,,,
1967,WS2,AL,harreke01,Ken Harrelson,26,,26,26,0,0,23,0,0,0,0,0,0,0,,,
1967,KC1,AL,harreke01,Ken Harrelson,61,,61,61,0,0,45,0,0,0,0,0,0,0,,,
1967,HOU,NL,harrica01,Candy Harris,6,,6,6,0,0,0,0,0,0,0,0,0,0,,,
1967,HOU,NL,harrich02,Chuck Harrison,70,,70,70,0,0,59,0,0,0,0,0,0,0,,,
1967,CHN,NL,hartech01,Chuck Hartenstein,45,,45,45,45,0,0,0,0,0,0,0,0,0,,,
1967,DET,AL,heathbi01,Bill Heath,20,,20,20,0,7,0,0,0,0,0,0,0,0,,,
1967,HOU,NL,heathbi01,Bill Heath,9,,9,9,0,5,0,0,0,0,0,0,0,0,,,
1967,NYA,AL,heganmi01,Mike Hegan,68,,68,68,0,0,54,0,0,0,0,0,10,10,,,
1967,NYN,NL,heisebo01,Bob Heise,16,,16,16,0,0,0,12,2,3,0,0,0,0,,,
1967,CIN,NL,helmsto01,Tommy Helms,137,,137,137,0,0,0,88,0,46,0,0,0,0,,,
1967,SFN,NL,hendeke01,Ken Henderson,65,,65,65,0,0,0,0,0,0,8,33,18,52,,,
1967,CHN,NL,hendlbo01,Bob Hendley,7,,7,7,7,0,0,0,0,0,0,0,0,0,,,
1967,NYN,NL,hendlbo01,Bob Hendley,15,,15,15,15,0,0,0,0,0,0,0,0,0,,,
1967,SFN,NL,henrybi01,Bill Henry,28,,28,28,28,0,0,0,0,0,0,0,0,0,,,
1967,SFN,NL,herbero01,Ron Herbel,42,,42,42,42,0,0,0,0,0,0,0,0,0,,,
1967,ATL,NL,hermore01,Remy Hermoso,11,,11,11,0,0,0,2,0,9,0,0,0,0,,,
1967,MIN,AL,hernaja01,Jackie Hernandez,29,,29,29,0,0,0,0,13,15,0,0,0,0,,,
1967,ATL,NL,hernara01,Ramon Hernandez,46,,46,46,46,0,0,0,0,0,0,0,0,0,,,
1967,HOU,NL,herrejo01,Jose Herrera,5,,5,5,0,0,0,0,0,0,0,0,0,0,,,
1967,CHA,AL,herrmed01,Ed Herrmann,2,,2,2,0,2,0,0,0,0,0,0,0,0,,,
1967,KC1,AL,hershmi01,Mike Hershberger,142,,142,142,0,0,0,0,0,0,10,0,122,130,,,
1967,SFN,NL,hiattja01,Jack Hiatt,73,,73,73,0,3,36,0,0,0,2,0,0,2,,,
1967,CAL,AL,hibbsji01,Jim Hibbs,3,,3,3,0,0,0,0,0,0,0,0,0,0,,,
1967,LAN,NL,hickmji02,Jim Hickman,65,,65,65,1,0,2,0,2,0,13,13,12,37,,,
1967,CHA,AL,higgide01,Dennis Higgins,9,,9,9,9,0,0,0,0,0,0,0,0,0,,,
1967,PHI,NL,hillech01,Chuck Hiller,31,,31,31,0,0,0,6,0,0,0,0,0,0,,,
1967,NYN,NL,hillech01,Chuck Hiller,25,,25,25,0,0,0,14,0,0,0,0,0,0,,,
1967,DET,AL,hillejo01,John Hiller,23,,23,23,23,0,0,0,0,0,0,0,0,0,,,
1967,NYN,NL,hinslje01,Jerry Hinsley,2,,2,2,2,0,0,0,0,0,0,0,0,0,,,
1967,CLE,AL,hintoch01,Chuck Hinton,147,,147,147,0,0,0,5,0,0,26,53,92,136,,,
1967,SLN,NL,hoernjo01,Joe Hoerner,57,,57,57,57,0,0,0,0,0,0,0,0,0,,,
1967,CHN,NL,holtzke01,Ken Holtzman,12,,12,12,12,0,0,0,0,0,0,0,0,0,,,
1967,CHA,AL,horlejo01,Joe Horlen,51,,51,51,35,0,0,0,0,0,0,0,0,0,,,
1967,BOS,AL,hortoto01,Tony Horton,21,,21,21,0,0,6,0,0,0,0,0,0,0,,,
1967,CLE,AL,hortoto01,Tony Horton,106,,106,106,0,0,94,0,0,0,0,0,0,0,,,
1967,DET,AL,hortowi01,Willie Horton,122,,122,122,0,0,0,0,0,0,109,0,1,110,,,
1967,HOU,NL,housepa01,Pat House,6,,6,6,6,0,0,0,0,0,0,0,0,0,,,
1967,CHA,AL,howarbr01,Bruce Howard,30,,30,30,30,0,0,0,0,0,0,0,0,0,,,
1967,BOS,AL,howarel01,Elston Howard,42,,42,42,0,41,0,0,0,0,0,0,0,0,,,
1967,NYA,AL,howarel01,Elston Howard,66,,66,66,0,48,1,0,0,0,0,0,0,0,,,
1967,WS2,AL,howarfr01,Frank Howard,149,,149,149,0,0,4,0,0,0,141,0,3,141,,,
1967,NYA,AL,howsedi01,Dick Howser,63,,63,63,0,0,0,22,12,3,0,0,0,0,,,
1967,SLN,NL,hughedi01,Dick Hughes,40,,40,40,37,0,0,0,0,0,0,0,0,0,,,
1967,WS2,AL,humphbo01,Bob Humphreys,48,,48,48,48,0,0,0,0,0,0,0,0,0,,,
1967,CHN,NL,hundlra01,Randy Hundley,152,,152,152,0,152,0,0,0,0,0,0,0,0,,,
1967,KC1,AL,hunteca01,Catfish Hunter,37,,37,37,35,0,1,0,0,0,0,0,0,0,,,
1967,SLN,NL,huntzst01,Steve Huntz,3,,3,3,0,0,0,2,0,0,0,0,0,0,,,
1967,MIN,AL,izquiha01,Hank Izquierdo,16,,16,16,0,16,0,0,0,0,0,0,0,0,,,
1967,SLN,NL,jacksal01,Al Jackson,41,,41,41,38,0,0,0,0,0,0,0,0,0,,,
1967,PHI,NL,jacksgr01,Grant Jackson,43,,43,43,43,0,0,0,0,0,0,0,0,0,,,
1967,PHI,NL,jacksla01,Larry Jackson,42,,42,42,40,0,0,0,0,0,0,0,0,0,,,
1967,KC1,AL,jacksre01,Reggie Jackson,35,,35,35,0,0,0,0,0,0,19,3,14,34,,,
1967,HOU,NL,jacksso01,Sonny Jackson,129,,129,129,0,0,0,0,0,128,0,0,0,0,,,
1967,CHN,NL,jamesri01,Rick James,3,,3,3,3,0,0,0,0,0,0,0,0,0,,,
1967,ATL,NL,jarvipa01,Pat Jarvis,32,,32,32,32,0,0,0,0,0,0,0,0,0,,,
1967,SLN,NL,jastela01,Larry Jaster,35,,35,35,34,0,0,0,0,0,0,0,0,0,,,
1967,SLN,NL,javieju01,Julian Javier,140,,140,140,0,0,0,138,0,0,0,0,0,0,,,
1967,CHN,NL,jenkife01,Fergie Jenkins,39,,39,39,38,0,0,0,0,0,0,0,0,0,,,
1967,PIT,NL,jimenma01,Manny Jimenez,50,,50,50,0,0,0,0,0,0,6,0,0,6,,,
1967,SLN,NL,johnsal01,Alex Johnson,81,,81,81,0,0,0,0,0,0,5,6,48,57,,,
1967,NYN,NL,johnsbo02,Bob Johnson,90,,90,90,0,0,23,39,1,14,0,0,0,0,,,
1967,BAL,AL,johnsbo02,Bob Johnson,4,,4,4,0,0,0,0,0,0,0,0,0,0,,,
1967,BAL,AL,johnsda02,Davey Johnson,148,,148,148,0,0,0,144,3,0,0,0,0,0,,,
1967,CIN,NL,johnsde01,Deron Johnson,108,,108,108,0,0,81,0,24,0,0,0,0,0,,,
1967,SFN,NL,johnsfr03,Frank Johnson,8,,8,8,0,0,0,0,0,0,2,1,1,3,,,
1967,CAL,AL,johnsja01,Jay Johnstone,79,,79,79,0,0,0,0,0,0,0,62,1,63,,,
1967,ATL,NL,johnske02,Ken Johnson,29,,29,29,29,0,0,0,0,0,0,0,0,0,,,
1967,LAN,NL,johnslo01,Lou Johnson,104,,104,104,0,0,0,0,0,0,81,1,11,91,,,
1967,NYN,NL,jonescl01,Cleon Jones,129,,129,129,0,0,0,0,0,0,20,86,21,115,,,
1967,CHN,NL,jonescl02,Clarence Jones,53,,53,53,0,0,13,0,0,0,2,0,29,31,,,
1967,BOS,AL,jonesda03,Dalton Jones,89,,89,89,0,0,1,19,30,0,0,0,0,0,,,
1967,ATL,NL,jonesma01,Mack Jones,140,,140,140,0,0,0,0,0,0,26,100,0,126,,,
1967,CHA,AL,jonesst01,Steve Jones,11,,11,11,11,0,0,0,0,0,0,0,0,0,,,
1967,CHA,AL,josepdu01,Duane Josephson,62,,62,62,0,59,0,0,0,0,0,0,0,0,,,
1967,PHI,NL,josepri01,Rick Joseph,17,,17,17,0,0,13,0,0,0,0,0,0,0,,,
1967,DET,AL,kalinal01,Al Kaline,131,,131,131,0,0,0,0,0,0,0,1,130,130,,,
1967,ATL,NL,kelledi01,Dick Kelley,39,,39,39,39,0,0,0,0,0,0,0,0,0,,,
1967,CLE,AL,kelleto01,Tom Kelley,1,,1,1,1,0,0,0,0,0,0,0,0,0,,,
1967,MIN,AL,kellypa01,Pat Kelly,8,,8,8,0,0,0,0,0,0,0,0,0,0,,,
1967,CAL,AL,kelsobi01,Bill Kelso,69,,69,69,69,0,0,0,0,0,0,0,0,0,,,
1967,NYA,AL,kenneje01,Jerry Kenney,20,,20,20,0,0,0,0,0,18,0,0,0,0,,,
1967,NYA,AL,kennejo03,John Kennedy,78,,78,78,0,0,0,2,34,36,0,0,0,0,,,
1967,CHA,AL,kenwodi01,Dick Kenworthy,50,,50,50,0,0,0,0,35,0,0,0,0,0,,,
1967,CHN,NL,kessido01,Don Kessinger,145,,145,145,0,0,0,0,0,143,0,0,0,0,,,
1967,MIN,AL,killeha01,Harmon Killebrew,163,,163,163,0,0,160,0,3,0,0,0,0,0,,,
1967,CAL,AL,kirkped01,Ed Kirkpatrick,3,,3,3,0,2,0,0,0,0,1,0,0,1,,,
1967,CHA,AL,klagefr01,Fred Klages,12,,12,12,11,0,0,0,0,0,0,0,0,0,,,
1967,MIN,AL,klinero01,Ron Kline,54,,54,54,54,0,0,0,0,0,0,0,0,0,,,
1967,DET,AL,klippjo01,Johnny Klippstein,5,,5,5,5,0,0,0,0,0,0,0,0,0,,,
1967,CAL,AL,knoopbo01,Bobby Knoop,159,,159,159,0,0,0,159,0,0,0,0,0,0,,,
1967,WS2,AL,knowlda01,Darold Knowles,61,,61,61,61,0,0,0,0,0,0,0,0,0,,,
1967,CHN,NL,kooncca01,Cal Koonce,34,,34,34,34,0,0,0,0,0,0,0,0,0,,,
1967,NYN,NL,kooncca01,Cal Koonce,13,,13,13,11,0,0,0,0,0,0,0,0,0,,,
1967,NYN,NL,koosmje01,Jerry Koosman,9,,9,9,9,0,0,0,0,0,0,0,0,0,,,
1967,DET,AL,koringe01,George Korince,9,,9,9,9,0,0,0,0,0,0,0,0,0,,,
1967,MIN,AL,koscoan01,Andy Kosco,9,,9,9,0,0,0,0,0,0,0,0,7,7,,,
1967,MIN,AL,kostrfr01,Frank Kostro,32,,32,32,0,0,0,0,1,0,2,0,1,3,,,
1967,CLE,AL,kralija01,Jack Kralick,2,,2,2,2,0,0,0,0,0,0,0,0,0,,,
1967,NYN,NL,kraneed01,Ed Kranepool,141,,141,141,0,0,139,0,0,0,0,0,0,0,,,
1967,KC1,AL,krausle02,Lew Krausse,49,,49,49,48,0,0,0,0,0,0,0,0,0,,,
1967,KC1,AL,kubiate01,Ted Kubiak,53,,53,53,0,0,0,10,5,20,0,0,0,0,,,
1967,SLN,NL,lamabja01,Jack Lamabe,23,,23,23,23,0,0,0,0,0,0,0,0,0,,,
1967,NYN,NL,lamabja01,Jack Lamabe,16,,16,16,16,0,0,0,0,0,0,0,0,0,,,
1967,CHA,AL,lamabja01,Jack Lamabe,3,,3,3,3,0,0,0,0,0,0,0,0,0,,,
1967,BOS,AL,landibi01,Bill Landis,21,,21,21,18,0,0,0,0,0,0,0,0,0,,,
1967,DET,AL,landiji01,Jim Landis,25,,25,25,0,0,0,0,0,0,6,1,6,12,,,
1967,HOU,NL,landiji01,Jim Landis,50,,50,50,0,0,0,0,0,0,28,3,14,44,,,
1967,BOS,AL,landiji01,Jim Landis,5,,5,5,0,0,0,0,0,0,0,0,5,5,,,
1967,SFN,NL,lanieha01,Hal Lanier,151,,151,151,0,0,0,34,0,137,0,0,0,0,,,
1967,CHN,NL,larsedo01,Don Larsen,3,,3,3,3,0,0,0,0,0,0,0,0,0,,,
1967,DET,AL,lashefr01,Fred Lasher,17,,17,17,17,0,0,0,0,0,0,0,0,0,,,
1967,HOU,NL,latmaba01,Barry Latman,39,,39,39,39,0,0,0,0,0,0,0,0,0,,,
1967,KC1,AL,lauzege01,George Lauzerique,3,,3,3,3,0,0,0,0,0,0,0,0,0,,,
1967,LAN,NL,lefebji01,Jim Lefebvre,136,,136,136,0,0,5,34,92,0,0,0,0,0,,,
1967,ATL,NL,lemasde01,Denny Lemaster,31,,31,31,31,0,0,0,0,0,0,0,0,0,,,
1967,BAL,AL,leonhda01,Dave Leonhard,3,,3,3,3,0,0,0,0,0,0,0,0,0,,,
1967,KC1,AL,lewisal01,Allan Lewis,34,,34,34,0,0,0,0,0,0,0,0,0,0,,,
1967,NYN,NL,lewisjo01,Johnny Lewis,13,,13,13,0,0,0,0,0,0,2,0,9,10,,,
1967,HOU,NL,lillibo01,Bob Lillis,37,,37,37,0,0,0,3,2,23,0,0,0,0,,,
1967,KC1,AL,lindbpa01,Paul Lindblad,48,,48,48,46,0,0,0,0,0,0,0,0,0,,,
1967,WS2,AL,linesdi01,Dick Lines,54,,54,54,54,0,0,0,0,0,0,0,0,0,,,
1967,SFN,NL,linzyfr01,Frank Linzy,57,,57,57,57,0,0,0,0,0,0,0,0,0,,,
1967,CAL,AL,lockebo01,Bobby Locke,9,,9,9,9,0,0,0,0,0,0,0,0,0,,,
1967,CHA,AL,lockebo02,Bob Locker,77,,77,77,77,0,0,0,0,0,0,0,0,0,,,
1967,DET,AL,lolicmi01,Mickey Lolich,32,,32,32,31,0,0,0,0,0,0,0,0,0,,,
1967,BOS,AL,lonboji01,Jim Lonborg,39,,39,39,39,0,0,0,0,0,0,0,0,0,,,
1967,CAL,AL,lopezma01,Marcelino Lopez,7,,7,7,4,0,0,0,0,0,0,0,0,0,,,
1967,BAL,AL,lopezma01,Marcelino Lopez,6,,6,6,4,0,0,0,0,0,0,0,0,0,,,
1967,PHI,NL,loughla01,Larry Loughlin,3,,3,3,3,0,0,0,0,0,0,0,0,0,,,
1967,DET,AL,lumpeje01,Jerry Lumpe,81,,81,81,0,0,0,54,6,0,0,0,0,0,,,
1967,PIT,NL,luploal01,Al Luplow,55,,55,55,0,0,0,0,0,0,15,2,8,25,,,
1967,NYN,NL,luploal01,Al Luplow,41,,41,41,0,0,0,0,0,0,6,16,16,33,,,
1967,CIN,NL,malonji01,Jim Maloney,33,,33,33,30,0,0,0,0,0,0,0,0,0,,,
1967,NYA,AL,mantlmi01,Mickey Mantle,144,,144,144,0,0,131,0,0,0,0,0,0,0,,,
1967,SFN,NL,maricju01,Juan Marichal,26,,26,26,26,0,0,0,0,0,0,0,0,0,,,
1967,SLN,NL,marisro01,Roger Maris,125,,125,125,0,0,0,0,0,0,0,2,118,118,,,
1967,SFN,NL,marshda01,Dave Marshall,1,,1,1,0,0,0,0,0,0,0,0,0,0,,,
1967,DET,AL,marshmi01,Mike Marshall,37,,37,37,37,0,0,0,0,0,0,0,0,0,,,
1967,CHA,AL,martijc01,J. C. Martin,101,,101,101,0,96,1,0,0,0,0,0,0,0,,,
1967,ATL,NL,martima01,Marty Martinez,44,,44,44,0,3,1,9,2,25,0,0,0,0,,,
1967,SFN,NL,masondo01,Don Mason,4,,4,4,0,0,0,2,0,0,0,0,0,0,,,
1967,DET,AL,matchto01,Tommy Matchick,8,,8,8,0,0,0,0,0,1,0,0,0,0,,,
1967,HOU,NL,matheed01,Eddie Mathews,101,,101,101,0,0,79,0,24,0,0,0,0,0,,,
1967,DET,AL,matheed01,Eddie Mathews,36,,36,36,0,0,13,0,21,0,0,0,0,0,,,
1967,SLN,NL,maxvida01,Dal Maxvill,152,,152,152,0,0,0,7,0,148,0,0,0,0,,,
1967,PIT,NL,mazerbi01,Bill Mazeroski,163,,163,163,0,0,0,163,0,0,0,0,0,0,,,
1967,DET,AL,mcauldi01,Dick McAuliffe,153,,153,153,0,0,0,145,0,43,0,0,0,0,,,
1967,PIT,NL,mcbeaal01,Al McBean,51,,51,51,51,0,0,0,0,0,0,0,0,0,,,
1967,SLN,NL,mccarti01,Tim McCarver,138,,138,138,0,130,0,0,0,0,0,0,0,0,,,
1967,CIN,NL,mccoobi01,Billy McCool,31,,31,31,31,0,0,0,0,0,0,0,0,0,,,
1967,SFN,NL,mccormi03,Mike McCormick,41,,41,41,40,0,0,0,0,0,0,0,0,0,,,
1967,SFN,NL,mccovwi01,Willie McCovey,135,,135,135,0,0,127,0,0,0,0,0,0,0,,,
1967,CHA,AL,mccrato01,Tommy McCraw,125,,125,125,0,0,123,0,0,0,1,4,1,6,,,
1967,SFN,NL,mcdanli01,Lindy McDaniel,41,,41,41,41,0,0,0,0,0,0,0,0,0,,,
1967,CLE,AL,mcdowsa01,Sam McDowell,37,,37,37,37,0,0,0,0,0,0,0,0,0,,,
1967,CAL,AL,mcfaror01,Orlando McFarlane,12,,12,12,0,6,0,0,0,0,0,0,0,0,,,
1967,CAL,AL,mcgloji01,Jim McGlothlin,32,,32,32,32,0,0,0,0,0,0,0,0,0,,,
1967,NYN,NL,mcgratu01,Tug McGraw,4,,4,4,4,0,0,0,0,0,0,0,0,0,,,
1967,BAL,AL,mcguimi01,Mickey McGuire,10,,10,10,0,0,0,4,0,0,0,0,0,0,,,
1967,DET,AL,mclaide01,Denny McLain,38,,38,38,37,0,0,0,0,0,0,0,0,0,,,
1967,CHA,AL,mcmahdo02,Don McMahon,52,,52,52,52,0,0,0,0,0,0,0,0,0,,,
1967,BOS,AL,mcmahdo02,Don McMahon,11,,11,11,11,0,0,0,0,0,0,0,0,0,,,
1967,WS2,AL,mcmulke01,Ken McMullen,146,,146,146,0,0,0,0,145,0,0,0,0,0,,,
1967,BAL,AL,mcnalda01,Dave McNally,24,,24,24,24,0,0,0,0,0,0,0,0,0,,,
1967,CHA,AL,mcnerje01,Jerry McNertney,56,,56,56,0,52,0,0,0,0,0,0,0,0,,,
1967,ATL,NL,menkede01,Denis Menke,129,,129,129,0,0,0,0,3,124,0,0,0,0,,,
1967,MIN,AL,merriji01,Jim Merritt,37,,37,37,37,0,0,0,0,0,0,0,0,0,,,
1967,LAN,NL,michage01,Gene Michael,98,,98,98,0,0,0,0,0,83,0,0,0,0,,,
1967,CHN,NL,mikkepe01,Pete Mikkelsen,7,,7,7,7,0,0,0,0,0,0,0,0,0,,,
1967,PIT,NL,mikkepe01,Pete Mikkelsen,32,,32,32,32,0,0,0,0,0,0,0,0,0,,,
1967,ATL,NL,millafe01,Felix Millan,41,,41,41,0,0,0,41,0,0,0,0,0,0,,,
1967,LAN,NL,millebo04,Bob Miller,52,,52,52,52,0,0,0,0,0,0,0,0,0,,,
1967,BAL,AL,millejo03,John Miller,2,,2,2,2,0,0,0,0,0,0,0,0,0,,,
1967,HOU,NL,milleno01,Norm Miller,64,,64,64,0,0,0,0,0,0,53,0,0,53,,,
1967,BAL,AL,millest01,Stu Miller,42,,42,42,42,0,0,0,0,0,0,0,0,0,,,
1967,CAL,AL,minchdo01,Don Mincher,147,,147,147,0,0,142,0,0,0,0,0,1,1,,,
1967,LAN,NL,moelljo01,Joe Moeller,6,,6,6,6,0,0,0,0,0,0,0,0,0,,,
1967,DET,AL,monbobi01,Bill Monbouquette,2,,2,2,2,0,0,0,0,0,0,0,0,0,,,
1967,NYA,AL,monbobi01,Bill Monbouquette,33,,33,33,33,0,0,0,0,0,0,0,0,0,,,
1967,KC1,AL,mondari01,Rick Monday,124,,124,124,0,0,0,0,0,0,3,110,0,113,,,
1967,CHA,AL,monteau01,Aurelio Monteagudo,1,,1,1,1,0,0,0,0,0,0,0,0,0,,,
1967,NYN,NL,moockjo01,Joe Moock,13,,13,13,0,0,0,0,12,0,0,0,0,0,,,
1967,WS2,AL,mooreba01,Barry Moore,27,,27,27,27,0,0,0,0,0,0,0,0,0,,,
1967,PIT,NL,moosebo01,Bob Moose,2,,2,2,2,0,0,0,0,0,0,0,0,0,,,
1967,CHA,AL,moralri01,Rich Morales,8,,8,8,0,0,0,0,0,7,0,0,0,0,,,
1967,BOS,AL,morehda01,Dave Morehead,10,,10,10,10,0,0,0,0,0,0,0,0,0,,,
1967,HOU,NL,morgajo02,Joe Morgan,133,,133,133,0,0,0,130,0,0,1,0,0,1,,,
1967,CAL,AL,mortobu01,Bubba Morton,80,,80,80,0,0,0,0,0,0,9,0,55,61,,,
1967,NYA,AL,moschro01,Ross Moschitto,14,,14,14,0,0,0,0,0,0,2,4,2,8,,,
1967,BAL,AL,mottocu01,Curt Motton,27,,27,27,0,0,0,0,0,0,18,0,1,18,,,
1967,HOU,NL,murreiv01,Ivan Murrell,10,,10,10,0,0,0,0,0,0,5,0,1,6,,,
1967,WS2,AL,narumbu01,Buster Narum,2,,2,2,2,0,0,0,0,0,0,0,0,0,,,
1967,MIN,AL,nelsome01,Mel Nelson,1,,1,1,1,0,0,0,0,0,0,0,0,0,,,
1967,CHA,AL,nelsoro02,Roger Nelson,5,,5,5,5,0,0,0,0,0,0,0,0,0,,,
1967,MIN,AL,nettlgr01,Graig Nettles,3,,3,3,0,0,0,0,0,0,0,0,0,0,,,
1967,CAL,AL,newmafr01,Fred Newman,3,,3,3,3,0,0,0,0,0,0,0,0,0,,,
1967,ATL,NL,nichoda01,Dave Nicholson,10,,10,10,0,0,0,0,0,0,7,1,0,7,,,
1967,CHN,NL,niekrjo01,Joe Niekro,36,,36,36,36,0,0,0,0,0,0,0,0,0,,,
1967,ATL,NL,niekrph01,Phil Niekro,46,,46,46,46,0,0,0,0,0,0,0,0,0,,,
1967,MIN,AL,nixonru01,Russ Nixon,74,,74,74,0,69,0,0,0,0,0,0,0,0,,,
1967,CIN,NL,nolanga01,Gary Nolan,33,,33,33,33,0,0,0,0,0,0,0,0,0,,,
1967,CHN,NL,normafr01,Fred Norman,1,,1,1,1,0,0,0,0,0,0,0,0,0,,,
1967,DET,AL,northji01,Jim Northrup,144,,144,144,0,0,0,0,0,0,65,94,39,143,,,
1967,KC1,AL,nossejo01,Joe Nossek,87,,87,87,0,0,0,0,0,0,35,32,0,63,,,
1967,CIN,NL,nottedo01,Don Nottebart,47,,47,47,47,0,0,0,0,0,0,0,0,0,,,
1967,PIT,NL,odellbi01,Billy O'Dell,28,,28,28,27,0,0,0,0,0,0,0,0,0,,,
1967,CLE,AL,odonojo01,John O'Donoghue,33,,33,33,33,0,0,0,0,0,0,0,0,0,,,
1967,MIN,AL,olivato01,Tony Oliva,146,,146,146,0,0,0,0,0,0,0,0,146,146,,,
1967,PHI,NL,olivege01,Gene Oliver,85,,85,85,0,79,2,0,0,0,0,0,0,0,,,
1967,ATL,NL,olivege01,Gene Oliver,17,,17,17,0,13,1,0,0,0,0,0,0,0,,,
1967,LAN,NL,olivena01,Nate Oliver,77,,77,77,0,0,0,39,0,32,1,0,0,1,,,
1967,MIN,AL,ollomji01,Jim Ollom,21,,21,21,21,0,0,0,0,0,0,0,0,0,,,
1967,WS2,AL,orsinjo01,John Orsino,1,,1,1,0,0,0,0,0,0,0,0,0,0,,,
1967,WS2,AL,ortegph01,Phil Ortega,34,,34,34,34,0,0,0,0,0,0,0,0,0,,,
1967,BOS,AL,osinsda01,Dan Osinski,34,,34,34,34,0,0,0,0,0,0,0,0,0,,,
1967,LAN,NL,osteecl01,Claude Osteen,42,,42,42,39,0,0,0,0,0,0,0,0,0,,,
1967,CIN,NL,osteeda01,Darrell Osteen,14,,14,14,10,0,0,0,0,0,0,0,0,0,,,
1967,CHA,AL,otoolji01,Jim O'Toole,15,,15,15,15,0,0,0,0,0,0,0,0,0,,,
1967,HOU,NL,owensji01,Jim Owens,10,,10,10,10,0,0,0,0,0,0,0,0,0,,,
1967,DET,AL,oylerra01,Ray Oyler,148,,148,148,0,0,0,0,0,146,0,0,0,0,,,
1967,PIT,NL,paganjo01,Jose Pagan,81,,81,81,0,1,0,2,25,16,23,0,0,23,,,
1967,PIT,NL,pagliji01,Jim Pagliaroni,44,,44,44,0,38,0,0,0,0,0,0,0,0,,,
1967,BAL,AL,palmeji01,Jim Palmer,9,,9,9,9,0,0,0,0,0,0,0,0,0,,,
1967,CIN,NL,pappami01,Milt Pappas,34,,34,34,34,0,0,0,0,0,0,0,0,0,,,
1967,LAN,NL,parkewe01,Wes Parker,139,,139,139,0,0,112,0,0,0,0,18,0,18,,,
1967,WS2,AL,pascuca02,Camilo Pascual,28,,28,28,28,0,0,0,0,0,0,0,0,0,,,
1967,CIN,NL,pavledo01,Don Pavletich,74,,74,74,0,66,6,0,1,0,0,0,0,0,,,
1967,NYA,AL,pepitjo01,Joe Pepitone,133,,133,133,0,0,6,0,0,0,0,123,0,123,,,
1967,CIN,NL,perezto01,Tony Perez,156,,156,156,0,0,18,1,139,0,0,0,0,0,,,
1967,NYA,AL,perkice01,Cecil Perkins,2,,2,2,2,0,0,0,0,0,0,0,0,0,,,
1967,LAN,NL,perraro01,Ron Perranoski,70,,70,70,70,0,0,0,0,0,0,0,0,0,,,
1967,SFN,NL,perryga01,Gaylord Perry,42,,42,42,39,0,0,0,0,0,0,0,0,0,,,
1967,MIN,AL,perryji01,Jim Perry,39,,39,39,37,0,0,0,0,0,0,0,0,0,,,
1967,WS2,AL,peterca01,Cap Peterson,122,,122,122,0,0,0,0,0,0,18,0,88,101,,,
1967,NYA,AL,peterfr01,Fritz Peterson,36,,36,36,36,0,0,0,0,0,0,0,0,0,,,
1967,CHA,AL,peterga01,Gary Peters,48,,48,48,38,0,0,0,0,0,0,0,0,0,,,
1967,BOS,AL,petrori01,Rico Petrocelli,142,,142,142,0,0,0,0,0,141,0,0,0,0,,,
1967,CHN,NL,phillad01,Adolfo Phillips,144,,144,144,0,0,0,0,0,0,0,141,0,141,,,
1967,BAL,AL,phoebto01,Tom Phoebus,33,,33,33,33,0,0,0,0,0,0,0,0,0,,,
1967,KC1,AL,piercto01,Tony Pierce,49,,49,49,49,0,0,0,0,0,0,0,0,0,,,
1967,CAL,AL,piersji01,Jim Piersall,5,,5,5,0,0,0,0,0,0,1,0,0,1,,,
1967,CIN,NL,pinsova01,Vada Pinson,158,,158,158,0,0,0,0,0,0,0,157,0,157,,,
1967,PIT,NL,pizarju01,Juan Pizarro,50,,50,50,50,0,0,0,0,0,0,0,0,0,,,
1967,DET,AL,podrejo01,Johnny Podres,21,,21,21,21,0,0,0,0,0,0,0,0,0,,,
1967,HOU,NL,pointaa01,Aaron Pointer,27,,27,27,0,0,0,0,0,0,22,0,0,22,,,
1967,CHN,NL,popovpa01,Paul Popovich,49,,49,49,0,0,0,17,2,31,0,0,0,0,,,
1967,BOS,AL,poulske01,Ken Poulsen,5,,5,5,0,0,0,0,2,1,0,0,0,0,,,
1967,BAL,AL,powelbo01,Boog Powell,125,,125,125,0,0,114,0,0,0,0,0,0,0,,,
1967,DET,AL,priceji01,Jim Price,44,,44,44,0,24,0,0,0,0,0,0,0,0,,,
1967,WS2,AL,priddbo01,Bob Priddy,49,,49,49,46,0,0,0,0,0,0,0,0,0,,,
1967,CIN,NL,queenme02,Mel Queen,49,,49,49,31,0,0,0,0,0,0,0,0,0,,,
1967,MIN,AL,quilifr01,Frank Quilici,23,,23,23,0,0,0,13,8,1,0,0,0,0,,,
1967,CLE,AL,radatdi01,Dick Radatz,3,,3,3,3,0,0,0,0,0,0,0,0,0,,,
1967,CHN,NL,radatdi01,Dick Radatz,20,,20,20,20,0,0,0,0,0,0,0,0,0,,,
1967,HOU,NL,raderdo02,Doug Rader,47,,47,47,0,0,36,0,7,0,0,0,0,0,,,
1967,ATL,NL,rakowed01,Ed Rakow,17,,17,17,17,0,0,0,0,0,0,0,0,0,,,
1967,PHI,NL,ramospe01,Pedro Ramos,6,,6,6,6,0,0,0,0,0,0,0,0,0,,,
1967,CHN,NL,raudmbo01,Bob Raudman,8,,8,8,0,0,0,0,0,0,0,0,8,8,,,
1967,HOU,NL,raymocl01,Claude Raymond,21,,21,21,21,0,0,0,0,0,0,0,0,0,,,
1967,ATL,NL,raymocl01,Claude Raymond,28,,28,28,28,0,0,0,0,0,0,0,0,0,,,
1967,MIN,AL,reeseri01,Rich Reese,95,,95,95,0,0,36,0,0,0,10,0,0,10,,,
1967,LAN,NL,reganph01,Phil Regan,55,,55,55,55,0,0,0,0,0,0,0,0,0,,,
1967,CAL,AL,reichri01,Rick Reichardt,146,,146,146,0,0,0,0,0,0,138,0,0,138,,,
1967,NYN,NL,renifha01,Hal Reniff,29,,29,29,29,0,0,0,0,0,0,0,0,0,,,
1967,NYA,AL,renifha01,Hal Reniff,24,,24,24,24,0,0,0,0,0,0,0,0,0,,,
1967,CAL,AL,repozro01,Roger Repoz,74,,74,74,0,0,0,0,0,0,6,54,4,63,,,
1967,KC1,AL,repozro01,Roger Repoz,40,,40,40,0,0,0,0,0,0,16,9,6,31,,,
1967,NYN,NL,reynoto01,Tommie Reynolds,101,,101,101,0,1,0,0,5,0,42,13,21,72,,,
1967,PIT,NL,ribande01,Dennis Ribant,47,,47,47,38,0,0,0,0,0,0,0,0,0,,,
1967,BAL,AL,richepe01,Pete Richert,27,,27,27,26,0,0,0,0,0,0,0,0,0,,,
1967,WS2,AL,richepe01,Pete Richert,12,,12,12,11,0,0,0,0,0,0,0,0,0,,,
1967,SLN,NL,rickeda01,Dave Ricketts,52,,52,52,0,21,0,0,0,0,0,0,0,0,,,
1967,ATL,NL,ritchja01,Jay Ritchie,52,,52,52,52,0,0,0,0,0,0,0,0,0,,,
1967,PIT,NL,roberbo01,Bob Robertson,9,,9,9,0,0,9,0,0,0,0,0,0,0,,,
1967,NYA,AL,roberda04,Dale Roberts,2,,2,2,2,0,0,0,0,0,0,0,0,0,,,
1967,SFN,NL,roberri01,Rich Robertson,1,,1,1,1,0,0,0,0,0,0,0,0,0,,,
1967,NYA,AL,robinbi02,Bill Robinson,116,,116,116,0,0,0,0,0,0,20,33,53,102,,,
1967,BAL,AL,robinbr01,Brooks Robinson,158,,158,158,0,0,0,0,158,0,0,0,0,0,,,
1967,CIN,NL,robinfl01,Floyd Robinson,55,,55,55,0,0,0,0,0,0,4,0,35,39,,,
1967,BAL,AL,robinfr02,Frank Robinson,129,,129,129,0,0,2,0,0,0,31,0,95,126,,,
1967,PIT,NL,rodgean01,Andre Rodgers,47,,47,47,0,0,9,2,5,3,0,0,0,0,,,
1967,CAL,AL,rodgebu01,Buck Rodgers,139,,139,139,0,134,0,0,0,0,1,0,0,1,,,
1967,CAL,AL,rodriau01,Aurelio Rodriguez,29,,29,29,0,0,0,0,29,0,0,0,0,0,,,
1967,KC1,AL,rodriro01,Roberto Rodriguez,15,,15,15,15,0,0,0,0,0,0,0,0,0,,,
1967,PHI,NL,rojasco01,Cookie Rojas,147,,147,147,1,3,0,137,1,2,8,1,1,9,,,
1967,CAL,AL,rojasmi01,Minnie Rojas,72,,72,72,72,0,0,0,0,0,0,0,0,0,,,
1967,MIN,AL,rolanji01,Jim Roland,25,,25,25,25,0,0,0,0,0,0,0,0,0,,,
1967,MIN,AL,rolliri01,Rich Rollins,109,,109,109,0,0,0,0,97,0,0,0,0,0,,,
1967,SLN,NL,romanjo01,John Romano,24,,24,24,0,20,0,0,0,0,0,0,0,0,,,
1967,LAN,NL,rosebjo01,John Roseboro,116,,116,116,0,107,0,0,0,0,0,0,0,0,,,
1967,BAL,AL,roznovi01,Vic Roznovsky,45,,45,45,0,23,0,0,0,0,0,0,0,0,,,
1967,CAL,AL,rubiojo01,Jorge Rubio,3,,3,3,3,0,0,0,0,0,0,0,0,0,,,
1967,SFN,NL,sadecra01,Ray Sadecki,37,,37,37,35,0,0,0,0,0,0,0,0,0,,,
1967,CLE,AL,salmoch01,Chico Salmon,90,,90,90,0,0,24,24,4,14,24,4,3,28,,,
1967,NYA,AL,sandsch01,Charlie Sands,1,,1,1,0,0,0,0,0,0,0,0,0,0,,,
1967,KC1,AL,sanfoja02,Jack Sanford,10,,10,10,10,0,0,0,0,0,0,0,0,0,,,
1967,CAL,AL,sanfoja02,Jack Sanford,12,,12,12,12,0,0,0,0,0,0,0,0,0,,,
1967,PIT,NL,sanguma01,Manny Sanguillen,30,,30,30,0,28,0,0,0,0,0,0,0,0,,,
1967,BOS,AL,santijo02,Jose Santiago,50,,50,50,50,0,0,0,0,0,0,0,0,0,,,
1967,CHN,NL,santoro01,Ron Santo,161,,161,161,0,0,0,0,161,0,0,0,0,0,,,
1967,CAL,AL,satrito01,Tom Satriano,90,,90,90,0,23,5,15,38,0,0,0,0,0,,,
1967,SLN,NL,savagte01,Ted Savage,9,,9,9,0,0,0,0,0,0,0,0,0,0,,,
1967,CHN,NL,savagte01,Ted Savage,96,,96,96,0,0,0,0,1,0,0,23,66,86,,,
1967,WS2,AL,saverbo01,Bob Saverine,89,,89,89,0,0,0,48,8,10,2,0,0,2,,,
1967,CAL,AL,schaapa01,Paul Schaal,99,,99,99,0,0,0,1,88,2,0,0,0,0,,,
1967,PHI,NL,schafji01,Jimmie Schaffer,2,,2,2,0,1,0,0,0,0,0,0,0,0,,,
1967,CLE,AL,scheiri01,Richie Scheinblum,18,,18,18,0,0,0,0,0,0,0,0,18,18,,,
1967,NYN,NL,schmeal01,Al Schmelz,2,,2,2,2,0,0,0,0,0,0,0,0,0,,,
1967,HOU,NL,schneda01,Dan Schneider,55,,55,55,54,0,0,0,0,0,0,0,0,0,,,
1967,LAN,NL,schofdi01,Dick Schofield,84,,84,84,0,0,0,4,2,69,0,0,0,0,,,
1967,SFN,NL,schrobo01,Bob Schroder,62,,62,62,0,0,0,45,4,0,0,0,0,0,,,
1967,ATL,NL,schwado01,Don Schwall,1,,1,1,1,0,0,0,0,0,0,0,0,0,,,
1967,BOS,AL,scottge02,George Scott,159,,159,159,0,0,152,0,2,0,0,0,0,0,,,
1967,NYN,NL,seaveto01,Tom Seaver,36,,36,36,35,0,0,0,0,0,0,0,0,0,,,
1967,KC1,AL,seguidi01,Diego Segui,36,,36,36,36,0,0,0,0,0,0,0,0,0,,,
1967,NYN,NL,selmadi01,Dick Selma,43,,43,43,38,0,0,0,0,0,0,0,0,0,,,
1967,HOU,NL,sembeca01,Carroll Sembera,45,,45,45,45,0,0,0,0,0,0,0,0,0,,,
1967,CIN,NL,shamsar01,Art Shamsky,76,,76,76,0,0,0,0,0,0,18,0,25,40,,,
1967,SLN,NL,shannmi01,Mike Shannon,130,,130,130,0,0,0,0,122,0,2,2,5,6,,,
1967,PIT,NL,shellji01,Jim Shellenback,6,,6,6,6,0,0,0,0,0,0,0,0,0,,,
1967,DET,AL,sherrla01,Larry Sherry,20,,20,20,20,0,0,0,0,0,0,0,0,0,,,
1967,HOU,NL,sherrla01,Larry Sherry,29,,29,29,29,0,0,0,0,0,0,0,0,0,,,
1967,NYN,NL,shirlba01,Bart Shirley,6,,6,6,0,0,0,3,0,0,0,0,0,0,,,
1967,NYA,AL,shopato01,Tom Shopay,8,,8,8,0,0,0,0,0,0,7,0,0,7,,,
1967,PIT,NL,shortbi01,Bill Short,6,,6,6,6,0,0,0,0,0,0,0,0,0,,,
1967,PHI,NL,shortch02,Chris Short,29,,29,29,29,0,0,0,0,0,0,0,0,0,,,
1967,BOS,AL,siebeno01,Norm Siebern,33,,33,33,0,0,13,0,0,0,1,0,0,1,,,
1967,SFN,NL,siebeno01,Norm Siebern,46,,46,46,0,0,15,0,0,0,2,0,0,2,,,
1967,CLE,AL,siebeso01,Sonny Siebert,34,,34,34,34,0,0,0,0,0,0,0,0,0,,,
1967,MIN,AL,siebldw01,Dwight Siebler,2,,2,2,2,0,0,0,0,0,0,0,0,0,,,
1967,CAL,AL,simmocu01,Curt Simmons,14,,14,14,14,0,0,0,0,0,0,0,0,0,,,
1967,CHN,NL,simmocu01,Curt Simmons,17,,17,17,17,0,0,0,0,0,0,0,0,0,,,
1967,CIN,NL,simpsdi01,Dick Simpson,44,,44,44,0,0,0,0,0,0,1,4,21,26,,,
1967,LAN,NL,singebi01,Bill Singer,34,,34,34,32,0,0,0,0,0,0,0,0,0,,,
1967,CHA,AL,skowrbi01,Bill Skowron,8,,8,8,0,0,0,0,0,0,0,0,0,0,,,
1967,CAL,AL,skowrbi01,Bill Skowron,62,,62,62,0,0,32,0,0,0,0,0,0,0,,,
1967,NYA,AL,smithch04,Charley Smith,135,,135,135,0,0,0,0,115,0,0,0,0,0,,,
1967,BOS,AL,smithre06,Reggie Smith,158,,158,158,0,0,0,6,0,0,0,144,0,144,,,
1967,CLE,AL,smithwi02,Willie Smith,21,,21,21,0,0,3,0,0,0,4,0,0,4,,,
1967,BAL,AL,snyderu01,Russ Snyder,108,,108,108,0,0,0,0,0,0,24,25,27,69,,,
1967,SFN,NL,sorrebi01,Billy Sorrell,18,,18,18,0,0,0,0,0,0,5,0,0,5,,,
1967,CHN,NL,spangal01,Al Spangler,62,,62,62,0,0,0,0,0,0,0,7,34,41,,,
1967,DET,AL,sparmjo01,Joe Sparma,37,,37,37,37,0,0,0,0,0,0,0,0,0,,,
1967,SLN,NL,spiezed01,Ed Spiezio,55,,55,55,0,0,0,0,19,0,2,0,6,7,,,
1967,PIT,NL,sprigge01,George Spriggs,38,,38,38,0,0,0,0,0,0,10,0,3,13,,,
1967,CHA,AL,staehma01,Marv Staehle,32,,32,32,0,0,0,17,0,5,0,0,0,0,,,
1967,KC1,AL,staffbi01,Bill Stafford,14,,14,14,14,0,0,0,0,0,0,0,0,0,,,
1967,NYN,NL,stahlla01,Larry Stahl,71,,71,71,0,0,0,0,0,0,3,32,8,43,,,
1967,BOS,AL,stangle01,Lee Stange,35,,35,35,35,0,0,0,0,0,0,0,0,0,,,
1967,DET,AL,stanlmi01,Mickey Stanley,145,,145,145,0,0,8,0,0,0,2,126,2,129,,,
1967,PIT,NL,stargwi01,Willie Stargell,134,,134,134,0,0,37,0,0,0,92,0,6,98,,,
1967,HOU,NL,staubru01,Rusty Staub,149,,149,149,0,0,0,0,0,0,0,0,144,144,,,
1967,BOS,AL,stephje01,Jerry Stephenson,8,,8,8,8,0,0,0,0,0,0,0,0,0,,,
1967,CHN,NL,stephjo02,John Stephenson,18,,18,18,0,13,0,0,0,0,0,0,0,0,,,
1967,CHN,NL,stewaji01,Jimmy Stewart,6,,6,6,0,0,0,0,0,0,0,0,0,0,,,
1967,CHA,AL,stewaji01,Jimmy Stewart,24,,24,24,0,0,0,5,0,2,6,0,0,6,,,
1967,KC1,AL,stockwe01,Wes Stock,1,,1,1,1,0,0,0,0,0,0,0,0,0,,,
1967,CHN,NL,stonebi01,Bill Stoneman,28,,28,28,28,0,0,0,0,0,0,0,0,0,,,
1967,ATL,NL,stonege02,George Stone,2,,2,2,2,0,0,0,0,0,0,0,0,0,,,
1967,NYA,AL,stottme01,Mel Stottlemyre,36,,36,36,36,0,0,0,0,0,0,0,0,0,,,
1967,CHA,AL,stroued01,Ed Stroud,20,,20,20,0,0,0,0,0,0,11,0,5,12,,,
1967,WS2,AL,stroued01,Ed Stroud,87,,87,87,0,0,0,0,0,0,1,79,0,79,,,
1967,CAL,AL,stubimo01,Moose Stubing,5,,5,5,0,0,0,0,0,0,0,0,0,0,,,
1967,KC1,AL,suareke01,Ken Suarez,39,,39,39,0,36,0,0,0,0,0,0,0,0,,,
1967,NYN,NL,sullijo07,John Sullivan,65,,65,65,0,57,0,0,0,0,0,0,0,0,,,
1967,PHI,NL,suthega01,Gary Sutherland,103,,103,103,0,0,0,0,0,66,25,0,0,25,,,
1967,LAN,NL,suttodo01,Don Sutton,43,,43,43,37,0,0,0,0,0,0,0,0,0,,,
1967,NYN,NL,swoboro01,Ron Swoboda,134,,134,134,0,0,20,0,0,0,0,0,108,108,,,
1967,NYA,AL,talbofr01,Fred Talbot,30,,30,30,29,0,0,0,0,0,0,0,0,0,,,
1967,KC1,AL,taltoti01,Tim Talton,46,,46,46,0,22,1,0,0,0,0,0,0,0,,,
1967,BOS,AL,tartajo01,Jose Tartabull,115,,115,115,0,0,0,0,0,0,12,19,55,83,,,
1967,CAL,AL,tayloha04,Hawk Taylor,23,,23,23,0,19,0,0,0,0,0,0,0,0,,,
1967,NYN,NL,tayloha04,Hawk Taylor,13,,13,13,0,12,0,0,0,0,0,0,0,0,,,
1967,NYN,NL,tayloro01,Ron Taylor,50,,50,50,50,0,0,0,0,0,0,0,0,0,,,
1967,PHI,NL,tayloto02,Tony Taylor,132,,132,132,0,0,58,42,44,3,0,0,0,0,,,
1967,NYA,AL,tepedfr01,Frank Tepedino,9,,9,9,0,0,1,0,0,0,0,0,0,0,,,
1967,NYN,NL,terryra01,Ralph Terry,2,,2,2,2,0,0,0,0,0,0,0,0,0,,,
1967,PHI,NL,thoendi01,Dick Thoenen,1,,1,1,1,0,0,0,0,0,0,0,0,0,,,
1967,BOS,AL,thomage01,George Thomas,65,,65,65,0,1,3,0,0,0,20,3,20,43,,,
1967,CHN,NL,thomale03,Lee Thomas,77,,77,77,0,0,10,0,0,0,0,1,43,43,,,
1967,CLE,AL,tiantlu01,Luis Tiant,33,,33,33,33,0,0,0,0,0,0,0,0,0,,,
1967,CLE,AL,tiefebo01,Bobby Tiefenauer,5,,5,5,5,0,0,0,0,0,0,0,0,0,,,
1967,BOS,AL,tillmbo01,Bob Tillman,30,,30,30,0,26,0,0,0,0,0,0,0,0,,,
1967,NYA,AL,tillmbo01,Bob Tillman,22,,22,22,0,15,0,0,0,0,0,0,0,0,,,
1967,NYA,AL,tilloth01,Thad Tillotson,43,,43,43,43,0,0,0,0,0,0,0,0,0,,,
1967,SLN,NL,tolanbo01,Bobby Tolan,110,,110,110,0,0,13,0,0,0,6,54,25,80,,,
1967,LAN,NL,torboje01,Jeff Torborg,76,,76,76,0,75,0,0,0,0,0,0,0,0,,,
1967,ATL,NL,torrejo01,Joe Torre,135,,135,135,0,114,23,0,0,0,0,0,0,0,,,
1967,SLN,NL,torremi01,Mike Torrez,3,,3,3,3,0,0,0,0,0,0,0,0,0,,,
1967,MIN,AL,tovarce01,Cesar Tovar,164,,164,164,0,0,0,36,70,9,10,64,5,74,,,
1967,DET,AL,tracedi01,Dick Tracewski,74,,74,74,0,0,0,12,10,44,0,0,0,0,,,
1967,NYA,AL,treshto01,Tom Tresh,130,,130,130,0,0,0,0,0,0,118,0,0,118,,,
1967,CIN,NL,tsitojo01,John Tsitouris,2,,2,2,2,0,0,0,0,0,0,0,0,0,,,
1967,CAL,AL,turneke01,Ken Turner,13,,13,13,13,0,0,0,0,0,0,0,0,0,,,
1967,ATL,NL,ueckebo01,Bob Uecker,62,,62,62,0,59,0,0,0,0,0,0,0,0,,,
1967,PHI,NL,ueckebo01,Bob Uecker,18,,18,18,0,17,0,0,0,0,0,0,0,0,,,
1967,MIN,AL,uhlaete01,Ted Uhlaender,133,,133,133,0,0,0,0,0,0,0,118,0,118,,,
1967,CHN,NL,uphamjo01,John Upham,8,,8,8,5,0,0,0,0,0,0,0,0,0,,,
1967,ATL,NL,upshace01,Cecil Upshaw,30,,30,30,30,0,0,0,0,0,0,0,0,0,,,
1967,MIN,AL,valdesa01,Sandy Valdespino,99,,99,99,0,0,0,0,0,0,64,0,1,65,,,
1967,WS2,AL,valenfr01,Fred Valentine,151,,151,151,0,0,0,0,0,0,26,70,55,136,,,
1967,PIT,NL,vealebo01,Bob Veale,33,,33,33,33,0,0,0,0,0,0,0,0,0,,,
1967,NYA,AL,verbajo01,Joe Verbanic,28,,28,28,28,0,0,0,0,0,0,0,0,0,,,
1967,MIN,AL,versazo01,Zoilo Versalles,160,,160,160,0,0,0,0,0,159,0,0,0,0,,,
1967,CLE,AL,vidaljo01,Jose Vidal,16,,16,16,0,0,0,0,0,0,8,6,1,10,,,
1967,HOU,NL,vonhobr01,Bruce Von Hoff,10,,10,10,10,0,0,0,0,0,0,0,0,0,,,
1967,PHI,NL,wagnega01,Gary Wagner,1,,1,1,1,0,0,0,0,0,0,0,0,0,,,
1967,CLE,AL,wagnele01,Leon Wagner,135,,135,135,0,0,0,0,0,0,117,0,0,117,,,
1967,CAL,AL,wallado02,Don Wallace,23,,23,23,0,0,1,4,1,0,0,0,0,0,,,
1967,SLN,NL,washbra01,Ray Washburn,27,,27,27,27,0,0,0,0,0,0,0,0,0,,,
1967,BOS,AL,waslega01,Gary Waslewski,12,,12,12,12,0,0,0,0,0,0,0,0,0,,,
1967,HOU,NL,watsobo01,Bob Watson,6,,6,6,0,0,3,0,0,0,0,0,0,0,,,
1967,CAL,AL,weaveji02,Jim Weaver,13,,13,13,13,0,0,0,0,0,0,0,0,0,,,
1967,KC1,AL,webstra02,Ramon Webster,122,,122,122,0,0,83,0,0,0,14,0,2,15,,,
1967,LAN,NL,werhajo01,Johnny Werhas,7,,7,7,0,0,0,0,0,0,0,0,0,0,,,
1967,CAL,AL,werhajo01,Johnny Werhas,49,,49,49,0,0,4,0,30,0,1,0,0,1,,,
1967,NYA,AL,whitast01,Steve Whitaker,122,,122,122,0,0,0,0,0,0,26,12,78,114,,,
1967,PHI,NL,whitebi03,Bill White,110,,110,110,0,0,95,0,0,0,0,0,0,0,,,
1967,NYA,AL,whitero01,Roy White,70,,70,70,0,0,0,0,17,0,5,0,31,36,,,
1967,CLE,AL,whitffr01,Fred Whitfield,100,,100,100,0,0,66,0,0,0,0,0,0,0,,,
1967,DET,AL,wickeda01,Dave Wickersham,36,,36,36,36,0,0,0,0,0,0,0,0,0,,,
1967,CHA,AL,wilheho01,Hoyt Wilhelm,49,,49,49,49,0,0,0,0,0,0,0,0,0,,,
1967,CAL,AL,willhni01,Nick Willhite,10,,10,10,10,0,0,0,0,0,0,0,0,0,,,
1967,NYN,NL,willhni01,Nick Willhite,4,,4,4,4,0,0,0,0,0,0,0,0,0,,,
1967,CHN,NL,willibi01,Billy Williams,162,,162,162,0,0,0,0,0,0,161,0,6,162,,,
1967,SLN,NL,williji03,Jimy Williams,1,,1,1,0,0,0,0,0,1,0,0,0,0,,,
1967,SLN,NL,williro01,Ron Willis,65,,65,65,65,0,0,0,0,0,0,0,0,0,,,
1967,CLE,AL,willist02,Stan Williams,16,,16,16,16,0,0,0,0,0,0,0,0,0,,,
1967,CHA,AL,williwa02,Walt Williams,104,,104,104,0,0,0,0,0,0,59,0,21,73,,,
1967,PIT,NL,willsma01,Maury Wills,149,,149,149,0,0,0,0,144,2,0,0,0,0,,,
1967,HOU,NL,wilsodo01,Don Wilson,31,,31,31,31,0,0,0,0,0,0,0,0,0,,,
1967,DET,AL,wilsoea01,Earl Wilson,52,,52,52,39,0,0,0,0,0,0,0,0,0,,,
1967,NYA,AL,womacdo01,Dooley Womack,65,,65,65,65,0,0,0,0,0,0,0,0,0,,,
1967,SLN,NL,woodeha01,Hal Woodeshick,36,,36,36,36,0,0,0,0,0,0,0,0,0,,,
1967,ATL,NL,woodwwo01,Woody Woodward,136,,136,136,0,0,0,120,0,16,0,0,0,0,,,
1967,MIN,AL,worthal01,Al Worthington,59,,59,59,59,0,0,0,0,0,0,0,0,0,,,
1967,CAL,AL,wrighcl01,Clyde Wright,23,,23,23,20,0,0,0,0,0,0,0,0,0,,,
1967,BOS,AL,wyattjo02,John Wyatt,60,,60,60,60,0,0,0,0,0,0,0,0,0,,,
1967,NYN,NL,wynnebi02,Billy Wynne,6,,6,6,6,0,0,0,0,0,0,0,0,0,,,
1967,BOS,AL,yastrca01,Carl Yastrzemski,161,,161,161,0,0,0,0,0,0,161,1,0,161,,,
1967,HOU,NL,zachach02,Chris Zachary,10,,10,10,9,0,0,0,0,0,0,0,0,0,,,
1967,MIN,AL,zimmeje01,Jerry Zimmerman,104,,104,104,0,104,0,0,0,0,0,0,0,0,,,
