1969,NYA,AL,coxbo01,Bobby Cox,85,,85,85,0,0,0,6,56,0,0,0,0,0,,,
1969,WS2,AL,coxca01,Casey Cox,52,,52,52,52,0,0,0,0,0,0,0,0,0,,,
1969,SLN,NL,daybo01,Boots Day,11,,11,11,0,0,0,0,0,0,0,1,0,1,,,
1969,KCA,AL,foyjo01,Joe Foy,145,,145,145,0,0,16,3,113,5,2,13,1,16,,,
1969,SE1,AL,gilgu01,Gus Gil,92,,92,92,0,0,0,18,38,12,0,0,0,0,,,
1969,CLE,AL,lawro01,Ron Law,35,,35,35,35,0,0,0,0,0,0,0,0,0,,,
1969,BOS,AL,leebi03,Bill Lee,20,,20,20,20,0,0,0,0,0,0,0,0,0,,,
1969,SLN,NL,leele02,Leron Lee,7,,7,7,0,0,0,0,0,0,4,0,3,7,,,
1969,ATL,NL,lummi01,Mike Lum,121,,121,121,0,0,0,0,0,0,56,16,21,89,,,
1969,CHA,AL,mayca01,Carlos May,100,,100,100,0,0,0,0,0,0,80,0,22,100,,,
1969,BAL,AL,mayda01,Dave May,78,,78,78,0,0,0,0,0,0,0,0,40,40,,,
1969,PIT,NL,mayje01,Jerry May,62,,62,62,0,52,0,0,0,0,0,0,0,0,,,
1969,CIN,NL,mayle01,Lee May,158,,158,158,0,0,156,0,0,0,5,0,2,7,,,
1969,CAL,AL,mayru01,Rudy May,44,,44,44,43,0,0,0,0,0,0,0,0,0,,,
1969,CHN,NL,nyeri01,Rich Nye,36,,36,36,34,0,0,0,0,0,0,0,0,0,,,
1969,HOU,NL,rayji01,Jim Ray,40,,40,40,40,0,0,0,0,0,0,0,0,0,,,
1969,NYN,NL,ageeto01,Tommie Agee,149,,149,149,0,0,0,0,0,0,0,143,7,146,,,
1969,SE1,AL,akerja01,Jack Aker,15,,15,15,15,0,0,0,0,0,0,0,0,0,,,
1969,NYA,AL,akerja01,Jack Aker,38,,38,38,38,0,0,0,0,0,0,0,0,0,,,
1969,ATL,NL,aloufe01,Felipe Alou,123,,123,123,0,0,0,0,0,0,3,102,13,116,,,
1969,HOU,NL,alouje01,Jesus Alou,115,,115,115,0,0,0,0,0,0,65,0,58,112,,,
1969,PIT,NL,alouma01,Matty Alou,162,,162,162,0,0,0,0,0,0,1,162,0,162,,,
1969,CHA,AL,bellga01,Gary Bell,23,,23,23,23,0,0,0,0,0,0,0,0,0,,,
1969,SE1,AL,bellga01,Gary Bell,13,,13,13,13,0,0,0,0,0,0,0,0,0,,,
1969,OAK,AL,bluevi01,Vida Blue,12,,12,12,12,0,0,0,0,0,0,0,0,0,,,
1969,CHN,NL,bobbra01,Randy Bobb,3,,3,3,0,2,0,0,0,0,0,0,0,0,,,
1969,CLE,AL,boydga01,Gary Boyd,8,,8,8,8,0,0,0,0,0,0,0,0,0,,,
1969,PIT,NL,cashda01,Dave Cash,18,,18,18,0,0,0,17,0,0,0,0,0,0,,,
1969,DET,AL,cashno01,Norm Cash,142,,142,142,0,0,134,0,0,0,0,0,0,0,,,
1969,KCA,AL,cramje01,Jerry Cram,5,,5,5,5,0,0,0,0,0,0,0,0,0,,,
1969,BOS,AL,culpra01,Ray Culp,32,,32,32,32,0,0,0,0,0,0,0,0,0,,,
1969,SDN,NL,deanto01,Tommy Dean,101,,101,101,0,0,0,2,0,97,0,0,0,0,,,
1969,NYN,NL,dyerdu01,Duffy Dyer,29,,29,29,0,19,0,0,0,0,0,0,0,0,,,
1969,CAL,AL,eganto01,Tom Egan,46,,46,46,0,46,0,0,0,0,0,0,0,0,,,
1969,MON,NL,facero01,Roy Face,44,,44,44,44,0,0,0,0,0,0,0,0,0,,,
1969,BOS,AL,fiskca01,Carlton Fisk,2,,2,2,0,1,0,0,0,0,0,0,0,0,,,
1969,ATL,NL,garrra01,Ralph Garr,22,,22,22,0,0,0,0,0,0,7,0,0,7,,,
1969,MON,NL,hahndo01,Don Hahn,4,,4,4,0,0,0,0,0,0,0,3,0,3,,,
1969,BAL,AL,halldi01,Dick Hall,39,,39,39,39,0,0,0,0,0,0,0,0,0,,,
1969,CLE,AL,hallji02,Jimmie Hall,4,,4,4,0,0,0,0,0,0,2,1,0,3,,,
1969,NYA,AL,hallji02,Jimmie Hall,80,,80,80,0,0,7,0,0,0,9,19,22,50,,,
1969,CHN,NL,hallji02,Jimmie Hall,11,,11,11,0,0,0,0,0,0,1,4,0,5,,,
1969,MIN,AL,hallto01,Tom Hall,32,,32,32,31,0,0,0,0,0,0,0,0,0,,,
1969,SFN,NL,hartji01,Jim Ray Hart,95,,95,95,0,0,0,0,3,0,68,0,0,68,,,
1969,CHA,AL,heldwo01,Woodie Held,56,,56,56,0,0,0,1,3,3,3,11,5,18,,,
1969,ATL,NL,hillga01,Garry Hill,1,,1,1,1,0,0,0,0,0,0,0,0,0,,,
1969,MIN,AL,hillhe02,Herman Hill,16,,16,16,0,0,0,0,0,0,0,2,0,2,,,
1969,MIN,AL,holtji01,Jim Holt,12,,12,12,0,0,1,0,0,0,1,0,4,5,,,
1969,SFN,NL,huntro01,Ron Hunt,128,,128,128,0,0,0,125,1,0,0,0,0,0,,,
1969,CHA,AL,johnto01,Tommy John,33,,33,33,33,0,0,0,0,0,0,0,0,0,,,
1969,MIN,AL,kaatji01,Jim Kaat,43,,43,43,40,0,0,0,0,0,0,0,0,0,,,
1969,PIT,NL,kolbga01,Gary Kolb,29,,29,29,0,7,0,0,0,0,0,0,0,0,,,
1969,SDN,NL,krugch01,Chris Krug,8,,8,8,0,7,0,0,0,0,0,0,0,0,,,
1969,LAN,NL,lambra01,Ray Lamb,10,,10,10,10,0,0,0,0,0,0,0,0,0,,,
1969,CLE,AL,leoned01,Eddie Leon,64,,64,64,0,0,0,0,0,64,0,0,0,0,,,
1969,BOS,AL,lockdo01,Don Lock,53,,53,53,0,0,4,0,0,0,15,9,4,28,,,
1969,PHI,NL,lockdo01,Don Lock,4,,4,4,0,0,0,0,0,0,1,0,0,1,,,
1969,SE1,AL,lundgo01,Gordy Lund,20,,20,20,0,0,0,1,1,17,0,0,0,0,,,
1969,BOS,AL,lylesp01,Sparky Lyle,71,,71,71,71,0,0,0,0,0,0,0,0,0,,,
1969,WS2,AL,mayele01,Lee Maye,71,,71,71,0,0,0,0,0,0,6,4,56,65,,,
1969,CLE,AL,mayele01,Lee Maye,43,,43,43,0,0,0,0,0,0,26,0,2,28,,,
1969,SFN,NL,mayswi01,Willie Mays,117,,117,117,0,0,1,0,0,0,0,106,2,108,,,
1969,LAN,NL,motama01,Manny Mota,85,,85,85,0,0,0,0,0,0,75,4,10,80,,,
1969,MON,NL,motama01,Manny Mota,31,,31,31,0,0,0,0,0,0,1,17,5,22,,,
1969,BOS,AL,nagymi01,Mike Nagy,34,,34,34,33,0,0,0,0,0,0,0,0,0,,,
1969,MIN,AL,nashco01,Cotton Nash,6,,6,6,0,0,6,0,0,0,1,0,0,1,,,
1969,OAK,AL,nashji01,Jim Nash,26,,26,26,26,0,0,0,0,0,0,0,0,0,,,
1969,OAK,AL,odombl01,Blue Moon Odom,43,,43,43,32,0,0,0,0,0,0,0,0,0,,,
1969,NYN,NL,otisam01,Amos Otis,48,,48,48,0,0,0,0,3,0,16,18,1,35,,,
1969,CLE,AL,paulmi01,Mike Paul,47,,47,47,47,0,0,0,0,0,0,0,0,0,,,
1969,CIN,NL,penajo01,Jose Peña,6,,6,6,6,0,0,0,0,0,0,0,0,0,,,
1969,SDN,NL,penaro01,Roberto Peña,139,,139,139,0,0,12,33,27,65,0,0,0,0,,,
1969,CLE,AL,pinaho01,Horacio Pina,31,,31,31,31,0,0,0,0,0,0,0,0,0,,,
1969,CHA,AL,rathfr01,Fred Rath,3,,3,3,3,0,0,0,0,0,0,0,0,0,,,
1969,DET,AL,reedbo01,Bob Reed,8,,8,8,8,0,0,0,0,0,0,0,0,0,,,
1969,MON,NL,reedho01,Howie Reed,31,,31,31,31,0,0,0,0,0,0,0,0,0,,,
1969,ATL,NL,reedro01,Ron Reed,37,,37,37,36,0,0,0,0,0,0,0,0,0,,,
1969,PHI,NL,reidsc01,Scott Reid,13,,13,13,0,0,0,0,0,0,2,4,0,5,,,
1969,KCA,AL,ricofr01,Fred Rico,12,,12,12,0,0,0,0,1,0,0,2,7,9,,,
1969,KCA,AL,riosju01,Juan Rios,87,,87,87,0,0,0,46,4,32,0,0,0,0,,,
1969,NYN,NL,rohrle01,Les Rohr,1,,1,1,1,0,0,0,0,0,0,0,0,0,,,
1969,CLE,AL,romovi01,Vicente Romo,3,,3,3,3,0,0,0,0,0,0,0,0,0,,,
1969,BOS,AL,romovi01,Vicente Romo,52,,52,52,52,0,0,0,0,0,0,0,0,0,,,
1969,OAK,AL,roofph01,Phil Roof,106,,106,106,0,106,0,0,0,0,0,0,0,0,,,
1969,CIN,NL,rosepe01,Pete Rose,156,,156,156,0,0,0,2,0,0,0,56,101,156,,,
1969,CHN,NL,rossga01,Gary Ross,2,,2,2,2,0,0,0,0,0,0,0,0,0,,,
1969,SDN,NL,rossga01,Gary Ross,46,,46,46,46,0,0,0,0,0,0,0,0,0,,,
1969,OAK,AL,rudijo01,Joe Rudi,35,,35,35,0,0,11,0,0,0,18,0,0,18,,,
1969,CIN,NL,ruizch01,Chico Ruiz,88,,88,88,0,0,2,39,7,29,1,0,0,1,,,
1969,PHI,NL,ryanmi02,Mike Ryan,133,,133,133,0,132,0,0,0,0,0,0,0,0,,,
1969,NYN,NL,ryanno01,Nolan Ryan,25,,25,25,25,0,0,0,0,0,0,0,0,0,,,
1969,MON,NL,shawdo01,Don Shaw,35,,35,35,35,0,0,0,0,0,0,0,0,0,,,
1969,MON,NL,sheast01,Steve Shea,10,,10,10,10,0,0,0,0,0,0,0,0,0,,,
1969,CLE,AL,simsdu01,Duke Sims,114,,114,114,0,102,1,0,0,0,2,0,1,3,,,
1969,SDN,NL,siskto01,Tommie Sisk,53,,53,53,53,0,0,0,0,0,0,0,0,0,,,
1969,CAL,AL,vossbi01,Bill Voss,133,,133,133,0,0,2,0,0,0,6,4,104,111,,,
1969,CHA,AL,wardpe01,Pete Ward,105,,105,105,0,0,25,0,21,0,3,0,6,9,,,
1969,BAL,AL,watted01,Eddie Watt,56,,56,56,56,0,0,0,0,0,0,0,0,0,,,
1969,NYN,NL,weisal01,Al Weis,103,,103,103,0,0,0,43,1,52,0,0,0,0,,,
1969,BOS,AL,wenzfr01,Fred Wenz,8,,8,8,8,0,0,0,0,0,0,0,0,0,,,
1969,DET,AL,wertdo01,Don Wert,132,,132,132,0,0,0,0,129,0,0,0,0,0,,,
1969,MON,NL,winebo01,Bobby Wine,121,,121,121,0,0,1,0,1,118,0,0,0,0,,,
1969,PHI,NL,wiseri01,Rick Wise,33,,33,33,33,0,0,0,0,0,0,0,0,0,,,
1969,CAL,AL,wolfwa01,Wally Wolf,2,,2,2,2,0,0,0,0,0,0,0,0,0,,,
1969,CHA,AL,woodwi01,Wilbur Wood,76,,76,76,76,0,0,0,0,0,0,0,0,0,,,
1969,HOU,NL,wynnji01,Jim Wynn,149,,149,149,0,0,0,0,0,0,0,149,0,149,,,
1969,MIN,AL,zeppbi01,Bill Zepp,4,,4,4,4,0,0,0,0,0,0,0,0,0,,,
1969,ATL,NL,aaronha01,Hank Aaron,147,,147,147,0,0,4,0,0,0,0,0,144,144,,,
1969,ATL,NL,aaronto01,Tommie Aaron,49,,49,49,0,0,16,0,0,0,8,0,0,8,,,
1969,CHN,NL,abernte02,Ted Abernathy,56,,56,56,56,0,0,0,0,0,0,0,0,0,,,
1969,KCA,AL,adairje01,Jerry Adair,126,,126,126,0,0,0,109,1,8,0,0,0,0,,,
1969,CHA,AL,adamsdo01,Doug Adams,8,,8,8,0,4,0,0,0,0,0,0,0,0,,,
1969,BAL,AL,adamsmi01,Mike Adamson,6,,6,6,6,0,0,0,0,0,0,0,0,0,,,
1969,CHN,NL,aguirha01,Hank Aguirre,41,,41,41,41,0,0,0,0,0,0,0,0,0,,,
1969,KCA,AL,alcarlu01,Luis Alcaraz,22,,22,22,0,0,0,19,2,1,0,0,0,0,,,
1969,WS2,AL,allenbe01,Bernie Allen,122,,122,122,0,0,0,110,6,0,0,0,0,0,,,
1969,PHI,NL,allendi01,Dick Allen,118,,118,118,0,0,117,0,0,0,0,0,0,0,,,
1969,WS2,AL,allenha02,Hank Allen,109,,109,109,0,0,0,3,6,0,48,16,42,91,,,
1969,CAL,AL,allenll01,Lloyd Allen,4,,4,4,4,0,0,0,0,0,0,0,0,0,,,
1969,PIT,NL,alleyge01,Gene Alley,82,,82,82,0,0,0,53,5,25,0,0,0,0,,,
1969,MIN,AL,allisbo01,Bob Allison,81,,81,81,0,0,3,0,0,0,58,0,0,58,,,
1969,CAL,AL,alomasa01,Sandy Alomar,134,,134,134,0,0,0,134,0,0,0,0,0,0,,,
1969,CHA,AL,alomasa01,Sandy Alomar,22,,22,22,0,0,0,22,0,0,0,0,0,0,,,
1969,BOS,AL,alvarlu01,Luis Alvarado,6,,6,6,0,0,0,0,0,5,0,0,0,0,,,
1969,CLE,AL,alvisma01,Max Alvis,66,,66,66,0,0,0,0,58,1,0,0,0,0,,,
1969,WS2,AL,alyeabr01,Brant Alyea,104,,104,104,0,0,3,0,0,0,36,0,36,69,,,
1969,CAL,AL,amaroru01,Ruben Amaro,41,,41,41,0,0,18,9,2,5,0,0,0,0,,,
1969,BOS,AL,andremi01,Mike Andrews,121,,121,121,0,0,0,120,0,0,0,0,0,0,,,
1969,CHA,AL,aparilu01,Luis Aparicio,156,,156,156,0,0,0,0,0,154,0,0,0,0,,,
1969,SDN,NL,arciajo01,Jose Arcia,120,,120,120,0,0,1,68,8,37,4,0,0,4,,,
1969,SDN,NL,arlinst01,Steve Arlin,4,,4,4,4,0,0,0,0,0,0,0,0,0,,,
1969,CIN,NL,arrigge01,Gerry Arrigo,20,,20,20,20,0,0,0,0,0,0,0,0,0,,,
1969,ATL,NL,asprobo01,Bob Aspromonte,82,,82,82,0,0,0,2,23,18,24,0,0,24,,,
1969,CAL,AL,azcuejo01,Joe Azcue,80,,80,80,0,80,0,0,0,0,0,0,0,0,,,
1969,BOS,AL,azcuejo01,Joe Azcue,19,,19,19,0,19,0,0,0,0,0,0,0,0,,,
1969,CLE,AL,azcuejo01,Joe Azcue,7,,7,7,0,6,0,0,0,0,0,0,0,0,,,
1969,NYA,AL,bahnsst01,Stan Bahnsen,40,,40,40,40,0,0,0,0,0,0,0,0,0,,,
1969,MON,NL,bailebo01,Bob Bailey,111,,111,111,0,0,85,0,1,0,12,0,0,12,,,
1969,ATL,NL,bakerdu01,Dusty Baker,3,,3,3,0,0,0,0,0,0,0,3,0,3,,,
1969,CLE,AL,bakerfr02,Frank Baker,52,,52,52,0,0,0,0,0,0,46,0,0,46,,,
1969,SDN,NL,baldsja01,Jack Baldschun,61,,61,61,61,0,0,0,0,0,0,0,0,0,,,
1969,WS2,AL,baldwda01,Dave Baldwin,43,,43,43,43,0,0,0,0,0,0,0,0,0,,,
1969,OAK,AL,bandosa01,Sal Bando,162,,162,162,0,0,0,0,162,0,0,0,0,0,,,
1969,SE1,AL,baneydi01,Dick Baney,9,,9,9,9,0,0,0,0,0,0,0,0,0,,,
1969,CHN,NL,bankser01,Ernie Banks,155,,155,155,0,0,153,0,0,0,0,0,0,0,,,
1969,SE1,AL,barbest01,Steve Barber,25,,25,25,25,0,0,0,0,0,0,0,0,0,,,
1969,PHI,NL,barryri01,Rich Barry,20,,20,20,0,0,0,0,0,0,9,0,0,9,,,
1969,SFN,NL,bartobo01,Bob Barton,49,,49,49,0,49,0,0,0,0,0,0,0,0,,,
1969,MON,NL,batemjo01,John Bateman,74,,74,74,0,66,0,0,0,0,0,0,0,0,,,
1969,SE1,AL,batesdi01,Dick Bates,1,,1,1,1,0,0,0,0,0,0,0,0,0,,,
1969,CIN,NL,beaucji01,Jim Beauchamp,43,,43,43,0,0,3,0,0,0,5,4,0,9,,,
1969,CHN,NL,beckegl01,Glenn Beckert,131,,131,131,0,0,0,129,0,0,0,0,0,0,,,
1969,BAL,AL,beenefr01,Fred Beene,2,,2,2,2,0,0,0,0,0,0,0,0,0,,,
1969,BAL,AL,belanma01,Mark Belanger,150,,150,150,0,0,0,0,0,148,0,0,0,0,,,
1969,PIT,NL,belinbo01,Bo Belinsky,8,,8,8,8,0,0,0,0,0,0,0,0,0,,,
1969,CIN,NL,benchjo01,Johnny Bench,148,,148,148,0,147,0,0,0,0,0,0,0,0,,,
1969,CHA,AL,berryke01,Ken Berry,130,,130,130,0,0,0,0,0,0,2,116,2,120,,,
1969,WS2,AL,bertafr01,Frank Bertaina,14,,14,14,14,0,0,0,0,0,0,0,0,0,,,
1969,BAL,AL,bertafr01,Frank Bertaina,3,,3,3,3,0,0,0,0,0,0,0,0,0,,,
1969,WS2,AL,billidi01,Dick Billings,27,,27,27,0,0,0,0,1,0,5,1,0,6,,,
1969,HOU,NL,billija01,Jack Billingham,52,,52,52,52,0,0,0,0,0,0,0,0,0,,,
1969,CHN,NL,bladtri01,Rick Bladt,10,,10,10,0,0,0,0,0,0,2,5,1,7,,,
1969,BAL,AL,blairpa01,Paul Blair,150,,150,150,0,0,0,0,0,0,0,150,0,150,,,
1969,HOU,NL,blasiwa01,Wade Blasingame,27,,27,27,26,0,0,0,0,0,0,0,0,0,,,
1969,PIT,NL,blassst01,Steve Blass,44,,44,44,38,0,0,0,0,0,0,0,0,0,,,
1969,HOU,NL,blefacu01,Curt Blefary,155,,155,155,0,0,152,0,0,0,1,0,0,1,,,
1969,NYA,AL,blombro01,Ron Blomberg,4,,4,4,0,0,0,0,0,0,2,0,0,2,,,
1969,MON,NL,boccajo01,John Boccabella,40,,40,40,0,32,0,0,0,0,0,0,0,0,,,
1969,NYA,AL,boehmle01,Len Boehmer,45,,45,45,0,0,21,1,8,1,0,0,0,0,,,
1969,SFN,NL,bolinbo01,Bobby Bolin,30,,30,30,30,0,0,0,0,0,0,0,0,0,,,
1969,SFN,NL,bondsbo01,Bobby Bonds,158,,158,158,0,0,0,0,0,0,0,77,99,155,,,
1969,PHI,NL,boozejo01,John Boozer,46,,46,46,46,0,0,0,0,0,0,0,0,0,,,
1969,CAL,AL,borbope01,Pedro Borbon,22,,22,22,22,0,0,0,0,0,0,0,0,0,,,
1969,MON,NL,boschdo01,Don Bosch,49,,49,49,0,0,0,0,0,0,2,29,1,32,,,
1969,WS2,AL,bosmadi01,Dick Bosman,32,,32,32,31,0,0,0,0,0,0,0,0,0,,,
1969,MIN,AL,bosweda01,Dave Boswell,40,,40,40,39,0,0,0,0,0,0,0,0,0,,,
1969,NYN,NL,bosweke01,Ken Boswell,102,,102,102,0,0,0,96,0,0,0,0,0,0,,,
1969,HOU,NL,boutoji01,Jim Bouton,16,,16,16,16,0,0,0,0,0,0,0,0,0,,,
1969,SE1,AL,boutoji01,Jim Bouton,57,,57,57,57,0,0,0,0,0,0,0,0,0,,,
1969,WS2,AL,bowensa01,Sam Bowens,33,,33,33,0,0,0,0,0,0,6,3,22,30,,,
1969,ATL,NL,boyercl02,Clete Boyer,144,,144,144,0,0,0,0,141,0,0,0,0,0,,,
1969,LAN,NL,boyerke01,Ken Boyer,25,,25,25,0,0,4,0,0,0,0,0,0,0,,,
1969,SE1,AL,brabege01,Gene Brabender,41,,41,41,40,0,0,0,0,0,0,0,0,0,,,
1969,CHA,AL,bradfbu01,Buddy Bradford,93,,93,93,0,0,0,0,0,0,0,48,59,88,,,
1969,CAL,AL,bradlto01,Tom Bradley,3,,3,3,3,0,0,0,0,0,0,0,0,0,,,
1969,MIN,AL,brandbu01,Bucky Brandon,3,,3,3,3,0,0,0,0,0,0,0,0,0,,,
1969,SE1,AL,brandbu01,Bucky Brandon,8,,8,8,8,0,0,0,0,0,0,0,0,0,,,
1969,MON,NL,brandro01,Ron Brand,103,,103,103,0,84,0,0,0,0,1,1,0,2,,,
1969,CHA,AL,bravoan01,Angel Bravo,27,,27,27,0,0,0,0,0,0,2,24,3,25,,,
1969,ATL,NL,breazji01,Jim Breazeale,2,,2,2,0,0,1,0,0,0,0,0,0,0,,,
1969,CIN,NL,breedda01,Danny Breeden,3,,3,3,0,3,0,0,0,0,0,0,0,0,,,
1969,BOS,AL,brettke01,Ken Brett,8,,8,8,8,0,0,0,0,0,0,0,0,0,,,
1969,LAN,NL,breweji01,Jim Brewer,59,,59,59,59,0,0,0,0,0,0,0,0,0,,,
1969,PHI,NL,briggjo02,John Briggs,124,,124,124,0,0,2,0,0,0,76,32,12,108,,,
1969,SLN,NL,brilene01,Nelson Briles,36,,36,36,36,0,0,0,0,0,0,0,0,0,,,
1969,CHA,AL,brinkch01,Chuck Brinkman,14,,14,14,0,14,0,0,0,0,0,0,0,0,,,
1969,WS2,AL,brinked01,Ed Brinkman,151,,151,151,0,0,0,0,0,150,0,0,0,0,,,
1969,ATL,NL,brittji02,Jim Britton,24,,24,24,24,0,0,0,0,0,0,0,0,0,,,
1969,SLN,NL,brocklo01,Lou Brock,157,,157,157,0,0,0,0,0,0,157,0,0,157,,,
1969,OAK,AL,brookbo01,Bobby Brooks,29,,29,29,0,0,0,0,0,0,16,0,5,21,,,
1969,PIT,NL,brossfr01,Frank Brosseau,2,,2,2,2,0,0,0,0,0,0,0,0,0,,,
1969,SLN,NL,brownby01,Byron Browne,22,,22,22,0,0,0,0,0,0,5,5,8,16,,,
1969,DET,AL,brownga01,Gates Brown,60,,60,60,0,0,0,0,0,0,14,0,0,14,,,
1969,DET,AL,brownik01,Ike Brown,70,,70,70,0,0,0,45,12,1,1,0,2,3,,,
1969,CLE,AL,brownla01,Larry Brown,132,,132,132,0,0,0,5,29,101,0,0,0,0,,,
1969,SDN,NL,brownol02,Ollie Brown,151,,151,151,0,0,0,0,0,0,0,0,148,148,,,
1969,ATL,NL,brownos01,Oscar Brown,7,,7,7,0,0,0,0,0,0,0,2,1,3,,,
1969,CAL,AL,brownra02,Randy Brown,13,,13,13,0,10,0,0,0,0,0,1,0,1,,,
1969,CAL,AL,brunege01,George Brunet,23,,23,23,23,0,0,0,0,0,0,0,0,0,,,
1969,SE1,AL,brunege01,George Brunet,12,,12,12,12,0,0,0,0,0,0,0,0,0,,,
1969,HOU,NL,bryando01,Don Bryant,31,,31,31,0,28,0,0,0,0,0,0,0,0,,,
1969,SFN,NL,bryanro01,Ron Bryant,16,,16,16,16,0,0,0,0,0,0,0,0,0,,,
1969,LAN,NL,bucknbi01,Bill Buckner,1,,1,1,0,0,0,0,0,0,0,0,0,0,,,
1969,BAL,AL,bufordo01,Don Buford,144,,144,144,0,0,0,10,6,0,128,0,0,128,,,
1969,KCA,AL,bunkewa01,Wally Bunker,35,,35,35,35,0,0,0,0,0,0,0,0,0,,,
1969,PIT,NL,bunniji01,Jim Bunning,25,,25,25,25,0,0,0,0,0,0,0,0,0,,,
1969,LAN,NL,bunniji01,Jim Bunning,9,,9,9,9,0,0,0,0,0,0,0,0,0,,,
1969,NYA,AL,burbabi01,Bill Burbach,31,,31,31,31,0,0,0,0,0,0,0,0,0,,,
1969,CLE,AL,burchla01,Larry Burchart,29,,29,29,29,0,0,0,0,0,0,0,0,0,,,
1969,SFN,NL,burdabo01,Bob Burda,97,,97,97,0,0,45,0,0,0,5,0,15,19,,,
1969,KCA,AL,burgmto01,Tom Burgmeier,47,,47,47,31,0,0,0,0,0,0,0,1,1,,,
1969,KCA,AL,butlebi02,Bill Butler,34,,34,34,34,0,0,0,0,0,0,0,0,0,,,
1969,PHI,NL,callijo01,Johnny Callison,134,,134,134,0,0,0,0,0,0,0,0,129,129,,,
1969,WS2,AL,camildo02,Doug Camilli,1,,1,1,0,1,0,0,0,0,0,0,0,0,,,
1969,CLE,AL,camillo01,Lou Camilli,13,,13,13,0,0,0,0,13,0,0,0,0,0,,,
1969,OAK,AL,campabe01,Bert Campaneris,135,,135,135,0,0,0,0,0,125,0,0,0,0,,,
1969,KCA,AL,campaji01,Jim Campanis,30,,30,30,0,26,0,0,0,0,0,0,0,0,,,
1969,DET,AL,campbda01,Dave Campbell,32,,32,32,0,0,13,5,1,0,0,0,0,0,,,
1969,SLN,NL,campisa01,Sal Campisi,7,,7,7,7,0,0,0,0,0,0,0,0,0,,,
1969,SDN,NL,cannich01,Chris Cannizzaro,134,,134,134,0,132,0,0,0,0,0,0,0,0,,,
1969,CIN,NL,carbobe01,Bernie Carbo,4,,4,4,0,0,0,0,0,0,0,0,0,0,,,
1969,CLE,AL,cardejo02,Jose Cardenal,146,,146,146,0,0,0,0,5,0,1,141,0,142,,,
1969,MIN,AL,cardele01,Leo Cardenas,160,,160,160,0,0,0,0,0,160,0,0,0,0,,,
1969,NYN,NL,cardwdo01,Don Cardwell,30,,30,30,30,0,0,0,0,0,0,0,0,0,,,
1969,MIN,AL,carewro01,Rod Carew,123,,123,123,0,0,0,118,0,0,0,0,0,0,,,
1969,WS2,AL,carloci01,Cisco Carlos,6,,6,6,6,0,0,0,0,0,0,0,0,0,,,
1969,CHA,AL,carloci01,Cisco Carlos,25,,25,25,25,0,0,0,0,0,0,0,0,0,,,
1969,SLN,NL,carltst01,Steve Carlton,32,,32,32,31,0,0,0,0,0,0,0,0,0,,,
1969,CIN,NL,carrocl02,Clay Carroll,71,,71,71,71,0,0,0,0,0,0,0,0,0,,,
1969,ATL,NL,cartyri01,Rico Carty,104,,104,104,0,0,0,0,0,0,79,0,0,79,,,
1969,WS2,AL,casanpa01,Paul Casanova,124,,124,124,0,122,0,0,0,0,0,0,0,0,,,
1969,OAK,AL,caterda01,Danny Cater,152,,152,152,0,0,132,4,0,0,19,0,1,20,,,
1969,ATL,NL,cepedor01,Orlando Cepeda,154,,154,154,0,0,153,0,0,0,0,0,0,0,,,
1969,PHI,NL,champbi01,Bill Champion,23,,23,23,23,0,0,0,0,0,0,0,0,0,,,
1969,CAL,AL,chancbo01,Bob Chance,5,,5,5,0,0,1,0,0,0,0,0,0,0,,,
1969,MIN,AL,chancde01,Dean Chance,20,,20,20,20,0,0,0,0,0,0,0,0,0,,,
1969,CIN,NL,chaneda01,Darrel Chaney,93,,93,93,0,0,0,0,0,91,0,0,0,0,,,
1969,NYN,NL,charled01,Ed Charles,61,,61,61,0,0,0,0,52,0,0,0,0,0,,,
1969,CHA,AL,chrisbo01,Bob Christian,39,,39,39,0,0,0,0,0,0,37,0,1,38,,,
1969,KCA,AL,ciscoga01,Galen Cisco,15,,15,15,15,0,0,0,0,0,0,0,0,0,,,
1969,NYA,AL,clarkho01,Horace Clarke,156,,156,156,0,0,0,156,0,0,0,0,0,0,,,
1969,CAL,AL,clarkri01,Rickey Clark,6,,6,6,6,0,0,0,0,0,0,0,0,0,,,
1969,MIN,AL,clarkro02,Ron Clark,5,,5,5,0,0,0,0,2,0,0,0,0,0,,,
1969,SE1,AL,clarkro02,Ron Clark,57,,57,57,0,0,1,5,15,38,0,0,0,0,,,
1969,PIT,NL,clemero01,Roberto Clemente,138,,138,138,0,0,0,0,0,0,0,0,135,135,,,
1969,NYN,NL,clenddo01,Donn Clendenon,72,,72,72,0,0,58,0,0,0,1,0,0,1,,,
1969,MON,NL,clenddo01,Donn Clendenon,38,,38,38,0,0,24,0,0,0,9,1,1,11,,,
1969,SLN,NL,clevere01,Reggie Cleveland,1,,1,1,1,0,0,0,0,0,0,0,0,0,,,
1969,MON,NL,clinety01,Ty Cline,101,,101,101,0,0,17,0,0,0,7,35,0,41,,,
1969,CIN,NL,clonito01,Tony Cloninger,36,,36,36,35,0,0,0,0,0,0,0,0,0,,,
1969,SDN,NL,colbena01,Nate Colbert,139,,139,139,0,0,134,0,0,0,0,0,0,0,,,
1969,CHN,NL,colboji01,Jim Colborn,6,,6,6,6,0,0,0,0,0,0,0,0,0,,,
1969,WS2,AL,colemjo05,Joe Coleman,40,,40,40,40,0,0,0,0,0,0,0,0,0,,,
1969,MON,NL,collike01,Kevin Collins,52,,52,52,0,0,0,20,16,0,0,0,0,0,,,
1969,NYN,NL,collike01,Kevin Collins,16,,16,16,0,0,0,0,14,0,0,0,0,0,,,
1969,SE1,AL,comerwa01,Wayne Comer,147,,147,147,0,1,0,0,1,0,20,92,46,139,,,
1969,BOS,AL,conigbi01,Billy Conigliaro,32,,32,32,0,0,0,0,0,0,3,18,6,24,,,
1969,BOS,AL,conigto01,Tony Conigliaro,141,,141,141,0,0,0,0,0,0,0,0,137,137,,,
1969,HOU,NL,coombda01,Danny Coombs,8,,8,8,8,0,0,0,0,0,0,0,0,0,,,
1969,SDN,NL,corkimi01,Mike Corkins,6,,6,6,6,0,0,0,0,0,0,0,0,0,,,
1969,CIN,NL,corrapa01,Pat Corrales,29,,29,29,0,29,0,0,0,0,0,0,0,0,,,
1969,CAL,AL,cottich01,Chuck Cottier,2,,2,2,0,0,0,2,0,0,0,0,0,0,,,
1969,SLN,NL,coultch01,Chip Coulter,6,,6,6,0,0,0,6,0,0,0,0,0,0,,,
1969,NYA,AL,cowanbi01,Billy Cowan,32,,32,32,0,0,0,0,0,0,8,4,2,14,,,
1969,CAL,AL,cowanbi01,Billy Cowan,28,,28,28,0,0,6,0,0,0,3,2,8,13,,,
1969,LAN,NL,crawfwi01,Willie Crawford,129,,129,129,0,0,0,0,0,0,56,22,38,113,,,
1969,MIN,AL,crideje01,Jerry Crider,21,,21,21,21,0,0,0,0,0,0,0,0,0,,,
1969,BAL,AL,crowlte01,Terry Crowley,7,,7,7,0,0,3,0,0,0,2,0,0,2,,,
1969,BAL,AL,cuellmi01,Mike Cuellar,39,,39,39,39,0,0,0,0,0,0,0,0,0,,,
1969,WS2,AL,culleti01,Tim Cullen,119,,119,119,0,0,0,105,1,9,0,0,0,0,,,
1969,CIN,NL,culvege01,George Culver,32,,32,32,32,0,0,0,0,0,0,0,0,0,,,
1969,NYA,AL,cumbejo01,John Cumberland,2,,2,2,2,0,0,0,0,0,0,0,0,0,,,
1969,PIT,NL,dalcabr01,Bruce Dal Canton,57,,57,57,57,0,0,0,0,0,0,0,0,0,,,
1969,BAL,AL,dalrycl01,Clay Dalrymple,37,,37,37,0,30,0,0,0,0,0,0,0,0,,,
1969,LAN,NL,darwibo01,Bobby Darwin,6,,6,6,3,0,0,0,0,0,0,0,0,0,,,
1969,SLN,NL,davalvi01,Vic Davalillo,63,,63,63,2,0,0,0,0,0,2,10,11,23,,,
1969,CAL,AL,davalvi01,Vic Davalillo,33,,33,33,0,0,3,0,0,0,0,2,20,22,,,
1969,SLN,NL,davanje01,Jerry DaVanon,16,,16,16,0,0,0,0,0,16,0,0,0,0,,,
1969,SDN,NL,davanje01,Jerry DaVanon,24,,24,24,0,0,0,15,0,7,0,0,0,0,,,
1969,SFN,NL,davenji01,Jim Davenport,112,,112,112,0,0,1,0,104,1,0,0,1,1,,,
1969,SDN,NL,davisbi01,Bill Davis,31,,31,31,0,0,14,0,0,0,0,0,0,0,,,
1969,SFN,NL,davismi01,Mike Davison,1,,1,1,1,0,0,0,0,0,0,0,0,0,,,
1969,PIT,NL,davisro01,Ron Davis,62,,62,62,0,0,0,0,0,0,22,12,20,51,,,
1969,HOU,NL,davisto02,Tommy Davis,24,,24,24,0,0,0,0,0,0,20,1,0,21,,,
1969,SE1,AL,davisto02,Tommy Davis,123,,123,123,0,0,1,0,0,0,112,0,0,112,,,
1969,LAN,NL,daviswi02,Willie Davis,129,,129,129,0,0,0,0,0,0,0,125,0,125,,,
1969,CHN,NL,deckejo01,Joe Decker,4,,4,4,4,0,0,0,0,0,0,0,0,0,,,
1969,CIN,NL,delahmi01,Mike de la Hoz,1,,1,1,0,0,0,0,0,0,0,0,0,0,,,
1969,MIN,AL,dempsri01,Rick Dempsey,5,,5,5,0,3,0,0,0,0,0,0,0,0,,,
1969,ATL,NL,didiebo01,Bob Didier,114,,114,114,0,114,0,0,0,0,0,0,0,0,,,
1969,HOU,NL,dierkla01,Larry Dierker,39,,39,39,39,0,0,0,0,0,0,0,0,0,,,
1969,SFN,NL,dietzdi01,Dick Dietz,79,,79,79,0,73,0,0,0,0,0,0,0,0,,,
1969,NYN,NL,dilauja01,Jack DiLauro,23,,23,23,23,0,0,0,0,0,0,0,0,0,,,
1969,CHN,NL,distaal01,Alec Distaso,2,,2,2,2,0,0,0,0,0,0,0,0,0,,,
1969,OAK,AL,dobsoch01,Chuck Dobson,35,,35,35,35,0,0,0,0,0,0,0,0,0,,,
1969,DET,AL,dobsopa01,Pat Dobson,49,,49,49,49,0,0,0,0,0,0,0,0,0,,,
1969,SE1,AL,donaljo01,John Donaldson,95,,95,95,0,0,0,90,2,1,0,0,0,0,,,
1969,OAK,AL,donaljo01,John Donaldson,12,,12,12,0,0,0,1,0,0,0,0,0,0,,,
1969,NYA,AL,downial01,Al Downing,30,,30,30,30,0,0,0,0,0,0,0,0,0,,,
1969,ATL,NL,doylepa01,Paul Doyle,36,,36,36,36,0,0,0,0,0,0,0,0,0,,,
1969,KCA,AL,drabomo01,Moe Drabowsky,52,,52,52,52,0,0,0,0,0,0,0,0,0,,,
1969,KCA,AL,dragodi01,Dick Drago,41,,41,41,41,0,0,0,0,0,0,0,0,0,,,
1969,LAN,NL,drysddo01,Don Drysdale,12,,12,12,12,0,0,0,0,0,0,0,0,0,,,
1969,WS2,AL,dukesja01,Jan Dukes,8,,8,8,8,0,0,0,0,0,0,0,0,0,,,
1969,SDN,NL,dukesto01,Tom Dukes,13,,13,13,13,0,0,0,0,0,0,0,0,0,,,
1969,OAK,AL,duncada01,Dave Duncan,58,,58,58,0,56,0,0,0,0,0,0,0,0,,,
1969,SE1,AL,edgerbi01,Bill Edgerton,4,,4,4,4,0,0,0,0,0,0,0,0,0,,,
1969,CHA,AL,edmonpa01,Paul Edmondson,14,,14,14,14,0,0,0,0,0,0,0,0,0,,,
1969,HOU,NL,edwarjo01,Johnny Edwards,151,,151,151,0,151,0,0,0,0,0,0,0,0,,,
1969,PIT,NL,ellisdo01,Dock Ellis,37,,37,37,35,0,0,0,0,0,0,0,0,0,,,
1969,SLN,NL,ellisji01,Jim Ellis,2,,2,2,2,0,0,0,0,0,0,0,0,0,,,
1969,NYA,AL,ellisjo01,John Ellis,22,,22,22,0,15,0,0,0,0,0,0,0,0,,,
1969,CHA,AL,ellissa01,Sammy Ellis,10,,10,10,10,0,0,0,0,0,0,0,0,0,,,
1969,BOS,AL,ellswdi01,Dick Ellsworth,2,,2,2,2,0,0,0,0,0,0,0,0,0,,,
1969,CLE,AL,ellswdi01,Dick Ellsworth,34,,34,34,34,0,0,0,0,0,0,0,0,0,,,
1969,WS2,AL,epstemi01,Mike Epstein,131,,131,131,0,0,118,0,0,0,0,0,0,0,,,
1969,BAL,AL,etchean01,Andy Etchebarren,73,,73,73,0,72,0,0,0,0,0,0,0,0,,,
1969,SFN,NL,etherbo01,Bobby Etheridge,56,,56,56,0,0,0,0,39,1,0,0,0,0,,,
1969,ATL,NL,evansda01,Darrell Evans,12,,12,12,0,0,0,0,6,0,0,0,0,0,,,
1969,SDN,NL,everile01,Leon Everitt,6,,6,6,5,0,0,0,0,0,0,0,0,0,,,
1969,MON,NL,faireji01,Jim Fairey,20,,20,20,0,0,0,0,0,0,1,12,0,13,,,
1969,LAN,NL,fairlro01,Ron Fairly,30,,30,30,0,0,12,0,0,0,1,0,10,10,,,
1969,MON,NL,fairlro01,Ron Fairly,70,,70,70,0,0,52,0,0,0,3,18,0,21,,,
1969,PHI,NL,farretu01,Turk Farrell,46,,46,46,46,0,0,0,0,0,0,0,0,0,,,
1969,NYA,AL,fernafr01,Frank Fernandez,89,,89,89,0,65,0,0,0,0,0,0,14,14,,,
1969,SDN,NL,ferraal01,Al Ferrara,138,,138,138,0,0,0,0,0,0,95,1,0,96,,,
1969,SE1,AL,ferrami01,Mike Ferraro,5,,5,5,0,0,0,0,0,0,0,0,0,0,,,
1969,OAK,AL,fingero01,Rollie Fingers,60,,60,60,60,0,0,0,0,0,0,0,0,0,,,
1969,KCA,AL,fioremi01,Mike Fiore,107,,107,107,0,0,91,0,0,0,3,8,2,13,,,
1969,CAL,AL,fisheed02,Eddie Fisher,52,,52,52,52,0,0,0,0,0,0,0,0,0,,,
1969,CIN,NL,fisheja01,Jack Fisher,34,,34,34,34,0,0,0,0,0,0,0,0,0,,,
1969,KCA,AL,fitzmal01,Al Fitzmorris,7,,7,7,7,0,0,0,0,0,0,0,0,0,,,
1969,SLN,NL,floodcu01,Curt Flood,153,,153,153,0,0,0,0,0,0,0,152,0,152,,,
1969,BAL,AL,floydbo01,Bobby Floyd,39,,39,39,0,0,0,15,9,15,0,0,0,0,,,
1969,CLE,AL,fossera01,Ray Fosse,37,,37,37,0,37,0,0,0,0,0,0,0,0,,,
1969,LAN,NL,fosteal01,Alan Foster,24,,24,24,24,0,0,0,0,0,0,0,0,0,,,
1969,SFN,NL,fostege01,George Foster,9,,9,9,0,0,0,0,0,0,0,0,8,8,,,
1969,OAK,AL,francti01,Tito Francona,32,,32,32,0,0,19,0,0,0,1,0,0,1,,,
1969,ATL,NL,francti01,Tito Francona,51,,51,51,0,0,7,0,0,0,15,0,0,15,,,
1969,DET,AL,freehbi01,Bill Freehan,143,,143,143,0,120,20,0,0,0,0,0,0,0,,,
1969,CAL,AL,fregoji01,Jim Fregosi,161,,161,161,0,0,0,0,0,160,0,0,0,0,,,
1969,WS2,AL,frencji01,Jim French,63,,63,63,0,63,0,0,0,0,0,0,0,0,,,
1969,NYN,NL,friseda01,Danny Frisella,3,,3,3,3,0,0,0,0,0,0,0,0,0,,,
1969,PHI,NL,frymawo01,Woodie Fryman,36,,36,36,36,0,0,0,0,0,0,0,0,0,,,
1969,SE1,AL,fuentmi01,Miguel Fuentes,8,,8,8,8,0,0,0,0,0,0,0,0,0,,,
1969,SFN,NL,fuentti01,Tito Fuentes,67,,67,67,0,0,0,0,36,30,0,0,0,0,,,
1969,CLE,AL,fulleve01,Vern Fuller,108,,108,108,0,0,0,102,7,0,0,0,0,0,,,
1969,LAN,NL,gabrile02,Len Gabrielson,83,,83,83,0,0,2,0,0,0,13,0,34,47,,,
1969,SLN,NL,gagliph01,Phil Gagliano,62,,62,62,0,0,9,20,9,0,0,0,2,2,,,
1969,CHN,NL,gamblos01,Oscar Gamble,24,,24,24,0,0,0,0,0,0,1,23,0,24,,,
1969,PIT,NL,garbege01,Gene Garber,2,,2,2,2,0,0,0,0,0,0,0,0,0,,,
1969,SFN,NL,garibbo01,Bob Garibaldi,1,,1,1,1,0,0,0,0,0,0,0,0,0,,,
1969,BOS,AL,garmami01,Mike Garman,2,,2,2,2,0,0,0,0,0,0,0,0,0,,,
1969,NYN,NL,garrewa01,Wayne Garrett,124,,124,124,0,0,0,47,72,9,0,0,0,0,,,
1969,ATL,NL,garrigi01,Gil Garrido,82,,82,82,0,0,0,0,0,81,0,0,0,0,,,
1969,LAN,NL,garvest01,Steve Garvey,3,,3,3,0,0,0,0,0,0,0,0,0,0,,,
1969,NYN,NL,gasparo01,Rod Gaspar,118,,118,118,0,0,0,0,0,0,22,16,64,91,,,
1969,SDN,NL,gastoci01,Cito Gaston,129,,129,129,0,0,0,0,0,0,0,113,0,113,,,
1969,HOU,NL,geigega01,Gary Geiger,93,,93,93,0,0,0,0,0,0,47,5,14,65,,,
1969,CAL,AL,geishve01,Vern Geishert,11,,11,11,11,0,0,0,0,0,0,0,0,0,,,
1969,SE1,AL,gelnajo01,John Gelnar,40,,40,40,39,0,0,0,0,0,0,0,0,0,,,
1969,NYN,NL,gentrga01,Gary Gentry,35,,35,35,35,0,0,0,0,0,0,0,0,0,,,
1969,HOU,NL,geronce01,Cesar Geronimo,28,,28,28,0,0,0,0,0,0,4,1,4,9,,,
1969,SFN,NL,gibbojo01,Joe Gibbon,16,,16,16,16,0,0,0,0,0,0,0,0,0,,,
1969,PIT,NL,gibbojo01,Joe Gibbon,35,,35,35,35,0,0,0,0,0,0,0,0,0,,,
1969,NYA,AL,gibbsja01,Jake Gibbs,71,,71,71,0,66,0,0,0,0,0,0,0,0,,,
1969,SLN,NL,gibsobo01,Bob Gibson,37,,37,37,35,0,0,0,0,0,0,0,0,0,,,
1969,BOS,AL,gibsoru01,Russ Gibson,85,,85,85,0,83,0,0,0,0,0,0,0,0,,,
1969,SLN,NL,giustda01,Dave Giusti,22,,22,22,22,0,0,0,0,0,0,0,0,0,,,
1969,HOU,NL,gladdfr01,Fred Gladding,57,,57,57,57,0,0,0,0,0,0,0,0,0,,,
1969,SDN,NL,gonzato01,Tony Gonzalez,53,,53,53,0,0,0,0,0,0,40,11,3,49,,,
1969,ATL,NL,gonzato01,Tony Gonzalez,89,,89,89,0,0,0,0,0,0,35,49,0,82,,,
1969,SE1,AL,goossgr01,Greg Goossen,52,,52,52,0,0,31,0,0,0,2,0,0,2,,,
1969,NYN,NL,gosgeji01,Jim Gosger,10,,10,10,0,0,0,0,0,0,4,1,0,5,,,
1969,SE1,AL,gosgeji01,Jim Gosger,39,,39,39,0,0,0,0,0,0,1,24,1,26,,,
1969,HOU,NL,gotayju01,Julio Gotay,46,,46,46,0,0,0,16,1,0,0,0,0,0,,,
1969,LAN,NL,grababi01,Billy Grabarkewitz,34,,34,34,0,0,0,3,6,18,0,0,0,0,,,
1969,CIN,NL,grangwa01,Wayne Granger,90,,90,90,90,0,0,0,0,0,0,0,0,0,,,
1969,MON,NL,grantmu01,Mudcat Grant,11,,11,11,11,0,0,0,0,0,0,0,0,0,,,
1969,SLN,NL,grantmu01,Mudcat Grant,31,,31,31,30,0,0,0,0,0,0,0,0,0,,,
1969,OAK,AL,greendi01,Dick Green,136,,136,136,0,0,0,131,0,0,0,0,0,0,,,
1969,HOU,NL,griffto02,Tom Griffin,31,,31,31,31,0,0,0,0,0,0,0,0,0,,,
1969,NYN,NL,groteje01,Jerry Grote,113,,113,113,0,112,0,0,0,0,0,0,0,0,,,
1969,MIN,AL,grzenjo01,Joe Grzenda,38,,38,38,38,0,0,0,0,0,0,0,0,0,,,
1969,HOU,NL,guinnsk01,Skip Guinn,28,,28,28,28,0,0,0,0,0,0,0,0,0,,,
1969,SFN,NL,gutiece01,Cesar Gutierrez,15,,15,15,0,0,0,0,7,4,0,0,0,0,,,
1969,DET,AL,gutiece01,Cesar Gutierrez,17,,17,17,0,0,0,0,0,16,0,0,0,0,,,
1969,SLN,NL,guzmasa01,Santiago Guzman,1,,1,1,1,0,0,0,0,0,0,0,0,0,,,
1969,SLN,NL,haguejo01,Joe Hague,40,,40,40,0,0,9,0,0,0,1,0,16,17,,,
1969,CHN,NL,hairsjo01,John Hairston,3,,3,3,0,1,0,0,0,0,1,0,0,1,,,
1969,LAN,NL,halleto01,Tom Haller,134,,134,134,0,132,0,0,0,0,0,0,0,0,,,
1969,CLE,AL,hamilja01,Jack Hamilton,20,,20,20,20,0,0,0,0,0,0,0,0,0,,,
1969,CHA,AL,hamilja01,Jack Hamilton,8,,8,8,8,0,0,0,0,0,0,0,0,0,,,
1969,NYA,AL,hamilst01,Steve Hamilton,38,,38,38,38,0,0,0,0,0,0,0,0,0,,,
1969,CHN,NL,handsbi01,Bill Hands,41,,41,41,41,0,0,0,0,0,0,0,0,0,,,
1969,OAK,AL,haneyla01,Larry Haney,53,,53,53,0,53,0,0,0,0,0,0,0,0,,,
1969,SE1,AL,haneyla01,Larry Haney,22,,22,22,0,20,0,0,0,0,0,0,0,0,,,
1969,WS2,AL,hannaji01,Jim Hannan,35,,35,35,35,0,0,0,0,0,0,0,0,0,,,
1969,CHA,AL,hansero02,Ron Hansen,85,,85,85,0,0,21,26,7,8,0,0,0,0,,,
1969,BAL,AL,hardiji01,Jim Hardin,30,,30,30,30,0,0,0,0,0,0,0,0,0,,,
1969,CLE,AL,hargast01,Steve Hargan,34,,34,34,32,0,0,0,0,0,0,0,0,0,,,
1969,PHI,NL,harmote01,Terry Harmon,87,,87,87,0,0,0,19,2,38,0,0,0,0,,,
1969,SE1,AL,harpeto01,Tommy Harper,148,,148,148,0,0,0,59,59,0,3,22,1,26,,,
1969,WS2,AL,harrato01,Toby Harrah,8,,8,8,0,0,0,0,0,1,0,0,0,0,,,
1969,NYN,NL,harrebu01,Bud Harrelson,123,,123,123,0,0,0,0,0,119,0,0,0,0,,,
1969,SFN,NL,harrejo01,John Harrell,2,,2,2,0,2,0,0,0,0,0,0,0,0,,,
1969,BOS,AL,harreke01,Ken Harrelson,10,,10,10,0,0,10,0,0,0,0,0,0,0,,,
1969,CLE,AL,harreke01,Ken Harrelson,149,,149,149,0,0,16,0,0,0,7,0,137,144,,,
1969,KCA,AL,harribi04,Billy Harris,5,,5,5,0,0,0,1,0,0,0,0,0,0,,,
1969,KCA,AL,harrich02,Chuck Harrison,75,,75,75,0,0,55,0,0,0,0,0,0,0,,,
1969,PIT,NL,hartech01,Chuck Hartenstein,56,,56,56,56,0,0,0,0,0,0,0,0,0,,,
1969,KCA,AL,healyfr02,Fran Healy,6,,6,6,0,5,0,0,0,0,0,0,0,0,,,
1969,CHN,NL,heathbi01,Bill Heath,27,,27,27,0,9,0,0,0,0,0,0,0,0,,,
1969,PIT,NL,hebneri01,Richie Hebner,129,,129,129,0,0,1,0,124,0,0,0,0,0,,,
1969,KCA,AL,hedlumi01,Mike Hedlund,34,,34,34,34,0,0,0,0,0,0,0,0,0,,,
1969,SE1,AL,heganmi01,Mike Hegan,95,,95,95,0,0,19,0,0,0,2,1,61,64,,,
1969,CLE,AL,heideja01,Jack Heidemann,3,,3,3,0,0,0,0,0,3,0,0,0,0,,,
1969,NYN,NL,heisebo01,Bob Heise,4,,4,4,0,0,0,0,0,3,0,0,0,0,,,
1969,CIN,NL,helmsto01,Tommy Helms,126,,126,126,0,0,0,125,0,4,0,0,0,0,,,
1969,SFN,NL,hendeke01,Ken Henderson,113,,113,113,0,0,0,0,3,0,64,5,57,111,,,
1969,BAL,AL,hendrel01,Elrod Hendricks,105,,105,105,0,87,4,0,0,0,0,0,0,0,,,
1969,CLE,AL,henniph01,Phil Hennigan,9,,9,9,9,0,0,0,0,0,0,0,0,0,,,
1969,HOU,NL,henrybi01,Bill Henry,3,,3,3,3,0,0,0,0,0,0,0,0,0,,,
1969,SFN,NL,herbero01,Ron Herbel,39,,39,39,39,0,0,0,0,0,0,0,0,0,,,
1969,MON,NL,hermore01,Remy Hermoso,28,,28,28,0,0,0,18,0,6,0,0,0,0,,,
1969,KCA,AL,hernaja01,Jackie Hernandez,145,,145,145,0,0,0,0,0,144,0,0,0,0,,,
1969,MON,NL,herrejo01,Jose Herrera,47,,47,47,0,0,0,2,1,0,20,13,0,31,,,
1969,CHA,AL,herrmed01,Ed Herrmann,102,,102,102,0,92,0,0,0,0,0,0,0,0,,,
1969,OAK,AL,hershmi01,Mike Hershberger,51,,51,51,0,0,0,0,0,0,16,8,13,35,,,
1969,SFN,NL,hiattja01,Jack Hiatt,69,,69,69,0,60,3,0,0,0,0,0,0,0,,,
1969,CHN,NL,hickmji02,Jim Hickman,134,,134,134,0,0,0,0,0,0,5,9,116,125,,,
1969,CAL,AL,hicksji01,Jim Hicks,37,,37,37,0,0,8,0,0,0,4,3,3,10,,,
1969,SLN,NL,hicksji01,Jim Hicks,19,,19,19,0,0,0,0,0,0,0,0,15,15,,,
1969,WS2,AL,higgide01,Dennis Higgins,55,,55,55,55,0,0,0,0,0,0,0,0,0,,,
1969,SLN,NL,hilgeto01,Tom Hilgendorf,6,,6,6,6,0,0,0,0,0,0,0,0,0,,,
1969,DET,AL,hillejo01,John Hiller,41,,41,41,40,0,0,0,0,0,0,0,0,0,,,
1969,CLE,AL,hintoch01,Chuck Hinton,94,,94,94,0,0,0,0,14,0,28,4,9,40,,,
1969,PHI,NL,hislela01,Larry Hisle,145,,145,145,0,0,0,0,0,0,1,139,0,140,,,
1969,SLN,NL,hoernjo01,Joe Hoerner,45,,45,45,45,0,0,0,0,0,0,0,0,0,,,
1969,WS2,AL,holmaga01,Gary Holman,41,,41,41,0,0,11,0,0,0,1,0,2,3,,,
1969,CHN,NL,holtzke01,Ken Holtzman,39,,39,39,39,0,0,0,0,0,0,0,0,0,,,
1969,CHA,AL,hopkiga01,Gail Hopkins,124,,124,124,0,0,101,0,0,0,0,0,0,0,,,
1969,CHA,AL,horlejo01,Joe Horlen,36,,36,36,36,0,0,0,0,0,0,0,0,0,,,
1969,CLE,AL,hortoto01,Tony Horton,159,,159,159,0,0,157,0,0,0,0,0,0,0,,,
1969,DET,AL,hortowi01,Willie Horton,141,,141,141,0,0,0,0,0,0,135,0,3,136,,,
1969,SE1,AL,hovlest01,Steve Hovley,91,,91,91,0,0,0,0,0,0,3,35,49,84,,,
1969,WS2,AL,howarfr01,Frank Howard,161,,161,161,0,0,70,0,0,0,108,0,6,114,,,
1969,ATL,NL,hriniwa01,Walt Hriniak,7,,7,7,0,6,0,0,0,0,0,0,0,0,,,
1969,SDN,NL,hriniwa01,Walt Hriniak,31,,31,31,0,19,0,0,0,0,0,0,0,0,,,
1969,NYN,NL,hudsoje01,Jesse Hudson,1,,1,1,1,0,0,0,0,0,0,0,0,0,,,
1969,WS2,AL,humphbo01,Bob Humphreys,47,,47,47,47,0,0,0,0,0,0,0,0,0,,,
1969,CHN,NL,hundlra01,Randy Hundley,151,,151,151,0,151,0,0,0,0,0,0,0,0,,,
1969,OAK,AL,hunteca01,Catfish Hunter,42,,42,42,38,0,0,0,0,0,0,0,0,0,,,
1969,SLN,NL,huntzst01,Steve Huntz,71,,71,71,0,0,0,12,6,52,0,0,0,0,,,
1969,LAN,NL,huttoto01,Tom Hutton,16,,16,16,0,0,16,0,0,0,0,0,0,0,,,
1969,CIN,NL,jacksal01,Al Jackson,33,,33,33,33,0,0,0,0,0,0,0,0,0,,,
1969,NYN,NL,jacksal01,Al Jackson,9,,9,9,9,0,0,0,0,0,0,0,0,0,,,
1969,PHI,NL,jacksgr01,Grant Jackson,40,,40,40,38,0,0,0,0,0,0,0,0,0,,,
1969,OAK,AL,jacksre01,Reggie Jackson,152,,152,152,0,0,0,0,0,0,0,10,144,150,,,
1969,ATL,NL,jacksso01,Sonny Jackson,98,,98,98,0,0,0,0,0,97,0,0,0,0,,,
1969,PHI,NL,jamesje01,Jeff James,6,,6,6,6,0,0,0,0,0,0,0,0,0,,,
1969,ATL,NL,jarvipa01,Pat Jarvis,37,,37,37,37,0,0,0,0,0,0,0,0,0,,,
1969,BOS,AL,jarvira01,Ray Jarvis,29,,29,29,29,0,0,0,0,0,0,0,0,0,,,
1969,MON,NL,jastela01,Larry Jaster,24,,24,24,24,0,0,0,0,0,0,0,0,0,,,
1969,SLN,NL,javieju01,Julian Javier,143,,143,143,0,0,0,141,0,0,0,0,0,0,,,
1969,CHN,NL,jenkife01,Fergie Jenkins,43,,43,43,43,0,0,0,0,0,0,0,0,0,,,
1969,LAN,NL,jenkija01,Jack Jenkins,1,,1,1,1,0,0,0,0,0,0,0,0,0,,,
1969,MON,NL,jestaga01,Garry Jestadt,6,,6,6,0,0,0,0,0,1,0,0,0,0,,,
1969,PIT,NL,jeterjo01,Johnny Jeter,28,,28,28,0,0,0,0,0,0,16,1,4,20,,,
1969,CHN,NL,jimenma01,Manny Jimenez,6,,6,6,0,0,0,0,0,0,0,0,0,0,,,
1969,CIN,NL,johnsal01,Alex Johnson,139,,139,139,0,0,0,0,0,0,132,0,0,132,,,
1969,CHA,AL,johnsba01,Bart Johnson,4,,4,4,4,0,0,0,0,0,0,0,0,0,,,
1969,SLN,NL,johnsbo02,Bob Johnson,19,,19,19,0,0,1,0,4,0,0,0,0,0,,,
1969,OAK,AL,johnsbo02,Bob Johnson,51,,51,51,0,0,7,2,0,0,0,0,0,0,,,
1969,NYN,NL,johnsbo03,Bob Johnson,2,,2,2,2,0,0,0,0,0,0,0,0,0,,,
1969,BAL,AL,johnsda02,Davey Johnson,142,,142,142,0,0,0,142,0,2,0,0,0,0,,,
1969,PHI,NL,johnsde01,Deron Johnson,138,,138,138,0,0,18,0,50,0,72,0,0,72,,,
1969,SFN,NL,johnsfr03,Frank Johnson,7,,7,7,0,0,0,0,0,0,5,1,1,7,,,
1969,CAL,AL,johnsja01,Jay Johnstone,148,,148,148,0,0,0,0,0,0,0,144,0,144,,,
1969,PHI,NL,johnsje01,Jerry Johnson,33,,33,33,33,0,0,0,0,0,0,0,0,0,,,
1969,ATL,NL,johnske02,Ken Johnson,9,,9,9,9,0,0,0,0,0,0,0,0,0,,,
1969,NYA,AL,johnske02,Ken Johnson,12,,12,12,12,0,0,0,0,0,0,0,0,0,,,
1969,CHN,NL,johnske02,Ken Johnson,9,,9,9,9,0,0,0,0,0,0,0,0,0,,,
1969,CAL,AL,johnslo01,Lou Johnson,67,,67,67,0,0,0,0,0,0,23,0,23,44,,,
1969,NYN,NL,jonescl01,Cleon Jones,137,,137,137,0,0,15,0,0,0,121,1,0,122,,,
1969,BOS,AL,jonesda03,Dalton Jones,111,,111,111,0,0,81,1,9,0,0,0,0,0,,,
1969,MON,NL,jonesma01,Mack Jones,135,,135,135,0,0,0,0,0,0,125,5,0,129,,,
1969,KCA,AL,jonesst01,Steve Jones,20,,20,20,20,0,0,0,0,0,0,0,0,0,,,
1969,CHA,AL,josepdu01,Duane Josephson,52,,52,52,0,47,0,0,0,0,0,0,0,0,,,
1969,PHI,NL,josepri01,Rick Joseph,99,,99,99,0,0,17,1,58,0,0,0,0,0,,,
1969,LAN,NL,joshuvo01,Von Joshua,14,,14,14,0,0,0,0,0,0,7,0,2,8,,,
1969,DET,AL,kalinal01,Al Kaline,131,,131,131,0,0,9,0,0,0,0,0,118,118,,,
1969,CAL,AL,kealest01,Steve Kealey,15,,15,15,15,0,0,0,0,0,0,0,0,0,,,
1969,NYA,AL,kekicmi01,Mike Kekich,28,,28,28,28,0,0,0,0,0,0,0,0,0,,,
1969,SDN,NL,kelledi01,Dick Kelley,27,,27,27,27,0,0,0,0,0,0,0,0,0,,,
1969,KCA,AL,kellypa01,Pat Kelly,112,,112,112,0,0,0,0,0,0,2,44,63,107,,,
1969,SDN,NL,kellyva01,Van Kelly,73,,73,73,0,0,0,10,49,0,0,0,0,0,,,
1969,SDN,NL,kendafr01,Fred Kendall,10,,10,10,0,9,0,0,0,0,0,0,0,0,,,
1969,NYA,AL,kenneje01,Jerry Kenney,130,,130,130,0,0,0,0,83,10,0,31,0,31,,,
1969,SE1,AL,kennejo03,John Kennedy,61,,61,61,0,0,0,0,23,33,0,0,0,0,,,
1969,KCA,AL,keougjo01,Joe Keough,70,,70,70,0,0,1,0,0,0,3,26,21,49,,,
1969,CHN,NL,kessido01,Don Kessinger,158,,158,158,0,0,0,0,0,157,0,0,0,0,,,
1969,ATL,NL,kesteri01,Rick Kester,1,,1,1,1,0,0,0,0,0,0,0,0,0,,,
1969,DET,AL,kilkemi01,Mike Kilkenny,39,,39,39,39,0,0,0,0,0,0,0,0,0,,,
1969,MIN,AL,killeha01,Harmon Killebrew,162,,162,162,0,0,80,0,105,0,0,0,0,0,,,
1969,SDN,NL,kirbycl01,Clay Kirby,35,,35,35,35,0,0,0,0,0,0,0,0,0,,,
1969,KCA,AL,kirkped01,Ed Kirkpatrick,120,,120,120,0,8,2,1,2,0,29,24,32,82,,,
1969,CLE,AL,klimclo01,Lou Klimchock,90,,90,90,0,1,0,21,56,0,0,0,0,0,,,
1969,NYA,AL,klimkro01,Ron Klimkowski,3,,3,3,3,0,0,0,0,0,0,0,0,0,,,
1969,SFN,NL,klinero01,Ron Kline,7,,7,7,7,0,0,0,0,0,0,0,0,0,,,
1969,PIT,NL,klinero01,Ron Kline,20,,20,20,20,0,0,0,0,0,0,0,0,0,,,
1969,BOS,AL,klinero01,Ron Kline,16,,16,16,16,0,0,0,0,0,0,0,0,0,,,
1969,CAL,AL,knoopbo01,Bobby Knoop,27,,27,27,0,0,0,27,0,0,0,0,0,0,,,
1969,CHA,AL,knoopbo01,Bobby Knoop,104,,104,104,0,0,0,104,0,0,0,0,0,0,,,
1969,WS2,AL,knowlda01,Darold Knowles,53,,53,53,53,0,0,0,0,0,0,0,0,0,,,
1969,NYN,NL,kooncca01,Cal Koonce,40,,40,40,40,0,0,0,0,0,0,0,0,0,,,
1969,NYN,NL,koosmje01,Jerry Koosman,32,,32,32,32,0,0,0,0,0,0,0,0,0,,,
1969,LAN,NL,koscoan01,Andy Kosco,120,,120,120,0,0,3,0,0,0,38,0,76,109,,,
1969,MIN,AL,kostrfr01,Frank Kostro,2,,2,2,0,0,0,0,0,0,0,0,0,0,,,
1969,NYN,NL,kraneed01,Ed Kranepool,112,,112,112,0,0,106,0,0,0,2,0,0,2,,,
1969,OAK,AL,krausle02,Lew Krausse,43,,43,43,43,0,0,0,0,0,0,0,0,0,,,
1969,WS2,AL,kreutfr01,Frank Kreutzer,4,,4,4,4,0,0,0,0,0,0,0,0,0,,,
1969,CLE,AL,krollga01,Gary Kroll,19,,19,19,19,0,0,0,0,0,0,0,0,0,,,
1969,OAK,AL,kubiate01,Ted Kubiak,92,,92,92,0,0,0,33,0,42,0,0,0,0,,,
1969,MON,NL,laboyco01,Coco Laboy,157,,157,157,0,0,0,0,156,0,0,0,0,0,,,
1969,OAK,AL,lachema01,Marcel Lachemann,28,,28,28,28,0,0,0,0,0,0,0,0,0,,,
1969,BOS,AL,lahoujo01,Joe Lahoud,101,,101,101,0,0,1,0,0,0,24,12,33,66,,,
1969,HOU,NL,lampake01,Keith Lampard,9,,9,9,0,0,0,0,0,0,1,0,0,1,,,
1969,BOS,AL,landibi01,Bill Landis,46,,46,46,45,0,0,0,0,0,0,0,0,0,,,
1969,SFN,NL,lanieha01,Hal Lanier,150,,150,150,0,0,0,0,0,150,0,0,0,0,,,
1969,OAK,AL,larusto01,Tony LaRussa,8,,8,8,0,0,0,0,0,0,0,0,0,0,,,
1969,DET,AL,lashefr01,Fred Lasher,32,,32,32,32,0,0,0,0,0,0,0,0,0,,,
1969,OAK,AL,lauzege01,George Lauzerique,19,,19,19,19,0,0,0,0,0,0,0,0,0,,,
1969,CHA,AL,lazarda01,Danny Lazar,9,,9,9,9,0,0,0,0,0,0,0,0,0,,,
1969,LAN,NL,lefebji01,Jim Lefebvre,95,,95,95,0,0,6,37,44,0,0,0,0,0,,,
1969,HOU,NL,lemasde01,Denny Lemaster,38,,38,38,38,0,0,0,0,0,0,0,0,0,,,
1969,CHN,NL,lemonda01,Dave Lemonds,2,,2,2,2,0,0,0,0,0,0,0,0,0,,,
1969,BAL,AL,leonhda01,Dave Leonhard,38,,38,38,37,0,0,0,0,0,0,0,0,0,,,
1969,PHI,NL,lerscba01,Barry Lersch,10,,10,10,10,0,0,0,0,0,0,0,0,0,,,
1969,OAK,AL,lewisal01,Allan Lewis,12,,12,12,0,0,0,0,0,0,0,0,0,0,,,
1969,SDN,NL,librafr01,Frankie Libran,10,,10,10,0,0,0,0,0,9,0,0,0,0,,,
1969,OAK,AL,lindbpa01,Paul Lindblad,60,,60,60,60,0,0,0,0,0,0,0,0,0,,,
1969,SFN,NL,linzyfr01,Frank Linzy,58,,58,58,58,0,0,0,0,0,0,0,0,0,,,
1969,CAL,AL,llenawi01,Winston Llenas,34,,34,34,0,0,0,0,9,0,0,0,0,0,,,
1969,CHA,AL,lockebo02,Bob Locker,17,,17,17,17,0,0,0,0,0,0,0,0,0,,,
1969,SE1,AL,lockebo02,Bob Locker,51,,51,51,51,0,0,0,0,0,0,0,0,0,,,
1969,SE1,AL,lockwsk01,Skip Lockwood,6,,6,6,6,0,0,0,0,0,0,0,0,0,,,
1969,DET,AL,lolicmi01,Mickey Lolich,38,,38,38,37,0,0,0,0,0,0,0,0,0,,,
1969,BOS,AL,lonboji01,Jim Lonborg,29,,29,29,29,0,0,0,0,0,0,0,0,0,,,
1969,BAL,AL,lopezma01,Marcelino Lopez,27,,27,27,27,0,0,0,0,0,0,0,0,0,,,
1969,NYA,AL,lyttlji01,Jim Lyttle,28,,28,28,0,0,0,0,0,0,0,28,0,28,,,
1969,CIN,NL,malonji01,Jim Maloney,30,,30,30,30,0,0,0,0,0,0,0,0,0,,,
1969,PIT,NL,manguan01,Angel Mangual,6,,6,6,0,0,0,0,0,0,2,0,1,3,,,
1969,MIN,AL,manuech01,Charlie Manuel,83,,83,83,0,0,0,0,0,0,41,1,4,46,,,
1969,MON,NL,marenle01,Leo Marentette,3,,3,3,3,0,0,0,0,0,0,0,0,0,,,
1969,SFN,NL,maricju01,Juan Marichal,38,,38,38,37,0,0,0,0,0,0,0,0,0,,,
1969,PIT,NL,maronlo01,Lou Marone,29,,29,29,29,0,0,0,0,0,0,0,0,0,,,
1969,SFN,NL,marshda01,Dave Marshall,110,,110,110,0,0,0,0,0,0,79,0,17,87,,,
1969,SE1,AL,marshmi01,Mike Marshall,21,,21,21,20,0,0,0,0,0,0,0,0,0,,,
1969,KCA,AL,martibu01,Buck Martinez,72,,72,72,0,55,0,0,0,0,0,0,1,1,,,
1969,NYN,NL,martijc01,J. C. Martin,66,,66,66,0,48,2,0,0,0,0,0,0,0,,,
1969,PIT,NL,martijo04,Jose Martinez,77,,77,77,0,0,0,42,5,20,2,0,0,2,,,
1969,HOU,NL,martima01,Marty Martinez,78,,78,78,1,7,0,1,15,17,21,0,0,21,,,
1969,CIN,NL,mashocl01,Clyde Mashore,2,,2,2,0,0,0,0,0,0,0,0,0,0,,,
1969,SFN,NL,masondo01,Don Mason,104,,104,104,0,0,0,51,21,7,0,0,0,0,,,
1969,DET,AL,matchto01,Tommy Matchick,94,,94,94,0,0,2,47,27,6,0,0,0,0,,,
1969,ATL,NL,maxiela01,Larry Maxie,2,,2,2,2,0,0,0,0,0,0,0,0,0,,,
1969,SLN,NL,maxvida01,Dal Maxvill,132,,132,132,0,0,0,0,0,131,0,0,0,0,,,
1969,HOU,NL,maybejo01,John Mayberry,5,,5,5,0,0,0,0,0,0,0,0,0,0,,,
1969,PIT,NL,mazerbi01,Bill Mazeroski,67,,67,67,0,0,0,65,0,0,0,0,0,0,,,
1969,NYN,NL,mcandji01,Jim McAndrew,27,,27,27,27,0,0,0,0,0,0,0,0,0,,,
1969,DET,AL,mcauldi01,Dick McAuliffe,74,,74,74,0,0,0,72,0,0,0,0,0,0,,,
1969,LAN,NL,mcbeaal01,Al McBean,31,,31,31,31,0,0,0,0,0,0,0,0,0,,,
1969,SDN,NL,mcbeaal01,Al McBean,1,,1,1,1,0,0,0,0,0,0,0,0,0,,,
1969,SLN,NL,mccarti01,Tim McCarver,138,,138,138,0,136,0,0,0,0,0,0,0,0,,,
1969,SDN,NL,mccoobi01,Billy McCool,54,,54,54,54,0,0,0,0,0,0,0,0,0,,,
1969,SFN,NL,mccormi03,Mike McCormick,32,,32,32,32,0,0,0,0,0,0,0,0,0,,,
1969,SFN,NL,mccovwi01,Willie McCovey,149,,149,149,0,0,148,0,0,0,0,0,0,0,,,
1969,CHA,AL,mccrato01,Tommy McCraw,93,,93,93,0,0,44,0,0,0,11,16,17,41,,,
1969,NYA,AL,mcdanli01,Lindy McDaniel,51,,51,51,51,0,0,0,0,0,0,0,0,0,,,
1969,NYA,AL,mcdonda01,Dave McDonald,9,,9,9,0,0,7,0,0,0,0,0,0,0,,,
1969,CLE,AL,mcdowsa01,Sam McDowell,39,,39,39,39,0,0,0,0,0,0,0,0,0,,,
1969,HOU,NL,mcfadle01,Leon McFadden,44,,44,44,0,0,0,0,0,8,4,0,13,17,,,
1969,MON,NL,mcginda01,Dan McGinn,74,,74,74,74,0,0,0,0,0,0,0,0,0,,,
1969,CAL,AL,mcgloji01,Jim McGlothlin,37,,37,37,37,0,0,0,0,0,0,0,0,0,,,
1969,NYN,NL,mcgratu01,Tug McGraw,43,,43,43,42,0,0,0,0,0,0,0,0,0,,,
1969,DET,AL,mclaide01,Denny McLain,42,,42,42,42,0,0,0,0,0,0,0,0,0,,,
1969,DET,AL,mcmahdo02,Don McMahon,34,,34,34,34,0,0,0,0,0,0,0,0,0,,,
1969,SFN,NL,mcmahdo02,Don McMahon,13,,13,13,13,0,0,0,0,0,0,0,0,0,,,
1969,WS2,AL,mcmulke01,Ken McMullen,158,,158,158,0,0,0,0,154,0,0,0,0,0,,,
1969,BAL,AL,mcnalda01,Dave McNally,41,,41,41,41,0,0,0,0,0,0,0,0,0,,,
1969,SE1,AL,mcnerje01,Jerry McNertney,128,,128,128,0,122,0,0,0,0,0,0,0,0,,,
1969,OAK,AL,mcnulbi01,Bill McNulty,5,,5,5,0,0,0,0,0,0,5,0,0,5,,,
1969,ATL,NL,mcquemi01,Mike McQueen,1,,1,1,1,0,0,0,0,0,0,0,0,0,,,
1969,DET,AL,mcraeno01,Norm McRae,3,,3,3,3,0,0,0,0,0,0,0,0,0,,,
1969,CHA,AL,meltobi01,Bill Melton,157,,157,157,0,0,0,0,148,0,3,0,8,11,,,
1969,HOU,NL,menkede01,Denis Menke,154,,154,154,0,0,9,23,1,131,0,0,0,0,,,
1969,CIN,NL,merriji01,Jim Merritt,42,,42,42,42,0,0,0,0,0,0,0,0,0,,,
1969,CAL,AL,messean01,Andy Messersmith,42,,42,42,40,0,0,0,0,0,0,0,0,0,,,
1969,SE1,AL,meyerbo01,Bob Meyer,6,,6,6,6,0,0,0,0,0,0,0,0,0,,,
1969,NYA,AL,michage01,Gene Michael,119,,119,119,0,0,0,0,0,118,0,0,0,0,,,
1969,LAN,NL,mikkepe01,Pete Mikkelsen,48,,48,48,48,0,0,0,0,0,0,0,0,0,,,
1969,WS2,AL,milesji01,Jim Miles,12,,12,12,10,0,0,0,0,0,0,0,0,0,,,
1969,ATL,NL,millafe01,Felix Millan,162,,162,162,0,0,0,162,0,0,0,0,0,0,,,
1969,MIN,AL,millebo04,Bob Miller,48,,48,48,48,0,0,0,0,0,0,0,0,0,,,
1969,LAN,NL,millejo04,John Miller,26,,26,26,0,0,5,1,2,0,6,0,0,6,,,
1969,HOU,NL,milleno01,Norm Miller,119,,119,119,0,0,0,0,0,0,8,14,97,114,,,
1969,SE1,AL,minchdo01,Don Mincher,140,,140,140,0,0,122,0,0,0,0,0,0,0,,,
1969,MIN,AL,mittege01,George Mitterwald,69,,69,69,0,63,0,0,0,0,1,0,0,1,,,
1969,LAN,NL,moelljo01,Joe Moeller,23,,23,23,23,0,0,0,0,0,0,0,0,0,,,
1969,OAK,AL,mondari01,Rick Monday,122,,122,122,0,0,0,0,0,0,0,119,0,119,,,
1969,PHI,NL,moneydo01,Don Money,127,,127,127,0,0,0,0,0,126,0,0,0,0,,,
1969,WS2,AL,mooreba01,Barry Moore,32,,32,32,31,0,0,0,0,0,0,0,0,0,,,
1969,PIT,NL,moosebo01,Bob Moose,44,,44,44,44,0,0,0,0,0,0,0,0,0,,,
1969,SDN,NL,moralje01,Jerry Morales,19,,19,19,0,0,0,0,0,0,10,9,1,19,,,
1969,CHA,AL,moralri01,Rich Morales,55,,55,55,0,0,0,38,1,13,0,0,0,0,,,
1969,KCA,AL,morehda01,Dave Morehead,21,,21,21,21,0,0,0,0,0,0,0,0,0,,,
1969,HOU,NL,morgajo02,Joe Morgan,147,,147,147,0,0,0,132,0,0,12,2,0,14,,,
1969,MIN,AL,morrida01,Danny Morris,3,,3,3,3,0,0,0,0,0,0,0,0,0,,,
1969,SE1,AL,morrijo06,John Morris,6,,6,6,6,0,0,0,0,0,0,0,0,0,,,
1969,CAL,AL,mortobu01,Bubba Morton,87,,87,87,0,0,1,0,0,0,6,0,43,49,,,
1969,MON,NL,mortoca01,Carl Morton,8,,8,8,8,0,0,0,0,0,0,0,0,0,,,
1969,BOS,AL,mosesje01,Jerry Moses,53,,53,53,0,36,0,0,0,0,0,0,0,0,,,
1969,BAL,AL,mottocu01,Curt Motton,56,,56,56,0,0,0,0,0,0,16,0,4,20,,,
1969,NYA,AL,munsoth01,Thurman Munson,26,,26,26,0,25,0,0,0,0,0,0,0,0,,,
1969,NYA,AL,murcebo01,Bobby Murcer,152,,152,152,0,0,0,0,31,0,0,27,99,118,,,
1969,CHA,AL,murphda04,Danny Murphy,17,,17,17,17,0,0,0,0,0,0,0,0,0,,,
1969,CAL,AL,murphto02,Tom Murphy,36,,36,36,36,0,0,0,0,0,0,0,0,0,,,
1969,SDN,NL,murreiv01,Ivan Murrell,111,,111,111,0,0,2,0,0,0,23,41,14,72,,,
1969,BOS,AL,muserto01,Tony Muser,2,,2,2,0,0,2,0,0,0,0,0,0,0,,,
1969,CLE,AL,nagelru01,Russ Nagelson,12,,12,12,0,0,1,0,0,0,1,0,2,3,,,
1969,ATL,NL,neibaga01,Gary Neibauer,29,,29,29,29,0,0,0,0,0,0,0,0,0,,,
1969,CLE,AL,nelsoda01,Dave Nelson,52,,52,52,0,0,0,33,0,0,1,0,1,2,,,
1969,SLN,NL,nelsome01,Mel Nelson,8,,8,8,8,0,0,0,0,0,0,0,0,0,,,
1969,KCA,AL,nelsoro02,Roger Nelson,29,,29,29,29,0,0,0,0,0,0,0,0,0,,,
1969,MIN,AL,nettlgr01,Graig Nettles,96,,96,96,0,0,0,0,21,0,53,1,0,54,,,
1969,SDN,NL,niekrjo01,Joe Niekro,38,,38,38,37,0,0,0,0,0,0,0,0,0,,,
1969,CHN,NL,niekrjo01,Joe Niekro,4,,4,4,4,0,0,0,0,0,0,0,0,0,,,
1969,ATL,NL,niekrph01,Phil Niekro,40,,40,40,40,0,0,0,0,0,0,0,0,0,,,
1969,CIN,NL,nolanga01,Gary Nolan,17,,17,17,16,0,0,0,0,0,0,0,0,0,,,
1969,CIN,NL,noriejo01,John Noriega,5,,5,5,5,0,0,0,0,0,0,0,0,0,,,
1969,DET,AL,northji01,Jim Northrup,148,,148,148,0,0,0,0,0,0,29,89,49,143,,,
1969,KCA,AL,northsc01,Scott Northey,20,,20,20,0,0,0,0,0,0,0,18,0,18,,,
1969,OAK,AL,nossejo01,Joe Nossek,13,,13,13,0,0,0,0,0,0,9,3,0,12,,,
1969,SLN,NL,nossejo01,Joe Nossek,9,,9,9,0,0,0,0,0,0,0,1,0,1,,,
1969,NYA,AL,nottedo01,Don Nottebart,4,,4,4,4,0,0,0,0,0,0,0,0,0,,,
1969,CHN,NL,nottedo01,Don Nottebart,16,,16,16,16,0,0,0,0,0,0,0,0,0,,,
1969,CHA,AL,nymanje01,Jerry Nyman,21,,21,21,20,0,0,0,0,0,0,0,0,0,,,
1969,BOS,AL,obriesy01,Syd O'Brien,100,,100,100,0,0,0,12,53,15,0,0,0,0,,,
1969,SE1,AL,odonojo01,John O'Donoghue,55,,55,55,55,0,0,0,0,0,0,0,0,0,,,
1969,MIN,AL,olivato01,Tony Oliva,153,,153,153,0,0,0,0,0,0,0,0,152,152,,,
1969,PIT,NL,oliveal01,Al Oliver,129,,129,129,0,0,106,0,0,0,13,0,8,21,,,
1969,KCA,AL,olivebo01,Bob Oliver,118,,118,118,0,0,12,0,8,0,9,48,45,98,,,
1969,CHN,NL,olivege01,Gene Oliver,23,,23,23,0,6,0,0,0,0,0,0,0,0,,,
1969,CHN,NL,olivena01,Nate Oliver,44,,44,44,0,0,0,13,0,0,0,0,0,0,,,
1969,NYA,AL,olivena01,Nate Oliver,1,,1,1,0,0,0,0,0,0,0,0,0,0,,,
1969,KCA,AL,oriledo01,Don O'Riley,19,,19,19,18,0,0,0,0,0,0,0,0,0,,,
1969,CAL,AL,ortegph01,Phil Ortega,5,,5,5,5,0,0,0,0,0,0,0,0,0,,,
1969,CHA,AL,ortizjo01,Jose Ortiz,16,,16,16,0,0,0,0,0,0,2,5,2,8,,,
1969,CHA,AL,osinsda01,Dan Osinski,51,,51,51,51,0,0,0,0,0,0,0,0,0,,,
1969,LAN,NL,osteecl01,Claude Osteen,44,,44,44,41,0,0,0,0,0,0,0,0,0,,,
1969,CHA,AL,otoolde01,Denny O'Toole,2,,2,2,2,0,0,0,0,0,0,0,0,0,,,
1969,SE1,AL,oylerra01,Ray Oyler,106,,106,106,0,0,0,0,0,106,0,0,0,0,,,
1969,KCA,AL,paepkde01,Dennis Paepke,12,,12,12,0,8,0,0,0,0,0,0,0,0,,,
1969,PIT,NL,paganjo01,Jose Pagan,108,,108,108,0,0,0,1,44,0,21,0,2,23,,,
1969,OAK,AL,pagliji01,Jim Pagliaroni,14,,14,14,0,7,0,0,0,0,0,0,0,0,,,
1969,SE1,AL,pagliji01,Jim Pagliaroni,40,,40,40,0,29,2,0,0,0,0,0,1,1,,,
1969,BAL,AL,palmeji01,Jim Palmer,27,,27,27,26,0,0,0,0,0,0,0,0,0,,,
1969,PHI,NL,palmelo01,Lowell Palmer,26,,26,26,26,0,0,0,0,0,0,0,0,0,,,
1969,ATL,NL,pappami01,Milt Pappas,26,,26,26,26,0,0,0,0,0,0,0,0,0,,,
1969,LAN,NL,parkewe01,Wes Parker,132,,132,132,0,0,128,0,0,0,0,1,1,2,,,
1969,WS2,AL,pascuca02,Camilo Pascual,17,,17,17,14,0,0,0,0,0,0,0,0,0,,,
1969,CIN,NL,pascuca02,Camilo Pascual,5,,5,5,5,0,0,0,0,0,0,0,0,0,,,
1969,PIT,NL,patekfr01,Freddie Patek,147,,147,147,0,0,0,0,0,146,0,0,0,0,,,
1969,DET,AL,patteda02,Daryl Patterson,18,,18,18,18,0,0,0,0,0,0,0,0,0,,,
1969,SE1,AL,pattima01,Marty Pattin,39,,39,39,34,0,0,0,0,0,0,0,0,0,,,
1969,CHA,AL,pavledo01,Don Pavletich,78,,78,78,0,51,13,0,0,0,0,0,0,0,,,
1969,NYA,AL,pepitjo01,Joe Pepitone,135,,135,135,0,0,132,0,0,0,0,0,0,0,,,
1969,PHI,NL,perazlu01,Luis Peraza,8,,8,8,8,0,0,0,0,0,0,0,0,0,,,
1969,CAL,AL,perezma01,Marty Perez,13,,13,13,0,0,0,2,2,7,0,0,0,0,,,
1969,CIN,NL,perezto01,Tony Perez,160,,160,160,0,0,0,0,160,0,0,0,0,0,,,
1969,MIN,AL,perraro01,Ron Perranoski,75,,75,75,75,0,0,0,0,0,0,0,0,0,,,
1969,SFN,NL,perryga01,Gaylord Perry,40,,40,40,40,0,0,0,0,0,0,0,0,0,,,
1969,MIN,AL,perryji01,Jim Perry,47,,47,47,46,0,0,0,0,0,0,0,0,0,,,
1969,CLE,AL,peterca01,Cap Peterson,76,,76,76,0,0,0,0,4,0,25,0,5,30,,,
1969,NYA,AL,peterfr01,Fritz Peterson,37,,37,37,37,0,0,0,0,0,0,0,0,0,,,
1969,CHA,AL,peterga01,Gary Peters,37,,37,37,36,0,0,0,0,0,0,0,0,0,,,
1969,BOS,AL,petrori01,Rico Petrocelli,154,,154,154,0,0,0,0,1,153,0,0,0,0,,,
1969,NYN,NL,pfeilbo01,Bobby Pfeil,62,,62,62,0,0,0,11,49,0,2,0,0,2,,,
1969,MON,NL,phillad01,Adolfo Phillips,58,,58,58,0,0,0,0,0,0,0,53,0,53,,,
1969,CHN,NL,phillad01,Adolfo Phillips,28,,28,28,0,0,0,0,0,0,1,24,0,25,,,
1969,BAL,AL,phoebto01,Tom Phoebus,35,,35,35,35,0,0,0,0,0,0,0,0,0,,,
1969,KCA,AL,pinielo01,Lou Piniella,135,,135,135,0,0,0,0,0,0,126,3,0,129,,,
1969,SLN,NL,pinsova01,Vada Pinson,132,,132,132,0,0,0,0,0,0,0,1,124,124,,,
1969,BOS,AL,pizarju01,Juan Pizarro,6,,6,6,6,0,0,0,0,0,0,0,0,0,,,
1969,CLE,AL,pizarju01,Juan Pizarro,48,,48,48,48,0,0,0,0,0,0,0,0,0,,,
1969,OAK,AL,pizarju01,Juan Pizarro,3,,3,3,3,0,0,0,0,0,0,0,0,0,,,
1969,SDN,NL,podrejo01,Johnny Podres,17,,17,17,17,0,0,0,0,0,0,0,0,0,,,
1969,CHN,NL,popovpa01,Paul Popovich,60,,60,60,0,0,0,25,6,7,0,1,0,1,,,
1969,LAN,NL,popovpa01,Paul Popovich,28,,28,28,0,0,0,23,0,3,0,0,0,0,,,
1969,BAL,AL,powelbo01,Boog Powell,152,,152,152,0,0,144,0,0,0,0,0,0,0,,,
1969,DET,AL,priceji01,Jim Price,72,,72,72,0,51,0,0,0,0,0,0,0,0,,,
1969,CHA,AL,priddbo01,Bob Priddy,4,,4,4,4,0,0,0,0,0,0,0,0,0,,,
1969,CAL,AL,priddbo01,Bob Priddy,15,,15,15,15,0,0,0,0,0,0,0,0,0,,,
1969,ATL,NL,priddbo01,Bob Priddy,1,,1,1,1,0,0,0,0,0,0,0,0,0,,,
1969,LAN,NL,purdijo01,John Purdin,9,,9,9,9,0,0,0,0,0,0,0,0,0,,,
1969,CHN,NL,quallji01,Jim Qualls,43,,43,43,0,0,0,4,0,0,0,35,0,35,,,
1969,CIN,NL,queenme02,Mel Queen,2,,2,2,2,0,0,0,0,0,0,0,0,0,,,
1969,MIN,AL,quilifr01,Frank Quilici,118,,118,118,0,0,0,36,84,1,0,0,0,0,,,
1969,DET,AL,radatdi01,Dick Radatz,11,,11,11,11,0,0,0,0,0,0,0,0,0,,,
1969,MON,NL,radatdi01,Dick Radatz,22,,22,22,22,0,0,0,0,0,0,0,0,0,,,
1969,HOU,NL,raderdo02,Doug Rader,155,,155,155,0,0,4,0,154,0,0,0,0,0,,,
1969,PHI,NL,raffoal01,Al Raffo,45,,45,45,45,0,0,0,0,0,0,0,0,0,,,
1969,PIT,NL,ramospe01,Pedro Ramos,5,,5,5,5,0,0,0,0,0,0,0,0,0,,,
1969,CIN,NL,ramospe01,Pedro Ramos,38,,38,38,38,0,0,0,0,0,0,0,0,0,,,
1969,SE1,AL,ranewme01,Merritt Ranew,54,,54,54,0,13,0,0,1,0,3,0,0,3,,,
1969,ATL,NL,raymocl01,Claude Raymond,33,,33,33,33,0,0,0,0,0,0,0,0,0,,,
1969,MON,NL,raymocl01,Claude Raymond,15,,15,15,15,0,0,0,0,0,0,0,0,0,,,
1969,PHI,NL,reamsle01,Leroy Reams,1,,1,1,0,0,0,0,0,0,0,0,0,0,,,
1969,SDN,NL,reberfr01,Frank Reberger,67,,67,67,67,0,0,0,0,0,0,0,0,0,,,
1969,DET,AL,redmowa01,Wayne Redmond,5,,5,5,0,0,0,0,0,0,0,0,0,0,,,
1969,MIN,AL,reeseri01,Rich Reese,132,,132,132,0,0,117,0,0,0,5,0,0,5,,,
1969,CHN,NL,reganph01,Phil Regan,71,,71,71,71,0,0,0,0,0,0,0,0,0,,,
1969,CAL,AL,reichri01,Rick Reichardt,137,,137,137,0,0,3,0,0,0,136,0,0,136,,,
1969,MIN,AL,renicri01,Rick Renick,71,,71,71,0,0,0,0,30,6,8,0,2,10,,,
1969,MON,NL,renkost01,Steve Renko,18,,18,18,18,0,0,0,0,0,0,0,0,0,,,
1969,CAL,AL,repozro01,Roger Repoz,103,,103,103,0,0,31,0,0,0,13,22,16,48,,,
1969,BAL,AL,retteme01,Merv Rettenmund,95,,95,95,0,0,0,0,0,0,45,18,21,78,,,
1969,SLN,NL,reussje01,Jerry Reuss,1,,1,1,1,0,0,0,0,0,0,0,0,0,,,
1969,CHN,NL,reynoar01,Archie Reynolds,2,,2,2,2,0,0,0,0,0,0,0,0,0,,,
1969,MON,NL,reynobo01,Bob Reynolds,1,,1,1,1,0,0,0,0,0,0,0,0,0,,,
1969,OAK,AL,reynoto01,Tommie Reynolds,107,,107,107,0,0,0,0,0,0,81,0,8,89,,,
1969,SLN,NL,ribande01,Dennis Ribant,2,,2,2,1,0,0,0,0,0,0,0,0,0,,,
1969,CIN,NL,ribande01,Dennis Ribant,7,,7,7,7,0,0,0,0,0,0,0,0,0,,,
1969,BAL,AL,richepe01,Pete Richert,44,,44,44,44,0,0,0,0,0,0,0,0,0,,,
1969,SLN,NL,rickeda01,Dave Ricketts,30,,30,30,0,8,0,0,0,0,0,0,0,0,,,
1969,PIT,NL,roberbo01,Bob Robertson,32,,32,32,0,0,26,0,0,0,0,0,0,0,,,
1969,SDN,NL,roberda05,Dave Roberts,23,,23,23,22,0,0,0,0,0,0,0,0,0,,,
1969,MON,NL,roberje01,Jerry Robertson,38,,38,38,38,0,0,0,0,0,0,0,0,0,,,
1969,SFN,NL,roberri01,Rich Robertson,17,,17,17,17,0,0,0,0,0,0,0,0,0,,,
1969,NYA,AL,robinbi02,Bill Robinson,87,,87,87,0,0,1,0,0,0,17,19,29,62,,,
1969,BAL,AL,robinbr01,Brooks Robinson,156,,156,156,0,0,0,0,156,0,0,0,0,0,,,
1969,BAL,AL,robinfr02,Frank Robinson,148,,148,148,0,0,19,0,0,0,1,0,134,134,,,
1969,SDN,NL,roblera01,Rafael Robles,6,,6,6,0,0,0,0,0,6,0,0,0,0,,,
1969,CAL,AL,rodgebu01,Buck Rodgers,18,,18,18,0,18,0,0,0,0,0,0,0,0,,,
1969,CAL,AL,rodriau01,Aurelio Rodriguez,159,,159,159,0,0,0,0,159,0,0,0,0,0,,,
1969,KCA,AL,rodriel01,Ellie Rodriguez,95,,95,95,0,90,0,0,0,0,0,0,0,0,,,
1969,SE1,AL,roggega01,Garry Roggenburk,7,,7,7,7,0,0,0,0,0,0,0,0,0,,,
1969,BOS,AL,roggega01,Garry Roggenburk,7,,7,7,7,0,0,0,0,0,0,0,0,0,,,
1969,PHI,NL,rojasco01,Cookie Rojas,110,,110,110,0,0,0,95,0,0,2,0,0,2,,,
1969,OAK,AL,rolanji01,Jim Roland,39,,39,39,39,0,0,0,0,0,0,0,0,0,,,
1969,SE1,AL,rolliri01,Rich Rollins,58,,58,58,0,0,0,0,47,1,0,0,0,0,,,
1969,KCA,AL,rookeji01,Jim Rooker,34,,34,34,28,0,0,0,0,0,0,0,0,0,,,
1969,MIN,AL,rosebjo01,John Roseboro,115,,115,115,0,111,0,0,0,0,0,0,0,0,,,
1969,PHI,NL,roznovi01,Vic Roznovsky,13,,13,13,0,2,0,0,0,0,0,0,0,0,,,
1969,SDN,NL,ruberso01,Sonny Ruberto,19,,19,19,0,15,0,0,0,0,0,0,0,0,,,
1969,CHN,NL,rudolke01,Ken Rudolph,27,,27,27,0,11,0,0,0,0,3,0,0,3,,,
1969,LAN,NL,russebi01,Bill Russell,98,,98,98,0,0,0,0,0,0,7,24,62,86,,,
1969,SFN,NL,sadecra01,Ray Sadecki,30,,30,30,29,0,0,0,0,0,0,0,0,0,,,
1969,BAL,AL,salmoch01,Chico Salmon,52,,52,52,0,0,17,9,3,9,1,0,0,1,,,
1969,PIT,NL,sanguma01,Manny Sanguillen,129,,129,129,0,113,0,0,0,0,0,0,0,0,,,
1969,BOS,AL,santijo02,Jose Santiago,10,,10,10,10,0,0,0,0,0,0,0,0,0,,,
1969,SDN,NL,santoal01,Al Santorini,32,,32,32,32,0,0,0,0,0,0,0,0,0,,,
1969,CHN,NL,santoro01,Ron Santo,160,,160,160,0,0,0,0,160,0,0,0,0,0,,,
1969,CAL,AL,satrito01,Tom Satriano,41,,41,41,0,36,5,2,0,0,0,0,0,0,,,
1969,BOS,AL,satrito01,Tom Satriano,47,,47,47,0,44,0,0,0,0,0,0,0,0,,,
1969,CIN,NL,savagte01,Ted Savage,68,,68,68,0,0,0,1,0,0,28,12,4,42,,,
1969,KCA,AL,schaapa01,Paul Schaal,61,,61,61,0,0,0,6,49,6,0,0,0,0,,,
1969,CLE,AL,scheiri01,Richie Scheinblum,102,,102,102,0,0,0,0,0,0,32,3,15,50,,,
1969,DET,AL,scherfr01,Fred Scherman,4,,4,4,4,0,0,0,0,0,0,0,0,0,,,
1969,HOU,NL,schneda01,Dan Schneider,6,,6,6,6,0,0,0,0,0,0,0,0,0,,,
1969,BOS,AL,schofdi01,Dick Schofield,94,,94,94,0,0,0,37,9,11,3,0,2,5,,,
1969,BOS,AL,scottge02,George Scott,152,,152,152,0,0,53,0,109,0,0,0,0,0,,,
1969,NYN,NL,seaveto01,Tom Seaver,39,,39,39,36,0,0,0,0,0,0,0,0,0,,,
1969,CHA,AL,secrido01,Don Secrist,19,,19,19,19,0,0,0,0,0,0,0,0,0,,,
1969,SE1,AL,seguidi01,Diego Segui,66,,66,66,66,0,0,0,0,0,0,0,0,0,,,
1969,SDN,NL,selmadi01,Dick Selma,4,,4,4,4,0,0,0,0,0,0,0,0,0,,,
1969,CHN,NL,selmadi01,Dick Selma,36,,36,36,36,0,0,0,0,0,0,0,0,0,,,
1969,MON,NL,sembeca01,Carroll Sembera,23,,23,23,23,0,0,0,0,0,0,0,0,0,,,
1969,BAL,AL,several01,Al Severinsen,12,,12,12,12,0,0,0,0,0,0,0,0,0,,,
1969,NYN,NL,shamsar01,Art Shamsky,100,,100,100,0,0,9,0,0,0,16,0,63,78,,,
1969,SLN,NL,shannmi01,Mike Shannon,150,,150,150,0,0,0,0,149,0,0,0,0,0,,,
1969,PIT,NL,shellji01,Jim Shellenback,8,,8,8,8,0,0,0,0,0,0,0,0,0,,,
1969,WS2,AL,shellji01,Jim Shellenback,30,,30,30,30,0,0,0,0,0,0,0,0,0,,,
1969,NYA,AL,shopato01,Tom Shopay,28,,28,28,0,0,0,0,0,0,7,0,5,11,,,
1969,CIN,NL,shortbi01,Bill Short,4,,4,4,4,0,0,0,0,0,0,0,0,0,,,
1969,PHI,NL,shortch02,Chris Short,2,,2,2,2,0,0,0,0,0,0,0,0,0,,,
1969,BOS,AL,siebeso01,Sonny Siebert,43,,43,43,43,0,0,0,0,0,0,0,0,0,,,
1969,CLE,AL,siebeso01,Sonny Siebert,2,,2,2,2,0,0,0,0,0,0,0,0,0,,,
1969,SLN,NL,simmote01,Ted Simmons,5,,5,5,0,4,0,0,0,0,0,0,0,0,,,
1969,NYA,AL,simpsdi01,Dick Simpson,6,,6,6,0,0,0,0,0,0,3,2,0,5,,,
1969,SE1,AL,simpsdi01,Dick Simpson,26,,26,26,0,0,0,0,0,0,1,16,0,17,,,
1969,LAN,NL,singebi01,Bill Singer,41,,41,41,41,0,0,0,0,0,0,0,0,0,,,
1969,SDN,NL,sipinjo01,John Sipin,68,,68,68,0,0,0,60,0,0,0,0,0,0,,,
1969,LAN,NL,sizemte01,Ted Sizemore,159,,159,159,0,0,0,118,0,46,1,0,0,1,,,
1969,SDN,NL,slocuro01,Ron Slocum,13,,13,13,0,0,0,4,4,1,0,0,0,0,,,
1969,CHN,NL,smithch04,Charley Smith,2,,2,2,0,0,0,0,0,0,0,0,0,0,,,
1969,WS2,AL,smithdi03,Dick Smith,21,,21,21,0,0,0,0,0,0,9,0,0,9,,,
1969,BOS,AL,smithre06,Reggie Smith,143,,143,143,0,0,0,0,0,0,3,136,0,139,,,
1969,CHN,NL,smithwi02,Willie Smith,103,,103,103,0,0,24,0,0,0,32,0,1,33,,,
1969,CLE,AL,snyderu01,Russ Snyder,122,,122,122,0,0,0,0,0,0,37,28,21,84,,,
1969,CHN,NL,spangal01,Al Spangler,82,,82,82,0,0,0,0,0,0,0,1,57,58,,,
1969,DET,AL,sparmjo01,Joe Sparma,23,,23,23,23,0,0,0,0,0,0,0,0,0,,,
1969,CHA,AL,spencbo01,Bob Spence,12,,12,12,0,0,6,0,0,0,0,0,0,0,,,
1969,CAL,AL,spencji01,Jim Spencer,113,,113,113,0,0,107,0,0,0,0,0,0,0,,,
1969,SDN,NL,spiezed01,Ed Spiezio,121,,121,121,0,0,0,0,98,0,1,0,0,1,,,
1969,HOU,NL,spinksc01,Scipio Spinks,1,,1,1,1,0,0,0,0,0,0,0,0,0,,,
1969,OAK,AL,spraged01,Ed Sprague,27,,27,27,27,0,0,0,0,0,0,0,0,0,,,
1969,KCA,AL,sprigge01,George Spriggs,23,,23,23,0,0,0,0,0,0,4,1,1,6,,,
1969,MON,NL,staehma01,Marv Staehle,6,,6,6,0,0,0,4,0,0,0,0,0,0,,,
1969,SDN,NL,stahlla01,Larry Stahl,95,,95,95,0,0,13,0,0,0,27,4,5,37,,,
1969,BOS,AL,stangle01,Lee Stange,41,,41,41,41,0,0,0,0,0,0,0,0,0,,,
1969,SE1,AL,stanlfr01,Fred Stanley,17,,17,17,0,0,0,1,0,15,0,0,0,0,,,
1969,DET,AL,stanlmi01,Mickey Stanley,149,,149,149,0,0,4,0,0,59,0,98,3,101,,,
1969,PIT,NL,stargwi01,Willie Stargell,145,,145,145,0,0,23,0,0,0,115,0,1,116,,,
1969,MON,NL,staubru01,Rusty Staub,158,,158,158,0,0,0,0,0,0,0,0,156,156,,,
1969,SE1,AL,stephje01,Jerry Stephenson,2,,2,2,2,0,0,0,0,0,0,0,0,0,,,
1969,SFN,NL,stephjo02,John Stephenson,22,,22,22,0,9,0,0,1,0,0,0,0,0,,,
1969,CIN,NL,stewaji01,Jimmy Stewart,119,,119,119,0,0,0,18,6,1,55,10,1,66,,,
1969,LAN,NL,stinsbo01,Bob Stinson,4,,4,4,0,4,0,0,0,0,0,0,0,0,,,
1969,MON,NL,stonebi01,Bill Stoneman,42,,42,42,42,0,0,0,0,0,0,0,0,0,,,
1969,ATL,NL,stonege02,George Stone,36,,36,36,36,0,0,0,0,0,0,0,0,0,,,
1969,PHI,NL,stonege03,Gene Stone,18,,18,18,0,0,5,0,0,0,0,0,0,0,,,
1969,PHI,NL,stonero02,Ron Stone,103,,103,103,0,0,0,0,0,0,37,2,32,69,,,
1969,NYA,AL,stottme01,Mel Stottlemyre,39,,39,39,39,0,0,0,0,0,0,0,0,0,,,
1969,WS2,AL,stroued01,Ed Stroud,123,,123,123,0,0,0,0,0,0,28,1,58,85,,,
1969,CAL,AL,stuardi01,Dick Stuart,22,,22,22,0,0,13,0,0,0,0,0,0,0,,,
1969,CLE,AL,suareke01,Ken Suarez,36,,36,36,0,36,0,0,0,0,0,0,0,0,,,
1969,LAN,NL,sudakbi01,Bill Sudakis,132,,132,132,0,0,0,0,121,0,0,0,0,0,,,
1969,MON,NL,suthega01,Gary Sutherland,141,,141,141,0,0,0,139,0,15,0,0,1,1,,,
1969,LAN,NL,suttodo01,Don Sutton,41,,41,41,41,0,0,0,0,0,0,0,0,0,,,
1969,NYN,NL,swoboro01,Ron Swoboda,109,,109,109,0,0,0,0,0,0,22,0,77,97,,,
1969,SE1,AL,talbofr01,Fred Talbot,27,,27,27,25,0,0,0,0,0,0,0,0,0,,,
1969,NYA,AL,talbofr01,Fred Talbot,8,,8,8,8,0,0,0,0,0,0,0,0,0,,,
1969,OAK,AL,talbofr01,Fred Talbot,12,,12,12,12,0,0,0,0,0,0,0,0,0,,,
1969,OAK,AL,tartajo01,Jose Tartabull,75,,75,75,0,0,0,0,0,0,28,36,0,63,,,
1969,CAL,AL,tatumja01,Jarvis Tatum,10,,10,10,0,0,0,0,0,0,0,0,5,5,,,
1969,CAL,AL,tatumke01,Ken Tatum,45,,45,45,45,0,0,0,0,0,0,0,0,0,,,
1969,PIT,NL,tayloca01,Carl Taylor,104,,104,104,0,0,24,0,0,0,19,0,19,36,,,
1969,SLN,NL,tayloch02,Chuck Taylor,27,,27,27,27,0,0,0,0,0,0,0,0,0,,,
1969,DET,AL,tayloga01,Gary Taylor,7,,7,7,7,0,0,0,0,0,0,0,0,0,,,
1969,KCA,AL,tayloha04,Hawk Taylor,64,,64,64,0,6,0,0,0,0,2,0,16,18,,,
1969,NYN,NL,tayloro01,Ron Taylor,59,,59,59,59,0,0,0,0,0,0,0,0,0,,,
1969,PHI,NL,tayloto02,Tony Taylor,138,,138,138,0,0,10,57,71,0,0,0,0,0,,,
1969,OAK,AL,tenacge01,Gene Tenace,16,,16,16,0,13,0,0,0,0,0,0,0,0,,,
1969,NYA,AL,tepedfr01,Frank Tepedino,13,,13,13,0,0,0,0,0,0,0,0,13,13,,,
1969,BOS,AL,thomage01,George Thomas,29,,29,29,0,1,10,0,1,0,8,1,3,12,,,
1969,CLE,AL,tiantlu01,Luis Tiant,38,,38,38,38,0,0,0,0,0,0,0,0,0,,,
1969,ATL,NL,tillmbo01,Bob Tillman,69,,69,69,0,69,0,0,0,0,0,0,0,0,,,
1969,SE1,AL,timbega01,Gary Timberlake,2,,2,2,2,0,0,0,0,0,0,0,0,0,,,
1969,DET,AL,timmeto01,Tom Timmermann,31,,31,31,31,0,0,0,0,0,0,0,0,0,,,
1969,MIN,AL,tischto01,Tom Tischinski,37,,37,37,0,32,0,0,0,0,0,0,0,0,,,
1969,CIN,NL,tolanbo01,Bobby Tolan,152,,152,152,0,0,0,0,0,0,0,88,62,150,,,
1969,LAN,NL,torboje01,Jeff Torborg,51,,51,51,0,50,0,0,0,0,0,0,0,0,,,
1969,HOU,NL,torrehe01,Hector Torres,34,,34,34,0,0,0,0,0,22,0,0,0,0,,,
1969,SLN,NL,torrejo01,Joe Torre,159,,159,159,0,17,144,0,0,0,0,0,0,0,,,
1969,SLN,NL,torremi01,Mike Torrez,24,,24,24,24,0,0,0,0,0,0,0,0,0,,,
1969,MIN,AL,tovarce01,Cesar Tovar,158,,158,158,0,0,0,41,20,0,39,70,8,113,,,
1969,DET,AL,tracedi01,Dick Tracewski,66,,66,66,0,0,0,13,6,41,0,0,0,0,,,
1969,DET,AL,treshto01,Tom Tresh,94,,94,94,0,0,0,0,1,77,7,0,4,11,,,
1969,NYA,AL,treshto01,Tom Tresh,45,,45,45,0,0,0,0,0,41,0,0,0,0,,,
1969,MIN,AL,uhlaete01,Ted Uhlaender,152,,152,152,0,0,0,0,0,0,44,108,1,150,,,
1969,WS2,AL,unserde01,Del Unser,153,,153,153,0,0,0,0,0,0,0,149,0,149,,,
1969,ATL,NL,upshace01,Cecil Upshaw,62,,62,62,62,0,0,0,0,0,0,0,0,0,,,
1969,HOU,NL,valdesa01,Sandy Valdespino,41,,41,41,0,0,0,0,0,0,29,0,0,29,,,
1969,SE1,AL,valdesa01,Sandy Valdespino,20,,20,20,0,0,0,0,0,0,7,0,0,7,,,
1969,LAN,NL,valenbo02,Bobby Valentine,5,,5,5,0,0,0,0,0,0,0,0,0,0,,,
1969,ATL,NL,vaughch01,Charlie Vaughan,1,,1,1,1,0,0,0,0,0,0,0,0,0,,,
1969,PIT,NL,vealebo01,Bob Veale,34,,34,34,34,0,0,0,0,0,0,0,0,0,,,
1969,SE1,AL,velazfr01,Freddie Velazquez,6,,6,6,0,5,0,0,0,0,0,0,0,0,,,
1969,WS2,AL,versazo01,Zoilo Versalles,31,,31,31,0,0,0,6,5,13,0,0,0,0,,,
1969,CLE,AL,versazo01,Zoilo Versalles,72,,72,72,0,0,0,46,30,3,0,0,0,0,,,
1969,SE1,AL,vidaljo01,Jose Vidal,18,,18,18,0,0,0,0,0,0,1,0,5,6,,,
1969,SFN,NL,virgioz01,Ozzie Virgil,1,,1,1,0,0,0,0,0,0,0,0,0,0,,,
1969,PHI,NL,wagnega01,Gary Wagner,9,,9,9,9,0,0,0,0,0,0,0,0,0,,,
1969,BOS,AL,wagnega01,Gary Wagner,6,,6,6,6,0,0,0,0,0,0,0,0,0,,,
1969,SFN,NL,wagnele01,Leon Wagner,11,,11,11,0,0,0,0,0,0,1,0,0,1,,,
1969,PIT,NL,walkelu01,Luke Walker,31,,31,31,31,0,0,0,0,0,0,0,0,0,,,
1969,MIN,AL,waltech01,Charlie Walters,6,,6,6,6,0,0,0,0,0,0,0,0,0,,,
1969,SE1,AL,waltoda01,Danny Walton,23,,23,23,0,0,0,0,0,0,23,0,0,23,,,
1969,CAL,AL,washbgr01,Greg Washburn,8,,8,8,8,0,0,0,0,0,0,0,0,0,,,
1969,SLN,NL,washbra01,Ray Washburn,28,,28,28,28,0,0,0,0,0,0,0,0,0,,,
1969,MON,NL,waslega01,Gary Waslewski,30,,30,30,30,0,0,0,0,0,0,0,0,0,,,
1969,SLN,NL,waslega01,Gary Waslewski,12,,12,12,12,0,0,0,0,0,0,0,0,0,,,
1969,HOU,NL,watkibo01,Bob Watkins,5,,5,5,5,0,0,0,0,0,0,0,0,0,,,
1969,PHI,NL,watkida01,Dave Watkins,69,,69,69,0,54,0,0,1,0,5,0,1,5,,,
1969,HOU,NL,watsobo01,Bob Watson,20,,20,20,0,1,5,0,0,0,6,0,0,6,,,
1969,OAK,AL,webstra02,Ramon Webster,64,,64,64,0,0,13,0,0,0,0,0,0,0,,,
1969,MON,NL,wegenmi01,Mike Wegener,32,,32,32,32,0,0,0,0,0,0,0,0,0,,,
1969,SE1,AL,whitast01,Steve Whitaker,69,,69,69,0,0,0,0,0,0,22,0,18,39,,,
1969,SLN,NL,whitebi03,Bill White,49,,49,49,0,0,15,0,0,0,0,0,0,0,,,
1969,NYA,AL,whitero01,Roy White,130,,130,130,0,0,0,0,0,0,126,0,0,126,,,
1969,CIN,NL,whitffr01,Fred Whitfield,74,,74,74,0,0,14,0,0,0,0,0,0,0,,,
1969,KCA,AL,wickeda01,Dave Wickersham,34,,34,34,34,0,0,0,0,0,0,0,0,0,,,
1969,MON,NL,wickefl01,Floyd Wicker,41,,41,41,0,0,0,0,0,0,2,7,2,11,,,
1969,CAL,AL,wilheho01,Hoyt Wilhelm,44,,44,44,44,0,0,0,0,0,0,0,0,0,,,
1969,ATL,NL,wilheho01,Hoyt Wilhelm,8,,8,8,8,0,0,0,0,0,0,0,0,0,,,
1969,CHN,NL,willibi01,Billy Williams,163,,163,163,0,0,0,0,0,0,153,0,28,159,,,
1969,SE1,AL,willibi02,Billy Williams,4,,4,4,0,0,0,0,0,0,0,0,3,3,,,
1969,SDN,NL,williji04,Jim Williams,13,,13,13,0,0,0,0,0,0,6,0,0,6,,,
1969,HOU,NL,williro01,Ron Willis,3,,3,3,3,0,0,0,0,0,0,0,0,0,,,
1969,SLN,NL,williro01,Ron Willis,26,,26,26,26,0,0,0,0,0,0,0,0,0,,,
1969,CLE,AL,willist02,Stan Williams,61,,61,61,61,0,0,0,0,0,0,0,0,0,,,
1969,CHA,AL,williwa02,Walt Williams,135,,135,135,0,0,0,0,0,0,34,0,83,111,,,
1969,MON,NL,willsma01,Maury Wills,47,,47,47,0,0,0,1,0,46,0,0,0,0,,,
1969,LAN,NL,willsma01,Maury Wills,104,,104,104,0,0,0,0,0,104,0,0,0,0,,,
1969,PHI,NL,wilsobi03,Bill Wilson,37,,37,37,37,0,0,0,0,0,0,0,0,0,,,
1969,HOU,NL,wilsodo01,Don Wilson,34,,34,34,34,0,0,0,0,0,0,0,0,0,,,
1969,DET,AL,wilsoea01,Earl Wilson,37,,37,37,35,0,0,0,0,0,0,0,0,0,,,
1969,HOU,NL,womacdo01,Dooley Womack,30,,30,30,30,0,0,0,0,0,0,0,0,0,,,
1969,SE1,AL,womacdo01,Dooley Womack,9,,9,9,9,0,0,0,0,0,0,0,0,0,,,
1969,MIN,AL,woodsdi01,Dick Woodson,44,,44,44,44,0,0,0,0,0,0,0,0,0,,,
1969,NYA,AL,woodsro01,Ron Woods,72,,72,72,0,0,0,0,0,0,1,66,0,67,,,
1969,DET,AL,woodsro01,Ron Woods,17,,17,17,0,0,0,0,0,0,7,1,0,7,,,
1969,CIN,NL,woodwwo01,Woody Woodward,97,,97,97,0,0,0,2,0,93,0,0,0,0,,,
1969,MIN,AL,worthal01,Al Worthington,46,,46,46,46,0,0,0,0,0,0,0,0,0,,,
1969,CAL,AL,wrighcl01,Clyde Wright,40,,40,40,37,0,0,0,0,0,0,0,0,0,,,
1969,OAK,AL,wyattjo02,John Wyatt,4,,4,4,4,0,0,0,0,0,0,0,0,0,,,
1969,CHA,AL,wynnebi02,Billy Wynne,20,,20,20,20,0,0,0,0,0,0,0,0,0,,,
1969,BOS,AL,yastrca01,Carl Yastrzemski,162,,162,162,0,0,22,0,0,0,140,3,0,143,,,
1969,CHN,NL,youngdo01,Don Young,101,,101,101,0,0,0,0,0,0,3,94,8,100,,,
1969,KCA,AL,zachach02,Chris Zachary,8,,8,8,8,0,0,0,0,0,0,0,0,0,,,
