1971,LAN,NL,ceyro01,Ron Cey,2,,2,2,0,0,0,0,0,0,0,0,0,0,,,
1971,WS2,AL,coxca01,Casey Cox,54,,54,54,54,0,0,0,0,0,0,0,0,0,,,
1971,MON,NL,daybo01,Boots Day,127,,127,127,0,0,0,0,0,0,3,118,0,120,,,
1971,WS2,AL,foyjo01,Joe Foy,41,,41,41,0,0,0,3,37,1,0,0,0,0,,,
1971,ML4,AL,gilgu01,Gus Gil,14,,14,14,0,0,0,8,6,0,0,0,0,0,,,
1971,BOS,AL,leebi03,Bill Lee,47,,47,47,47,0,0,0,0,0,0,0,0,0,,,
1971,SLN,NL,leele02,Leron Lee,25,,25,25,0,0,0,0,0,0,5,0,4,8,,,
1971,SDN,NL,leele02,Leron Lee,79,,79,79,0,0,0,0,0,0,68,0,0,68,,,
1971,NYA,AL,leyte01,Terry Ley,6,,6,6,6,0,0,0,0,0,0,0,0,0,,,
1971,PHI,NL,lisjo01,Joe Lis,59,,59,59,0,0,0,0,0,0,35,0,0,35,,,
1971,ATL,NL,lummi01,Mike Lum,145,,145,145,0,0,1,0,0,0,10,17,104,125,,,
1971,CHA,AL,mayca01,Carlos May,141,,141,141,0,0,130,0,0,0,9,0,0,9,,,
1971,ML4,AL,mayda01,Dave May,144,,144,144,0,0,0,0,0,0,2,94,48,142,,,
1971,KCA,AL,mayje01,Jerry May,71,,71,71,0,71,0,0,0,0,0,0,0,0,,,
1971,CIN,NL,mayle01,Lee May,147,,147,147,0,0,143,0,0,0,0,0,0,0,,,
1971,PIT,NL,maymi01,Milt May,49,,49,49,0,31,0,0,0,0,0,0,0,0,,,
1971,CAL,AL,mayru01,Rudy May,32,,32,32,32,0,0,0,0,0,0,0,0,0,,,
1971,HOU,NL,rayji01,Jim Ray,47,,47,47,47,0,0,0,0,0,0,0,0,0,,,
1971,NYN,NL,ageeto01,Tommie Agee,113,,113,113,0,0,0,0,0,0,0,94,32,107,,,
1971,NYA,AL,akerja01,Jack Aker,41,,41,41,41,0,0,0,0,0,0,0,0,0,,,
1971,NYA,AL,aloufe01,Felipe Alou,131,,131,131,0,0,42,0,0,0,7,20,56,80,,,
1971,OAK,AL,aloufe01,Felipe Alou,2,,2,2,0,0,0,0,0,0,2,0,0,2,,,
1971,HOU,NL,alouje01,Jesus Alou,122,,122,122,0,0,0,0,0,0,52,0,63,109,,,
1971,SLN,NL,alouma01,Matty Alou,149,,149,149,0,0,57,0,0,0,0,73,21,94,,,
1971,SFN,NL,barrji01,Jim Barr,17,,17,17,17,0,0,0,0,0,0,0,0,0,,,
1971,ML4,AL,bellje01,Jerry Bell,8,,8,8,8,0,0,0,0,0,0,0,0,0,,,
1971,OAK,AL,bluevi01,Vida Blue,39,,39,39,39,0,0,0,0,0,0,0,0,0,,,
1971,PHI,NL,bowala01,Larry Bowa,159,,159,159,0,0,0,0,0,157,0,0,0,0,,,
1971,MIN,AL,bryest01,Steve Brye,28,,28,28,0,0,0,0,0,0,25,7,0,28,,,
1971,DET,AL,cainle01,Les Cain,27,,27,27,26,0,0,0,0,0,0,0,0,0,,,
1971,PIT,NL,cashda01,Dave Cash,123,,123,123,0,0,0,105,24,3,0,0,0,0,,,
1971,DET,AL,cashno01,Norm Cash,135,,135,135,0,0,131,0,0,0,0,0,0,0,,,
1971,HOU,NL,cookro02,Ron Cook,6,,6,6,5,0,0,0,0,0,0,0,0,0,,,
1971,SLN,NL,cruzjo01,Jose Cruz,83,,83,83,0,0,0,0,0,0,1,82,0,83,,,
1971,BOS,AL,culpra01,Ray Culp,35,,35,35,35,0,0,0,0,0,0,0,0,0,,,
1971,SDN,NL,deanto01,Tommy Dean,41,,41,41,0,0,0,1,11,28,0,0,0,0,,,
1971,NYN,NL,dyerdu01,Duffy Dyer,59,,59,59,0,53,0,0,0,0,0,0,0,0,,,
1971,CHA,AL,eddydo01,Don Eddy,22,,22,22,22,0,0,0,0,0,0,0,0,0,,,
1971,CHA,AL,eganto01,Tom Egan,85,,85,85,0,77,1,0,0,0,0,0,0,0,,,
1971,BOS,AL,fiskca01,Carlton Fisk,14,,14,14,0,14,0,0,0,0,0,0,0,0,,,
1971,NYN,NL,foliti01,Tim Foli,97,,97,97,0,0,0,58,36,12,0,1,0,1,,,
1971,DET,AL,foorji01,Jim Foor,3,,3,3,3,0,0,0,0,0,0,0,0,0,,,
1971,CLE,AL,fordte01,Ted Ford,74,,74,74,0,0,0,0,0,0,12,20,29,55,,,
1971,ATL,NL,garrra01,Ralph Garr,154,,154,154,0,0,0,0,0,0,153,0,0,153,,,
1971,CHN,NL,gurala01,Larry Gura,6,,6,6,6,0,0,0,0,0,0,0,0,0,,,
1971,NYN,NL,hahndo01,Don Hahn,98,,98,98,0,0,0,0,0,0,0,80,0,80,,,
1971,BAL,AL,halldi01,Dick Hall,27,,27,27,27,0,0,0,0,0,0,0,0,0,,,
1971,MIN,AL,hallto01,Tom Hall,49,,49,49,48,0,0,0,0,0,0,0,0,0,,,
1971,MIN,AL,hammpe01,Pete Hamm,13,,13,13,13,0,0,0,0,0,0,0,0,0,,,
1971,CLE,AL,handri01,Rich Hand,16,,16,16,15,0,0,0,0,0,0,0,0,0,,,
1971,SFN,NL,hartji01,Jim Ray Hart,31,,31,31,0,0,0,0,3,0,3,0,0,3,,,
1971,MIN,AL,holtji01,Jim Holt,126,,126,126,0,0,3,0,0,0,12,86,12,106,,,
1971,MON,NL,huntro01,Ron Hunt,152,,152,152,0,0,0,133,19,0,0,0,0,0,,,
1971,SDN,NL,iviemi01,Mike Ivie,6,,6,6,0,6,0,0,0,0,0,0,0,0,,,
1971,CHA,AL,johnto01,Tommy John,38,,38,38,38,0,0,0,0,0,0,0,0,0,,,
1971,MIN,AL,kaatji01,Jim Kaat,54,,54,54,39,0,0,0,0,0,0,0,0,0,,,
1971,ATL,NL,kingha01,Hal King,86,,86,86,0,60,0,0,0,0,0,0,0,0,,,
1971,PIT,NL,lambjo01,John Lamb,2,,2,2,2,0,0,0,0,0,0,0,0,0,,,
1971,CLE,AL,lambra01,Ray Lamb,43,,43,43,43,0,0,0,0,0,0,0,0,0,,,
1971,DET,AL,lanema01,Marv Lane,8,,8,8,0,0,0,0,0,0,3,0,3,6,,,
1971,CLE,AL,leoned01,Eddie Leon,131,,131,131,0,0,0,107,0,24,0,0,0,0,,,
1971,BOS,AL,lylesp01,Sparky Lyle,50,,50,50,50,0,0,0,0,0,0,0,0,0,,,
1971,CHA,AL,mayele01,Lee Maye,32,,32,32,0,0,0,0,0,0,2,0,8,10,,,
1971,SFN,NL,mayswi01,Willie Mays,136,,136,136,0,0,48,0,0,0,0,84,0,84,,,
1971,LAN,NL,motama01,Manny Mota,91,,91,91,0,0,0,0,0,0,62,0,24,80,,,
1971,BOS,AL,nagymi01,Mike Nagy,12,,12,12,12,0,0,0,0,0,0,0,0,0,,,
1971,ATL,NL,nashji01,Jim Nash,33,,33,33,32,0,0,0,0,0,0,0,0,0,,,
1971,OAK,AL,odombl01,Blue Moon Odom,37,,37,37,25,0,0,0,0,0,0,0,0,0,,,
1971,KCA,AL,otisam01,Amos Otis,147,,147,147,0,0,0,0,0,0,0,144,0,144,,,
1971,CLE,AL,paulmi01,Mike Paul,17,,17,17,17,0,0,0,0,0,0,0,0,0,,,
1971,LAN,NL,penajo01,Jose Peña,21,,21,21,21,0,0,0,0,0,0,0,0,0,,,
1971,BAL,AL,penaor01,Orlando Peña,5,,5,5,5,0,0,0,0,0,0,0,0,0,,,
1971,ML4,AL,penaro01,Roberto Peña,113,,113,113,0,0,50,1,37,23,0,0,0,0,,,
1971,WS2,AL,pinaho01,Horacio Pina,56,,56,56,56,0,0,0,0,0,0,0,0,0,,,
1971,MON,NL,reedho01,Howie Reed,43,,43,43,43,0,0,0,0,0,0,0,0,0,,,
1971,ATL,NL,reedro01,Ron Reed,32,,32,32,32,0,0,0,0,0,0,0,0,0,,,
1971,CHA,AL,romovi01,Vicente Romo,45,,45,45,45,0,0,0,0,0,0,0,0,0,,,
1971,ML4,AL,roofph01,Phil Roof,41,,41,41,0,39,0,0,0,0,0,0,0,0,,,
1971,MIN,AL,roofph01,Phil Roof,31,,31,31,0,29,0,0,0,0,0,0,0,0,,,
1971,NYN,NL,rosedo01,Don Rose,1,,1,1,1,0,0,0,0,0,0,0,0,0,,,
1971,CIN,NL,rosepe01,Pete Rose,160,,160,160,0,0,0,0,0,0,0,1,158,158,,,
1971,SDN,NL,rossga01,Gary Ross,13,,13,13,13,0,0,0,0,0,0,0,0,0,,,
1971,OAK,AL,rudijo01,Joe Rudi,127,,127,127,0,0,5,0,0,0,115,0,9,121,,,
1971,CAL,AL,ruizch01,Chico Ruiz,31,,31,31,0,0,0,2,3,0,0,0,0,0,,,
1971,PHI,NL,ryanmi02,Mike Ryan,43,,43,43,0,43,0,0,0,0,0,0,0,0,,,
1971,NYN,NL,ryanno01,Nolan Ryan,30,,30,30,30,0,0,0,0,0,0,0,0,0,,,
1971,SLN,NL,shawdo01,Don Shaw,45,,45,45,45,0,0,0,0,0,0,0,0,0,,,
1971,LAN,NL,simsdu01,Duke Sims,90,,90,90,0,74,0,0,0,0,0,0,0,0,,,
1971,ML4,AL,vossbi01,Bill Voss,97,,97,97,0,0,0,0,0,0,4,13,67,79,,,
1971,BAL,AL,watted01,Eddie Watt,35,,35,35,35,0,0,0,0,0,0,0,0,0,,,
1971,NYN,NL,weisal01,Al Weis,11,,11,11,0,0,0,5,2,0,0,0,0,0,,,
1971,WS2,AL,wertdo01,Don Wert,20,,20,20,0,0,0,1,7,7,0,0,0,0,,,
1971,MON,NL,winebo01,Bobby Wine,119,,119,119,0,0,0,0,0,119,0,0,0,0,,,
1971,PHI,NL,wiseri01,Rick Wise,39,,39,39,38,0,0,0,0,0,0,0,0,0,,,
1971,CHA,AL,woodwi01,Wilbur Wood,44,,44,44,44,0,0,0,0,0,0,0,0,0,,,
1971,HOU,NL,wynnji01,Jim Wynn,123,,123,123,0,0,0,0,0,0,1,48,72,116,,,
1971,KCA,AL,yorkji01,Jim York,53,,53,53,53,0,0,0,0,0,0,0,0,0,,,
1971,DET,AL,zeppbi01,Bill Zepp,16,,16,16,16,0,0,0,0,0,0,0,0,0,,,
1971,PIT,NL,ziskri01,Richie Zisk,7,,7,7,0,0,0,0,0,0,3,0,3,6,,,
1971,ATL,NL,aaronha01,Hank Aaron,139,,139,139,0,0,71,0,0,0,1,0,59,60,,,
1971,ATL,NL,aaronto01,Tommie Aaron,25,,25,25,0,0,11,0,7,0,0,0,0,0,,,
1971,KCA,AL,abernte02,Ted Abernathy,63,,63,63,63,0,0,0,0,0,0,0,0,0,,,
1971,SDN,NL,acosted01,Ed Acosta,8,,8,8,8,0,0,0,0,0,0,0,0,0,,,
1971,LAN,NL,alexado01,Doyle Alexander,17,,17,17,17,0,0,0,0,0,0,0,0,0,,,
1971,WS2,AL,allenbe01,Bernie Allen,97,,97,97,0,0,0,41,34,0,0,0,0,0,,,
1971,LAN,NL,allendi01,Dick Allen,155,,155,155,0,0,28,0,67,0,60,0,0,60,,,
1971,CAL,AL,allenll01,Lloyd Allen,54,,54,54,54,0,0,0,0,0,0,0,0,0,,,
1971,PIT,NL,alleyge01,Gene Alley,114,,114,114,0,0,0,0,1,108,0,0,0,0,,,
1971,CAL,AL,alomasa01,Sandy Alomar,162,,162,162,0,0,0,137,0,28,0,0,0,0,,,
1971,CHA,AL,alvarlu01,Luis Alvarado,99,,99,99,0,0,0,16,0,71,0,0,0,0,,,
1971,MIN,AL,alyeabr01,Brant Alyea,79,,79,79,0,0,0,0,0,0,47,0,1,48,,,
1971,OAK,AL,anderdw01,Dwain Anderson,16,,16,16,0,0,0,5,1,10,0,0,0,0,,,
1971,PHI,NL,andermi01,Mike Anderson,26,,26,26,0,0,0,0,0,0,0,26,0,26,,,
1971,CHA,AL,andremi01,Mike Andrews,109,,109,109,0,0,25,76,0,0,0,0,0,0,,,
1971,BOS,AL,aparilu01,Luis Aparicio,125,,125,125,0,0,0,0,0,121,0,0,0,0,,,
1971,SDN,NL,arlinst01,Steve Arlin,36,,36,36,36,0,0,0,0,0,0,0,0,0,,,
1971,SFN,NL,arnolch01,Chris Arnold,6,,6,6,0,0,0,3,0,0,0,0,0,0,,,
1971,SLN,NL,arroyru01,Rudy Arroyo,9,,9,9,9,0,0,0,0,0,0,0,0,0,,,
1971,NYN,NL,asprobo01,Bob Aspromonte,104,,104,104,0,0,0,0,97,0,0,0,0,0,,,
1971,ML4,AL,auerbri01,Rick Auerbach,79,,79,79,0,0,0,0,0,78,0,0,0,0,,,
1971,CLE,AL,austiri01,Rick Austin,23,,23,23,23,0,0,0,0,0,0,0,0,0,,,
1971,NYA,AL,bahnsst01,Stan Bahnsen,36,,36,36,36,0,0,0,0,0,0,0,0,0,,,
1971,MON,NL,bailebo01,Bob Bailey,157,,157,157,0,0,9,0,120,0,51,0,1,51,,,
1971,ATL,NL,bakerdu01,Dusty Baker,29,,29,29,0,0,0,0,0,0,1,4,16,18,,,
1971,CLE,AL,bakerfr02,Frank Baker,73,,73,73,0,0,0,0,0,0,17,6,30,51,,,
1971,NYA,AL,bakerfr03,Frank Baker,43,,43,43,0,0,0,0,0,38,0,0,0,0,,,
1971,CLE,AL,ballima01,Mark Ballinger,18,,18,18,18,0,0,0,0,0,0,0,0,0,,,
1971,OAK,AL,bandosa01,Sal Bando,153,,153,153,0,0,0,0,153,0,0,0,0,0,,,
1971,CHN,NL,bankser01,Ernie Banks,39,,39,39,0,0,20,0,0,0,0,0,0,0,,,
1971,ATL,NL,barbest01,Steve Barber,39,,39,39,39,0,0,0,0,0,0,0,0,0,,,
1971,MIN,AL,barbest02,Steve Barber,6,,6,6,4,0,0,0,0,0,0,0,0,0,,,
1971,SDN,NL,bartobo01,Bob Barton,121,,121,121,0,119,0,0,0,0,0,0,0,0,,,
1971,MON,NL,batemjo01,John Bateman,139,,139,139,0,137,0,0,0,0,0,0,0,0,,,
1971,BAL,AL,baylodo01,Don Baylor,1,,1,1,0,0,0,0,0,0,0,0,1,1,,,
1971,ML4,AL,bearnla01,Larry Bearnarth,2,,2,2,2,0,0,0,0,0,0,0,0,0,,,
1971,SLN,NL,beaucji01,Jim Beauchamp,77,,77,77,0,0,44,0,0,0,1,0,0,1,,,
1971,CHN,NL,beckegl01,Glenn Beckert,131,,131,131,0,0,0,129,0,0,0,0,0,0,,,
1971,BAL,AL,belanma01,Mark Belanger,150,,150,150,0,0,0,0,0,149,0,0,0,0,,,
1971,CIN,NL,benchjo01,Johnny Bench,149,,149,149,0,141,12,0,3,0,10,0,3,12,,,
1971,BOS,AL,beniqju01,Juan Beniquez,16,,16,16,0,0,0,0,0,15,0,0,0,0,,,
1971,CAL,AL,berryke01,Ken Berry,111,,111,111,0,0,0,0,0,0,8,94,0,101,,,
1971,CLE,AL,bevacku01,Kurt Bevacqua,55,,55,55,0,0,0,36,3,2,2,0,3,5,,,
1971,WS2,AL,biittla01,Larry Biittner,66,,66,66,0,0,3,0,0,0,7,0,38,41,,,
1971,WS2,AL,billidi01,Dick Billings,116,,116,116,0,62,0,0,2,0,22,0,12,32,,,
1971,HOU,NL,billija01,Jack Billingham,33,,33,33,33,0,0,0,0,0,0,0,0,0,,,
1971,BAL,AL,blairpa01,Paul Blair,141,,141,141,0,0,0,0,0,0,0,138,0,138,,,
1971,HOU,NL,blasiwa01,Wade Blasingame,30,,30,30,30,0,0,0,0,0,0,0,0,0,,,
1971,PIT,NL,blassst01,Steve Blass,34,,34,34,33,0,0,0,0,0,0,0,0,0,,,
1971,CIN,NL,blatest01,Steve Blateric,2,,2,2,2,0,0,0,0,0,0,0,0,0,,,
1971,OAK,AL,blefacu01,Curt Blefary,50,,50,50,0,14,0,2,5,0,8,0,6,14,,,
1971,NYA,AL,blefacu01,Curt Blefary,21,,21,21,0,0,4,0,0,0,0,0,6,6,,,
1971,NYA,AL,blombro01,Ron Blomberg,64,,64,64,0,0,0,0,0,0,0,0,57,57,,,
1971,MIN,AL,blylebe01,Bert Blyleven,38,,38,38,38,0,0,0,0,0,0,0,0,0,,,
1971,MON,NL,boccajo01,John Boccabella,74,,74,74,0,37,37,0,2,0,0,0,0,0,,,
1971,NYA,AL,boehmle01,Len Boehmer,3,,3,3,0,0,0,0,1,0,0,0,0,0,,,
1971,BOS,AL,bolinbo01,Bobby Bolin,52,,52,52,52,0,0,0,0,0,0,0,0,0,,,
1971,SFN,NL,bondsbo01,Bobby Bonds,155,,155,155,0,0,0,0,0,0,0,33,133,154,,,
1971,CHN,NL,bonhabi01,Bill Bonham,33,,33,33,33,0,0,0,0,0,0,0,0,0,,,
1971,CIN,NL,borbope01,Pedro Borbon,3,,3,3,3,0,0,0,0,0,0,0,0,0,,,
1971,WS2,AL,bosmadi01,Dick Bosman,35,,35,35,35,0,0,0,0,0,0,0,0,0,,,
1971,DET,AL,bosweda01,Dave Boswell,3,,3,3,3,0,0,0,0,0,0,0,0,0,,,
1971,BAL,AL,bosweda01,Dave Boswell,15,,15,15,15,0,0,0,0,0,0,0,0,0,,,
1971,NYN,NL,bosweke01,Ken Boswell,116,,116,116,0,0,0,109,0,0,0,0,0,0,,,
1971,CHN,NL,bourqpa01,Pat Bourque,14,,14,14,0,0,11,0,0,0,0,0,0,0,,,
1971,ATL,NL,boyercl02,Clete Boyer,30,,30,30,0,0,0,0,25,1,0,0,0,0,,,
1971,CIN,NL,bradfbu01,Buddy Bradford,79,,79,79,0,0,0,0,0,0,36,26,5,66,,,
1971,CLE,AL,bradfbu01,Buddy Bradford,20,,20,20,0,0,0,0,0,0,0,18,0,18,,,
1971,CHA,AL,bradlto01,Tom Bradley,48,,48,48,45,0,0,0,0,0,0,0,0,0,,,
1971,PHI,NL,brandbu01,Bucky Brandon,52,,52,52,52,0,0,0,0,0,0,0,0,0,,,
1971,MON,NL,brandro01,Ron Brand,47,,47,47,0,1,0,1,4,22,3,1,0,4,,,
1971,MIN,AL,braunst01,Steve Braun,128,,128,128,0,0,0,28,73,10,2,0,0,2,,,
1971,SDN,NL,bravoan01,Angel Bravo,52,,52,52,0,0,0,0,0,0,5,3,1,9,,,
1971,CIN,NL,bravoan01,Angel Bravo,5,,5,5,0,0,0,0,0,0,0,0,0,0,,,
1971,ATL,NL,breazji01,Jim Breazeale,10,,10,10,0,0,4,0,0,0,0,0,0,0,,,
1971,CHN,NL,breedda01,Danny Breeden,25,,25,25,0,25,0,0,0,0,0,0,0,0,,,
1971,CHN,NL,breedha01,Hal Breeden,23,,23,23,0,0,8,0,0,0,0,0,0,0,,,
1971,BOS,AL,brettke01,Ken Brett,29,,29,29,29,0,0,0,0,0,0,0,0,0,,,
1971,LAN,NL,breweji01,Jim Brewer,55,,55,55,55,0,0,0,0,0,0,0,0,0,,,
1971,PHI,NL,briggjo02,John Briggs,10,,10,10,0,0,0,0,0,0,8,0,0,8,,,
1971,ML4,AL,briggjo02,John Briggs,125,,125,125,0,0,60,0,0,0,55,0,11,65,,,
1971,PIT,NL,brilene01,Nelson Briles,37,,37,37,37,0,0,0,0,0,0,0,0,0,,,
1971,CHA,AL,brinkch01,Chuck Brinkman,15,,15,15,0,14,0,0,0,0,0,0,0,0,,,
1971,DET,AL,brinked01,Ed Brinkman,159,,159,159,0,0,0,0,0,159,0,0,0,0,,,
1971,MON,NL,brittji02,Jim Britton,16,,16,16,16,0,0,0,0,0,0,0,0,0,,,
1971,WS2,AL,brobepe01,Pete Broberg,18,,18,18,18,0,0,0,0,0,0,0,0,0,,,
1971,SLN,NL,brocklo01,Lou Brock,157,,157,157,0,0,0,0,0,0,156,0,1,157,,,
1971,PIT,NL,brossfr01,Frank Brosseau,1,,1,1,1,0,0,0,0,0,0,0,0,0,,,
1971,PHI,NL,brownby01,Byron Browne,58,,58,58,0,0,0,0,0,0,17,4,10,30,,,
1971,DET,AL,brownga01,Gates Brown,82,,82,82,0,0,0,0,0,0,56,0,0,56,,,
1971,DET,AL,brownik01,Ike Brown,59,,59,59,0,0,17,8,4,1,8,0,1,9,,,
1971,WS2,AL,brownja01,Jackie Brown,14,,14,14,14,0,0,0,0,0,0,0,0,0,,,
1971,CLE,AL,brownla01,Larry Brown,13,,13,13,0,0,0,0,0,13,0,0,0,0,,,
1971,OAK,AL,brownla01,Larry Brown,70,,70,70,0,0,0,23,10,31,0,0,0,0,,,
1971,SDN,NL,brownol02,Ollie Brown,145,,145,145,0,0,0,0,0,0,0,1,134,134,,,
1971,ATL,NL,brownos01,Oscar Brown,27,,27,27,0,0,0,0,0,0,6,7,3,15,,,
1971,SLN,NL,brunege01,George Brunet,7,,7,7,7,0,0,0,0,0,0,0,0,0,,,
1971,SFN,NL,bryanro01,Ron Bryant,27,,27,27,27,0,0,0,0,0,0,0,0,0,,,
1971,LAN,NL,bucknbi01,Bill Buckner,108,,108,108,0,0,11,0,0,0,6,0,81,86,,,
1971,BAL,AL,bufordo01,Don Buford,122,,122,122,0,0,0,0,0,0,114,0,1,115,,,
1971,KCA,AL,bunkewa01,Wally Bunker,7,,7,7,7,0,0,0,0,0,0,0,0,0,,,
1971,PHI,NL,bunniji01,Jim Bunning,31,,31,31,29,0,0,0,0,0,0,0,0,0,,,
1971,NYA,AL,burbabi01,Bill Burbach,2,,2,2,2,0,0,0,0,0,0,0,0,0,,,
1971,SLN,NL,burdabo01,Bob Burda,65,,65,65,0,0,13,0,0,0,0,0,1,1,,,
1971,KCA,AL,burgmto01,Tom Burgmeier,68,,68,68,67,0,0,0,0,0,0,0,0,0,,,
1971,WS2,AL,burroje01,Jeff Burroughs,59,,59,59,0,0,0,0,0,0,34,0,23,50,,,
1971,HOU,NL,bussera01,Ray Busse,10,,10,10,0,0,0,0,3,5,0,0,0,0,,,
1971,KCA,AL,butlebi02,Bill Butler,14,,14,14,14,0,0,0,0,0,0,0,0,0,,,
1971,SDN,NL,caldwmi01,Mike Caldwell,6,,6,6,6,0,0,0,0,0,0,0,0,0,,,
1971,CHN,NL,callijo01,Johnny Callison,103,,103,103,0,0,0,0,0,0,1,0,88,89,,,
1971,CLE,AL,camillo01,Lou Camilli,39,,39,39,0,0,0,16,0,23,0,0,0,0,,,
1971,OAK,AL,campabe01,Bert Campaneris,134,,134,134,0,0,0,0,0,133,0,0,0,0,,,
1971,SDN,NL,campbda01,Dave Campbell,108,,108,108,0,0,2,69,40,4,2,0,0,2,,,
1971,MIN,AL,campisa01,Sal Campisi,6,,6,6,6,0,0,0,0,0,0,0,0,0,,,
1971,CHN,NL,cannich01,Chris Cannizzaro,71,,71,71,0,70,0,0,0,0,0,0,0,0,,,
1971,SDN,NL,cannich01,Chris Cannizzaro,21,,21,21,0,19,0,0,0,0,0,0,0,0,,,
1971,NYN,NL,caprabu01,Buzz Capra,3,,3,3,3,0,0,0,0,0,0,0,0,0,,,
1971,CIN,NL,carbobe01,Bernie Carbo,106,,106,106,0,0,0,0,0,0,90,0,0,90,,,
1971,ML4,AL,cardejo02,Jose Cardenal,53,,53,53,0,0,0,0,0,0,0,45,7,52,,,
1971,SLN,NL,cardejo02,Jose Cardenal,89,,89,89,0,0,0,0,0,0,0,8,78,83,,,
1971,MIN,AL,cardele01,Leo Cardenas,153,,153,153,0,0,0,0,0,153,0,0,0,0,,,
1971,MIN,AL,carewro01,Rod Carew,147,,147,147,0,0,0,142,2,0,0,0,0,0,,,
1971,SLN,NL,carltst01,Steve Carlton,37,,37,37,37,0,0,0,0,0,0,0,0,0,,,
1971,SFN,NL,carrido01,Don Carrithers,22,,22,22,22,0,0,0,0,0,0,0,0,0,,,
1971,CIN,NL,carrocl02,Clay Carroll,61,,61,61,61,0,0,0,0,0,0,0,0,0,,,
1971,WS2,AL,casanpa01,Paul Casanova,94,,94,94,0,83,0,0,0,0,0,0,0,0,,,
1971,NYA,AL,caterda01,Danny Cater,121,,121,121,0,0,78,0,52,0,0,0,0,0,,,
1971,HOU,NL,cedence01,Cesar Cedeno,161,,161,161,0,0,2,0,0,0,11,125,30,157,,,
1971,ATL,NL,cepedor01,Orlando Cepeda,71,,71,71,0,0,63,0,0,0,0,0,0,0,,,
1971,CLE,AL,chambch01,Chris Chambliss,111,,111,111,0,0,108,0,0,0,0,0,0,0,,,
1971,PHI,NL,champbi01,Bill Champion,37,,37,37,37,0,0,0,0,0,0,0,0,0,,,
1971,DET,AL,chancde01,Dean Chance,31,,31,31,31,0,0,0,0,0,0,0,0,0,,,
1971,CIN,NL,chaneda01,Darrel Chaney,10,,10,10,0,0,0,1,1,7,0,0,0,0,,,
1971,HOU,NL,chileri01,Rich Chiles,67,,67,67,0,0,0,0,0,0,25,0,2,27,,,
1971,SLN,NL,chlupbo01,Bob Chlupsa,1,,1,1,1,0,0,0,0,0,0,0,0,0,,,
1971,CAL,AL,chrisbr01,Bruce Christensen,29,,29,29,0,0,0,0,0,24,0,0,0,0,,,
1971,NYA,AL,clarkho01,Horace Clarke,159,,159,159,0,0,0,156,0,0,0,0,0,0,,,
1971,CLE,AL,clarkji03,Jim Clark,13,,13,13,0,0,1,0,0,0,2,0,1,3,,,
1971,CAL,AL,clarkri01,Rickey Clark,11,,11,11,11,0,0,0,0,0,0,0,0,0,,,
1971,OAK,AL,clarkro02,Ron Clark,2,,2,2,0,0,0,0,0,0,0,0,0,0,,,
1971,PIT,NL,clemero01,Roberto Clemente,132,,132,132,0,0,0,0,0,0,0,0,124,124,,,
1971,KCA,AL,clemola01,Lance Clemons,10,,10,10,10,0,0,0,0,0,0,0,0,0,,,
1971,NYN,NL,clenddo01,Donn Clendenon,88,,88,88,0,0,72,0,0,0,0,0,0,0,,,
1971,SLN,NL,clevere01,Reggie Cleveland,34,,34,34,34,0,0,0,0,0,0,0,0,0,,,
1971,PIT,NL,clinege01,Gene Clines,97,,97,97,0,0,0,0,0,0,20,43,13,74,,,
1971,CIN,NL,clinety01,Ty Cline,69,,69,69,0,0,2,0,0,0,6,21,1,28,,,
1971,CIN,NL,clonito01,Tony Cloninger,28,,28,28,28,0,0,0,0,0,0,0,0,0,,,
1971,NYA,AL,clostal01,Al Closter,14,,14,14,14,0,0,0,0,0,0,0,0,0,,,
1971,SDN,NL,colbena01,Nate Colbert,156,,156,156,0,0,153,0,0,0,0,0,0,0,,,
1971,CLE,AL,colbevi01,Vince Colbert,52,,52,52,50,0,0,0,0,0,0,0,0,0,,,
1971,CHN,NL,colboji01,Jim Colborn,14,,14,14,14,0,0,0,0,0,0,0,0,0,,,
1971,DET,AL,colemjo05,Joe Coleman,39,,39,39,39,0,0,0,0,0,0,0,0,0,,,
1971,DET,AL,collike01,Kevin Collins,35,,35,35,0,0,0,1,4,0,1,0,1,2,,,
1971,CIN,NL,conceda01,Dave Concepcion,130,,130,130,0,0,0,10,7,112,0,5,0,5,,,
1971,BOS,AL,conigbi01,Billy Conigliaro,101,,101,101,0,0,0,0,0,0,1,79,20,100,,,
1971,CAL,AL,conigto01,Tony Conigliaro,74,,74,74,0,0,0,0,0,0,0,0,72,72,,,
1971,SDN,NL,coombda01,Danny Coombs,19,,19,19,19,0,0,0,0,0,0,0,0,0,,,
1971,BOS,AL,coopece01,Cecil Cooper,14,,14,14,0,0,11,0,0,0,0,0,0,0,,,
1971,MIN,AL,corbira01,Ray Corbin,52,,52,52,52,0,0,0,0,0,0,0,0,0,,,
1971,SDN,NL,corkimi01,Mike Corkins,8,,8,8,8,0,0,0,0,0,0,0,0,0,,,
1971,CIN,NL,corrapa01,Pat Corrales,40,,40,40,0,39,0,0,0,0,0,0,0,0,,,
1971,CAL,AL,cowanbi01,Billy Cowan,74,,74,74,0,0,5,0,0,0,38,0,2,40,,,
1971,LAN,NL,crawfwi01,Willie Crawford,114,,114,114,0,0,0,0,0,0,63,5,35,97,,,
1971,BAL,AL,crowlte01,Terry Crowley,18,,18,18,0,0,2,0,0,0,1,0,5,6,,,
1971,BAL,AL,cuellmi01,Mike Cuellar,38,,38,38,38,0,0,0,0,0,0,0,0,0,,,
1971,WS2,AL,culleti01,Tim Cullen,125,,125,125,0,0,0,78,0,62,0,0,0,0,,,
1971,HOU,NL,culvege01,George Culver,59,,59,59,59,0,0,0,0,0,0,0,0,0,,,
1971,SFN,NL,cumbejo01,John Cumberland,45,,45,45,45,0,0,0,0,0,0,0,0,0,,,
1971,BOS,AL,curtijo01,John Curtis,5,,5,5,5,0,0,0,0,0,0,0,0,0,,,
1971,KCA,AL,dalcabr01,Bruce Dal Canton,25,,25,25,25,0,0,0,0,0,0,0,0,0,,,
1971,BAL,AL,dalrycl01,Clay Dalrymple,23,,23,23,0,18,0,0,0,0,0,0,0,0,,,
1971,LAN,NL,darwibo01,Bobby Darwin,11,,11,11,0,0,0,0,0,0,0,0,4,4,,,
1971,PIT,NL,davalvi01,Vic Davalillo,99,,99,99,0,0,16,0,0,0,11,20,31,61,,,
1971,BAL,AL,davanje01,Jerry DaVanon,38,,38,38,0,0,1,20,3,11,0,0,0,0,,,
1971,CHN,NL,davisbr02,Brock Davis,106,,106,106,0,0,0,0,0,0,3,85,5,93,,,
1971,OAK,AL,davisto02,Tommy Davis,79,,79,79,0,0,35,3,2,0,16,0,0,16,,,
1971,LAN,NL,daviswi02,Willie Davis,158,,158,158,0,0,0,0,0,0,0,157,0,157,,,
1971,CHN,NL,deckejo01,Joe Decker,22,,22,22,21,0,0,0,0,0,0,0,0,0,,,
1971,MIN,AL,dempsri01,Rick Dempsey,6,,6,6,0,6,0,0,0,0,0,0,0,0,,,
1971,DET,AL,denehbi01,Bill Denehy,31,,31,31,31,0,0,0,0,0,0,0,0,0,,,
1971,ATL,NL,didiebo01,Bob Didier,51,,51,51,0,50,0,0,0,0,0,0,0,0,,,
1971,HOU,NL,dierkla01,Larry Dierker,24,,24,24,24,0,0,0,0,0,0,0,0,0,,,
1971,SFN,NL,dietzdi01,Dick Dietz,142,,142,142,0,135,0,0,0,0,0,0,0,0,,,
1971,OAK,AL,dobsoch01,Chuck Dobson,30,,30,30,30,0,0,0,0,0,0,0,0,0,,,
1971,BAL,AL,dobsopa01,Pat Dobson,38,,38,38,38,0,0,0,0,0,0,0,0,0,,,
1971,LAN,NL,downial01,Al Downing,37,,37,37,37,0,0,0,0,0,0,0,0,0,,,
1971,PHI,NL,doylede01,Denny Doyle,95,,95,95,0,0,0,91,0,0,0,0,0,0,,,
1971,SLN,NL,drabomo01,Moe Drabowsky,51,,51,51,51,0,0,0,0,0,0,0,0,0,,,
1971,KCA,AL,dragodi01,Dick Drago,35,,35,35,35,0,0,0,0,0,0,0,0,0,,,
1971,CIN,NL,duffyfr01,Frank Duffy,13,,13,13,0,0,0,0,0,10,0,0,0,0,,,
1971,SFN,NL,duffyfr01,Frank Duffy,21,,21,21,0,0,0,1,1,6,0,0,0,0,,,
1971,BAL,AL,dukesto01,Tom Dukes,28,,28,28,28,0,0,0,0,0,0,0,0,0,,,
1971,OAK,AL,duncada01,Dave Duncan,103,,103,103,0,102,0,0,0,0,0,0,0,0,,,
1971,CLE,AL,dunnist01,Steve Dunning,32,,32,32,31,0,0,0,0,0,0,0,0,0,,,
1971,HOU,NL,edwarjo01,Johnny Edwards,106,,106,106,0,104,0,0,0,0,0,0,0,0,,,
1971,PIT,NL,ellisdo01,Dock Ellis,44,,44,44,31,0,0,0,0,0,0,0,0,0,,,
1971,NYA,AL,ellisjo01,John Ellis,83,,83,83,0,2,65,0,0,0,0,0,0,0,,,
1971,ML4,AL,ellisro01,Rob Ellis,36,,36,36,0,0,0,0,19,0,1,1,13,15,,,
1971,ML4,AL,ellswdi01,Dick Ellsworth,11,,11,11,11,0,0,0,0,0,0,0,0,0,,,
1971,WS2,AL,epstemi01,Mike Epstein,24,,24,24,0,0,24,0,0,0,0,0,0,0,,,
1971,OAK,AL,epstemi01,Mike Epstein,104,,104,104,0,0,96,0,0,0,0,0,0,0,,,
1971,NYN,NL,estrafr01,Frank Estrada,1,,1,1,0,1,0,0,0,0,0,0,0,0,,,
1971,BAL,AL,etchean01,Andy Etchebarren,70,,70,70,0,70,0,0,0,0,0,0,0,0,,,
1971,ATL,NL,evansda01,Darrell Evans,89,,89,89,0,0,0,0,72,0,3,0,0,3,,,
1971,WS2,AL,faheybi01,Bill Fahey,2,,2,2,0,2,0,0,0,0,0,0,0,0,,,
1971,MON,NL,faireji01,Jim Fairey,92,,92,92,0,0,0,0,0,0,56,2,1,58,,,
1971,MON,NL,fairlro01,Ron Fairly,146,,146,146,0,0,135,0,0,0,10,1,0,10,,,
1971,CHN,NL,fanzoca01,Carmen Fanzone,12,,12,12,0,0,2,0,3,0,5,0,1,6,,,
1971,CLE,AL,farmeed01,Ed Farmer,43,,43,43,43,0,0,0,0,0,0,0,0,0,,,
1971,LAN,NL,fergujo01,Joe Ferguson,36,,36,36,0,35,0,0,0,0,0,0,0,0,,,
1971,WS2,AL,fernafr01,Frank Fernandez,18,,18,18,0,1,0,0,0,0,3,1,2,6,,,
1971,CHN,NL,fernafr01,Frank Fernandez,17,,17,17,0,16,0,0,0,0,0,0,0,0,,,
1971,OAK,AL,fernafr01,Frank Fernandez,4,,4,4,0,3,0,0,0,0,0,0,0,0,,,
1971,CIN,NL,ferraal01,Al Ferrara,32,,32,32,0,0,0,0,0,0,5,0,0,5,,,
1971,SDN,NL,ferraal01,Al Ferrara,17,,17,17,0,0,0,0,0,0,2,0,0,2,,,
1971,OAK,AL,fingero01,Rollie Fingers,48,,48,48,48,0,0,0,0,0,0,0,0,0,,,
1971,BOS,AL,fioremi01,Mike Fiore,51,,51,51,0,0,12,0,0,0,0,0,0,0,,,
1971,CAL,AL,fisheed02,Eddie Fisher,57,,57,57,57,0,0,0,0,0,0,0,0,0,,,
1971,KCA,AL,fitzmal01,Al Fitzmorris,36,,36,36,36,0,0,0,0,0,0,0,0,0,,,
1971,WS2,AL,floodcu01,Curt Flood,13,,13,13,0,0,0,0,0,0,0,10,0,10,,,
1971,KCA,AL,floydbo01,Bobby Floyd,31,,31,31,0,0,0,8,1,15,0,0,0,0,,,
1971,HOU,NL,forscke01,Ken Forsch,33,,33,33,33,0,0,0,0,0,0,0,0,0,,,
1971,CHA,AL,forstte01,Terry Forster,45,,45,45,45,0,0,0,0,0,0,0,0,0,,,
1971,CLE,AL,fossera01,Ray Fosse,133,,133,133,0,126,4,0,0,0,0,0,0,0,,,
1971,CLE,AL,fosteal01,Alan Foster,37,,37,37,36,0,0,0,0,0,0,0,0,0,,,
1971,CIN,NL,fostege01,George Foster,104,,104,104,0,0,0,0,0,0,1,101,1,102,,,
1971,SFN,NL,fostege01,George Foster,36,,36,36,0,0,0,0,0,0,24,0,7,30,,,
1971,ATL,NL,fostele01,Leo Foster,9,,9,9,0,0,0,0,0,3,0,0,0,0,,,
1971,CLE,AL,fostero01,Roy Foster,125,,125,125,0,0,0,0,0,0,46,0,64,107,,,
1971,SDN,NL,frankja02,Jay Franklin,3,,3,3,3,0,0,0,0,0,0,0,0,0,,,
1971,PHI,NL,freedro01,Roger Freed,118,,118,118,0,1,0,0,0,0,7,0,99,106,,,
1971,DET,AL,freehbi01,Bill Freehan,148,,148,148,0,144,0,0,0,0,1,0,0,1,,,
1971,CAL,AL,fregoji01,Jim Fregosi,107,,107,107,0,0,18,0,0,74,7,0,0,7,,,
1971,WS2,AL,frencji01,Jim French,14,,14,14,0,14,0,0,0,0,0,0,0,0,,,
1971,NYN,NL,friseda01,Danny Frisella,53,,53,53,53,0,0,0,0,0,0,0,0,0,,,
1971,PHI,NL,frymawo01,Woodie Fryman,37,,37,37,37,0,0,0,0,0,0,0,0,0,,,
1971,SFN,NL,fuentti01,Tito Fuentes,152,,152,152,0,0,0,152,0,0,0,0,0,0,,,
1971,BOS,AL,gagliph01,Phil Gagliano,47,,47,47,0,0,0,7,4,0,7,0,4,11,,,
1971,SFN,NL,gallaal01,Al Gallagher,136,,136,136,0,0,0,0,128,0,0,0,0,0,,,
1971,PHI,NL,gamblos01,Oscar Gamble,92,,92,92,0,0,0,0,0,0,54,1,26,80,,,
1971,NYA,AL,gardnro01,Rob Gardner,2,,2,2,2,0,0,0,0,0,0,0,0,0,,,
1971,OAK,AL,gardnro01,Rob Gardner,4,,4,4,4,0,0,0,0,0,0,0,0,0,,,
1971,BOS,AL,garmami01,Mike Garman,3,,3,3,3,0,0,0,0,0,0,0,0,0,,,
1971,OAK,AL,garread01,Adrian Garrett,14,,14,14,0,0,0,0,0,0,4,0,1,5,,,
1971,CIN,NL,garregr01,Greg Garrett,2,,2,2,2,0,0,0,0,0,0,0,0,0,,,
1971,NYN,NL,garrewa01,Wayne Garrett,56,,56,56,0,0,0,9,53,0,0,0,0,0,,,
1971,ATL,NL,garrigi01,Gil Garrido,79,,79,79,0,0,0,18,28,32,0,0,0,0,,,
1971,LAN,NL,garvest01,Steve Garvey,81,,81,81,0,0,0,0,79,0,0,0,0,0,,,
1971,SDN,NL,gasparo01,Rod Gaspar,16,,16,16,0,0,0,0,0,0,2,0,0,2,,,
1971,SDN,NL,gastoci01,Cito Gaston,141,,141,141,0,0,0,0,0,0,6,126,1,133,,,
1971,MIN,AL,gebhabo01,Bob Gebhard,17,,17,17,17,0,0,0,0,0,0,0,0,0,,,
1971,ML4,AL,gelnajo01,John Gelnar,2,,2,2,2,0,0,0,0,0,0,0,0,0,,,
1971,NYN,NL,gentrga01,Gary Gentry,32,,32,32,32,0,0,0,0,0,0,0,0,0,,,
1971,HOU,NL,geronce01,Cesar Geronimo,94,,94,94,0,0,0,0,0,0,47,3,15,64,,,
1971,CIN,NL,gibbojo01,Joe Gibbon,50,,50,50,50,0,0,0,0,0,0,0,0,0,,,
1971,NYA,AL,gibbsja01,Jake Gibbs,70,,70,70,0,51,0,0,0,0,0,0,0,0,,,
1971,SLN,NL,gibsobo01,Bob Gibson,31,,31,31,31,0,0,0,0,0,0,0,0,0,,,
1971,SFN,NL,gibsoru01,Russ Gibson,25,,25,25,0,22,0,0,0,0,0,0,0,0,,,
1971,DET,AL,gilbrbi01,Bill Gilbreth,9,,9,9,9,0,0,0,0,0,0,0,0,0,,,
1971,PIT,NL,giustda01,Dave Giusti,58,,58,58,58,0,0,0,0,0,0,0,0,0,,,
1971,HOU,NL,gladdfr01,Fred Gladding,48,,48,48,48,0,0,0,0,0,0,0,0,0,,,
1971,WS2,AL,gogolbi01,Bill Gogolewski,27,,27,27,27,0,0,0,0,0,0,0,0,0,,,
1971,CAL,AL,gonzato01,Tony Gonzalez,111,,111,111,0,0,0,0,0,0,67,18,9,88,,,
1971,SFN,NL,goodsed01,Ed Goodson,20,,20,20,0,0,14,0,0,0,0,0,0,0,,,
1971,MON,NL,gosgeji01,Jim Gosger,51,,51,51,0,0,6,0,0,0,20,6,1,23,,,
1971,LAN,NL,grababi01,Billy Grabarkewitz,44,,44,44,0,0,0,13,10,1,0,0,0,0,,,
1971,CIN,NL,grangwa01,Wayne Granger,70,,70,70,70,0,0,0,0,0,0,0,0,0,,,
1971,OAK,AL,grantmu01,Mudcat Grant,15,,15,15,15,0,0,0,0,0,0,0,0,0,,,
1971,PIT,NL,grantmu01,Mudcat Grant,42,,42,42,42,0,0,0,0,0,0,0,0,0,,,
1971,OAK,AL,greendi01,Dick Green,144,,144,144,0,0,0,143,0,1,0,0,0,0,,,
1971,HOU,NL,greifbi01,Bill Greif,7,,7,7,7,0,0,0,0,0,0,0,0,0,,,
1971,BAL,AL,grichbo01,Bobby Grich,7,,7,7,0,0,0,2,0,5,0,0,0,0,,,
1971,BOS,AL,griffdo01,Doug Griffin,125,,125,125,0,0,0,124,0,0,0,0,0,0,,,
1971,HOU,NL,griffto02,Tom Griffin,10,,10,10,10,0,0,0,0,0,0,0,0,0,,,
1971,CIN,NL,grimsro02,Ross Grimsley,26,,26,26,26,0,0,0,0,0,0,0,0,0,,,
1971,NYN,NL,groteje01,Jerry Grote,125,,125,125,0,122,0,0,0,0,0,0,0,0,,,
1971,WS2,AL,grzenjo01,Joe Grzenda,46,,46,46,46,0,0,0,0,0,0,0,0,0,,,
1971,HOU,NL,guinnsk01,Skip Guinn,4,,4,4,4,0,0,0,0,0,0,0,0,0,,,
1971,CIN,NL,gulledo01,Don Gullett,40,,40,40,35,0,0,0,0,0,0,0,0,0,,,
1971,DET,AL,gutiece01,Cesar Gutierrez,38,,38,38,0,0,0,2,5,14,0,0,0,0,,,
1971,SLN,NL,guzmasa01,Santiago Guzman,2,,2,2,2,0,0,0,0,0,0,0,0,0,,,
1971,MON,NL,hackeri01,Rich Hacker,16,,16,16,0,0,0,0,0,16,0,0,0,0,,,
1971,SLN,NL,haguejo01,Joe Hague,129,,129,129,0,0,91,0,0,0,0,0,36,36,,,
1971,LAN,NL,halleto01,Tom Haller,84,,84,84,0,67,0,0,0,0,0,0,0,0,,,
1971,NYA,AL,hambrro01,Roger Hambright,18,,18,18,18,0,0,0,0,0,0,0,0,0,,,
1971,SFN,NL,hamilst01,Steve Hamilton,39,,39,39,39,0,0,0,0,0,0,0,0,0,,,
1971,CHN,NL,handsbi01,Bill Hands,36,,36,36,36,0,0,0,0,0,0,0,0,0,,,
1971,DET,AL,hannaji01,Jim Hannan,7,,7,7,7,0,0,0,0,0,0,0,0,0,,,
1971,ML4,AL,hannaji01,Jim Hannan,21,,21,21,21,0,0,0,0,0,0,0,0,0,,,
1971,NYA,AL,hansero02,Ron Hansen,61,,61,61,0,0,0,9,30,3,0,0,0,0,,,
1971,NYA,AL,hardiji01,Jim Hardin,12,,12,12,12,0,0,0,0,0,0,0,0,0,,,
1971,BAL,AL,hardiji01,Jim Hardin,6,,6,6,6,0,0,0,0,0,0,0,0,0,,,
1971,CLE,AL,hargast01,Steve Hargan,37,,37,37,37,0,0,0,0,0,0,0,0,0,,,
1971,PHI,NL,harmote01,Terry Harmon,79,,79,79,0,0,2,58,3,9,0,0,0,0,,,
1971,ML4,AL,harpeto01,Tommy Harper,152,,152,152,0,0,0,1,70,0,77,13,2,90,,,
1971,WS2,AL,harrato01,Toby Harrah,127,,127,127,0,0,0,0,7,116,0,0,0,0,,,
1971,NYN,NL,harrebu01,Bud Harrelson,142,,142,142,0,0,0,0,0,140,0,0,0,0,,,
1971,CLE,AL,harreke01,Ken Harrelson,52,,52,52,0,0,40,0,0,0,5,0,2,7,,,
1971,HOU,NL,harribu03,Buddy Harris,20,,20,20,20,0,0,0,0,0,0,0,0,0,,,
1971,KCA,AL,harrich02,Chuck Harrison,49,,49,49,0,0,39,0,0,0,0,0,0,0,,,
1971,CAL,AL,hasslan01,Andy Hassler,6,,6,6,6,0,0,0,0,0,0,0,0,0,,,
1971,MIN,AL,haydeha01,Hal Haydel,31,,31,31,31,0,0,0,0,0,0,0,0,0,,,
1971,SFN,NL,healyfr02,Fran Healy,47,,47,47,0,22,0,0,0,0,0,0,0,0,,,
1971,PIT,NL,hebneri01,Richie Hebner,112,,112,112,0,0,0,0,108,0,0,0,0,0,,,
1971,KCA,AL,hedlumi01,Mike Hedlund,32,,32,32,32,0,0,0,0,0,0,0,0,0,,,
1971,OAK,AL,heganmi01,Mike Hegan,65,,65,65,0,0,47,0,0,0,1,0,1,2,,,
1971,ML4,AL,heganmi01,Mike Hegan,46,,46,46,0,0,45,0,0,0,0,0,0,0,,,
1971,CLE,AL,heideja01,Jack Heidemann,81,,81,81,0,0,0,0,0,81,0,0,0,0,,,
1971,SFN,NL,heisebo01,Bob Heise,13,,13,13,0,0,0,1,2,3,0,0,0,0,,,
1971,ML4,AL,heisebo01,Bob Heise,68,,68,68,0,0,0,3,11,51,1,0,0,1,,,
1971,CIN,NL,helmsto01,Tommy Helms,150,,150,150,0,0,0,149,0,0,0,0,0,0,,,
1971,SFN,NL,hendeke01,Ken Henderson,141,,141,141,0,0,1,0,0,0,109,14,26,138,,,
1971,BAL,AL,hendrel01,Elrod Hendricks,101,,101,101,0,90,3,0,0,0,0,0,0,0,,,
1971,OAK,AL,hendrge01,George Hendrick,42,,42,42,0,0,0,0,0,0,18,16,10,36,,,
1971,CLE,AL,henniph01,Phil Hennigan,57,,57,57,57,0,0,0,0,0,0,0,0,0,,,
1971,ATL,NL,herbero01,Ron Herbel,25,,25,25,25,0,0,0,0,0,0,0,0,0,,,
1971,SDN,NL,hernaen01,Enzo Hernandez,143,,143,143,0,0,0,0,0,143,0,0,0,0,,,
1971,PIT,NL,hernaja01,Jackie Hernandez,88,,88,88,0,0,0,0,9,75,0,0,0,0,,,
1971,PIT,NL,hernara01,Ramon Hernandez,10,,10,10,10,0,0,0,0,0,0,0,0,0,,,
1971,CHA,AL,herrmed01,Ed Herrmann,101,,101,101,0,97,0,0,0,0,0,0,0,0,,,
1971,CHA,AL,hershmi01,Mike Hershberger,74,,74,74,0,0,0,0,0,0,0,58,2,59,,,
1971,HOU,NL,hiattja01,Jack Hiatt,69,,69,69,0,65,1,0,0,0,0,0,0,0,,,
1971,CHN,NL,hickmji02,Jim Hickman,117,,117,117,0,0,44,0,0,0,1,3,66,69,,,
1971,SLN,NL,higgide01,Dennis Higgins,3,,3,3,3,0,0,0,0,0,0,0,0,0,,,
1971,CLE,AL,hintoch01,Chuck Hinton,88,,88,88,0,5,20,0,0,0,15,0,5,20,,,
1971,CHA,AL,hintori01,Rich Hinton,18,,18,18,18,0,0,0,0,0,0,0,0,0,,,
1971,CHN,NL,hiserge01,Gene Hiser,17,,17,17,0,0,0,0,0,0,0,4,5,9,,,
1971,PHI,NL,hislela01,Larry Hisle,36,,36,36,0,0,0,0,0,0,19,8,0,27,,,
1971,CLE,AL,hodgego01,Gomer Hodge,80,,80,80,0,0,3,2,3,0,0,0,0,0,,,
1971,PHI,NL,hoernjo01,Joe Hoerner,49,,49,49,49,0,0,0,0,0,0,0,0,0,,,
1971,CHN,NL,holtzke01,Ken Holtzman,30,,30,30,30,0,0,0,0,0,0,0,0,0,,,
1971,CHN,NL,hootobu01,Burt Hooton,3,,3,3,3,0,0,0,0,0,0,0,0,0,,,
1971,KCA,AL,hopkiga01,Gail Hopkins,103,,103,103,0,0,83,0,0,0,0,0,0,0,,,
1971,CHA,AL,horlejo01,Joe Horlen,36,,36,36,34,0,0,0,0,0,0,0,0,0,,,
1971,DET,AL,hortowi01,Willie Horton,119,,119,119,0,0,0,0,0,0,106,0,29,118,,,
1971,DET,AL,hosleti01,Tim Hosley,7,,7,7,0,4,1,0,0,0,0,0,0,0,,,
1971,CHA,AL,hottmke01,Ken Hottman,6,,6,6,0,0,0,0,0,0,5,0,0,5,,,
1971,LAN,NL,houghch01,Charlie Hough,4,,4,4,4,0,0,0,0,0,0,0,0,0,,,
1971,ATL,NL,houseto01,Tom House,11,,11,11,11,0,0,0,0,0,0,0,0,0,,,
1971,OAK,AL,hovlest01,Steve Hovley,24,,24,24,0,0,0,0,0,0,4,3,4,11,,,
1971,WS2,AL,howarfr01,Frank Howard,153,,153,153,0,0,68,0,0,0,95,0,5,100,,,
1971,SFN,NL,howarji01,Jim Howarth,7,,7,7,0,0,0,0,0,0,2,1,3,6,,,
1971,HOU,NL,howarla01,Larry Howard,24,,24,24,0,22,0,0,0,0,0,0,0,0,,,
1971,SLN,NL,hraboal01,Al Hrabosky,1,,1,1,1,0,0,0,0,0,0,0,0,0,,,
1971,MON,NL,humphte01,Terry Humphrey,9,,9,9,0,9,0,0,0,0,0,0,0,0,,,
1971,CHN,NL,hundlra01,Randy Hundley,9,,9,9,0,8,0,0,0,0,0,0,0,0,,,
1971,BOS,AL,huntebu01,Buddy Hunter,8,,8,8,0,0,0,6,0,0,0,0,0,0,,,
1971,OAK,AL,hunteca01,Catfish Hunter,38,,38,38,37,0,0,0,0,0,0,0,0,0,,,
1971,CHA,AL,huntzst01,Steve Huntz,35,,35,35,0,0,0,14,6,7,0,0,0,0,,,
1971,BAL,AL,jacksgr01,Grant Jackson,29,,29,29,29,0,0,0,0,0,0,0,0,0,,,
1971,SLN,NL,jacksmi01,Mike Jackson,1,,1,1,1,0,0,0,0,0,0,0,0,0,,,
1971,OAK,AL,jacksre01,Reggie Jackson,150,,150,150,0,0,0,0,0,0,0,3,145,145,,,
1971,ATL,NL,jacksso01,Sonny Jackson,149,,149,149,0,0,0,0,0,0,0,145,0,145,,,
1971,CHA,AL,jacqupa01,Pat Jacquez,2,,2,2,2,0,0,0,0,0,0,0,0,0,,,
1971,CHN,NL,jamescl01,Cleo James,54,,54,54,0,0,0,0,2,0,1,35,14,48,,,
1971,WS2,AL,janesje01,Gerry Janeski,23,,23,23,23,0,0,0,0,0,0,0,0,0,,,
1971,ATL,NL,jarvipa01,Pat Jarvis,35,,35,35,35,0,0,0,0,0,0,0,0,0,,,
1971,SLN,NL,javieju01,Julian Javier,90,,90,90,0,0,0,80,1,0,0,0,0,0,,,
1971,CHN,NL,jenkife01,Fergie Jenkins,39,,39,39,39,0,0,0,0,0,0,0,0,0,,,
1971,SDN,NL,jestaga01,Garry Jestadt,75,,75,75,0,0,0,23,49,1,0,0,0,0,,,
1971,CHN,NL,jestaga01,Garry Jestadt,3,,3,3,0,0,0,0,1,0,0,0,0,0,,,
1971,SDN,NL,jeterjo01,Johnny Jeter,18,,18,18,0,0,0,0,0,0,0,17,0,17,,,
1971,CAL,AL,johnsal01,Alex Johnson,65,,65,65,0,0,0,0,0,0,61,0,0,61,,,
1971,CHA,AL,johnsba01,Bart Johnson,53,,53,53,53,0,0,0,0,0,0,0,0,0,,,
1971,PIT,NL,johnsbo03,Bob Johnson,31,,31,31,31,0,0,0,0,0,0,0,0,0,,,
1971,BAL,AL,johnsda02,Davey Johnson,142,,142,142,0,0,0,140,0,0,0,0,0,0,,,
1971,PHI,NL,johnsde01,Deron Johnson,158,,158,158,0,0,136,0,22,0,0,0,0,0,,,
1971,SFN,NL,johnsfr03,Frank Johnson,32,,32,32,0,0,9,0,0,0,3,0,1,4,,,
1971,CHA,AL,johnsja01,Jay Johnstone,124,,124,124,0,0,0,0,0,0,11,92,23,119,,,
1971,SFN,NL,johnsje01,Jerry Johnson,67,,67,67,67,0,0,0,0,0,0,0,0,0,,,
1971,NYN,NL,jonescl01,Cleon Jones,136,,136,136,0,0,0,0,0,0,132,1,0,132,,,
1971,DET,AL,jonesda03,Dalton Jones,83,,83,83,0,0,3,1,13,0,10,0,8,16,,,
1971,NYA,AL,jonesga01,Gary Jones,12,,12,12,12,0,0,0,0,0,0,0,0,0,,,
1971,MON,NL,jonesma01,Mack Jones,43,,43,43,0,0,0,0,0,0,27,0,0,27,,,
1971,NYN,NL,jorgemi01,Mike Jorgensen,45,,45,45,0,0,1,0,0,0,4,25,4,31,,,
1971,BOS,AL,josepdu01,Duane Josephson,91,,91,91,0,87,0,0,0,0,0,0,0,0,,,
1971,LAN,NL,joshuvo01,Von Joshua,11,,11,11,0,0,0,0,0,0,4,1,0,5,,,
1971,CLE,AL,kaisebo01,Bob Kaiser,5,,5,5,5,0,0,0,0,0,0,0,0,0,,,
1971,DET,AL,kalinal01,Al Kaline,133,,133,133,0,0,5,0,0,0,0,3,128,129,,,
1971,CHA,AL,kealest01,Steve Kealey,54,,54,54,54,0,0,0,0,0,0,0,0,0,,,
1971,NYA,AL,kekicmi01,Mike Kekich,37,,37,37,37,0,0,0,0,0,0,0,0,0,,,
1971,SDN,NL,kelledi01,Dick Kelley,48,,48,48,48,0,0,0,0,0,0,0,0,0,,,
1971,ATL,NL,kelleto01,Tom Kelley,28,,28,28,28,0,0,0,0,0,0,0,0,0,,,
1971,CHA,AL,kellypa01,Pat Kelly,67,,67,67,0,0,0,0,0,0,0,1,61,61,,,
1971,SDN,NL,kendafr01,Fred Kendall,49,,49,49,0,39,1,0,1,0,0,0,0,0,,,
1971,NYA,AL,kenneje01,Jerry Kenney,120,,120,120,0,0,1,0,109,5,0,0,0,0,,,
1971,BOS,AL,kennejo03,John Kennedy,74,,74,74,0,0,0,37,5,33,0,0,0,0,,,
1971,KCA,AL,keougjo01,Joe Keough,110,,110,110,0,0,0,0,0,0,1,7,93,100,,,
1971,CHN,NL,kessido01,Don Kessinger,155,,155,155,0,0,0,0,0,154,0,0,0,0,,,
1971,DET,AL,kilkemi01,Mike Kilkenny,30,,30,30,30,0,0,0,0,0,0,0,0,0,,,
1971,MIN,AL,killeha01,Harmon Killebrew,147,,147,147,0,0,90,0,64,0,0,0,0,0,,,
1971,SFN,NL,kingmda01,Dave Kingman,41,,41,41,0,0,20,0,0,0,7,0,7,14,,,
1971,SDN,NL,kirbycl01,Clay Kirby,40,,40,40,38,0,0,0,0,0,0,0,0,0,,,
1971,KCA,AL,kirkped01,Ed Kirkpatrick,120,,120,120,0,59,0,0,0,0,30,16,18,61,,,
1971,PIT,NL,kisonbr01,Bruce Kison,18,,18,18,18,0,0,0,0,0,0,0,0,0,,,
1971,OAK,AL,klimkro01,Ron Klimkowski,26,,26,26,26,0,0,0,0,0,0,0,0,0,,,
1971,NYA,AL,klinest01,Steve Kline,31,,31,31,31,0,0,0,0,0,0,0,0,0,,,
1971,KCA,AL,knoopbo01,Bobby Knoop,72,,72,72,0,0,0,52,1,0,0,0,0,0,,,
1971,OAK,AL,knowlda01,Darold Knowles,43,,43,43,43,0,0,0,0,0,0,0,0,0,,,
1971,WS2,AL,knowlda01,Darold Knowles,12,,12,12,12,0,0,0,0,0,0,0,0,0,,,
1971,ML4,AL,koegepe01,Pete Koegel,2,,2,2,0,0,1,0,0,0,0,0,0,0,,,
1971,PHI,NL,koegepe01,Pete Koegel,12,,12,12,0,7,0,0,0,0,1,0,0,1,,,
1971,BOS,AL,kooncca01,Cal Koonce,13,,13,13,13,0,0,0,0,0,0,0,0,0,,,
1971,NYN,NL,koosmje01,Jerry Koosman,26,,26,26,26,0,0,0,0,0,0,0,0,0,,,
1971,ML4,AL,koscoan01,Andy Kosco,98,,98,98,0,0,29,0,12,0,26,0,19,45,,,
1971,NYN,NL,kraneed01,Ed Kranepool,122,,122,122,0,0,108,0,0,0,6,0,5,11,,,
1971,ML4,AL,krausle02,Lew Krausse,43,,43,43,43,0,0,0,0,0,0,0,0,0,,,
1971,ML4,AL,kubiate01,Ted Kubiak,89,,89,89,0,0,0,48,0,39,0,0,0,0,,,
1971,SLN,NL,kubiate01,Ted Kubiak,32,,32,32,0,0,0,14,0,17,0,0,0,0,,,
1971,CAL,AL,kusnyar01,Art Kusnyer,6,,6,6,0,6,0,0,0,0,0,0,0,0,,,
1971,MON,NL,laboyco01,Coco Laboy,76,,76,76,0,0,0,2,65,0,0,0,0,0,,,
1971,OAK,AL,lachema01,Marcel Lachemann,1,,1,1,1,0,0,0,0,0,0,0,0,0,,,
1971,BOS,AL,lahoujo01,Joe Lahoud,107,,107,107,0,0,0,0,0,0,7,0,63,69,,,
1971,DET,AL,lamonge01,Gene Lamont,7,,7,7,0,7,0,0,0,0,0,0,0,0,,,
1971,SFN,NL,lanieha01,Hal Lanier,109,,109,109,0,0,3,13,83,8,0,0,0,0,,,
1971,PIT,NL,lanieri01,Rimp Lanier,6,,6,6,0,0,0,0,0,0,0,0,0,0,,,
1971,CAL,AL,larocda01,Dave LaRoche,56,,56,56,56,0,0,0,0,0,0,0,0,0,,,
1971,OAK,AL,larusto01,Tony LaRussa,23,,23,23,0,0,0,7,2,4,0,0,0,0,,,
1971,ATL,NL,larusto01,Tony LaRussa,9,,9,9,0,0,0,9,0,0,0,0,0,0,,,
1971,CAL,AL,lashefr01,Fred Lasher,2,,2,2,2,0,0,0,0,0,0,0,0,0,,,
1971,SDN,NL,laxtobi01,Bill Laxton,18,,18,18,18,0,0,0,0,0,0,0,0,0,,,
1971,LAN,NL,lefebji01,Jim Lefebvre,119,,119,119,0,0,0,102,7,0,0,0,0,0,,,
1971,HOU,NL,lemasde01,Denny Lemaster,42,,42,42,42,0,0,0,0,0,0,0,0,0,,,
1971,BAL,AL,leonhda01,Dave Leonhard,13,,13,13,12,0,0,0,0,0,0,0,0,0,,,
1971,PHI,NL,lerscba01,Barry Lersch,44,,44,44,38,0,0,0,0,0,0,0,0,0,,,
1971,WS2,AL,lindbpa01,Paul Lindblad,43,,43,43,43,0,0,0,0,0,0,0,0,0,,,
1971,OAK,AL,lindbpa01,Paul Lindblad,8,,8,8,8,0,0,0,0,0,0,0,0,0,,,
1971,SLN,NL,linzyfr01,Frank Linzy,50,,50,50,50,0,0,0,0,0,0,0,0,0,,,
1971,OAK,AL,lockebo02,Bob Locker,47,,47,47,47,0,0,0,0,0,0,0,0,0,,,
1971,ML4,AL,lockwsk01,Skip Lockwood,36,,36,36,33,0,0,0,0,0,0,0,0,0,,,
1971,DET,AL,lolicmi01,Mickey Lolich,45,,45,45,45,0,0,0,0,0,0,0,0,0,,,
1971,CHA,AL,lolicro01,Ron Lolich,2,,2,2,0,0,0,0,0,0,0,0,2,2,,,
1971,BOS,AL,lonboji01,Jim Lonborg,27,,27,27,27,0,0,0,0,0,0,0,0,0,,,
1971,ML4,AL,lopezma01,Marcelino Lopez,34,,34,34,31,0,0,0,0,0,0,0,0,0,,,
1971,CLE,AL,lowenjo01,John Lowenstein,58,,58,58,0,0,0,29,0,3,7,5,8,18,,,
1971,MIN,AL,luebbst01,Steve Luebber,19,,19,19,18,0,0,0,0,0,0,0,0,0,,,
1971,PHI,NL,luzingr01,Greg Luzinski,28,,28,28,0,0,28,0,0,0,0,0,0,0,,,
1971,NYA,AL,lyttlji01,Jim Lyttle,49,,49,49,0,0,0,0,0,0,3,6,20,29,,,
1971,CLE,AL,machech01,Chuck Machemehl,14,,14,14,14,0,0,0,0,0,0,0,0,0,,,
1971,WS2,AL,maddoel01,Elliott Maddox,128,,128,128,0,0,0,0,12,0,12,84,10,103,,,
1971,CHA,AL,magnuji01,Jim Magnuson,15,,15,15,15,0,0,0,0,0,0,0,0,0,,,
1971,CAL,AL,malonji01,Jim Maloney,13,,13,13,13,0,0,0,0,0,0,0,0,0,,,
1971,OAK,AL,manguan01,Angel Mangual,94,,94,94,0,0,0,0,0,0,17,57,9,81,,,
1971,MIN,AL,manuech01,Charlie Manuel,18,,18,18,0,0,0,0,0,0,0,0,1,1,,,
1971,SFN,NL,maricju01,Juan Marichal,37,,37,37,37,0,0,0,0,0,0,0,0,0,,,
1971,NYN,NL,marshda01,Dave Marshall,100,,100,100,0,0,0,0,0,0,25,0,39,64,,,
1971,MON,NL,marshmi01,Mike Marshall,66,,66,66,66,0,0,0,0,0,0,0,0,0,,,
1971,KCA,AL,martibu01,Buck Martinez,22,,22,22,0,21,0,0,0,0,0,0,0,0,,,
1971,CHN,NL,martijc01,J. C. Martin,47,,47,47,0,43,0,0,0,0,1,0,0,1,,,
1971,HOU,NL,martima01,Marty Martinez,32,,32,32,0,0,4,9,3,7,0,0,0,0,,,
1971,NYN,NL,martite01,Ted Martinez,38,,38,38,0,0,0,13,3,23,1,0,0,1,,,
1971,MON,NL,mashocl01,Clyde Mashore,66,,66,66,0,0,0,0,1,0,19,29,5,47,,,
1971,SDN,NL,masondo01,Don Mason,113,,113,113,0,0,0,90,3,0,0,0,0,0,,,
1971,WS2,AL,masonji01,Jim Mason,3,,3,3,0,0,0,0,0,3,0,0,0,0,,,
1971,ML4,AL,matchto01,Tommy Matchick,42,,42,42,0,0,0,1,41,0,0,0,0,0,,,
1971,NYN,NL,matlajo01,Jon Matlack,7,,7,7,7,0,0,0,0,0,0,0,0,0,,,
1971,SLN,NL,maxvida01,Dal Maxvill,142,,142,142,0,0,0,0,0,140,0,0,0,0,,,
1971,HOU,NL,maybejo01,John Mayberry,46,,46,46,0,0,37,0,0,0,0,0,0,0,,,
1971,PIT,NL,mazerbi01,Bill Mazeroski,70,,70,70,0,0,0,46,7,0,0,0,0,0,,,
1971,MON,NL,mcanaer01,Ernie McAnally,31,,31,31,31,0,0,0,0,0,0,0,0,0,,,
1971,NYN,NL,mcandji01,Jim McAndrew,24,,24,24,24,0,0,0,0,0,0,0,0,0,,,
1971,DET,AL,mcauldi01,Dick McAuliffe,128,,128,128,0,0,0,123,0,7,0,0,0,0,,,
1971,PHI,NL,mccarti01,Tim McCarver,134,,134,134,0,125,0,0,0,0,0,0,0,0,,,
1971,KCA,AL,mccormi03,Mike McCormick,4,,4,4,4,0,0,0,0,0,0,0,0,0,,,
1971,SFN,NL,mccovwi01,Willie McCovey,105,,105,105,0,0,95,0,0,0,0,0,0,0,,,
1971,WS2,AL,mccrato01,Tommy McCraw,122,,122,122,0,0,30,0,0,0,26,1,37,60,,,
1971,NYA,AL,mcdanli01,Lindy McDaniel,44,,44,44,44,0,0,0,0,0,0,0,0,0,,,
1971,MON,NL,mcdonda01,Dave McDonald,24,,24,24,0,0,8,0,0,0,1,0,0,1,,,
1971,CLE,AL,mcdowsa01,Sam McDowell,35,,35,35,35,0,0,0,0,0,0,0,0,0,,,
1971,MON,NL,mcginda01,Dan McGinn,28,,28,28,28,0,0,0,0,0,0,0,0,0,,,
1971,CIN,NL,mcgloji01,Jim McGlothlin,30,,30,30,30,0,0,0,0,0,0,0,0,0,,,
1971,NYN,NL,mcgratu01,Tug McGraw,51,,51,51,51,0,0,0,0,0,0,0,0,0,,,
1971,CHA,AL,mckinri01,Rich McKinney,114,,114,114,0,0,0,67,5,0,0,0,25,25,,,
1971,WS2,AL,mclaide01,Denny McLain,33,,33,33,33,0,0,0,0,0,0,0,0,0,,,
1971,SFN,NL,mcmahdo02,Don McMahon,61,,61,61,61,0,0,0,0,0,0,0,0,0,,,
1971,CAL,AL,mcmulke01,Ken McMullen,160,,160,160,0,0,0,0,158,0,0,0,0,0,,,
1971,BAL,AL,mcnalda01,Dave McNally,30,,30,30,30,0,0,0,0,0,0,0,0,0,,,
1971,SLN,NL,mcnerje01,Jerry McNertney,56,,56,56,0,36,0,0,0,0,0,0,0,0,,,
1971,ATL,NL,mcquemi01,Mike McQueen,17,,17,17,17,0,0,0,0,0,0,0,0,0,,,
1971,CIN,NL,mcraeha01,Hal McRae,99,,99,99,0,0,0,0,0,0,66,28,0,91,,,
1971,SLN,NL,melenlu01,Luis Melendez,88,,88,88,0,0,0,0,0,0,4,20,45,66,,,
1971,CHA,AL,meltobi01,Bill Melton,150,,150,150,0,0,0,0,148,0,0,0,0,0,,,
1971,HOU,NL,menkede01,Denis Menke,146,,146,146,0,0,101,5,32,17,0,0,0,0,,,
1971,CAL,AL,meoliru01,Rudy Meoli,7,,7,7,0,0,0,0,0,0,0,0,0,0,,,
1971,CIN,NL,merriji01,Jim Merritt,29,,29,29,28,0,0,0,0,0,0,0,0,0,,,
1971,CAL,AL,messean01,Andy Messersmith,39,,39,39,38,0,0,0,0,0,0,0,0,0,,,
1971,HOU,NL,metzgro01,Roger Metzger,150,,150,150,0,0,0,0,0,148,0,0,0,0,,,
1971,NYA,AL,michage01,Gene Michael,139,,139,139,0,0,0,0,0,136,0,0,0,0,,,
1971,LAN,NL,mikkepe01,Pete Mikkelsen,41,,41,41,41,0,0,0,0,0,0,0,0,0,,,
1971,ATL,NL,millafe01,Felix Millan,143,,143,143,0,0,0,141,0,0,0,0,0,0,,,
1971,SDN,NL,millebo04,Bob Miller,38,,38,38,38,0,0,0,0,0,0,0,0,0,,,
1971,CHN,NL,millebo04,Bob Miller,2,,2,2,2,0,0,0,0,0,0,0,0,0,,,
1971,PIT,NL,millebo04,Bob Miller,16,,16,16,16,0,0,0,0,0,0,0,0,0,,,
1971,HOU,NL,milleno01,Norm Miller,45,,45,45,0,1,0,0,0,0,0,6,15,20,,,
1971,BOS,AL,milleri01,Rick Miller,15,,15,15,0,0,0,0,0,0,4,4,6,14,,,
1971,NYN,NL,milnejo01,John Milner,9,,9,9,0,0,0,0,0,0,3,0,0,3,,,
1971,OAK,AL,minchdo01,Don Mincher,28,,28,28,0,0,27,0,0,0,0,0,0,0,,,
1971,WS2,AL,minchdo01,Don Mincher,100,,100,100,0,0,88,0,0,0,0,0,0,0,,,
1971,CLE,AL,mingost01,Steve Mingori,54,,54,54,54,0,0,0,0,0,0,0,0,0,,,
1971,ML4,AL,mitchbo02,Bobby Mitchell,35,,35,35,0,0,0,0,0,0,2,7,10,19,,,
1971,MIN,AL,mittege01,George Mitterwald,125,,125,125,0,120,0,0,0,0,0,0,0,0,,,
1971,LAN,NL,moelljo01,Joe Moeller,28,,28,28,28,0,0,0,0,0,0,0,0,0,,,
1971,OAK,AL,mondari01,Rick Monday,116,,116,116,0,0,0,0,0,0,0,111,0,111,,,
1971,PHI,NL,moneydo01,Don Money,121,,121,121,0,0,0,20,68,0,40,0,0,40,,,
1971,PHI,NL,montawi01,Willie Montanez,158,,158,158,0,0,9,0,0,0,0,137,24,158,,,
1971,BOS,AL,montgbo01,Bob Montgomery,67,,67,67,0,66,0,0,0,0,0,0,0,0,,,
1971,KCA,AL,montgmo01,Monty Montgomery,3,,3,3,3,0,0,0,0,0,0,0,0,0,,,
1971,PIT,NL,moosebo01,Bob Moose,30,,30,30,30,0,0,0,0,0,0,0,0,0,,,
1971,SDN,NL,moralje01,Jerry Morales,12,,12,12,0,0,0,0,0,0,4,1,2,7,,,
1971,CHA,AL,moralri01,Rich Morales,84,,84,84,0,0,0,3,18,57,0,0,1,1,,,
1971,BOS,AL,moretro01,Roger Moret,13,,13,13,13,0,0,0,0,0,0,0,0,0,,,
1971,HOU,NL,morgajo02,Joe Morgan,160,,160,160,0,0,0,157,0,0,0,0,0,0,,,
1971,ML4,AL,morrijo06,John Morris,43,,43,43,43,0,0,0,0,0,0,0,0,0,,,
1971,MON,NL,mortoca01,Carl Morton,36,,36,36,36,0,0,0,0,0,0,0,0,0,,,
1971,CAL,AL,mosesje01,Jerry Moses,69,,69,69,0,63,0,0,0,0,0,0,1,1,,,
1971,BAL,AL,mottocu01,Curt Motton,38,,38,38,0,0,0,0,0,0,12,0,5,16,,,
1971,PHI,NL,munizma01,Manny Muniz,5,,5,5,5,0,0,0,0,0,0,0,0,0,,,
1971,NYA,AL,munsoth01,Thurman Munson,125,,125,125,0,117,0,0,0,0,0,0,1,1,,,
1971,NYA,AL,murcebo01,Bobby Murcer,146,,146,146,0,0,0,0,0,0,0,143,0,143,,,
1971,CAL,AL,murphto02,Tom Murphy,37,,37,37,37,0,0,0,0,0,0,0,0,0,,,
1971,SDN,NL,murreiv01,Ivan Murrell,103,,103,103,0,0,0,0,0,0,55,16,2,72,,,
1971,CHA,AL,muserto01,Tony Muser,11,,11,11,0,0,4,0,0,0,0,0,0,0,,,
1971,ATL,NL,neibaga01,Gary Neibauer,6,,6,6,6,0,0,0,0,0,0,0,0,0,,,
1971,WS2,AL,nelsoda01,Dave Nelson,85,,85,85,0,0,0,1,84,0,0,0,0,0,,,
1971,PIT,NL,nelsoji01,Jim Nelson,17,,17,17,17,0,0,0,0,0,0,0,0,0,,,
1971,KCA,AL,nelsoro02,Roger Nelson,13,,13,13,13,0,0,0,0,0,0,0,0,0,,,
1971,CLE,AL,nettlgr01,Graig Nettles,158,,158,158,0,0,0,0,158,0,0,0,0,0,,,
1971,MIN,AL,nettlji01,Jim Nettles,70,,70,70,0,0,0,0,0,0,2,57,3,62,,,
1971,CHN,NL,newmara01,Ray Newman,30,,30,30,30,0,0,0,0,0,0,0,0,0,,,
1971,DET,AL,niekrjo01,Joe Niekro,32,,32,32,31,0,0,0,0,0,0,0,0,0,,,
1971,ATL,NL,niekrph01,Phil Niekro,42,,42,42,42,0,0,0,0,0,0,0,0,0,,,
1971,CIN,NL,nolanga01,Gary Nolan,35,,35,35,35,0,0,0,0,0,0,0,0,0,,,
1971,SLN,NL,normafr01,Fred Norman,4,,4,4,4,0,0,0,0,0,0,0,0,0,,,
1971,SDN,NL,normafr01,Fred Norman,25,,25,25,20,0,0,0,0,0,0,0,0,0,,,
1971,CHN,NL,northbi01,Bill North,8,,8,8,0,0,0,0,0,0,1,0,5,6,,,
1971,DET,AL,northji01,Jim Northrup,136,,136,136,0,0,32,0,0,0,42,68,39,108,,,
1971,LAN,NL,obriebo01,Bob O'Brien,14,,14,14,14,0,0,0,0,0,0,0,0,0,,,
1971,CAL,AL,obriesy01,Syd O'Brien,90,,90,90,0,0,1,7,6,52,0,0,1,1,,,
1971,MON,NL,odonojo01,John O'Donoghue,13,,13,13,13,0,0,0,0,0,0,0,0,0,,,
1971,BOS,AL,oglivbe01,Ben Oglivie,14,,14,14,0,0,0,0,0,0,10,0,1,11,,,
1971,MIN,AL,olivato01,Tony Oliva,126,,126,126,0,0,0,0,0,0,0,0,121,121,,,
1971,PIT,NL,oliveal01,Al Oliver,143,,143,143,0,0,25,0,0,0,0,116,0,116,,,
1971,KCA,AL,olivebo01,Bob Oliver,128,,128,128,0,0,68,0,2,0,1,0,47,48,,,
1971,CHN,NL,ortizjo01,Jose Ortiz,36,,36,36,0,0,0,0,0,0,0,29,1,30,,,
1971,LAN,NL,osteecl01,Claude Osteen,39,,39,39,38,0,0,0,0,0,0,0,0,0,,,
1971,CHA,AL,otoolde01,Denny O'Toole,1,,1,1,1,0,0,0,0,0,0,0,0,0,,,
1971,LAN,NL,pacioto01,Tom Paciorek,2,,2,2,0,0,0,0,0,0,1,0,0,1,,,
1971,KCA,AL,paepkde01,Dennis Paepke,60,,60,60,0,32,0,0,0,0,1,0,16,17,,,
1971,PIT,NL,paganjo01,Jose Pagan,57,,57,57,0,0,2,0,41,0,3,0,0,3,,,
1971,BAL,AL,palmeji01,Jim Palmer,38,,38,38,37,0,0,0,0,0,0,0,0,0,,,
1971,PHI,NL,palmelo01,Lowell Palmer,3,,3,3,3,0,0,0,0,0,0,0,0,0,,,
1971,OAK,AL,panthji01,Jim Panther,4,,4,4,4,0,0,0,0,0,0,0,0,0,,,
1971,CHN,NL,pappami01,Milt Pappas,35,,35,35,35,0,0,0,0,0,0,0,0,0,,,
1971,CAL,AL,parkebi01,Billy Parker,20,,20,20,0,0,0,20,0,0,0,0,0,0,,,
1971,SLN,NL,parkeha01,Harry Parker,4,,4,4,4,0,0,0,0,0,0,0,0,0,,,
1971,LAN,NL,parkewe01,Wes Parker,157,,157,157,0,0,148,0,0,0,1,0,18,18,,,
1971,ML4,AL,parsobi01,Bill Parsons,36,,36,36,36,0,0,0,0,0,0,0,0,0,,,
1971,CLE,AL,pascuca02,Camilo Pascual,9,,9,9,9,0,0,0,0,0,0,0,0,0,,,
1971,KCA,AL,patekfr01,Freddie Patek,147,,147,147,0,0,0,0,0,147,0,0,0,0,,,
1971,DET,AL,patteda02,Daryl Patterson,12,,12,12,12,0,0,0,0,0,0,0,0,0,,,
1971,OAK,AL,patteda02,Daryl Patterson,4,,4,4,4,0,0,0,0,0,0,0,0,0,,,
1971,SLN,NL,patteda02,Daryl Patterson,13,,13,13,13,0,0,0,0,0,0,0,0,0,,,
1971,ML4,AL,pattima01,Marty Pattin,36,,36,36,36,0,0,0,0,0,0,0,0,0,,,
1971,BOS,AL,pavledo01,Don Pavletich,14,,14,14,0,8,0,0,0,0,0,0,0,0,,,
1971,CHN,NL,pepitjo01,Joe Pepitone,115,,115,115,0,0,95,0,0,0,1,22,0,23,,,
1971,ATL,NL,perezma01,Marty Perez,130,,130,130,0,0,0,1,0,126,0,0,0,0,,,
1971,CIN,NL,perezto01,Tony Perez,158,,158,158,0,0,44,0,148,0,0,0,0,0,,,
1971,DET,AL,perraro01,Ron Perranoski,11,,11,11,11,0,0,0,0,0,0,0,0,0,,,
1971,MIN,AL,perraro01,Ron Perranoski,36,,36,36,36,0,0,0,0,0,0,0,0,0,,,
1971,SFN,NL,perryga01,Gaylord Perry,38,,38,38,37,0,0,0,0,0,0,0,0,0,,,
1971,MIN,AL,perryji01,Jim Perry,40,,40,40,40,0,0,0,0,0,0,0,0,0,,,
1971,CHA,AL,perzast01,Stan Perzanowski,5,,5,5,5,0,0,0,0,0,0,0,0,0,,,
1971,NYA,AL,peterfr01,Fritz Peterson,37,,37,37,37,0,0,0,0,0,0,0,0,0,,,
1971,BOS,AL,peterga01,Gary Peters,53,,53,53,34,0,0,0,0,0,0,0,0,0,,,
1971,BOS,AL,petrori01,Rico Petrocelli,158,,158,158,0,0,0,0,156,0,0,0,0,0,,,
1971,PHI,NL,pfeilbo01,Bobby Pfeil,44,,44,44,0,4,1,1,15,1,2,0,1,3,,,
1971,SDN,NL,phoebto01,Tom Phoebus,29,,29,29,29,0,0,0,0,0,0,0,0,0,,,
1971,KCA,AL,pinielo01,Lou Piniella,126,,126,126,0,0,0,0,0,0,115,0,0,115,,,
1971,CLE,AL,pinsova01,Vada Pinson,146,,146,146,0,0,3,0,0,0,9,100,39,141,,,
1971,CHN,NL,pizarju01,Juan Pizarro,16,,16,16,16,0,0,0,0,0,0,0,0,0,,,
1971,CIN,NL,plummbi01,Bill Plummer,10,,10,10,0,4,0,0,2,0,0,0,0,0,,,
1971,CHN,NL,popovpa01,Paul Popovich,89,,89,89,0,0,0,40,16,1,0,0,0,0,,,
1971,ML4,AL,porteda02,Darrell Porter,22,,22,22,0,22,0,0,0,0,0,0,0,0,,,
1971,BAL,AL,powelbo01,Boog Powell,128,,128,128,0,0,124,0,0,0,0,0,0,0,,,
1971,MIN,AL,powelpa01,Paul Powell,20,,20,20,0,0,0,0,0,0,0,15,0,15,,,
1971,DET,AL,priceji01,Jim Price,29,,29,29,0,25,0,0,0,0,0,0,0,0,,,
1971,ATL,NL,priddbo01,Bob Priddy,40,,40,40,40,0,0,0,0,0,0,0,0,0,,,
1971,CAL,AL,queenme02,Mel Queen,45,,45,45,44,0,0,0,0,0,0,0,0,0,,,
1971,SFN,NL,raderda01,Dave Rader,3,,3,3,0,1,0,0,0,0,0,0,0,0,,,
1971,HOU,NL,raderdo02,Doug Rader,135,,135,135,0,0,0,0,135,0,0,0,0,0,,,
1971,WS2,AL,raglato01,Tom Ragland,10,,10,10,0,0,0,10,0,0,0,0,0,0,,,
1971,SLN,NL,ramirmi01,Milt Ramirez,4,,4,4,0,0,0,0,0,4,0,0,0,0,,,
1971,WS2,AL,randlle01,Lenny Randle,75,,75,75,0,0,0,66,0,0,0,0,0,0,,,
1971,MIN,AL,ratlipa01,Paul Ratliff,21,,21,21,0,15,0,0,0,0,0,0,0,0,,,
1971,ML4,AL,ratlipa01,Paul Ratliff,23,,23,23,0,13,0,0,0,0,0,0,0,0,,,
1971,MON,NL,raymocl01,Claude Raymond,37,,37,37,37,0,0,0,0,0,0,0,0,0,,,
1971,SFN,NL,reberfr01,Frank Reberger,16,,16,16,13,0,0,0,0,0,0,0,0,0,,,
1971,MIN,AL,reeseri01,Rich Reese,120,,120,120,0,0,95,0,0,0,8,0,1,9,,,
1971,CHN,NL,reganph01,Phil Regan,48,,48,48,48,0,0,0,0,0,0,0,0,0,,,
1971,CHA,AL,reichri01,Rick Reichardt,138,,138,138,0,0,9,0,0,0,117,15,0,128,,,
1971,MIN,AL,renicri01,Rick Renick,27,,27,27,0,0,0,0,7,0,7,0,0,7,,,
1971,MON,NL,renkost01,Steve Renko,41,,41,41,40,0,0,0,0,0,0,0,0,0,,,
1971,CAL,AL,repozro01,Roger Repoz,113,,113,113,0,0,13,0,0,0,5,25,72,97,,,
1971,BAL,AL,retteme01,Merv Rettenmund,141,,141,141,0,0,0,0,0,0,46,40,72,134,,,
1971,SLN,NL,reussje01,Jerry Reuss,36,,36,36,36,0,0,0,0,0,0,0,0,0,,,
1971,CAL,AL,reynoar01,Archie Reynolds,15,,15,15,15,0,0,0,0,0,0,0,0,0,,,
1971,ML4,AL,reynobo01,Bob Reynolds,3,,3,3,3,0,0,0,0,0,0,0,0,0,,,
1971,SLN,NL,reynobo01,Bob Reynolds,4,,4,4,4,0,0,0,0,0,0,0,0,0,,,
1971,PHI,NL,reynoke01,Ken Reynolds,36,,36,36,35,0,0,0,0,0,0,0,0,0,,,
1971,CAL,AL,reynoto01,Tommie Reynolds,45,,45,45,0,0,0,0,1,0,6,0,23,26,,,
1971,HOU,NL,richajr01,J. R. Richard,4,,4,4,4,0,0,0,0,0,0,0,0,0,,,
1971,CHA,AL,richale01,Lee Richard,87,,87,87,0,0,0,0,0,68,0,16,0,16,,,
1971,BAL,AL,richepe01,Pete Richert,35,,35,35,35,0,0,0,0,0,0,0,0,0,,,
1971,WS2,AL,riddlde01,Denny Riddleberger,57,,57,57,57,0,0,0,0,0,0,0,0,0,,,
1971,CAL,AL,rivermi01,Mickey Rivers,79,,79,79,0,0,0,0,0,0,4,61,18,76,,,
1971,PIT,NL,roberbo01,Bob Robertson,131,,131,131,0,0,126,0,0,0,0,0,0,0,,,
1971,SDN,NL,roberda05,Dave Roberts,38,,38,38,37,0,0,0,0,0,0,0,0,0,,,
1971,SFN,NL,roberri01,Rich Robertson,23,,23,23,23,0,0,0,0,0,0,0,0,0,,,
1971,BAL,AL,robinbr01,Brooks Robinson,156,,156,156,0,0,0,0,156,0,0,0,0,0,,,
1971,SDN,NL,robinda01,Dave Robinson,7,,7,7,0,0,0,0,0,0,0,0,0,0,,,
1971,BAL,AL,robinfr02,Frank Robinson,133,,133,133,0,0,37,0,0,0,1,0,91,92,,,
1971,DET,AL,rodriau01,Aurelio Rodriguez,154,,154,154,0,0,0,0,153,1,0,0,0,0,,,
1971,ML4,AL,rodriel01,Ellie Rodriguez,115,,115,115,0,114,0,0,0,0,0,0,0,0,,,
1971,KCA,AL,rojasco01,Cookie Rojas,115,,115,115,0,0,0,111,0,2,1,0,0,1,,,
1971,OAK,AL,rolanji01,Jim Roland,31,,31,31,31,0,0,0,0,0,0,0,0,0,,,
1971,KCA,AL,rookeji01,Jim Rooker,21,,21,21,20,0,0,0,0,0,0,0,0,0,,,
1971,SLN,NL,roquejo01,Jorge Roque,3,,3,3,0,0,0,0,0,0,0,3,0,3,,,
1971,SFN,NL,rosarji01,Jimmy Rosario,92,,92,92,0,0,0,0,0,0,9,60,1,67,,,
1971,CHN,NL,rudolke01,Ken Rudolph,25,,25,25,0,25,0,0,0,0,0,0,0,0,,,
1971,LAN,NL,russebi01,Bill Russell,91,,91,91,0,0,0,41,0,6,3,8,35,40,,,
1971,NYN,NL,sadecra01,Ray Sadecki,34,,34,34,34,0,0,0,0,0,0,0,0,0,,,
1971,BAL,AL,salmoch01,Chico Salmon,42,,42,42,0,0,9,9,6,5,0,0,0,0,,,
1971,ML4,AL,sandeke01,Ken Sanders,83,,83,83,83,0,0,0,0,0,0,0,0,0,,,
1971,PIT,NL,sandsch01,Charlie Sands,28,,28,28,0,3,0,0,0,0,0,0,0,0,,,
1971,PIT,NL,sanguma01,Manny Sanguillen,138,,138,138,0,135,0,0,0,0,0,0,0,0,,,
1971,SLN,NL,santoal01,Al Santorini,19,,19,19,19,0,0,0,0,0,0,0,0,0,,,
1971,SDN,NL,santoal01,Al Santorini,18,,18,18,18,0,0,0,0,0,0,0,0,0,,,
1971,CHN,NL,santoro01,Ron Santo,154,,154,154,0,0,0,0,149,0,6,0,0,6,,,
1971,ML4,AL,savagte01,Ted Savage,14,,14,14,0,0,0,0,0,0,6,0,1,6,,,
1971,KCA,AL,savagte01,Ted Savage,19,,19,19,0,0,0,0,0,0,5,0,5,9,,,
1971,KCA,AL,schaapa01,Paul Schaal,161,,161,161,0,0,0,0,161,0,0,0,0,0,,,
1971,WS2,AL,scheiri01,Richie Scheinblum,27,,27,27,0,0,0,0,0,0,7,0,6,13,,,
1971,DET,AL,scherfr01,Fred Scherman,69,,69,69,69,0,0,0,0,0,0,0,0,0,,,
1971,HOU,NL,schluja01,Jay Schlueter,7,,7,7,0,0,0,0,0,0,2,0,0,2,,,
1971,SLN,NL,schofdi01,Dick Schofield,34,,34,34,0,0,0,13,3,17,0,0,0,0,,,
1971,ML4,AL,schofdi01,Dick Schofield,23,,23,23,0,0,0,2,12,4,0,0,0,0,,,
1971,BOS,AL,scottge02,George Scott,146,,146,146,0,0,143,0,0,0,0,0,0,0,,,
1971,NYN,NL,seaveto01,Tom Seaver,39,,39,39,36,0,0,0,0,0,0,0,0,0,,,
1971,DET,AL,seelbch01,Chuck Seelbach,5,,5,5,5,0,0,0,0,0,0,0,0,0,,,
1971,OAK,AL,seguidi01,Diego Segui,26,,26,26,26,0,0,0,0,0,0,0,0,0,,,
1971,PHI,NL,selmadi01,Dick Selma,18,,18,18,17,0,0,0,0,0,0,0,0,0,,,
1971,SDN,NL,several01,Al Severinsen,59,,59,59,59,0,0,0,0,0,0,0,0,0,,,
1971,KCA,AL,severri01,Rich Severson,16,,16,16,0,0,0,6,1,6,0,0,0,0,,,
1971,NYN,NL,shamsar01,Art Shamsky,68,,68,68,0,0,1,0,0,0,12,0,27,38,,,
1971,WS2,AL,shellji01,Jim Shellenback,40,,40,40,40,0,0,0,0,0,0,0,0,0,,,
1971,BAL,AL,shopato01,Tom Shopay,47,,47,47,0,0,0,0,0,0,4,0,9,13,,,
1971,PHI,NL,shortch02,Chris Short,31,,31,31,31,0,0,0,0,0,0,0,0,0,,,
1971,BOS,AL,siebeso01,Sonny Siebert,32,,32,32,32,0,0,0,0,0,0,0,0,0,,,
1971,CAL,AL,silveto01,Tom Silverio,3,,3,3,0,0,0,0,0,0,0,1,0,1,,,
1971,SLN,NL,simmote01,Ted Simmons,133,,133,133,0,130,0,0,0,0,0,0,0,0,,,
1971,CIN,NL,simpswa01,Wayne Simpson,22,,22,22,22,0,0,0,0,0,0,0,0,0,,,
1971,LAN,NL,singebi01,Bill Singer,31,,31,31,31,0,0,0,0,0,0,0,0,0,,,
1971,NYN,NL,singlke01,Ken Singleton,115,,115,115,0,0,0,0,0,0,10,3,85,96,,,
1971,SLN,NL,sizemte01,Ted Sizemore,135,,135,135,0,0,0,93,1,39,7,0,8,15,,,
1971,ML4,AL,slatoji01,Jim Slaton,26,,26,26,26,0,0,0,0,0,0,0,0,0,,,
1971,SDN,NL,slocuro01,Ron Slocum,7,,7,7,0,0,0,0,6,0,0,0,0,0,,,
1971,ML4,AL,smithbe01,Bernie Smith,15,,15,15,0,0,0,0,0,0,3,1,9,12,,,
1971,BOS,AL,smithre06,Reggie Smith,159,,159,159,0,0,0,0,0,0,0,87,74,159,,,
1971,CIN,NL,smithwi02,Willie Smith,31,,31,31,0,0,10,0,0,0,0,0,0,0,,,
1971,MIN,AL,soderer01,Eric Soderholm,21,,21,21,0,0,0,0,20,0,0,0,0,0,,,
1971,CHN,NL,spangal01,Al Spangler,5,,5,5,0,0,0,0,0,0,0,0,0,0,,,
1971,SFN,NL,speiech01,Chris Speier,157,,157,157,0,0,0,0,0,156,0,0,0,0,,,
1971,CHA,AL,spencbo01,Bob Spence,14,,14,14,0,0,7,0,0,0,0,0,0,0,,,
1971,CAL,AL,spencji01,Jim Spencer,148,,148,148,0,0,145,0,0,0,0,0,0,0,,,
1971,SDN,NL,spiezed01,Ed Spiezio,97,,97,97,0,0,0,0,91,0,1,0,0,1,,,
1971,HOU,NL,spinksc01,Scipio Spinks,5,,5,5,5,0,0,0,0,0,0,0,0,0,,,
1971,KCA,AL,splitpa01,Paul Splittorff,22,,22,22,22,0,0,0,0,0,0,0,0,0,,,
1971,CIN,NL,spraged01,Ed Sprague,7,,7,7,7,0,0,0,0,0,0,0,0,0,,,
1971,ATL,NL,staehma01,Marv Staehle,22,,22,22,0,0,0,7,1,0,0,0,0,0,,,
1971,SDN,NL,stahlla01,Larry Stahl,114,,114,114,0,0,7,0,0,0,46,8,26,75,,,
1971,CLE,AL,stanlfr01,Fred Stanley,60,,60,60,0,0,0,3,0,55,0,0,0,0,,,
1971,DET,AL,stanlmi01,Mickey Stanley,139,,139,139,0,0,0,0,0,0,0,139,0,139,,,
1971,NYN,NL,stantle01,Leroy Stanton,5,,5,5,0,0,0,0,0,0,0,0,5,5,,,
1971,PIT,NL,stargwi01,Willie Stargell,141,,141,141,0,0,0,0,0,0,138,0,0,138,,,
1971,MON,NL,staubru01,Rusty Staub,162,,162,162,0,0,0,0,0,0,1,0,162,162,,,
1971,WS2,AL,stelmri01,Rick Stelmaszek,6,,6,6,0,3,0,0,0,0,0,0,0,0,,,
1971,PIT,NL,stennre01,Rennie Stennett,50,,50,50,0,0,0,36,0,0,0,0,0,0,,,
1971,CHN,NL,stephea01,Earl Stephenson,16,,16,16,16,0,0,0,0,0,0,0,0,0,,,
1971,CAL,AL,stephjo02,John Stephenson,98,,98,98,0,88,0,0,0,0,0,0,0,0,,,
1971,CIN,NL,stewaji01,Jimmy Stewart,80,,80,80,0,0,0,6,9,0,11,6,3,19,,,
1971,SLN,NL,stinsbo01,Bob Stinson,17,,17,17,0,6,0,0,0,0,1,0,2,3,,,
1971,MON,NL,stonebi01,Bill Stoneman,41,,41,41,39,0,0,0,0,0,0,0,0,0,,,
1971,ATL,NL,stonege02,George Stone,30,,30,30,27,0,0,0,0,0,0,0,0,0,,,
1971,PHI,NL,stonero02,Ron Stone,95,,95,95,0,0,3,0,0,0,22,1,33,51,,,
1971,SFN,NL,stonest01,Steve Stone,24,,24,24,24,0,0,0,0,0,0,0,0,0,,,
1971,NYA,AL,stottme01,Mel Stottlemyre,35,,35,35,35,0,0,0,0,0,0,0,0,0,,,
1971,LAN,NL,strahmi01,Mike Strahler,6,,6,6,6,0,0,0,0,0,0,0,0,0,,,
1971,MIN,AL,stricji01,Jim Strickland,24,,24,24,24,0,0,0,0,0,0,0,0,0,,,
1971,MON,NL,strohjo01,John Strohmayer,27,,27,27,27,0,0,0,0,0,0,0,0,0,,,
1971,CHA,AL,stroued01,Ed Stroud,53,,53,53,0,0,0,0,0,0,8,22,20,44,,,
1971,CLE,AL,suareke01,Ken Suarez,50,,50,50,0,48,0,0,0,0,0,0,0,0,,,
1971,LAN,NL,sudakbi01,Bill Sudakis,41,,41,41,0,19,1,0,3,0,1,0,1,1,,,
1971,MON,NL,suthega01,Gary Sutherland,111,,111,111,0,0,0,56,2,46,4,0,0,4,,,
1971,LAN,NL,suttodo01,Don Sutton,39,,39,39,38,0,0,0,0,0,0,0,0,0,,,
1971,MON,NL,swansst01,Stan Swanson,49,,49,49,0,0,0,0,0,0,24,16,2,38,,,
1971,MON,NL,swoboro01,Ron Swoboda,39,,39,39,0,0,0,0,0,0,10,17,3,26,,,
1971,NYA,AL,swoboro01,Ron Swoboda,54,,54,54,0,0,0,0,0,0,7,1,39,47,,,
1971,BOS,AL,tatumke01,Ken Tatum,36,,36,36,36,0,0,0,0,0,0,0,0,0,,,
1971,PIT,NL,taverfr01,Frank Taveras,1,,1,1,0,0,0,0,0,0,0,0,0,0,,,
1971,PIT,NL,tayloca01,Carl Taylor,7,,7,7,0,0,0,0,0,0,0,0,1,1,,,
1971,KCA,AL,tayloca01,Carl Taylor,20,,20,20,0,0,0,0,0,0,6,0,6,12,,,
1971,SLN,NL,tayloch02,Chuck Taylor,43,,43,43,43,0,0,0,0,0,0,0,0,0,,,
1971,NYN,NL,tayloro01,Ron Taylor,45,,45,45,45,0,0,0,0,0,0,0,0,0,,,
1971,PHI,NL,tayloto02,Tony Taylor,36,,36,36,0,0,2,14,11,0,0,0,0,0,,,
1971,DET,AL,tayloto02,Tony Taylor,55,,55,55,0,0,0,51,3,0,0,0,0,0,,,
1971,OAK,AL,tenacge01,Gene Tenace,65,,65,65,0,52,0,0,0,0,1,0,0,1,,,
1971,ML4,AL,tepedfr01,Frank Tepedino,53,,53,53,0,0,28,0,0,0,0,0,0,0,,,
1971,NYA,AL,tepedfr01,Frank Tepedino,6,,6,6,0,0,0,0,0,0,1,0,0,1,,,
1971,ML4,AL,theobro01,Ron Theobald,126,,126,126,0,0,0,111,1,1,0,0,0,0,,,
1971,HOU,NL,thomade01,Derrel Thomas,5,,5,5,0,0,0,1,0,0,0,0,0,0,,,
1971,MIN,AL,thomage01,George Thomas,23,,23,23,0,0,1,0,1,0,11,0,0,11,,,
1971,BOS,AL,thomage01,George Thomas,9,,9,9,0,0,0,0,0,0,3,0,2,5,,,
1971,MIN,AL,thompda01,Danny Thompson,48,,48,48,0,0,0,3,17,1,0,0,0,0,,,
1971,WS2,AL,thompmi01,Mike Thompson,16,,16,16,16,0,0,0,0,0,0,0,0,0,,,
1971,BOS,AL,tiantlu01,Luis Tiant,21,,21,21,21,0,0,0,0,0,0,0,0,0,,,
1971,DET,AL,timmeto01,Tom Timmermann,52,,52,52,52,0,0,0,0,0,0,0,0,0,,,
1971,MIN,AL,tischto01,Tom Tischinski,21,,21,21,0,21,0,0,0,0,0,0,0,0,,,
1971,CHN,NL,tompkro01,Ron Tompkins,35,,35,35,35,0,0,0,0,0,0,0,0,0,,,
1971,CAL,AL,torboje01,Jeff Torborg,55,,55,55,0,49,0,0,0,0,0,0,0,0,,,
1971,CHN,NL,torrehe01,Hector Torres,31,,31,31,0,0,0,4,0,18,0,0,0,0,,,
1971,SLN,NL,torrejo01,Joe Torre,161,,161,161,0,0,0,0,161,0,0,0,0,0,,,
1971,MON,NL,torremi01,Mike Torrez,1,,1,1,1,0,0,0,0,0,0,0,0,0,,,
1971,SLN,NL,torremi01,Mike Torrez,9,,9,9,9,0,0,0,0,0,0,0,0,0,,,
1971,NYA,AL,torreru01,Rusty Torres,9,,9,9,0,0,0,0,0,0,0,1,4,5,,,
1971,MIN,AL,tovarce01,Cesar Tovar,157,,157,157,0,0,0,2,7,0,98,44,47,154,,,
1971,PHI,NL,twitcwa01,Wayne Twitchell,6,,6,6,6,0,0,0,0,0,0,0,0,0,,,
1971,CLE,AL,uhlaete01,Ted Uhlaender,141,,141,141,0,0,0,0,0,0,87,33,13,131,,,
1971,WS2,AL,unserde01,Del Unser,153,,153,153,0,0,0,0,0,0,8,105,68,151,,,
1971,ATL,NL,upshace01,Cecil Upshaw,49,,49,49,49,0,0,0,0,0,0,0,0,0,,,
1971,KCA,AL,valdesa01,Sandy Valdespino,18,,18,18,0,0,0,0,0,0,13,0,2,15,,,
1971,LAN,NL,valenbo02,Bobby Valentine,101,,101,101,0,0,0,21,23,37,0,3,8,11,,,
1971,LAN,NL,vancesa01,Sandy Vance,10,,10,10,10,0,0,0,0,0,0,0,0,0,,,
1971,PIT,NL,vealebo01,Bob Veale,37,,37,37,37,0,0,0,0,0,0,0,0,0,,,
1971,ATL,NL,versazo01,Zoilo Versalles,66,,66,66,0,0,0,1,30,24,0,0,0,0,,,
1971,PHI,NL,vukovjo01,John Vukovich,74,,74,74,0,0,0,0,74,0,0,0,0,0,,,
1971,PIT,NL,walkelu01,Luke Walker,28,,28,28,28,0,0,0,0,0,0,0,0,0,,,
1971,ML4,AL,waltoda01,Danny Walton,30,,30,30,0,0,0,0,1,0,19,1,0,19,,,
1971,NYA,AL,waltoda01,Danny Walton,5,,5,5,0,0,0,0,0,0,1,0,3,4,,,
1971,NYA,AL,waslega01,Gary Waslewski,24,,24,24,24,0,0,0,0,0,0,0,0,0,,,
1971,HOU,NL,watsobo01,Bob Watson,129,,129,129,0,0,45,0,0,0,87,0,0,87,,,
1971,ML4,AL,weavefl01,Floyd Weaver,21,,21,21,21,0,0,0,0,0,0,0,0,0,,,
1971,CHN,NL,webstra02,Ramon Webster,16,,16,16,0,0,1,0,0,0,0,0,0,0,,,
1971,OAK,AL,webstra02,Ramon Webster,7,,7,7,0,0,1,0,0,0,0,0,0,0,,,
1971,SDN,NL,webstra02,Ramon Webster,10,,10,10,0,0,0,0,0,0,0,0,0,0,,,
1971,DET,AL,whillja01,Jack Whillock,7,,7,7,7,0,0,0,0,0,0,0,0,0,,,
1971,NYA,AL,whitero01,Roy White,147,,147,147,0,0,0,0,0,0,145,0,0,145,,,
1971,ML4,AL,wickefl01,Floyd Wicker,11,,11,11,0,0,0,0,0,0,0,0,0,0,,,
1971,SFN,NL,wickefl01,Floyd Wicker,9,,9,9,0,0,0,0,0,0,7,0,0,7,,,
1971,CIN,NL,wilcomi01,Milt Wilcox,18,,18,18,18,0,0,0,0,0,0,0,0,0,,,
1971,ATL,NL,wilheho01,Hoyt Wilhelm,3,,3,3,3,0,0,0,0,0,0,0,0,0,,,
1971,LAN,NL,wilheho01,Hoyt Wilhelm,9,,9,9,9,0,0,0,0,0,0,0,0,0,,,
1971,SFN,NL,willibe01,Bernie Williams,35,,35,35,0,0,0,0,0,0,22,0,5,27,,,
1971,CHN,NL,willibi01,Billy Williams,157,,157,157,0,0,0,0,0,0,151,0,4,154,,,
1971,NYN,NL,willich01,Charlie Williams,31,,31,31,31,0,0,0,0,0,0,0,0,0,,,
1971,ATL,NL,williea02,Earl Williams,145,,145,145,0,72,31,0,42,0,0,0,0,0,,,
1971,MIN,AL,willist02,Stan Williams,46,,46,46,46,0,0,0,0,0,0,0,0,0,,,
1971,SLN,NL,willist02,Stan Williams,10,,10,10,10,0,0,0,0,0,0,0,0,0,,,
1971,CHA,AL,williwa02,Walt Williams,114,,114,114,0,0,0,0,1,0,35,0,62,90,,,
1971,SFN,NL,willoji01,Jim Willoughby,2,,2,2,2,0,0,0,0,0,0,0,0,0,,,
1971,LAN,NL,willsma01,Maury Wills,149,,149,149,0,0,0,0,4,144,0,0,0,0,,,
1971,PHI,NL,wilsobi03,Bill Wilson,38,,38,38,38,0,0,0,1,0,0,0,0,0,,,
1971,HOU,NL,wilsodo01,Don Wilson,35,,35,35,35,0,0,0,0,0,0,0,0,0,,,
1971,MON,NL,woodsro01,Ron Woods,51,,51,51,0,0,0,0,0,0,32,23,0,45,,,
1971,NYA,AL,woodsro01,Ron Woods,25,,25,25,0,0,0,0,0,0,3,0,6,9,,,
1971,CIN,NL,woodwwo01,Woody Woodward,136,,136,136,0,0,0,9,63,85,0,0,0,0,,,
1971,CAL,AL,wrighcl01,Clyde Wright,40,,40,40,37,0,0,0,0,0,0,0,0,0,,,
1971,KCA,AL,wrighke01,Ken Wright,21,,21,21,21,0,0,0,0,0,0,0,0,0,,,
1971,CAL,AL,wynnebi02,Billy Wynne,3,,3,3,3,0,0,0,0,0,0,0,0,0,,,
1971,BOS,AL,yastrca01,Carl Yastrzemski,148,,148,148,0,0,0,0,0,0,146,0,0,146,,,
1971,ML4,AL,yatesal01,Al Yates,24,,24,24,0,0,0,0,0,0,3,0,9,12,,,
1971,DET,AL,youngjo01,John Young,2,,2,2,0,0,1,0,0,0,0,0,0,0,,,
1971,HOU,NL,yountla01,Larry Yount,1,,1,1,1,0,0,0,0,0,0,0,0,0,,,
1971,SLN,NL,zachach02,Chris Zachary,24,,24,24,23,0,0,0,0,0,0,0,0,0,,,
