1974,LAN,NL,ceyro01,Ron Cey,159,158,159,158,0,0,0,0,158,0,0,0,0,0,0,1,0
1974,MON,NL,coxji01,Jim Cox,77,68,77,72,0,0,0,72,0,0,0,0,0,0,0,2,4
1974,PHI,NL,coxla01,Larry Cox,30,15,30,29,0,29,0,0,0,0,0,0,0,0,0,2,1
1974,MON,NL,daybo01,Boots Day,52,10,52,16,0,0,0,0,0,0,14,0,2,16,0,35,1
1974,BOS,AL,leebi03,Bill Lee,38,0,0,38,38,0,0,0,0,0,0,0,0,0,0,0,
1974,CLE,AL,leele02,Leron Lee,79,55,79,62,0,0,0,0,0,0,60,0,2,62,1,20,0
1974,MIN,AL,lisjo01,Joe Lis,24,11,24,18,0,0,18,0,0,0,0,0,0,0,0,7,0
1974,CLE,AL,lisjo01,Joe Lis,57,28,57,41,0,0,31,0,9,0,1,0,0,1,5,14,0
1974,ATL,NL,lummi01,Mike Lum,106,92,106,99,0,0,59,0,0,0,23,9,26,51,0,12,0
1974,CHA,AL,mayca01,Carlos May,149,137,149,129,0,0,0,0,0,0,129,0,0,129,11,12,0
1974,ML4,AL,mayda01,Dave May,135,120,135,121,0,0,0,0,0,0,4,17,108,121,7,14,0
1974,HOU,NL,mayle01,Lee May,152,143,152,145,0,0,145,0,0,0,0,0,0,0,0,9,0
1974,HOU,NL,maymi01,Milt May,127,109,127,116,0,116,0,0,0,0,0,0,0,0,0,13,0
1974,NYA,AL,mayru01,Rudy May,17,0,0,17,17,0,0,0,0,0,0,0,0,0,0,0,
1974,CAL,AL,mayru01,Rudy May,18,0,0,18,18,0,0,0,0,0,0,0,0,0,0,0,
1974,PIT,NL,otted01,Ed Ott,7,0,7,2,0,0,0,0,0,0,0,0,2,2,0,5,1
1974,LAN,NL,raudo01,Doug Rau,36,35,36,36,36,0,0,0,0,0,0,0,0,0,0,0,0
1974,DET,AL,rayji01,Jim Ray,28,0,0,28,28,0,0,0,0,0,0,0,0,0,0,0,
1974,ATL,NL,akerja01,Jack Aker,17,0,17,17,17,0,0,0,0,0,0,0,0,0,0,0,0
1974,NYN,NL,akerja01,Jack Aker,24,0,24,24,24,0,0,0,0,0,0,0,0,0,0,0,0
1974,ML4,AL,aloufe01,Felipe Alou,3,0,3,1,0,0,0,0,0,0,0,0,1,1,0,3,0
1974,OAK,AL,alouje01,Jesus Alou,96,46,96,25,0,0,0,0,0,0,9,0,16,25,37,40,1
1974,SDN,NL,alouma01,Matty Alou,48,12,48,15,0,0,2,0,0,0,13,0,0,13,0,34,2
1974,SLN,NL,barera01,Ray Bare,10,3,10,10,10,0,0,0,0,0,0,0,0,0,0,0,0
1974,SFN,NL,barrji01,Jim Barr,56,27,56,44,44,0,0,0,0,0,0,0,0,0,0,0,12
1974,BOS,AL,barrst01,Steve Barr,1,0,0,1,1,0,0,0,0,0,0,0,0,0,0,0,
1974,CLE,AL,bellbu01,Buddy Bell,116,115,116,115,0,0,0,0,115,0,0,0,0,0,0,1,0
1974,ML4,AL,bellje01,Jerry Bell,5,0,0,5,5,0,0,0,0,0,0,0,0,0,0,0,
1974,KCA,AL,birddo01,Doug Bird,55,0,1,55,55,0,0,0,0,0,0,0,0,0,0,0,0
1974,OAK,AL,bluevi01,Vida Blue,40,0,3,40,40,0,0,0,0,0,0,0,0,0,0,0,0
1974,PHI,NL,bowala01,Larry Bowa,162,161,162,162,0,0,0,0,0,162,0,0,0,0,0,0,1
1974,MIN,AL,bryest01,Steve Brye,135,114,135,129,0,0,0,0,0,0,0,128,1,129,0,7,1
1974,PHI,NL,cashda01,Dave Cash,162,162,162,162,0,0,0,162,0,0,0,0,0,0,0,0,0
1974,DET,AL,cashno01,Norm Cash,53,41,53,44,0,0,44,0,0,0,0,0,0,0,0,11,0
1974,DET,AL,cashro01,Ron Cash,20,15,20,19,0,0,15,0,4,0,0,0,0,0,0,1,0
1974,NYN,NL,cramje01,Jerry Cram,10,0,10,10,10,0,0,0,0,0,0,0,0,0,0,0,0
1974,SLN,NL,cruzjo01,Jose Cruz,107,26,107,54,0,0,1,0,0,0,20,8,27,53,0,56,6
1974,CHA,AL,dentbu01,Bucky Dent,154,153,154,154,0,0,0,0,0,154,0,0,0,0,0,0,0
1974,CHN,NL,dunnro01,Ron Dunn,23,21,23,23,0,0,0,21,6,0,0,0,0,0,0,1,0
1974,NYN,NL,dyerdu01,Duffy Dyer,63,35,63,45,0,45,0,0,0,0,0,0,0,0,0,21,0
1974,CAL,AL,eganto01,Tom Egan,43,35,43,41,0,41,0,0,0,0,0,0,0,0,0,2,0
1974,MIN,AL,fifeda01,Danny Fife,4,0,0,4,4,0,0,0,0,0,0,0,0,0,0,0,
1974,BOS,AL,fiskca01,Carlton Fisk,52,51,52,50,0,50,0,0,0,0,0,0,0,0,2,0,0
1974,MON,NL,foliti01,Tim Foli,121,118,121,120,0,0,0,0,1,120,0,0,0,0,0,1,0
1974,ATL,NL,garrra01,Ralph Garr,143,139,143,139,0,0,0,0,0,0,110,0,80,139,0,4,0
1974,NYA,AL,gurala01,Larry Gura,8,0,0,8,8,0,0,0,0,0,0,0,0,0,0,0,
1974,NYN,NL,hahndo01,Don Hahn,110,84,110,106,0,0,0,0,0,0,0,104,2,106,0,10,2
1974,LAN,NL,halejo01,John Hale,4,0,4,3,0,0,0,0,0,0,0,0,3,3,0,1,1
1974,CIN,NL,hallto01,Tom Hall,40,1,40,40,40,0,0,0,0,0,0,0,0,0,0,0,0
1974,NYA,AL,hartji01,Jim Ray Hart,10,4,10,0,0,0,0,0,0,0,0,0,0,0,4,6,0
1974,SLN,NL,hillma01,Marc Hill,10,6,10,9,0,9,0,0,0,0,0,0,0,0,0,1,0
1974,MIN,AL,holtji01,Jim Holt,79,50,79,71,0,0,67,0,0,0,2,0,3,5,0,13,4
1974,OAK,AL,holtji01,Jim Holt,30,4,30,17,0,0,17,0,0,0,0,0,0,0,0,19,1
1974,BAL,AL,hooddo01,Don Hood,25,0,5,20,20,0,0,0,0,0,0,0,0,0,0,0,5
1974,PIT,NL,howear01,Art Howe,29,16,29,22,0,0,0,0,20,2,0,0,0,0,0,10,0
1974,MON,NL,huntro01,Ron Hunt,115,103,115,105,0,0,0,31,75,1,0,0,0,0,0,12,0
1974,SLN,NL,huntro01,Ron Hunt,12,4,12,5,0,0,0,5,0,0,0,0,0,0,0,8,0
1974,SDN,NL,iviemi01,Mike Ivie,12,9,12,11,0,0,11,0,0,0,0,0,0,0,0,1,0
1974,LAN,NL,johnto01,Tommy John,22,22,22,22,22,0,0,0,0,0,0,0,0,0,0,0,0
1974,CHA,AL,kaatji01,Jim Kaat,42,0,1,42,42,0,0,0,0,0,0,0,0,0,0,0,0
1974,CLE,AL,kernji01,Jim Kern,4,0,0,4,4,0,0,0,0,0,0,0,0,0,0,0,
1974,CIN,NL,kingha01,Hal King,20,1,20,5,0,5,0,0,0,0,0,0,0,0,0,17,0
1974,DET,AL,knoxjo01,John Knox,55,17,55,34,0,0,0,32,2,0,0,0,0,0,0,4,22
1974,LAN,NL,lacyle01,Lee Lacy,48,17,48,35,0,0,0,34,1,0,0,0,0,0,0,11,9
1974,DET,AL,lanema01,Marv Lane,50,29,50,46,0,0,0,0,0,0,40,2,6,46,0,8,3
1974,CHA,AL,leoned01,Eddie Leon,31,13,31,30,0,0,0,7,2,21,0,0,0,0,1,0,1
1974,ATL,NL,leonma01,Max Leon,34,2,34,34,34,0,0,0,0,0,0,0,0,0,0,0,0
1974,ML4,AL,lindja01,Jack Lind,9,5,9,9,0,0,0,4,0,5,0,0,0,0,0,0,0
1974,NYA,AL,lylesp01,Sparky Lyle,66,0,4,66,66,0,0,0,0,0,0,0,0,0,0,0,0
1974,BOS,AL,lynnfr01,Fred Lynn,15,12,15,12,0,0,0,0,0,0,6,4,2,12,0,2,1
1974,LAN,NL,motama01,Manny Mota,66,1,66,3,0,0,0,0,0,0,3,0,0,3,0,64,0
1974,HOU,NL,nagymi01,Mike Nagy,9,0,9,9,9,0,0,0,0,0,0,0,0,0,0,0,0
1974,OAK,AL,odombl01,Blue Moon Odom,43,0,12,34,34,0,0,0,0,0,0,0,0,0,0,0,9
1974,CHA,AL,ortajo01,Jorge Orta,139,126,139,125,0,0,0,123,0,3,0,0,0,0,10,8,3
1974,KCA,AL,otisam01,Amos Otis,146,142,146,143,0,0,0,0,0,0,0,143,0,143,2,3,0
1974,SLN,NL,papist01,Stan Papi,8,0,8,8,0,0,0,1,0,7,0,0,0,0,0,1,0
1974,CHN,NL,paulmi01,Mike Paul,2,0,2,2,2,0,0,0,0,0,0,0,0,0,0,0,0
1974,SLN,NL,penaor01,Orlando Peña,42,0,42,42,42,0,0,0,0,0,0,0,0,0,0,0,0
1974,CAL,AL,penaor01,Orlando Peña,4,0,0,4,4,0,0,0,0,0,0,0,0,0,0,0,
1974,CAL,AL,pinaho01,Horacio Pina,11,0,0,11,11,0,0,0,0,0,0,0,0,0,0,0,
1974,CHN,NL,pinaho01,Horacio Pina,34,0,34,34,34,0,0,0,0,0,0,0,0,0,0,0,0
1974,BOS,AL,poledi01,Dick Pole,15,0,0,15,15,0,0,0,0,0,0,0,0,0,0,0,
1974,NYN,NL,puigri01,Rich Puig,4,3,4,4,0,0,0,3,1,0,0,0,0,0,0,0,0
1974,ATL,NL,reedro01,Ron Reed,28,28,28,28,28,0,0,0,0,0,0,0,0,0,0,0,0
1974,BOS,AL,riceji01,Jim Rice,24,15,24,3,0,0,0,0,0,0,3,0,0,3,13,9,0
1974,SDN,NL,romovi01,Vicente Romo,54,1,54,54,54,0,0,0,0,0,0,0,0,0,0,0,0
1974,MIN,AL,roofph01,Phil Roof,44,36,44,44,0,44,0,0,0,0,0,0,0,0,0,0,0
1974,SFN,NL,rosedo01,Don Rose,2,0,2,2,2,0,0,0,0,0,0,0,0,0,0,0,0
1974,CIN,NL,rosepe01,Pete Rose,163,163,163,163,0,0,0,0,0,0,163,0,0,163,0,0,0
1974,SDN,NL,rossga01,Gary Ross,9,0,9,9,9,0,0,0,0,0,0,0,0,0,0,0,0
1974,OAK,AL,rudijo01,Joe Rudi,158,157,158,155,0,0,27,0,0,0,140,0,0,140,2,1,0
1974,PIT,NL,ryanmi02,Mike Ryan,15,10,15,15,0,15,0,0,0,0,0,0,0,0,0,0,0
1974,CAL,AL,ryanno01,Nolan Ryan,42,0,0,42,42,0,0,0,0,0,0,0,0,0,0,0,
1974,TEX,AL,simsdu01,Duke Sims,39,28,39,31,0,30,0,0,0,0,0,0,1,1,2,8,0
1974,NYA,AL,simsdu01,Duke Sims,5,3,5,1,0,1,0,0,0,0,0,0,0,0,3,1,0
1974,SFN,NL,sosael01,Elias Sosa,68,0,68,68,68,0,0,0,0,0,0,0,0,0,0,0,0
1974,NYN,NL,swancr01,Craig Swan,7,5,7,7,7,0,0,0,0,0,0,0,0,0,0,0,0
1974,CHN,NL,toddji01,Jim Todd,43,6,43,43,43,0,0,0,0,0,0,0,0,0,0,0,0
1974,CHN,NL,wardch02,Chris Ward,92,24,92,28,0,0,6,0,0,0,21,0,1,22,0,64,1
1974,PHI,NL,watted01,Eddie Watt,42,0,42,42,42,0,0,0,0,0,0,0,0,0,0,0,0
1974,NYN,NL,webbha01,Hank Webb,3,2,3,3,3,0,0,0,0,0,0,0,0,0,0,0,0
1974,BOS,AL,wiseri01,Rick Wise,9,0,0,9,9,0,0,0,0,0,0,0,0,0,0,0,
1974,CHA,AL,woodwi01,Wilbur Wood,42,0,1,42,42,0,0,0,0,0,0,0,0,0,0,0,0
1974,LAN,NL,wynnji01,Jim Wynn,150,147,150,148,0,0,0,0,0,0,0,148,0,148,0,3,0
1974,HOU,NL,yorkji01,Jim York,28,0,28,28,28,0,0,0,0,0,0,0,0,0,0,0,0
1974,LAN,NL,zahnge01,Geoff Zahn,21,10,21,21,21,0,0,0,0,0,0,0,0,0,0,0,0
1974,PIT,NL,ziskri01,Richie Zisk,149,137,149,141,0,0,0,0,0,0,12,0,131,141,0,11,0
1974,ATL,NL,aaronha01,Hank Aaron,112,89,112,89,0,0,0,0,0,0,89,0,0,89,0,23,0
1974,OAK,AL,abbotgl01,Glenn Abbott,19,0,1,19,19,0,0,0,0,0,0,0,0,0,0,0,0
1974,CHA,AL,acostcy01,Cy Acosta,27,0,2,27,27,0,0,0,0,0,0,0,0,0,0,0,0
1974,MIN,AL,alburvi01,Vic Albury,32,0,0,32,32,0,0,0,0,0,0,0,0,0,0,0,
1974,BAL,AL,alexado01,Doyle Alexander,30,0,0,30,30,0,0,0,0,0,0,0,0,0,0,0,
1974,CHN,NL,alexama01,Matt Alexander,45,13,45,24,0,0,0,2,19,0,0,3,1,4,0,13,13
1974,CHA,AL,allendi01,Dick Allen,128,121,128,125,0,0,125,1,0,0,0,0,0,0,0,6,0
1974,CHA,AL,allenll01,Lloyd Allen,6,0,0,6,6,0,0,0,0,0,0,0,0,0,0,0,
1974,TEX,AL,allenll01,Lloyd Allen,14,0,0,14,14,0,0,0,0,0,0,0,0,0,0,0,
1974,SDN,NL,almonbi01,Bill Almon,16,12,16,14,0,0,0,0,0,14,0,0,0,0,0,0,2
1974,CAL,AL,alomasa01,Sandy Alomar,46,14,46,37,0,0,0,15,5,19,0,0,1,1,0,5,18
1974,NYA,AL,alomasa01,Sandy Alomar,76,75,76,76,0,0,0,76,0,0,0,0,0,0,0,0,1
1974,CHA,AL,alvarlu01,Luis Alvarado,8,2,8,6,0,0,0,1,1,4,0,0,0,0,1,1,4
1974,CLE,AL,alvarlu01,Luis Alvarado,61,33,61,53,0,0,0,47,0,8,0,0,0,0,0,4,15
1974,SLN,NL,alvarlu01,Luis Alvarado,17,13,17,17,0,0,0,0,0,17,0,0,0,0,0,0,0
1974,LAN,NL,alvaror01,Orlando Alvarez,2,0,2,1,0,0,0,0,0,0,1,0,0,1,0,1,0
1974,CLE,AL,anderdw01,Dwain Anderson,2,0,2,1,0,0,0,1,0,0,0,0,0,0,0,0,1
1974,ML4,AL,anderla01,Larry Anderson,2,0,0,2,2,0,0,0,0,0,0,0,0,0,0,0,
1974,PHI,NL,andermi01,Mike Anderson,145,102,145,133,0,0,1,0,0,0,0,2,132,133,0,21,1
1974,NYN,NL,apodabo01,Bob Apodaca,35,8,35,35,35,0,0,0,0,0,0,0,0,0,0,0,0
1974,SDN,NL,arlinst01,Steve Arlin,16,12,16,16,16,0,0,0,0,0,0,0,0,0,0,0,0
1974,CLE,AL,arlinst01,Steve Arlin,11,0,0,11,11,0,0,0,0,0,0,0,0,0,0,0,
1974,CIN,NL,armbred01,Ed Armbrister,9,0,9,4,0,0,0,0,0,0,2,0,2,4,0,7,1
1974,SFN,NL,arnolch01,Chris Arnold,78,37,78,41,0,0,0,32,8,1,0,0,0,0,0,40,0
1974,CLE,AL,ashbyal01,Alan Ashby,10,0,10,9,0,9,0,0,0,0,0,0,0,0,0,1,1
1974,LAN,NL,auerbri01,Rick Auerbach,45,18,45,36,0,0,0,15,3,19,0,0,0,0,0,4,16
1974,PIT,NL,augusda01,Dave Augustine,18,4,18,11,0,0,0,0,0,0,2,6,3,11,0,0,9
1974,NYN,NL,ayalabe01,Benny Ayala,23,18,23,20,0,0,0,0,0,0,18,0,2,20,0,4,0
1974,CHA,AL,bahnsst01,Stan Bahnsen,38,0,0,38,38,0,0,0,0,0,0,0,0,0,0,0,
1974,MON,NL,bailebo01,Bob Bailey,152,144,152,145,0,0,0,0,66,0,81,0,0,81,0,8,0
1974,ATL,NL,bakerdu01,Dusty Baker,149,148,149,148,0,0,0,0,0,0,0,102,114,148,0,1,0
1974,BAL,AL,bakerfr03,Frank Baker,24,7,24,21,0,0,0,3,1,17,0,0,0,0,0,0,4
1974,CAL,AL,balazjo01,John Balaz,14,12,14,12,0,0,0,0,0,0,12,0,0,12,0,2,0
1974,OAK,AL,bandosa01,Sal Bando,146,141,146,141,0,0,0,0,141,0,0,0,0,0,2,5,0
1974,CIN,NL,baneydi01,Dick Baney,22,1,22,22,22,0,0,0,0,0,0,0,0,0,0,0,0
1974,PHI,NL,bannial01,Alan Bannister,26,5,26,8,0,0,0,0,0,2,1,7,0,8,0,7,13
1974,SFN,NL,barbest01,Steve Barber,13,0,13,13,13,0,0,0,0,0,0,0,0,0,0,0,0
1974,CHA,AL,barrifr01,Francisco Barrios,2,0,0,2,2,0,0,0,0,0,0,0,0,0,0,0,
1974,SDN,NL,bartobo01,Bob Barton,30,28,30,29,0,29,0,0,0,0,0,0,0,0,0,1,0
1974,BAL,AL,baylodo01,Don Baylor,137,127,137,133,0,0,8,0,0,0,114,1,26,129,0,7,3
1974,ATL,NL,beardmi01,Mike Beard,6,0,6,6,6,0,0,0,0,0,0,0,0,0,0,0,0
1974,SDN,NL,beckegl01,Glenn Beckert,64,36,64,37,0,0,0,36,1,0,0,0,0,0,0,28,0
1974,CLE,AL,beenefr01,Fred Beene,33,0,1,32,32,0,0,0,0,0,0,0,0,0,0,0,1
1974,NYA,AL,beenefr01,Fred Beene,6,0,0,6,6,0,0,0,0,0,0,0,0,0,0,0,
1974,BAL,AL,belanma01,Mark Belanger,155,153,155,155,0,0,0,0,0,155,0,0,0,0,0,0,0
1974,CIN,NL,benchjo01,Johnny Bench,160,159,160,159,0,137,5,0,36,0,0,0,0,0,0,1,0
1974,BOS,AL,beniqju01,Juan Beniquez,106,89,106,97,0,0,0,0,0,0,7,91,0,97,1,9,7
1974,ML4,AL,berryke01,Ken Berry,98,65,98,82,0,0,0,0,0,0,4,75,5,82,9,13,1
1974,PIT,NL,bevacku01,Kurt Bevacqua,18,7,18,9,0,0,0,0,8,0,1,0,0,1,0,6,3
1974,KCA,AL,bevacku01,Kurt Bevacqua,39,18,39,33,0,0,14,7,13,2,0,0,0,0,0,10,6
1974,TEX,AL,bibbyji01,Jim Bibby,41,0,0,41,41,0,0,0,0,0,0,0,0,0,0,0,
1974,MON,NL,biittla01,Larry Biittner,18,3,18,4,0,0,0,0,0,0,4,0,0,4,0,15,0
1974,SLN,NL,billidi01,Dick Billings,1,0,1,1,0,1,0,0,0,0,0,0,0,0,0,0,0
1974,TEX,AL,billidi01,Dick Billings,16,10,16,14,0,13,0,0,0,0,1,0,0,1,0,2,0
1974,CIN,NL,billija01,Jack Billingham,36,35,36,36,36,0,0,0,0,0,0,0,0,0,0,0,0
1974,BOS,AL,blackti01,Tim Blackwell,44,42,44,44,0,44,0,0,0,0,0,0,0,0,0,0,0
1974,MON,NL,blairde01,Dennis Blair,22,22,22,22,22,0,0,0,0,0,0,0,0,0,0,0,0
1974,BAL,AL,blairpa01,Paul Blair,151,136,151,151,0,0,0,0,0,0,0,151,0,151,0,5,1
1974,SFN,NL,blancda01,Damaso Blanco,5,0,5,0,0,0,0,0,0,0,0,0,0,0,0,1,4
1974,CLE,AL,blancos01,Ossie Blanco,18,11,18,16,0,0,16,0,0,0,0,0,0,0,0,1,1
1974,ATL,NL,blankla01,Larvell Blanks,3,2,3,2,0,0,0,0,0,2,0,0,0,0,0,1,0
1974,PIT,NL,blassst01,Steve Blass,1,0,1,1,1,0,0,0,0,0,0,0,0,0,0,0,0
1974,NYA,AL,blombro01,Ron Blomberg,90,71,90,19,0,0,0,0,0,0,2,0,17,19,56,13,5
1974,MIN,AL,blylebe01,Bert Blyleven,37,0,0,37,37,0,0,0,0,0,0,0,0,0,0,0,
1974,SFN,NL,boccajo01,John Boccabella,29,21,29,26,0,26,0,0,0,0,0,0,0,0,0,4,0
1974,CAL,AL,bochtbr01,Bruce Bochte,57,55,57,57,0,0,24,0,0,0,32,5,3,39,0,1,1
1974,NYN,NL,boiscbr01,Bruce Boisclair,7,3,7,5,0,0,0,0,0,0,2,3,0,5,0,0,3
1974,SFN,NL,bondsbo01,Bobby Bonds,150,146,150,148,0,0,0,0,0,0,0,8,141,148,0,3,0
1974,CHN,NL,bonhabi01,Bill Bonham,48,36,48,44,44,0,0,0,0,0,0,0,0,0,0,0,4
1974,PHI,NL,boonebo01,Bob Boone,146,142,146,146,0,146,0,0,0,0,0,0,0,0,0,1,0
1974,CIN,NL,borbope01,Pedro Borbon,73,0,73,73,73,0,0,0,0,0,0,0,0,0,0,0,0
1974,MIN,AL,borgmgl01,Glenn Borgmann,128,103,128,128,0,128,0,0,0,0,0,0,0,0,0,4,0
1974,CLE,AL,bosmadi01,Dick Bosman,25,0,0,25,25,0,0,0,0,0,0,0,0,0,0,0,
1974,NYN,NL,bosweke01,Ken Boswell,96,46,96,53,0,0,0,28,20,0,2,0,5,7,0,47,0
1974,OAK,AL,bourqpa01,Pat Bourque,73,18,73,39,0,0,39,0,0,0,0,0,0,0,5,39,0
1974,MIN,AL,bourqpa01,Pat Bourque,23,17,23,21,0,0,21,0,0,0,0,0,0,0,0,5,0
1974,CHA,AL,bradfbu01,Buddy Bradford,39,23,39,32,0,0,0,0,0,0,10,0,24,32,0,11,0
1974,SFN,NL,bradlto01,Tom Bradley,30,21,30,30,30,0,0,0,0,0,0,0,0,0,0,0,0
1974,MIN,AL,braunst01,Steve Braun,129,120,129,123,0,0,0,0,17,0,108,0,0,108,0,7,0
1974,MON,NL,breedha01,Hal Breeden,79,50,79,57,0,0,57,0,0,0,0,0,0,0,0,29,0
1974,KCA,AL,brettge01,George Brett,133,128,133,133,0,0,0,0,132,1,0,0,0,0,0,2,1
1974,PIT,NL,brettke01,Ken Brett,43,27,43,27,27,0,0,0,0,0,0,0,0,0,0,16,0
1974,LAN,NL,breweji01,Jim Brewer,24,0,24,24,24,0,0,0,0,0,0,0,0,0,0,0,0
1974,ML4,AL,briggjo02,John Briggs,154,145,154,149,0,0,0,0,0,0,148,1,0,149,1,7,0
1974,KCA,AL,brilene01,Nelson Briles,18,0,1,18,18,0,0,0,0,0,0,0,0,0,0,0,0
1974,CHA,AL,brinkch01,Chuck Brinkman,9,3,9,9,0,9,0,0,0,0,0,0,0,0,0,1,0
1974,PIT,NL,brinkch01,Chuck Brinkman,4,2,4,4,0,4,0,0,0,0,0,0,0,0,0,0,0
1974,DET,AL,brinked01,Ed Brinkman,153,153,153,153,0,0,0,0,2,151,0,0,0,0,0,0,0
1974,TEX,AL,brobepe01,Pete Broberg,12,0,0,12,12,0,0,0,0,0,0,0,0,0,0,0,
1974,SLN,NL,brocklo01,Lou Brock,153,150,153,152,0,0,0,0,0,0,152,0,0,152,0,3,0
1974,CLE,AL,brohaja01,Jack Brohamer,101,88,101,99,0,0,0,99,0,0,0,0,0,0,0,10,0
1974,DET,AL,brownga01,Gates Brown,73,13,73,0,0,0,0,0,0,0,0,0,0,0,13,60,0
1974,DET,AL,brownik01,Ike Brown,2,0,2,2,0,0,0,0,2,0,0,0,0,0,0,0,0
1974,TEX,AL,brownja01,Jackie Brown,35,0,0,35,35,0,0,0,0,0,0,0,0,0,0,0,
1974,TEX,AL,brownla01,Larry Brown,54,14,54,54,0,0,0,8,47,1,0,0,0,0,0,3,6
1974,HOU,NL,brownol02,Ollie Brown,27,17,27,20,0,0,0,0,0,0,0,0,20,20,0,8,0
1974,PHI,NL,brownol02,Ollie Brown,43,18,43,34,0,0,0,0,0,0,25,0,11,34,0,23,0
1974,SFN,NL,bryanro01,Ron Bryant,41,23,41,41,41,0,0,0,0,0,0,0,0,0,0,0,0
1974,LAN,NL,bucknbi01,Bill Buckner,145,134,145,142,0,0,6,0,0,0,135,0,3,137,0,9,0
1974,BAL,AL,bumbral01,Al Bumbry,94,68,94,67,0,0,0,0,0,0,67,0,0,67,3,9,16
1974,MIN,AL,burgmto01,Tom Burgmeier,51,0,1,50,50,0,0,0,0,0,0,0,0,0,0,0,1
1974,BOS,AL,burleri01,Rick Burleson,114,108,114,114,0,0,0,31,1,89,0,0,0,0,0,1,0
1974,CHN,NL,burrira01,Ray Burris,41,5,41,40,40,0,0,0,0,0,0,0,0,0,0,0,1
1974,TEX,AL,burroje01,Jeff Burroughs,152,152,152,151,0,0,2,0,0,0,0,0,150,150,1,0,0
1974,KCA,AL,busbyst01,Steve Busby,38,0,0,38,38,0,0,0,0,0,0,0,0,0,0,0,
1974,NYA,AL,busketo01,Tom Buskey,4,0,0,4,4,0,0,0,0,0,0,0,0,0,0,0,
1974,CLE,AL,busketo01,Tom Buskey,51,0,0,51,51,0,0,0,0,0,0,0,0,0,0,0,
1974,HOU,NL,bussera01,Ray Busse,19,6,19,8,0,0,0,0,8,0,0,0,0,0,0,12,0
1974,MIN,AL,butlebi02,Bill Butler,26,0,0,26,26,0,0,0,0,0,0,0,0,0,0,0,
1974,BAL,AL,cabelen01,Enos Cabell,80,43,80,65,0,0,28,1,19,0,1,0,22,22,0,4,22
1974,SFN,NL,caldwmi01,Mike Caldwell,31,27,31,31,31,0,0,0,0,0,0,0,0,0,0,0,0
1974,OAK,AL,campabe01,Bert Campaneris,134,133,134,133,0,0,0,0,0,133,0,0,0,0,1,0,1
1974,MIN,AL,campbbi02,Bill Campbell,63,0,0,63,63,0,0,0,0,0,0,0,0,0,0,0,
1974,HOU,NL,campbda01,Dave Campbell,35,3,35,18,0,0,6,9,2,0,1,0,0,1,0,14,9
1974,SDN,NL,cannich01,Chris Cannizzaro,26,23,26,26,0,26,0,0,0,0,0,0,0,0,0,0,0
1974,ATL,NL,caprabu01,Buzz Capra,39,27,39,39,39,0,0,0,0,0,0,0,0,0,0,0,0
1974,BOS,AL,carbobe01,Bernie Carbo,117,98,117,87,0,0,0,0,0,0,33,0,56,87,15,17,0
1974,CHN,NL,cardejo02,Jose Cardenal,143,135,143,137,0,0,0,0,0,0,33,1,107,137,0,8,0
1974,TEX,AL,cardele01,Leo Cardenas,34,24,34,30,0,0,0,0,21,10,0,0,0,0,3,2,0
1974,MIN,AL,carewro01,Rod Carew,153,147,153,148,0,0,0,148,0,0,0,0,0,0,0,6,0
1974,PHI,NL,carltst01,Steve Carlton,39,39,39,39,39,0,0,0,0,0,0,0,0,0,0,0,0
1974,MON,NL,carrido01,Don Carrithers,22,3,22,22,22,0,0,0,0,0,0,0,0,0,0,0,0
1974,CIN,NL,carrocl02,Clay Carroll,57,3,57,57,57,0,0,0,0,0,0,0,0,0,0,0,0
1974,CIN,NL,carroto02,Tom Carroll,16,13,16,16,16,0,0,0,0,0,0,0,0,0,0,0,0
1974,MON,NL,cartega01,Gary Carter,9,7,9,8,0,6,0,0,0,0,0,0,2,2,0,1,0
1974,CLE,AL,cartyri01,Rico Carty,33,19,33,8,0,0,8,0,0,0,0,0,0,0,11,14,0
1974,ATL,NL,casanpa01,Paul Casanova,42,29,42,33,0,33,0,0,0,0,0,0,0,0,0,10,0
1974,ML4,AL,castrbi01,Bill Castro,8,0,0,8,8,0,0,0,0,0,0,0,0,0,0,0,
1974,BOS,AL,caterda01,Danny Cater,56,28,56,23,0,0,23,0,0,0,0,0,0,0,11,25,0
1974,HOU,NL,cedence01,Cesar Cedeno,160,157,160,157,0,0,0,0,0,0,0,157,0,157,0,3,0
1974,KCA,AL,cepedor01,Orlando Cepeda,33,25,33,0,0,0,0,0,0,0,0,0,0,0,25,8,0
1974,CAL,AL,chalkda01,Dave Chalk,133,133,133,133,0,0,0,0,38,99,0,0,0,0,0,0,0
1974,NYA,AL,chambch01,Chris Chambliss,110,103,110,106,0,0,106,0,0,0,0,0,0,0,0,4,0
1974,CLE,AL,chambch01,Chris Chambliss,17,17,17,17,0,0,17,0,0,0,0,0,0,0,0,0,0
1974,ML4,AL,champbi01,Bill Champion,31,0,0,31,31,0,0,0,0,0,0,0,0,0,0,0,
1974,CIN,NL,chaneda01,Darrel Chaney,117,32,117,117,0,0,0,38,81,12,0,0,0,0,0,0,18
1974,PHI,NL,chrisla01,Larry Christenson,10,1,10,10,10,0,0,0,0,0,0,0,0,0,0,0,0
1974,NYA,AL,clarkho01,Horace Clarke,24,9,24,20,0,0,0,20,0,0,0,0,0,0,0,12,1
1974,SDN,NL,clarkho01,Horace Clarke,42,14,42,21,0,0,0,21,0,0,0,0,0,0,0,27,1
1974,BOS,AL,clemola01,Lance Clemons,6,0,0,6,6,0,0,0,0,0,0,0,0,0,0,0,
1974,BOS,AL,clevere01,Reggie Cleveland,41,0,0,41,41,0,0,0,0,0,0,0,0,0,0,0,
1974,PIT,NL,clinege01,Gene Clines,107,59,107,78,0,0,0,0,0,0,18,50,13,78,0,30,6
1974,TEX,AL,clydeda01,David Clyde,28,0,0,28,28,0,0,0,0,0,0,0,0,0,0,0,
1974,BAL,AL,coggiri01,Rich Coggins,113,97,113,105,0,0,0,0,0,0,2,30,90,105,0,14,1
1974,SDN,NL,colbena01,Nate Colbert,119,97,119,105,0,0,79,0,0,0,48,0,0,48,0,14,0
1974,ML4,AL,colboji01,Jim Colborn,33,0,0,33,33,0,0,0,0,0,0,0,0,0,0,0,
1974,DET,AL,colemjo05,Joe Coleman,41,0,0,41,41,0,0,0,0,0,0,0,0,0,0,0,
1974,ML4,AL,colucbo01,Bob Coluccio,138,110,138,131,0,0,0,0,0,0,3,103,35,131,0,4,11
1974,CIN,NL,conceda01,Dave Concepcion,160,155,160,160,0,0,0,0,0,160,0,1,0,1,0,2,2
1974,BOS,AL,coopece01,Cecil Cooper,121,102,121,74,0,0,74,0,0,0,0,0,0,0,39,10,4
1974,MIN,AL,corbira01,Ray Corbin,29,0,0,29,29,0,0,0,0,0,0,0,0,0,0,0,
1974,SDN,NL,corkimi01,Mike Corkins,30,2,30,25,25,0,0,0,0,0,0,0,0,0,0,0,5
1974,ATL,NL,correvi01,Vic Correll,73,57,73,59,0,59,0,0,0,0,0,0,0,0,0,14,0
1974,HOU,NL,cosgrmi01,Mike Cosgrove,45,0,45,45,45,0,0,0,0,0,0,0,0,0,0,0,0
1974,KCA,AL,cowenal01,Al Cowens,110,64,110,103,0,0,0,0,2,0,7,24,75,102,0,9,8
1974,LAN,NL,crawfwi01,Willie Crawford,139,125,139,133,0,0,0,0,0,0,0,2,132,133,0,11,0
1974,MON,NL,cromawa01,Warren Cromartie,8,6,8,6,0,0,0,0,0,0,6,0,0,6,0,1,1
1974,CLE,AL,crosbed01,Ed Crosby,37,16,37,34,0,0,0,3,18,13,0,0,0,0,0,11,2
1974,CIN,NL,crowlte01,Terry Crowley,84,24,84,29,0,0,7,0,0,0,1,0,21,22,0,58,0
1974,TEX,AL,cubbami01,Mike Cubbage,9,2,9,5,0,0,0,2,3,0,0,0,0,0,0,5,0
1974,BAL,AL,cuellmi01,Mike Cuellar,38,0,0,38,38,0,0,0,0,0,0,0,0,0,0,0,
1974,PHI,NL,culvege01,George Culver,14,0,14,14,14,0,0,0,0,0,0,0,0,0,0,0,0
1974,CAL,AL,cumbejo01,John Cumberland,17,0,0,17,17,0,0,0,0,0,0,0,0,0,0,0,
1974,SLN,NL,curtijo01,John Curtis,34,29,34,33,33,0,0,0,0,0,0,0,0,0,0,0,1
1974,SFN,NL,dacqujo01,John D'Acquisto,39,36,39,38,38,0,0,0,0,0,0,0,0,0,0,0,1
1974,KCA,AL,dalcabr01,Bruce Dal Canton,31,0,0,31,31,0,0,0,0,0,0,0,0,0,0,0,
1974,CIN,NL,darcypa01,Pat Darcy,6,2,6,6,6,0,0,0,0,0,0,0,0,0,0,0,0
1974,MIN,AL,darwibo01,Bobby Darwin,152,141,152,142,0,0,0,0,0,0,0,0,142,142,0,10,0
1974,OAK,AL,davalvi01,Vic Davalillo,17,2,17,6,0,0,0,0,0,0,2,2,2,6,0,12,0
1974,SLN,NL,davanje01,Jerry DaVanon,30,7,30,28,0,0,0,7,8,14,0,0,1,1,0,1,2
1974,BAL,AL,davisto02,Tommy Davis,158,154,158,0,0,0,0,0,0,0,0,0,0,0,154,4,0
1974,MON,NL,daviswi02,Willie Davis,153,144,153,151,0,0,0,0,0,0,0,151,0,151,0,6,0
1974,BAL,AL,decindo01,Doug DeCinces,1,0,1,1,0,0,0,0,1,0,0,0,0,0,0,0,1
1974,MIN,AL,deckejo01,Joe Decker,37,0,0,37,37,0,0,0,0,0,0,0,0,0,0,0,
1974,NYA,AL,deideji01,Jim Deidel,2,0,2,2,0,2,0,0,0,0,0,0,0,0,0,0,0
1974,LAN,NL,dejesiv01,Ivan de Jesus,3,0,3,2,0,0,0,0,0,2,0,0,0,0,0,1,1
1974,HOU,NL,delosra01,Ramon de los Santos,12,0,12,12,12,0,0,0,0,0,0,0,0,0,0,0,0
1974,PIT,NL,demerla01,Larry Demery,21,15,21,19,19,0,0,0,0,0,0,0,0,0,0,0,2
1974,MON,NL,demoldo01,Don DeMola,25,1,25,25,25,0,0,0,0,0,0,0,0,0,0,0,0
1974,NYA,AL,dempsri01,Rick Dempsey,43,25,43,32,0,31,0,0,0,0,1,0,1,2,0,12,2
1974,SLN,NL,dennyjo01,John Denny,2,0,2,2,2,0,0,0,0,0,0,0,0,0,0,0,0
1974,CHN,NL,dettoto01,Tom Dettore,16,9,16,16,16,0,0,0,0,0,0,0,0,0,0,0,0
1974,BOS,AL,didiebo01,Bob Didier,5,5,5,5,0,5,0,0,0,0,0,0,0,0,0,0,0
1974,HOU,NL,dierkla01,Larry Dierker,33,33,33,33,33,0,0,0,0,0,0,0,0,0,0,0,0
1974,PIT,NL,dilonmi01,Miguel Dilone,12,0,12,2,0,0,0,0,0,0,0,1,1,2,0,3,8
1974,PHI,NL,dioriro01,Ron Diorio,2,0,2,2,2,0,0,0,0,0,0,0,0,0,0,0,0
1974,CAL,AL,dobsoch01,Chuck Dobson,5,0,0,5,5,0,0,0,0,0,0,0,0,0,0,0,
1974,NYA,AL,dobsopa01,Pat Dobson,39,0,0,39,39,0,0,0,0,0,0,0,0,0,0,0,
1974,CAL,AL,doherjo01,John Doherty,74,64,74,70,0,0,70,0,0,0,0,0,0,0,1,9,0
1974,OAK,AL,donaljo01,John Donaldson,10,3,10,9,0,0,0,7,3,0,0,0,0,0,0,1,0
1974,LAN,NL,downial01,Al Downing,21,16,21,21,21,0,0,0,0,0,0,0,0,0,0,0,0
1974,CHA,AL,downibr01,Brian Downing,108,82,108,98,0,63,0,0,0,0,5,0,34,39,6,13,6
1974,CAL,AL,doylede01,Denny Doyle,147,144,147,146,0,0,0,146,0,2,0,0,0,0,0,1,0
1974,BOS,AL,dragodi01,Dick Drago,33,0,0,33,33,0,0,0,0,0,0,0,0,0,0,0,
1974,CIN,NL,driesda01,Dan Driessen,150,127,150,142,0,0,50,0,126,0,0,0,3,3,0,14,3
1974,CLE,AL,duffyfr01,Frank Duffy,158,156,158,158,0,0,0,0,0,158,0,0,0,0,0,0,0
1974,CLE,AL,duncada01,Dave Duncan,136,129,136,134,0,134,3,0,0,0,0,0,0,0,1,2,0
1974,TEX,AL,dunnist01,Steve Dunning,1,0,0,1,1,0,0,0,0,0,0,0,0,0,0,0,
1974,SLN,NL,dwyerji01,Jim Dwyer,74,10,74,28,0,0,3,0,0,0,8,1,18,26,0,52,4
1974,HOU,NL,easlemi01,Mike Easler,15,0,15,0,0,0,0,0,0,0,0,0,0,0,0,15,0
1974,ATL,NL,easteja01,Jamie Easterly,3,0,3,3,3,0,0,0,0,0,0,0,0,0,0,0,0
1974,CIN,NL,eastwra01,Rawly Eastwick,8,0,8,8,8,0,0,0,0,0,0,0,0,0,0,0,0
1974,HOU,NL,edwarjo01,Johnny Edwards,50,27,50,33,0,33,0,0,0,0,0,0,0,0,0,18,0
1974,CLE,AL,ellinbr01,Bruce Ellingsen,16,0,0,16,16,0,0,0,0,0,0,0,0,0,0,0,
1974,SDN,NL,elliora01,Randy Elliott,13,10,13,11,0,0,1,0,0,0,7,0,4,11,0,2,1
1974,PIT,NL,ellisdo01,Dock Ellis,30,26,30,26,26,0,0,0,0,0,0,0,0,0,0,0,4
1974,CLE,AL,ellisjo01,John Ellis,128,123,128,104,0,42,69,0,0,0,0,0,0,0,21,4,0
1974,ML4,AL,ellisro01,Rob Ellis,22,13,22,12,0,0,0,0,1,0,4,0,8,11,5,5,1
1974,MON,NL,enyarte01,Terry Enyart,2,0,2,2,2,0,0,0,0,0,0,0,0,0,0,0,0
1974,CAL,AL,epstemi01,Mike Epstein,18,18,18,18,0,0,18,0,0,0,0,0,0,0,0,0,0
1974,NYN,NL,espinni01,Nino Espinosa,2,1,2,2,2,0,0,0,0,0,0,0,0,0,0,0,0
1974,PHI,NL,essiaji01,Jim Essian,17,5,17,17,0,15,1,0,1,0,0,0,0,0,0,1,1
1974,BAL,AL,etchean01,Andy Etchebarren,62,51,62,60,0,60,0,0,0,0,0,0,0,0,0,4,0
1974,ATL,NL,evansda01,Darrell Evans,160,158,160,160,0,0,0,0,160,0,0,0,0,0,0,1,0
1974,BOS,AL,evansdw01,Dwight Evans,133,113,133,122,0,0,0,0,0,0,1,3,120,122,6,16,1
1974,TEX,AL,faheybi01,Bill Fahey,6,4,6,6,0,6,0,0,0,0,0,0,0,0,0,0,0
1974,MON,NL,fairlro01,Ron Fairly,101,81,101,86,0,0,67,0,0,0,19,0,1,20,0,20,0
1974,CHN,NL,fanzoca01,Carmen Fanzone,65,35,65,51,0,0,7,10,35,0,1,0,0,1,0,15,1
1974,PHI,NL,farmeed01,Ed Farmer,14,3,14,14,14,0,0,0,0,0,0,0,0,0,0,0,0
1974,LAN,NL,fergujo01,Joe Ferguson,111,98,111,106,0,82,0,0,0,0,0,0,32,32,0,8,0
1974,MIN,AL,ferrese01,Sergio Ferrer,24,15,24,21,0,0,0,1,0,20,0,0,0,0,0,1,4
1974,CAL,AL,figueed01,Ed Figueroa,25,0,0,25,25,0,0,0,0,0,0,0,0,0,0,0,
1974,OAK,AL,fingero01,Rollie Fingers,76,0,6,76,76,0,0,0,0,0,0,0,0,0,0,0,0
1974,KCA,AL,fitzmal01,Al Fitzmorris,34,0,0,34,34,0,0,0,0,0,0,0,0,0,0,0,
1974,KCA,AL,floydbo01,Bobby Floyd,10,3,10,8,0,0,0,5,2,1,0,0,0,0,0,0,3
1974,SLN,NL,folkeri01,Rich Folkers,55,0,55,55,55,0,0,0,0,0,0,0,0,0,0,0,0
1974,MON,NL,footeba01,Barry Foote,125,119,125,122,0,122,0,0,0,0,0,0,0,0,0,3,0
1974,SLN,NL,forscbo01,Bob Forsch,20,14,20,19,19,0,0,0,0,0,0,0,0,0,0,0,1
1974,HOU,NL,forscke01,Ken Forsch,70,0,70,70,70,0,0,0,0,0,0,0,0,0,0,0,0
1974,CHA,AL,forstte01,Terry Forster,59,0,5,59,59,0,0,0,0,0,0,0,0,0,0,0,0
1974,OAK,AL,fossera01,Ray Fosse,69,64,69,68,0,68,0,0,0,0,0,0,0,0,0,1,0
1974,SLN,NL,fosteal01,Alan Foster,33,25,33,31,31,0,0,0,0,0,0,0,0,0,0,0,2
1974,CIN,NL,fostege01,George Foster,106,65,106,97,0,0,0,0,0,0,6,45,71,97,0,20,7
1974,ATL,NL,fostele01,Leo Foster,72,23,72,54,0,0,0,9,3,44,0,0,1,1,0,12,18
1974,TEX,AL,foucast01,Steve Foucault,69,0,1,69,69,0,0,0,0,0,0,0,0,0,0,0,0
1974,CHN,NL,frailke01,Ken Frailing,58,16,58,55,55,0,0,0,0,0,0,0,0,0,0,0,3
1974,CIN,NL,freedro01,Roger Freed,6,0,6,1,0,0,1,0,0,0,0,0,0,0,0,6,0
1974,DET,AL,freehbi01,Bill Freehan,130,124,130,127,0,63,65,0,0,0,0,0,0,0,1,3,0
1974,TEX,AL,fregoji01,Jim Fregosi,78,71,78,76,0,0,47,0,32,0,0,0,0,0,0,4,1
1974,SDN,NL,freisda01,Dave Freisleben,33,31,33,33,33,0,0,0,0,0,0,0,0,0,0,0,0
1974,MON,NL,friaspe01,Pepe Frias,76,29,76,73,0,0,0,15,29,30,1,0,2,3,0,4,4
1974,ATL,NL,friseda01,Danny Frisella,36,1,36,36,36,0,0,0,0,0,0,0,0,0,0,0,0
1974,DET,AL,frymawo01,Woodie Fryman,27,0,0,27,27,0,0,0,0,0,0,0,0,0,0,0,
1974,SFN,NL,fuentti01,Tito Fuentes,108,94,108,103,0,0,0,103,0,0,0,0,0,0,0,7,1
1974,BAL,AL,fulleji01,Jim Fuller,64,50,64,62,0,0,4,0,0,0,4,0,56,59,1,6,0
1974,ATL,NL,fullejo01,John Fuller,3,0,3,1,0,0,0,0,0,0,0,1,0,1,0,2,0
1974,CIN,NL,gagliph01,Phil Gagliano,46,0,46,4,0,0,1,2,1,0,0,0,0,0,0,45,0
1974,HOU,NL,gallabo01,Bob Gallagher,102,5,102,65,0,0,4,0,0,0,5,4,53,62,0,43,21
1974,CLE,AL,gamblos01,Oscar Gamble,135,124,135,13,0,0,0,0,0,0,12,0,1,13,112,10,0
1974,KCA,AL,garbege01,Gene Garber,17,0,1,17,17,0,0,0,0,0,0,0,0,0,0,0,0
1974,PHI,NL,garbege01,Gene Garber,34,0,34,34,34,0,0,0,0,0,0,0,0,0,0,0,0
1974,ML4,AL,garcipe01,Pedro Garcia,141,136,141,140,0,0,0,140,0,0,0,0,0,0,0,0,2
1974,SDN,NL,garcira02,Ralph Garcia,8,0,8,8,8,0,0,0,0,0,0,0,0,0,0,0,0
1974,BAL,AL,garlawa01,Wayne Garland,20,0,0,20,20,0,0,0,0,0,0,0,0,0,0,0,
1974,SLN,NL,garmami01,Mike Garman,64,0,64,64,64,0,0,0,0,0,0,0,0,0,0,0,0
1974,OAK,AL,garneph01,Phil Garner,30,6,30,28,0,0,0,3,19,8,0,0,0,0,0,1,4
1974,CHN,NL,garread01,Adrian Garrett,10,0,10,5,0,3,1,0,0,0,1,0,0,1,0,7,0
1974,NYN,NL,garrewa01,Wayne Garrett,151,142,151,149,0,0,0,0,144,9,0,0,0,0,0,4,0
1974,LAN,NL,garvest01,Steve Garvey,156,156,156,156,0,0,156,0,0,0,0,0,0,0,0,0,0
1974,SDN,NL,gasparo01,Rod Gaspar,33,0,33,10,0,0,2,0,0,0,2,5,1,8,0,15,12
1974,SDN,NL,gastoci01,Cito Gaston,106,57,106,63,0,0,0,0,0,0,18,0,50,63,0,44,2
1974,MON,NL,gebhabo01,Bob Gebhard,1,0,1,1,1,0,0,0,0,0,0,0,0,0,0,0,0
1974,ATL,NL,gentrga01,Gary Gentry,3,1,3,3,3,0,0,0,0,0,0,0,0,0,0,0,0
1974,SDN,NL,gerharu01,Rusty Gerhardt,23,1,23,23,23,0,0,0,0,0,0,0,0,0,0,0,0
1974,CIN,NL,geronce01,Cesar Geronimo,150,114,150,145,0,0,0,0,0,0,0,145,0,145,0,9,3
1974,SLN,NL,gibsobo01,Bob Gibson,33,33,33,33,33,0,0,0,0,0,0,0,0,0,0,0,0
1974,CAL,AL,gilbrbi01,Bill Gilbreth,3,0,0,3,3,0,0,0,0,0,0,0,0,0,0,0,
1974,ATL,NL,gilbrro01,Rod Gilbreath,3,2,3,2,0,0,0,2,0,0,0,0,0,0,0,0,1
1974,PIT,NL,giustda01,Dave Giusti,64,2,64,64,64,0,0,0,0,0,0,0,0,0,0,0,0
1974,SLN,NL,godbyda01,Danny Godby,13,2,13,4,0,0,0,0,0,0,2,0,2,4,0,9,0
1974,BOS,AL,goggich01,Chuck Goggin,2,0,2,2,0,0,0,2,0,0,0,0,0,0,0,0,0
1974,CLE,AL,gogolbi01,Bill Gogolewski,5,0,0,5,5,0,0,0,0,0,0,0,0,0,0,0,
1974,MIN,AL,goltzda01,Dave Goltz,28,0,1,28,28,0,0,0,0,0,0,0,0,0,0,0,0
1974,MIN,AL,gomezlu01,Luis Gomez,82,61,82,76,0,0,0,2,0,74,0,0,0,0,0,1,11
1974,NYA,AL,gonzafe01,Fernando Gonzalez,51,36,51,50,0,0,0,42,7,3,0,0,0,0,0,3,3
1974,KCA,AL,gonzafe01,Fernando Gonzalez,9,4,9,8,0,0,0,0,8,0,0,0,0,0,1,0,1
1974,SFN,NL,goodsed01,Ed Goodson,98,75,98,81,0,0,73,0,8,0,0,0,0,0,0,21,0
1974,NYN,NL,gosgeji01,Jim Gosger,26,6,26,24,0,0,0,0,0,0,9,11,4,24,0,3,3
1974,CHA,AL,gossari01,Rich Gossage,39,0,0,39,39,0,0,0,0,0,0,0,0,0,0,0,
1974,CHN,NL,grababi01,Billy Grabarkewitz,53,32,53,52,0,0,0,45,6,7,0,0,0,0,0,1,5
1974,PHI,NL,grababi01,Billy Grabarkewitz,34,5,34,6,0,0,0,0,1,0,5,0,0,5,0,17,12
1974,CHA,AL,grangwa01,Wayne Granger,5,0,0,5,5,0,0,0,0,0,0,0,0,0,0,0,
1974,OAK,AL,greendi01,Dick Green,100,95,100,100,0,0,0,100,0,0,0,0,0,0,0,0,0
1974,SDN,NL,greifbi01,Bill Greif,46,35,46,43,43,0,0,0,0,0,0,0,0,0,0,0,3
1974,BAL,AL,grichbo01,Bobby Grich,160,160,160,160,0,0,0,160,0,0,0,0,0,0,0,0,0
1974,TEX,AL,grievto01,Tom Grieve,84,68,84,39,0,0,1,0,0,0,31,0,7,38,34,13,0
1974,BOS,AL,griffdo01,Doug Griffin,93,89,93,91,0,0,0,91,0,1,0,0,0,0,0,2,2
1974,CIN,NL,griffke01,Ken Griffey,88,66,88,71,0,0,0,0,0,0,2,0,69,71,0,17,3
1974,HOU,NL,griffto02,Tom Griffin,37,34,37,34,34,0,0,0,0,0,0,0,0,0,0,1,2
1974,BAL,AL,grimsro02,Ross Grimsley,40,0,0,40,40,0,0,0,0,0,0,0,0,0,0,0,
1974,HOU,NL,grossgr01,Greg Gross,156,145,156,151,0,0,0,0,0,0,56,0,143,151,0,7,1
1974,NYN,NL,groteje01,Jerry Grote,97,92,97,94,0,94,0,0,0,0,0,0,0,0,0,4,0
1974,SDN,NL,grubbjo01,Johnny Grubb,140,111,140,122,0,0,0,0,2,0,8,114,0,122,0,19,1
1974,BOS,AL,guerrma01,Mario Guerrero,93,81,93,93,0,0,0,0,0,93,0,0,0,0,0,1,0
1974,CIN,NL,gulledo01,Don Gullett,39,35,39,36,36,0,0,0,0,0,0,0,0,0,0,1,2
1974,CHA,AL,hairsje01,Jerry Hairston,45,24,45,22,0,0,0,0,0,0,19,0,3,22,9,15,2
1974,SFN,NL,haliced01,Ed Halicki,16,11,16,16,16,0,0,0,0,0,0,0,0,0,0,0,0
1974,OAK,AL,hamilda01,Dave Hamilton,29,0,2,29,29,0,0,0,0,0,0,0,0,0,0,0,0
1974,NYN,NL,hamptik01,Ike Hampton,4,0,4,1,0,1,0,0,0,0,0,0,0,0,0,4,0
1974,MIN,AL,handsbi01,Bill Hands,35,0,0,35,35,0,0,0,0,0,0,0,0,0,0,0,
1974,TEX,AL,handsbi01,Bill Hands,2,0,0,2,2,0,0,0,0,0,0,0,0,0,0,0,
1974,OAK,AL,haneyla01,Larry Haney,76,40,76,76,0,73,1,0,3,0,0,0,0,0,0,2,0
1974,ML4,AL,hansebo01,Bob Hansen,58,13,58,3,0,0,3,0,0,0,0,0,0,0,12,43,0
1974,SDN,NL,hardyla01,Larry Hardy,76,1,76,76,76,0,0,0,0,0,0,0,0,0,0,0,0
1974,TEX,AL,hargast01,Steve Hargan,37,0,0,37,37,0,0,0,0,0,0,0,0,0,0,0,
1974,TEX,AL,hargrmi01,Mike Hargrove,131,102,131,94,0,0,91,0,0,0,6,0,0,6,27,17,0
1974,PHI,NL,harmote01,Terry Harmon,27,1,27,9,0,0,0,5,0,7,0,0,0,0,0,11,9
1974,BOS,AL,harpeto01,Tommy Harper,118,107,118,61,0,0,0,0,0,0,61,0,0,61,49,6,5
1974,TEX,AL,harrato01,Toby Harrah,161,160,161,161,0,0,0,0,3,158,0,0,0,0,0,0,0
1974,NYN,NL,harrebu01,Bud Harrelson,106,92,106,97,0,0,0,0,0,97,0,0,0,0,0,2,10
1974,ATL,NL,harriro01,Roric Harrison,20,20,20,20,20,0,0,0,0,0,0,0,0,0,0,0,0
1974,CHN,NL,harrivi01,Vic Harris,62,50,62,56,0,0,0,56,0,0,0,0,0,0,0,8,1
1974,CAL,AL,hasslan01,Andy Hassler,23,0,0,23,23,0,0,0,0,0,0,0,0,0,0,0,
1974,KCA,AL,healyfr02,Fran Healy,139,129,139,138,0,138,0,0,0,0,0,0,0,0,0,6,1
1974,PIT,NL,hebneri01,Richie Hebner,146,139,146,141,0,0,0,0,141,0,0,0,0,0,0,7,0
1974,NYA,AL,heganmi01,Mike Hegan,18,13,18,17,0,0,17,0,0,0,0,0,0,0,0,1,3
1974,ML4,AL,heganmi01,Mike Hegan,89,56,89,34,0,0,17,0,0,0,4,0,13,17,28,28,0
1974,SLN,NL,heideja01,Jack Heidemann,47,11,47,46,0,0,0,0,1,45,0,0,0,0,0,6,2
1974,CLE,AL,heideja01,Jack Heidemann,12,2,12,12,0,0,1,1,6,4,0,0,0,0,0,1,2
1974,SLN,NL,heintto01,Tom Heintzelman,38,19,38,32,0,0,0,29,2,1,0,0,0,0,0,8,2
1974,CAL,AL,heisebo01,Bob Heise,29,19,29,25,0,0,0,17,6,3,0,0,0,0,0,1,4
1974,SLN,NL,heisebo01,Bob Heise,3,2,3,3,0,0,0,3,0,0,0,0,0,0,0,0,0
1974,HOU,NL,helmsto01,Tommy Helms,137,130,137,133,0,0,0,133,0,0,0,0,0,0,0,6,0
1974,CHA,AL,hendejo01,Joe Henderson,5,0,1,5,5,0,0,0,0,0,0,0,0,0,0,0,0
1974,CHA,AL,hendeke01,Ken Henderson,162,159,162,162,0,0,0,0,0,0,0,162,0,162,0,0,0
1974,BAL,AL,hendrel01,Elrod Hendricks,66,41,66,55,0,54,1,0,0,0,0,0,0,0,0,16,1
1974,CLE,AL,hendrge01,George Hendrick,139,133,139,133,0,0,0,0,0,0,1,132,0,133,0,6,0
1974,CLE,AL,hermore01,Remy Hermoso,48,38,48,46,0,0,0,46,0,0,0,0,0,0,0,3,2
1974,SDN,NL,hernaen01,Enzo Hernandez,147,144,147,145,0,0,0,0,0,145,0,0,0,0,0,2,1
1974,PHI,NL,hernaje01,Jesus Hernaiz,27,0,27,27,27,0,0,0,0,0,0,0,0,0,0,0,0
1974,SLN,NL,hernake01,Keith Hernandez,14,8,14,9,0,0,9,0,0,0,0,0,0,0,0,5,0
1974,PIT,NL,hernara01,Ramon Hernandez,58,0,58,58,58,0,0,0,0,0,0,0,0,0,0,0,0
1974,SLN,NL,herndla01,Larry Herndon,12,0,12,1,0,0,0,0,0,0,0,1,0,1,0,0,11
1974,CHA,AL,herrmed01,Ed Herrmann,107,107,107,107,0,107,0,0,0,0,0,0,0,0,0,0,0
1974,SLN,NL,hickmji02,Jim Hickman,50,6,50,15,0,0,14,0,1,0,0,0,0,0,0,38,0
1974,CLE,AL,hilgeto01,Tom Hilgendorf,35,0,0,35,35,0,0,0,0,0,0,0,0,0,0,0,
1974,DET,AL,hillejo01,John Hiller,59,0,0,59,59,0,0,0,0,0,0,0,0,0,0,0,
1974,SDN,NL,hiltoda01,Dave Hilton,74,57,74,66,0,0,0,15,55,0,0,0,0,0,0,10,1
1974,CHN,NL,hiserge01,Gene Hiser,12,2,12,8,0,0,0,0,0,0,6,1,1,8,0,5,2
1974,MIN,AL,hislela01,Larry Hisle,143,127,143,137,0,0,0,0,0,0,74,52,27,137,0,12,1
1974,NYN,NL,hodgero01,Ron Hodges,59,35,59,45,0,45,0,0,0,0,0,0,0,0,0,16,0
1974,KCA,AL,hoernjo01,Joe Hoerner,30,0,1,30,30,0,0,0,0,0,0,0,0,0,0,0,0
1974,DET,AL,holdsfr01,Fred Holdsworth,8,0,0,8,8,0,0,0,0,0,0,0,0,0,0,0,
1974,OAK,AL,holtzke01,Ken Holtzman,39,0,1,39,39,0,0,0,0,0,0,0,0,0,0,0,0
1974,OAK,AL,hootele01,Leon Hooten,6,0,0,6,6,0,0,0,0,0,0,0,0,0,0,0,
1974,CHN,NL,hootobu01,Burt Hooton,48,21,48,48,48,0,0,0,0,0,0,0,0,0,0,0,0
1974,LAN,NL,hopkiga01,Gail Hopkins,15,1,15,3,0,2,2,0,0,0,0,0,0,0,0,14,0
1974,DET,AL,hortowi01,Willie Horton,72,65,72,64,0,0,0,0,0,0,64,0,0,64,1,7,0
1974,OAK,AL,hosleti01,Tim Hosley,11,0,11,9,0,8,1,0,0,0,0,0,0,0,0,6,2
1974,LAN,NL,houghch01,Charlie Hough,49,0,49,49,49,0,0,0,0,0,0,0,0,0,0,0,0
1974,ATL,NL,houseto01,Tom House,56,0,56,56,56,0,0,0,0,0,0,0,0,0,0,0,0
1974,CAL,AL,howardo01,Doug Howard,22,9,22,13,0,0,5,0,0,0,2,6,0,8,1,11,1
1974,SFN,NL,howarji01,Jim Howarth,6,0,6,1,0,0,0,0,0,0,1,0,0,1,0,4,1
1974,HOU,NL,howarwi01,Wilbur Howard,64,23,64,50,0,0,0,0,0,0,41,6,4,50,0,9,21
1974,TEX,AL,howelro02,Roy Howell,13,12,13,12,0,0,0,0,12,0,0,0,0,0,0,1,0
1974,SLN,NL,hraboal01,Al Hrabosky,66,0,66,65,65,0,0,0,0,0,0,0,0,0,0,0,1
1974,LAN,NL,hudsore01,Rex Hudson,1,0,1,1,1,0,0,0,0,0,0,0,0,0,0,0,0
1974,MIN,AL,hugheji03,Jim Hughes,2,0,0,2,2,0,0,0,0,0,0,0,0,0,0,0,
1974,BOS,AL,hughete01,Terry Hughes,41,21,41,36,0,0,0,0,36,0,0,0,0,0,1,1,10
1974,MON,NL,humphte01,Terry Humphrey,20,16,20,17,0,17,0,0,0,0,0,0,0,0,0,3,0
1974,MIN,AL,hundlra01,Randy Hundley,32,24,32,28,0,28,0,0,0,0,0,0,0,0,0,3,2
1974,OAK,AL,hunteca01,Catfish Hunter,41,0,2,41,41,0,0,0,0,0,0,0,0,0,0,0,0
1974,CHN,NL,hutsohe01,Herb Hutson,20,2,20,20,20,0,0,0,0,0,0,0,0,0,0,0,0
1974,PHI,NL,huttoto01,Tom Hutton,96,56,96,72,0,0,39,0,0,0,34,0,0,34,0,29,1
1974,BAL,AL,jacksgr01,Grant Jackson,49,0,0,49,49,0,0,0,0,0,0,0,0,0,0,0,
1974,OAK,AL,jacksre01,Reggie Jackson,148,145,148,127,0,0,0,0,0,0,0,3,126,127,19,3,0
1974,ATL,NL,jacksso01,Sonny Jackson,5,1,5,1,0,0,0,0,0,0,0,0,1,1,0,4,0
1974,BAL,AL,jeffeje01,Jesse Jefferson,20,0,0,20,20,0,0,0,0,0,0,0,0,0,0,0,
1974,TEX,AL,jenkife01,Fergie Jenkins,41,1,1,41,41,0,0,0,0,0,0,0,0,0,0,0,0
1974,CLE,AL,jeterjo01,Johnny Jeter,6,4,6,6,0,0,0,0,0,0,5,1,0,6,0,1,1
1974,PIT,NL,jimenju01,Juan Jimenez,4,0,4,4,4,0,0,0,0,0,0,0,0,0,0,0,0
1974,NYA,AL,johnsal01,Alex Johnson,10,4,10,1,0,0,0,0,0,0,1,0,0,1,4,6,0
1974,TEX,AL,johnsal01,Alex Johnson,114,110,114,81,0,0,0,0,0,0,81,0,0,81,32,1,1
1974,CHA,AL,johnsba01,Bart Johnson,18,0,0,18,18,0,0,0,0,0,0,0,0,0,0,0,
1974,CLE,AL,johnsbo03,Bob Johnson,14,0,0,14,14,0,0,0,0,0,0,0,0,0,0,0,
1974,HOU,NL,johnscl01,Cliff Johnson,83,38,83,47,0,28,21,0,0,0,0,0,0,0,0,41,1
1974,ATL,NL,johnsda02,Davey Johnson,136,132,136,134,0,0,73,71,0,0,0,0,0,0,0,4,0
1974,BAL,AL,johnsda03,Dave Johnson,11,0,0,11,11,0,0,0,0,0,0,0,0,0,0,0,
1974,OAK,AL,johnsde01,Deron Johnson,50,47,50,28,0,0,28,0,0,0,0,0,0,0,22,3,0
1974,BOS,AL,johnsde01,Deron Johnson,11,5,11,0,0,0,0,0,0,0,0,0,0,0,5,6,0
1974,ML4,AL,johnsde01,Deron Johnson,49,46,49,2,0,0,2,0,0,0,0,0,0,0,45,2,0
1974,PHI,NL,johnsja01,Jay Johnstone,64,56,64,59,0,0,0,0,0,0,31,1,42,59,0,7,0
1974,HOU,NL,johnsje01,Jerry Johnson,34,0,34,34,34,0,0,0,0,0,0,0,0,0,0,0,0
1974,CLE,AL,johnsla01,Larry Johnson,1,0,1,0,0,0,0,0,0,0,0,0,0,0,0,0,1
1974,CHA,AL,johnsla02,Lamar Johnson,10,8,10,7,0,0,7,0,0,0,0,0,0,0,2,1,0
1974,SDN,NL,johnsmi01,Mike Johnson,18,0,18,18,18,0,0,0,0,0,0,0,0,0,0,0,0
1974,ML4,AL,johnsti01,Tim Johnson,93,63,93,88,0,0,0,26,1,64,1,0,0,1,0,8,7
1974,MIN,AL,johnsto02,Tom Johnson,4,0,1,4,4,0,0,0,0,0,0,0,0,0,0,0,0
1974,TEX,AL,jonesbo02,Bob Jones,2,1,2,2,0,0,0,0,0,0,2,0,0,2,0,0,0
1974,NYN,NL,jonescl01,Cleon Jones,124,116,124,120,0,0,0,0,0,0,117,3,3,120,0,6,1
1974,SDN,NL,jonesra01,Randy Jones,46,34,46,40,40,0,0,0,0,0,0,0,0,0,0,0,6
1974,MON,NL,jorgemi01,Mike Jorgensen,131,72,131,113,0,0,91,0,0,0,28,0,2,29,0,32,11
1974,LAN,NL,joshuvo01,Von Joshua,81,18,81,35,0,0,0,0,0,0,11,17,7,35,0,51,2
1974,HOU,NL,jutzesk01,Skip Jutze,8,4,8,7,0,7,0,0,0,0,0,0,0,0,0,0,3
1974,DET,AL,kalinal01,Al Kaline,147,144,147,0,0,0,0,0,0,0,0,0,0,0,144,3,0
1974,HOU,NL,kellemi02,Mick Kelleher,19,16,19,18,0,0,0,0,0,18,0,0,0,0,0,0,1
1974,CHA,AL,kellypa01,Pat Kelly,122,105,122,53,0,0,0,0,0,0,1,0,52,53,59,7,5
1974,SDN,NL,kendafr01,Fred Kendall,141,111,141,133,0,133,0,0,0,0,0,0,0,0,0,22,0
1974,BOS,AL,kennejo03,John Kennedy,10,3,10,10,0,0,0,6,4,0,0,0,0,0,0,0,2
1974,CIN,NL,kenneju01,Junior Kennedy,22,4,22,21,0,0,0,17,5,0,0,0,0,0,0,2,1
1974,CHN,NL,kessido01,Don Kessinger,153,147,153,150,0,0,0,0,0,150,0,0,0,0,0,3,0
1974,MIN,AL,killeha01,Harmon Killebrew,122,84,122,33,0,0,33,0,0,0,0,0,0,0,53,38,0
1974,SFN,NL,kingmda01,Dave Kingman,121,91,121,112,0,0,91,0,21,0,1,0,2,3,0,12,8
1974,CIN,NL,kirbycl01,Clay Kirby,36,35,36,36,36,0,0,0,0,0,0,0,0,0,0,0,0
1974,PIT,NL,kirkped01,Ed Kirkpatrick,116,66,116,80,0,5,60,0,0,0,1,3,11,15,0,42,0
1974,CAL,AL,kirkwdo01,Don Kirkwood,3,0,0,3,3,0,0,0,0,0,0,0,0,0,0,0,
1974,PIT,NL,kisonbr01,Bruce Kison,40,16,40,40,40,0,0,0,0,0,0,0,0,0,0,0,0
1974,CLE,AL,klinest01,Steve Kline,16,0,0,16,16,0,0,0,0,0,0,0,0,0,0,0,
1974,NYA,AL,klinest01,Steve Kline,4,0,0,4,4,0,0,0,0,0,0,0,0,0,0,0,
1974,CIN,NL,knighra01,Ray Knight,14,1,14,14,0,0,0,0,14,0,0,0,0,0,0,0,0
1974,OAK,AL,knowlda01,Darold Knowles,45,0,5,45,45,0,0,0,0,0,0,0,0,0,0,0,0
1974,ML4,AL,kobelke01,Kevin Kobel,34,0,0,34,34,0,0,0,0,0,0,0,0,0,0,0,
1974,HOU,NL,koniedo01,Doug Konieczny,6,3,6,6,6,0,0,0,0,0,0,0,0,0,0,0,0
1974,NYN,NL,koosmje01,Jerry Koosman,35,35,35,35,35,0,0,0,0,0,0,0,0,0,0,0,0
1974,CIN,NL,koscoan01,Andy Kosco,33,5,33,10,0,0,0,0,8,0,1,0,1,2,0,24,0
1974,NYN,NL,kraneed01,Ed Kranepool,94,49,94,56,0,0,23,0,0,0,33,0,1,34,0,41,0
1974,ATL,NL,krausle02,Lew Krausse,29,4,29,29,29,0,0,0,0,0,0,0,0,0,0,0,0
1974,CHN,NL,kremmji01,Jim Kremmel,23,2,23,23,23,0,0,0,0,0,0,0,0,0,0,0,0
1974,OAK,AL,kubiate01,Ted Kubiak,99,66,99,95,0,0,0,71,14,19,0,0,0,0,0,6,1
1974,CHA,AL,kucekja01,Jack Kucek,9,0,0,9,9,0,0,0,0,0,0,0,0,0,0,0,
1974,CLE,AL,kuipedu01,Duane Kuiper,10,5,10,8,0,0,0,8,0,0,0,0,0,0,0,1,2
1974,MIN,AL,kusiccr01,Craig Kusick,76,57,76,75,0,0,75,0,0,0,0,0,0,0,0,8,1
1974,CHN,NL,lacocpe01,Pete LaCock,35,26,35,33,0,0,11,0,0,0,0,0,23,23,0,6,0
1974,DET,AL,lagrole01,Lerrin LaGrow,37,0,0,37,37,0,0,0,0,0,0,0,0,0,0,0,
1974,CAL,AL,lahoujo01,Joe Lahoud,127,85,127,106,0,0,0,0,0,0,70,0,39,106,8,19,4
1974,DET,AL,lamonge01,Gene Lamont,60,29,60,60,0,60,0,0,0,0,0,0,0,0,0,0,0
1974,CAL,AL,langedi01,Dick Lange,29,0,8,21,21,0,0,0,0,0,0,0,0,0,0,0,8
1974,CHN,NL,larocda01,Dave LaRoche,50,4,50,49,49,0,0,0,0,0,0,0,0,0,0,1,0
1974,SFN,NL,lavelga01,Gary Lavelle,10,0,10,10,10,0,0,0,0,0,0,0,0,0,0,0,0
1974,SDN,NL,laxtobi01,Bill Laxton,30,1,30,30,30,0,0,0,0,0,0,0,0,0,0,0,0
1974,DET,AL,lefloro01,Ron LeFlore,59,59,59,59,0,0,0,0,0,0,0,59,0,59,0,0,0
1974,DET,AL,lemanda01,Dave Lemanczyk,22,0,0,22,22,0,0,0,0,0,0,0,0,0,0,0,
1974,KCA,AL,leonade01,Dennis Leonard,5,0,0,5,5,0,0,0,0,0,0,0,0,0,0,0,
1974,SLN,NL,lerscba01,Barry Lersch,1,0,1,1,1,0,0,0,0,0,0,0,0,0,0,0,0
1974,ML4,AL,lezcasi01,Sixto Lezcano,15,14,15,15,0,0,0,0,0,0,0,0,15,15,0,0,1
1974,OAK,AL,lindbpa01,Paul Lindblad,45,0,3,45,45,0,0,0,0,0,0,0,0,0,0,0,0
1974,MON,NL,lintzla01,Larry Lintz,113,81,113,99,0,0,0,66,2,31,0,0,0,0,0,2,20
1974,PHI,NL,linzyfr01,Frank Linzy,22,0,22,22,22,0,0,0,0,0,0,0,0,0,0,0,0
1974,CAL,AL,llenawi01,Winston Llenas,72,25,72,49,0,0,0,15,2,0,25,0,7,32,6,41,0
1974,SDN,NL,locklge01,Gene Locklear,39,11,39,12,0,0,0,0,0,0,8,0,4,12,0,28,0
1974,CAL,AL,lockwsk01,Skip Lockwood,37,0,0,37,37,0,0,0,0,0,0,0,0,0,0,0,
1974,DET,AL,lolicmi01,Mickey Lolich,41,0,0,41,41,0,0,0,0,0,0,0,0,0,0,0,
1974,PHI,NL,lonboji01,Jim Lonborg,39,39,39,39,39,0,0,0,0,0,0,0,0,0,0,0,0
1974,LAN,NL,lopesda01,Davey Lopes,145,133,145,143,0,0,0,143,0,0,0,0,0,0,0,0,5
1974,KCA,AL,lopezau01,Aurelio Lopez,8,0,0,8,8,0,0,0,0,0,0,0,0,0,0,0,
1974,TEX,AL,lovitjo01,Joe Lovitto,113,77,113,109,0,0,5,0,0,0,0,106,1,107,0,2,4
1974,CLE,AL,lowenjo01,John Lowenstein,140,132,140,137,0,0,12,4,28,0,89,8,6,100,0,2,2
1974,CHN,NL,lundsto01,Tom Lundstedt,22,9,22,22,0,22,0,0,0,0,0,0,0,0,0,0,0
1974,PHI,NL,luzingr01,Greg Luzinski,85,81,85,82,0,0,0,0,0,0,82,0,0,82,0,4,0
1974,MON,NL,lyttlji01,Jim Lyttle,25,0,25,19,0,0,0,0,0,0,18,1,0,19,0,8,1
1974,PIT,NL,machake01,Ken Macha,5,0,5,1,0,1,0,0,0,0,0,0,0,0,0,5,0
1974,TEX,AL,mackape01,Pete Mackanin,2,0,2,2,0,0,0,0,0,2,0,0,0,0,0,1,0
1974,NYA,AL,maddoel01,Elliott Maddox,137,115,137,135,0,0,0,2,1,0,0,112,25,135,0,3,3
1974,SFN,NL,maddoga01,Garry Maddox,135,127,135,131,0,0,0,0,0,0,0,131,0,131,0,6,0
1974,CHN,NL,madlobi01,Bill Madlock,128,120,128,121,0,0,0,0,121,0,0,0,0,0,0,8,0
1974,OAK,AL,manguan01,Angel Mangual,115,94,115,74,0,0,0,0,1,0,26,28,29,74,37,13,0
1974,MON,NL,mangupe01,Pepe Mangual,23,14,23,22,0,0,0,0,0,0,19,3,7,22,0,4,1
1974,LAN,NL,manuech01,Charlie Manuel,4,0,4,0,0,0,0,0,0,0,0,0,0,0,0,4,0
1974,BOS,AL,maricju01,Juan Marichal,11,0,0,11,11,0,0,0,0,0,0,0,0,0,0,0,
1974,CHN,NL,marqugo01,Gonzalo Marquez,11,0,11,1,0,0,1,0,0,0,0,0,0,0,0,11,0
1974,LAN,NL,marshmi01,Mike Marshall,106,0,106,106,106,0,0,0,0,0,0,0,0,0,0,0,0
1974,KCA,AL,martibu01,Buck Martinez,43,31,43,38,0,38,0,0,0,0,0,0,0,0,0,5,0
1974,PHI,NL,martije01,Jerry Martin,13,2,13,12,0,0,0,0,0,0,6,4,3,12,0,4,3
1974,NYN,NL,martite01,Ted Martinez,116,90,116,103,0,0,0,11,12,75,0,10,0,10,0,8,12
1974,NYA,AL,martiti01,Tippy Martinez,10,0,0,10,10,0,0,0,0,0,0,0,0,0,0,0,
1974,NYA,AL,masonji01,Jim Mason,152,144,152,152,0,0,0,0,0,152,0,0,0,0,0,0,0
1974,NYN,NL,matlajo01,Jon Matlack,34,34,34,34,34,0,0,0,0,0,0,0,0,0,0,0,0
1974,SFN,NL,matthga01,Gary Matthews,154,144,154,151,0,0,0,0,0,0,151,0,0,151,0,5,2
1974,OAK,AL,maxvida01,Dal Maxvill,60,21,60,60,0,0,0,30,1,29,0,0,0,0,0,0,1
1974,PIT,NL,maxvida01,Dal Maxvill,8,7,8,8,0,0,0,0,0,8,0,0,0,0,0,0,0
1974,KCA,AL,maybejo01,John Mayberry,126,116,126,106,0,0,106,0,0,0,0,0,0,0,16,9,0
1974,MON,NL,mcanaer01,Ernie McAnally,25,21,25,25,25,0,0,0,0,0,0,0,0,0,0,0,0
1974,SDN,NL,mcandji01,Jim McAndrew,15,5,15,15,15,0,0,0,0,0,0,0,0,0,0,0,0
1974,BOS,AL,mcauldi01,Dick McAuliffe,100,72,100,87,0,0,0,53,40,3,0,0,0,0,2,15,4
1974,SLN,NL,mcbriba01,Bake McBride,150,138,150,144,0,0,0,0,0,0,0,144,0,144,0,8,1
1974,BOS,AL,mccarti01,Tim McCarver,11,7,11,8,0,8,0,0,0,0,0,0,0,0,1,4,0
1974,SLN,NL,mccarti01,Tim McCarver,74,20,74,26,0,20,6,0,0,0,0,0,0,0,0,53,0
1974,SDN,NL,mccovwi01,Willie McCovey,128,103,128,104,0,0,104,0,0,0,0,0,0,0,0,24,0
1974,CAL,AL,mccrato01,Tommy McCraw,56,28,56,40,0,0,29,0,0,0,7,0,5,12,1,17,5
1974,CLE,AL,mccrato01,Tommy McCraw,45,28,45,39,0,0,38,0,0,0,0,1,0,1,0,9,1
1974,KCA,AL,mcdanli01,Lindy McDaniel,38,0,0,38,38,0,0,0,0,0,0,0,0,0,0,0,
1974,NYA,AL,mcdowsa01,Sam McDowell,13,0,0,13,13,0,0,0,0,0,0,0,0,0,0,0,
1974,CIN,NL,mcenawi01,Will McEnaney,24,0,24,24,24,0,0,0,0,0,0,0,0,0,0,0,0
1974,SLN,NL,mcgloly01,Lynn McGlothen,31,31,31,31,31,0,0,0,0,0,0,0,0,0,0,0,0
1974,NYN,NL,mcgratu01,Tug McGraw,41,4,41,41,41,0,0,0,0,0,0,0,0,0,0,0,0
1974,SDN,NL,mcintjo01,Joe McIntosh,10,5,10,10,10,0,0,0,0,0,0,0,0,0,0,0,0
1974,OAK,AL,mckinri01,Rich McKinney,5,1,5,3,0,0,0,3,0,0,0,0,0,0,0,3,0
1974,SFN,NL,mcmahdo02,Don McMahon,9,0,9,9,9,0,0,0,0,0,0,0,0,0,0,0,0
1974,LAN,NL,mcmulke01,Ken McMullen,44,6,44,10,0,0,0,3,7,0,0,0,0,0,0,36,0
1974,BAL,AL,mcnalda01,Dave McNally,39,0,0,39,39,0,0,0,0,0,0,0,0,0,0,0,
1974,CIN,NL,mcquemi01,Mike McQueen,10,0,10,10,10,0,0,0,0,0,0,0,0,0,0,0,0
1974,KCA,AL,mcraeha01,Hal McRae,148,145,148,57,0,0,0,0,2,0,40,0,20,56,89,3,0
1974,NYA,AL,medicdo01,Doc Medich,39,0,1,38,38,0,0,0,0,0,0,0,0,0,0,0,1
1974,SLN,NL,melenlu01,Luis Melendez,83,26,83,47,0,0,0,0,0,1,14,22,12,46,0,34,8
1974,CHA,AL,meltobi01,Bill Melton,136,132,136,123,0,0,0,0,123,0,0,0,0,0,9,4,0
1974,PIT,NL,mendoma01,Mario Mendoza,91,48,91,87,0,0,0,0,0,87,0,0,0,0,0,1,9
1974,HOU,NL,menkede01,Denis Menke,30,5,30,23,0,0,12,3,7,2,0,0,0,0,0,9,0
1974,CAL,AL,meoliru01,Rudy Meoli,36,24,36,29,0,0,0,1,20,8,0,0,0,0,0,6,3
1974,TEX,AL,merriji01,Jim Merritt,26,0,0,26,26,0,0,0,0,0,0,0,0,0,0,0,
1974,LAN,NL,messean01,Andy Messersmith,39,39,39,39,39,0,0,0,0,0,0,0,0,0,0,0,0
1974,SFN,NL,metzgbu01,Butch Metzger,10,0,10,10,10,0,0,0,0,0,0,0,0,0,0,0,0
1974,HOU,NL,metzgro01,Roger Metzger,143,143,143,143,0,0,0,0,0,143,0,0,0,0,0,0,0
1974,DET,AL,meyerda01,Dan Meyer,13,12,13,12,0,0,0,0,0,0,12,0,0,12,0,1,0
1974,NYA,AL,michage01,Gene Michael,81,52,81,80,0,0,0,45,2,39,0,0,0,0,0,2,2
1974,HOU,NL,milbola01,Larry Milbourne,112,32,112,97,0,0,0,85,0,10,4,0,0,4,0,2,47
1974,NYN,NL,millafe01,Felix Millan,136,128,136,134,0,0,0,134,0,0,0,0,0,0,0,1,1
1974,NYN,NL,millebo04,Bob Miller,58,0,58,58,58,0,0,0,0,0,0,0,0,0,0,0,0
1974,SFN,NL,millebr01,Bruce Miller,73,48,73,62,0,0,0,9,42,13,0,0,0,0,0,14,1
1974,ATL,NL,milleno01,Norm Miller,42,2,42,4,0,0,0,0,0,0,1,0,4,4,0,39,0
1974,BOS,AL,milleri01,Rick Miller,114,74,114,105,0,0,0,0,0,0,21,77,7,105,0,4,13
1974,ML4,AL,millero04,Roger Miller,2,0,0,2,2,0,0,0,0,0,0,0,0,0,0,0,
1974,NYN,NL,milnejo01,John Milner,137,131,137,133,0,0,133,0,0,0,0,0,0,0,0,3,2
1974,KCA,AL,mingost01,Steve Mingori,36,0,1,36,36,0,0,0,0,0,0,0,0,0,0,0,0
1974,PIT,NL,minshji01,Jim Minshall,5,0,5,5,5,0,0,0,0,0,0,0,0,0,0,0,0
1974,ML4,AL,mitchbo02,Bobby Mitchell,88,43,88,26,0,0,0,0,0,0,10,2,14,26,29,22,20
1974,CHN,NL,mittege01,George Mitterwald,78,57,78,68,0,68,0,0,0,0,0,0,0,0,0,14,0
1974,TEX,AL,moateda01,Dave Moates,1,0,1,0,0,0,0,0,0,0,0,0,0,0,0,0,1
1974,SFN,NL,moffira01,Randy Moffitt,61,1,61,61,61,0,0,0,0,0,0,0,0,0,0,0,0
1974,CHN,NL,mondari01,Rick Monday,142,135,142,139,0,0,0,0,0,0,0,139,0,139,0,4,0
1974,ML4,AL,moneydo01,Don Money,159,156,159,157,0,0,0,1,157,0,0,0,0,0,1,0,1
1974,MON,NL,montajo01,John Montague,46,1,46,46,46,0,0,0,0,0,0,0,0,0,0,0,0
1974,PHI,NL,montawi01,Willie Montanez,143,136,143,137,0,0,137,0,0,0,0,0,1,1,0,7,0
1974,SFN,NL,montejo01,John Montefusco,7,5,7,7,7,0,0,0,0,0,0,0,0,0,0,0,0
1974,BOS,AL,montgbo01,Bob Montgomery,88,64,88,79,0,79,0,0,0,0,0,0,0,0,4,8,0
1974,MON,NL,mooreba02,Balor Moore,8,2,8,8,8,0,0,0,0,0,0,0,0,0,0,0,0
1974,ML4,AL,moorech02,Charlie Moore,72,53,72,61,0,61,0,0,0,0,0,0,0,0,5,10,1
1974,PIT,NL,moosebo01,Bob Moose,7,6,7,7,7,0,0,0,0,0,0,0,0,0,0,0,0
1974,CHN,NL,moralje01,Jerry Morales,151,132,151,143,0,0,0,0,0,0,81,30,42,143,0,8,3
1974,MON,NL,moraljo01,Jose Morales,25,1,25,2,0,2,0,0,0,0,0,0,0,0,0,23,0
1974,SDN,NL,moralri01,Rich Morales,54,13,54,52,0,0,1,18,6,29,0,0,0,0,0,2,10
1974,CHA,AL,moranbi03,Bill Moran,15,0,0,15,15,0,0,0,0,0,0,0,0,0,0,0,
1974,BOS,AL,moretro01,Roger Moret,31,0,1,31,31,0,0,0,0,0,0,0,0,0,0,0,0
1974,CIN,NL,morgajo02,Joe Morgan,149,140,149,142,0,0,0,142,0,0,0,0,0,0,0,7,2
1974,PIT,NL,morlajo01,John Morlan,39,0,39,39,39,0,0,0,0,0,0,0,0,0,0,0,0
1974,SFN,NL,morrijo06,John Morris,17,0,17,17,17,0,0,0,0,0,0,0,0,0,0,0,0
1974,ATL,NL,mortoca01,Carl Morton,38,38,38,38,38,0,0,0,0,0,0,0,0,0,0,0,0
1974,DET,AL,mosesje01,Jerry Moses,74,64,74,74,0,74,0,0,0,0,0,0,0,0,0,2,0
1974,BAL,AL,mottocu01,Curt Motton,7,1,7,2,0,0,0,0,0,0,0,0,2,2,0,5,1
1974,SLN,NL,mumphje01,Jerry Mumphrey,5,0,5,1,0,0,0,0,0,0,1,0,0,1,0,0,4
1974,NYA,AL,munsoth01,Thurman Munson,144,140,144,137,0,137,0,0,0,0,0,0,0,0,3,3,1
1974,NYA,AL,murcebo01,Bobby Murcer,156,153,156,156,0,0,0,0,0,0,0,59,102,156,0,1,0
1974,ML4,AL,murphto02,Tom Murphy,70,0,1,70,70,0,0,0,0,0,0,0,0,0,0,0,0
1974,MON,NL,murrada01,Dale Murray,32,0,32,32,32,0,0,0,0,0,0,0,0,0,0,0,0
1974,NYA,AL,murrala01,Larry Murray,6,0,6,3,0,0,0,0,0,0,1,1,2,3,0,0,3
1974,ATL,NL,murreiv01,Ivan Murrell,73,27,73,45,0,0,13,0,0,0,12,9,14,32,0,33,1
1974,CHA,AL,muserto01,Tony Muser,103,44,103,80,0,0,80,0,0,0,0,0,0,0,10,18,3
1974,TEX,AL,nelsoda01,Dave Nelson,121,119,121,120,0,0,0,120,0,0,0,0,0,0,0,0,1
1974,CIN,NL,nelsoro02,Roger Nelson,14,12,14,14,14,0,0,0,0,0,0,0,0,0,0,0,0
1974,NYA,AL,nettlgr01,Graig Nettles,155,154,155,154,0,0,0,0,154,1,0,0,0,0,0,1,0
1974,DET,AL,nettlji01,Jim Nettles,43,39,43,41,0,0,0,0,0,0,8,4,30,41,0,2,1
1974,CAL,AL,nettlmo01,Morris Nettles,56,43,56,54,0,0,0,0,0,0,3,37,14,54,0,2,3
1974,BOS,AL,newhado01,Don Newhauser,2,0,0,2,2,0,0,0,0,0,0,0,0,0,0,0,
1974,ATL,NL,niekrjo01,Joe Niekro,27,2,27,27,27,0,0,0,0,0,0,0,0,0,0,0,0
1974,ATL,NL,niekrph01,Phil Niekro,41,39,41,41,41,0,0,0,0,0,0,0,0,0,0,0,0
1974,BAL,AL,nordbti01,Tim Nordbrook,6,4,6,6,0,0,0,1,0,5,0,0,0,0,0,0,0
1974,CIN,NL,normafr01,Fred Norman,35,26,35,35,35,0,0,0,0,0,0,0,0,0,0,0,0
1974,OAK,AL,northbi01,Bill North,149,141,149,138,0,0,0,0,0,0,0,138,0,138,7,2,2
1974,BAL,AL,northji01,Jim Northrup,8,1,8,6,0,0,0,0,0,0,4,0,2,6,1,2,0
1974,MON,NL,northji01,Jim Northrup,21,12,21,13,0,0,0,0,0,0,7,0,6,13,0,9,0
1974,DET,AL,northji01,Jim Northrup,97,97,97,97,0,0,0,0,0,0,0,2,97,97,0,0,0
1974,CHA,AL,nymanny01,Nyls Nyman,5,3,5,3,0,0,0,0,0,0,3,0,0,3,0,1,1
1974,ATL,NL,oatesjo01,Johnny Oates,100,77,100,91,0,91,0,0,0,0,0,0,0,0,0,16,1
1974,ATL,NL,officro01,Rowland Office,131,51,131,120,0,0,0,0,0,0,0,120,0,120,0,11,22
1974,DET,AL,oglivbe01,Ben Oglivie,92,63,92,72,0,0,10,0,0,0,61,0,2,63,3,22,1
1974,MIN,AL,olivato01,Tony Oliva,127,110,127,0,0,0,0,0,0,0,0,0,0,0,110,17,0
1974,PIT,NL,oliveal01,Al Oliver,147,144,147,145,0,0,49,0,0,0,0,98,0,98,0,2,0
1974,CAL,AL,olivebo01,Bob Oliver,110,87,110,105,0,0,57,0,46,0,1,0,3,4,1,21,0
1974,BAL,AL,olivebo01,Bob Oliver,9,3,9,4,0,0,4,0,0,0,0,0,0,0,0,6,0
1974,SFN,NL,ontivst01,Steve Ontiveros,120,91,120,97,0,0,19,0,75,0,1,0,2,3,0,27,0
1974,CIN,NL,osburpa01,Pat Osburn,6,0,6,6,6,0,0,0,0,0,0,0,0,0,0,0,0
1974,HOU,NL,osteecl01,Claude Osteen,23,21,23,23,23,0,0,0,0,0,0,0,0,0,0,0,0
1974,SLN,NL,osteecl01,Claude Osteen,8,2,8,8,8,0,0,0,0,0,0,0,0,0,0,0,0
1974,CHA,AL,ottenji01,Jim Otten,5,0,0,5,5,0,0,0,0,0,0,0,0,0,0,0,
1974,LAN,NL,pacioto01,Tom Paciorek,85,38,85,77,0,0,1,0,0,0,44,22,17,77,0,19,3
1974,KCA,AL,paepkde01,Dennis Paepke,6,3,6,5,0,4,0,0,0,0,0,0,1,1,0,1,0
1974,NYA,AL,paganda01,Dave Pagan,16,0,0,16,16,0,0,0,0,0,0,0,0,0,0,0,
1974,BAL,AL,palmeji01,Jim Palmer,26,0,0,26,26,0,0,0,0,0,0,0,0,0,0,0,
1974,SDN,NL,palmelo01,Lowell Palmer,23,8,23,22,22,0,0,0,0,0,0,0,0,0,0,0,1
1974,PIT,NL,parkeda01,Dave Parker,73,47,73,54,0,0,6,0,0,0,10,15,28,49,0,21,2
1974,NYN,NL,parkeha01,Harry Parker,40,16,40,40,40,0,0,0,0,0,0,0,0,0,0,0,0
1974,MON,NL,parrila01,Larry Parrish,25,21,25,24,0,0,0,0,24,0,0,0,0,0,0,1,0
1974,OAK,AL,parsobi01,Bill Parsons,4,0,0,4,4,0,0,0,0,0,0,0,0,0,0,0,
1974,LAN,NL,pasleke01,Kevin Pasley,1,0,1,1,0,1,0,0,0,0,0,0,0,0,0,0,0
1974,KCA,AL,patekfr01,Freddie Patek,149,145,149,149,0,0,0,0,0,149,0,0,0,0,0,0,2
1974,PIT,NL,patteda02,Daryl Patterson,14,0,14,14,14,0,0,0,0,0,0,0,0,0,0,0,0
1974,KCA,AL,pattima01,Marty Pattin,25,0,1,25,25,0,0,0,0,0,0,0,0,0,0,0,0
1974,NYN,NL,pembebr01,Brock Pemberton,11,3,11,4,0,0,4,0,0,0,0,0,0,0,0,7,0
1974,ATL,NL,perezma01,Marty Perez,127,104,127,116,0,0,0,102,6,14,0,0,0,0,0,12,0
1974,CIN,NL,perezto01,Tony Perez,158,157,158,157,0,0,157,0,0,0,0,0,0,0,0,1,0
1974,CLE,AL,perryga01,Gaylord Perry,37,0,0,37,37,0,0,0,0,0,0,0,0,0,0,0,
1974,CLE,AL,perryji01,Jim Perry,36,0,0,36,36,0,0,0,0,0,0,0,0,0,0,0,
1974,CHA,AL,perzast01,Stan Perzanowski,2,0,0,2,2,0,0,0,0,0,0,0,0,0,0,0,
1974,NYA,AL,peterfr01,Fritz Peterson,3,0,0,3,3,0,0,0,0,0,0,0,0,0,0,0,
1974,CLE,AL,peterfr01,Fritz Peterson,29,0,0,29,29,0,0,0,0,0,0,0,0,0,0,0,
1974,BOS,AL,petrori01,Rico Petrocelli,129,124,129,116,0,0,0,0,116,0,0,0,0,0,9,5,0
1974,SFN,NL,phillmi01,Mike Phillips,100,70,100,85,0,0,0,30,34,23,0,0,0,0,0,13,6
1974,ATL,NL,piercja01,Jack Pierce,6,2,6,2,0,0,2,0,0,0,0,0,0,0,0,4,0
1974,NYA,AL,pinielo01,Lou Piniella,140,134,140,130,0,0,1,0,0,0,99,0,34,130,6,4,0
1974,KCA,AL,pinsova01,Vada Pinson,115,102,115,111,0,0,1,0,0,0,14,6,91,110,1,11,1
1974,CHA,AL,pitlosk01,Skip Pitlock,40,0,2,40,40,0,0,0,0,0,0,0,0,0,0,0,0
1974,OAK,AL,pittsga01,Gaylen Pitts,18,11,18,17,0,0,1,6,11,0,0,0,0,0,0,1,0
1974,PIT,NL,pizarju01,Juan Pizarro,7,2,7,7,7,0,0,0,0,0,0,0,0,0,0,0,0
1974,CIN,NL,plummbi01,Bill Plummer,50,33,50,50,0,49,0,0,1,0,0,0,0,0,0,1,0
1974,PIT,NL,popovpa01,Paul Popovich,59,9,59,22,0,0,0,12,0,10,0,0,0,0,0,43,1
1974,ML4,AL,porteda02,Darrell Porter,131,120,131,117,0,117,0,0,0,0,0,0,0,0,6,10,0
1974,BAL,AL,powelbo01,Boog Powell,110,94,110,102,0,0,102,0,0,0,0,0,0,0,0,15,0
1974,CAL,AL,quintlu01,Luis Quintana,18,0,0,18,18,0,0,0,0,0,0,0,0,0,0,0,
1974,SFN,NL,raderda01,Dave Rader,113,88,113,110,0,110,0,0,0,0,0,0,0,0,0,14,1
1974,HOU,NL,raderdo02,Doug Rader,152,152,152,152,0,0,0,0,152,0,0,0,0,0,0,0,0
1974,CAL,AL,ramiror01,Orlando Ramirez,31,31,31,31,0,0,0,0,0,31,0,0,0,0,0,0,0
1974,TEX,AL,randlle01,Lenny Randle,151,140,151,142,0,0,0,40,89,0,12,5,3,20,1,2,7
1974,CAL,AL,raziaba01,Barry Raziano,13,0,0,13,13,0,0,0,0,0,0,0,0,0,0,0,
1974,SFN,NL,redmogl01,Glenn Redmon,7,4,7,4,0,0,0,4,0,0,0,0,0,0,0,3,0
1974,KCA,AL,reichri01,Rick Reichardt,1,0,1,0,0,0,0,0,0,0,0,0,0,0,0,1,0
1974,BAL,AL,reinbmi01,Mike Reinbach,12,4,12,3,0,0,0,0,0,0,1,0,2,3,3,8,0
1974,SLN,NL,reitzke01,Ken Reitz,154,148,154,152,0,0,0,1,151,3,0,0,0,0,0,3,0
1974,MON,NL,renkost01,Steve Renko,37,35,37,37,37,0,0,0,0,0,0,0,0,0,0,0,0
1974,CIN,NL,retteme01,Merv Rettenmund,80,58,80,69,0,0,0,0,0,0,0,8,64,69,0,20,0
1974,CHN,NL,reuscri01,Rick Reuschel,41,38,41,41,41,0,0,0,0,0,0,0,0,0,0,0,0
1974,PIT,NL,reussje01,Jerry Reuss,35,35,35,35,35,0,0,0,0,0,0,0,0,0,0,0,0
1974,BAL,AL,reynobo01,Bob Reynolds,54,0,0,54,54,0,0,0,0,0,0,0,0,0,0,0,
1974,LAN,NL,rhoderi01,Rick Rhoden,4,0,4,4,4,0,0,0,0,0,0,0,0,0,0,0,0
1974,HOU,NL,richajr01,J. R. Richard,15,9,15,15,15,0,0,0,0,0,0,0,0,0,0,0,0
1974,CHA,AL,richale01,Lee Richard,32,20,32,22,0,0,0,3,12,7,0,0,1,1,5,0,7
1974,PHI,NL,richepe01,Pete Richert,21,0,21,21,21,0,0,0,0,0,0,0,0,0,0,0,0
1974,SLN,NL,richepe01,Pete Richert,13,0,13,13,13,0,0,0,0,0,0,0,0,0,0,0,0
1974,CAL,AL,rivermi01,Mickey Rivers,118,114,118,116,0,0,0,0,0,0,0,116,0,116,0,1,2
1974,PIT,NL,roberbo01,Bob Robertson,91,56,91,63,0,0,63,0,0,0,0,0,0,0,0,30,0
1974,HOU,NL,roberda05,Dave Roberts,35,30,35,34,34,0,0,0,0,0,0,0,0,0,0,1,0
1974,SDN,NL,roberda06,Dave Roberts,113,92,113,107,0,0,0,0,103,3,1,0,0,1,0,4,8
1974,DET,AL,roberle01,Leon Roberts,17,15,17,17,0,0,0,0,0,0,0,1,16,17,0,2,0
1974,PHI,NL,robinbi02,Bill Robinson,100,66,100,87,0,0,0,0,0,0,40,40,21,87,0,23,1
1974,BAL,AL,robinbr01,Brooks Robinson,153,151,153,153,0,0,0,0,153,0,0,0,0,0,0,0,0
1974,ATL,NL,robincr01,Craig Robinson,145,138,145,142,0,0,0,0,0,142,0,0,0,0,0,1,4
1974,CAL,AL,robinfr02,Frank Robinson,129,120,129,1,0,0,0,0,0,0,1,0,0,1,120,9,0
1974,CLE,AL,robinfr02,Frank Robinson,15,15,15,4,0,0,4,0,0,0,0,0,0,0,11,0,0
1974,TEX,AL,robsoto01,Tom Robson,6,4,6,1,0,0,1,0,0,0,0,0,0,0,4,1,0
1974,DET,AL,rodriau01,Aurelio Rodriguez,159,157,159,159,0,0,0,0,159,0,0,0,0,0,0,0,0
1974,ML4,AL,rodried01,Eduardo Rodriguez,43,0,2,43,43,0,0,0,0,0,0,0,0,0,0,0,0
1974,CAL,AL,rodriel01,Ellie Rodriguez,140,125,140,137,0,137,0,0,0,0,0,0,0,0,0,6,0
1974,MON,NL,rogerst01,Steve Rogers,38,38,38,38,38,0,0,0,0,0,0,0,0,0,0,0,0
1974,PHI,NL,rogodmi01,Mike Rogodzinski,17,0,17,1,0,0,0,0,0,0,0,0,1,1,0,17,0
1974,KCA,AL,rojasco01,Cookie Rojas,144,133,144,141,0,0,0,141,0,0,0,0,0,0,0,8,0
1974,PIT,NL,rookeji01,Jim Rooker,33,33,33,33,33,0,0,0,0,0,0,0,0,0,0,0,0
1974,CHN,NL,roselda01,Dave Rosello,62,40,62,59,0,0,0,49,0,12,0,0,0,0,0,3,1
1974,LAN,NL,roystje01,Jerry Royster,6,0,6,2,0,0,0,1,1,0,0,0,1,1,0,0,5
1974,SFN,NL,rudolke01,Ken Rudolph,57,53,57,56,0,56,0,0,0,0,0,0,0,0,0,1,0
1974,DET,AL,ruhleve01,Vern Ruhle,5,0,0,5,5,0,0,0,0,0,0,0,0,0,0,0,
1974,LAN,NL,russebi01,Bill Russell,160,154,160,160,0,0,0,0,0,160,0,0,1,1,0,1,0
1974,PHI,NL,ruthvdi01,Dick Ruthven,35,35,35,35,35,0,0,0,0,0,0,0,0,0,0,0,0
1974,NYN,NL,sadecra01,Ray Sadecki,34,10,34,34,34,0,0,0,0,0,0,0,0,0,0,0,0
1974,PIT,NL,sadowji01,Jim Sadowski,4,0,4,4,4,0,0,0,0,0,0,0,0,0,0,0,0
1974,CLE,AL,sandeke01,Ken Sanders,9,0,0,9,9,0,0,0,0,0,0,0,0,0,0,0,
1974,CAL,AL,sandeke01,Ken Sanders,9,0,0,9,9,0,0,0,0,0,0,0,0,0,0,0,
1974,DET,AL,sandere01,Reggie Sanders,26,25,26,25,0,0,25,0,0,0,0,0,0,0,0,0,1
1974,CAL,AL,sandsch01,Charlie Sands,43,24,43,5,0,5,0,0,0,0,0,0,0,0,21,18,0
1974,PIT,NL,sanguma01,Manny Sanguillen,151,147,151,151,0,151,0,0,0,0,0,0,0,0,0,3,0
1974,CHA,AL,santoro01,Ron Santo,117,99,117,67,0,0,3,39,28,1,0,0,0,0,38,14,0
1974,NYA,AL,sawyeri01,Rick Sawyer,1,0,0,1,1,0,0,0,0,0,0,0,0,0,0,0,
1974,MON,NL,scanlpa02,Pat Scanlon,2,1,2,1,0,0,0,0,1,0,0,0,0,0,0,1,0
1974,PHI,NL,scarcma01,Mac Scarce,58,0,58,58,58,0,0,0,0,0,0,0,0,0,0,0,0
1974,KCA,AL,schaapa01,Paul Schaal,12,12,12,12,0,0,0,0,12,0,0,0,0,0,0,0,0
1974,CAL,AL,schaapa01,Paul Schaal,53,44,53,51,0,0,0,0,51,0,0,0,0,0,0,4,0
1974,SLN,NL,scheiri01,Richie Scheinblum,6,0,6,0,0,0,0,0,0,0,0,0,0,0,0,6,0
1974,KCA,AL,scheiri01,Richie Scheinblum,36,15,36,2,0,0,0,0,0,0,2,0,0,2,15,20,1
1974,CAL,AL,scheiri01,Richie Scheinblum,10,5,10,8,0,0,0,0,0,0,4,0,5,8,0,5,0
1974,HOU,NL,scherfr01,Fred Scherman,53,0,53,53,53,0,0,0,0,0,0,0,0,0,0,0,0
1974,PHI,NL,schmimi01,Mike Schmidt,162,161,162,162,0,0,0,0,162,0,0,0,0,0,0,0,0
1974,NYN,NL,schneda02,Dave Schneck,93,64,93,83,0,0,0,0,0,0,24,59,10,83,0,7,5
1974,PHI,NL,schuero01,Ron Schueler,44,27,44,44,44,0,0,0,0,0,0,0,0,0,0,0,0
1974,ML4,AL,scottge02,George Scott,158,157,158,148,0,0,148,0,0,0,0,0,0,0,9,1,0
1974,SDN,NL,scottjo01,John Scott,14,3,14,8,0,0,0,0,0,0,5,2,1,8,0,0,7
1974,MON,NL,scottto01,Tony Scott,19,1,19,16,0,0,0,0,0,0,2,1,14,16,0,1,4
1974,NYN,NL,seaveto01,Tom Seaver,32,32,32,32,32,0,0,0,0,0,0,0,0,0,0,0,0
1974,DET,AL,seelbch01,Chuck Seelbach,4,0,0,4,4,0,0,0,0,0,0,0,0,0,0,0,
1974,BOS,AL,seguidi01,Diego Segui,58,0,0,58,58,0,0,0,0,0,0,0,0,0,0,0,
1974,CAL,AL,sellsda01,Dave Sells,20,0,0,20,20,0,0,0,0,0,0,0,0,0,0,0,
1974,CAL,AL,selmadi01,Dick Selma,18,0,0,18,18,0,0,0,0,0,0,0,0,0,0,0,
1974,ML4,AL,selmadi01,Dick Selma,2,0,0,2,2,0,0,0,0,0,0,0,0,0,0,0,
1974,LAN,NL,shanagr01,Greg Shanahan,4,0,4,4,4,0,0,0,0,0,0,0,0,0,0,0,0
1974,DET,AL,sharodi01,Dick Sharon,60,33,60,56,0,0,0,0,0,0,23,14,19,56,0,7,9
1974,CHA,AL,sharpbi01,Bill Sharp,100,87,100,99,0,0,0,0,0,0,14,7,85,99,0,4,3
1974,ML4,AL,sheldbo01,Bob Sheldon,10,4,10,3,0,0,0,3,0,0,0,0,0,0,3,3,1
1974,TEX,AL,shellji01,Jim Shellenback,11,0,0,11,11,0,0,0,0,0,0,0,0,0,0,0,
1974,HOU,NL,siebepa01,Paul Siebert,5,5,5,5,5,0,0,0,0,0,0,0,0,0,0,0,0
1974,SLN,NL,siebeso01,Sonny Siebert,28,20,28,28,28,0,0,0,0,0,0,0,0,0,0,0,0
1974,SLN,NL,simmote01,Ted Simmons,152,150,152,152,0,141,12,0,0,0,0,0,0,0,0,2,0
1974,CAL,AL,singebi01,Bill Singer,14,0,0,14,14,0,0,0,0,0,0,0,0,0,0,0,
1974,MON,NL,singlke01,Ken Singleton,148,142,148,143,0,0,0,0,0,0,0,0,143,143,0,6,0
1974,SLN,NL,sizemte01,Ted Sizemore,129,126,129,128,0,0,0,128,0,1,0,0,1,1,0,2,0
1974,ML4,AL,slatoji01,Jim Slaton,40,0,0,40,40,0,0,0,0,0,0,0,0,0,0,0,
1974,DET,AL,slaybbi01,Bill Slayback,16,0,0,16,16,0,0,0,0,0,0,0,0,0,0,0,
1974,SLN,NL,smithre06,Reggie Smith,143,133,143,133,0,0,1,0,0,0,0,0,132,132,0,10,0
1974,CLE,AL,smithto04,Tommy Smith,23,6,23,17,0,0,0,0,0,0,9,4,4,17,0,2,6
1974,MIN,AL,soderer01,Eric Soderholm,141,123,141,131,0,0,0,0,130,1,0,0,0,0,0,6,7
1974,KCA,AL,solaito01,Tony Solaita,96,66,96,65,0,0,65,0,0,0,0,0,0,0,13,18,2
1974,LAN,NL,solomed01,Eddie Solomon,4,0,4,4,4,0,0,0,0,0,0,0,0,0,0,0,0
1974,SFN,NL,speiech01,Chris Speier,141,134,141,139,0,0,0,4,0,135,0,0,0,0,0,4,0
1974,TEX,AL,spencji01,Jim Spencer,118,93,118,60,0,0,60,0,0,0,0,0,0,0,53,11,0
1974,CHN,NL,sperrro01,Rob Sperring,42,32,42,42,0,0,0,35,0,8,0,0,0,0,0,1,0
1974,CLE,AL,spikech01,Charlie Spikes,155,154,155,154,0,0,0,0,0,0,0,0,154,154,0,1,0
1974,SDN,NL,spillda01,Dan Spillner,30,25,30,30,30,0,0,0,0,0,0,0,0,0,0,0,0
1974,KCA,AL,splitpa01,Paul Splittorff,37,0,1,36,36,0,0,0,0,0,0,0,0,0,0,0,1
1974,ML4,AL,spraged01,Ed Sprague,20,0,1,20,20,0,0,0,0,0,0,0,0,0,0,0,0
1974,TEX,AL,stanhdo01,Don Stanhouse,18,0,0,18,18,0,0,0,0,0,0,0,0,0,0,0,
1974,NYA,AL,stanlfr01,Fred Stanley,33,12,33,33,0,0,0,15,0,19,0,0,0,0,0,1,1
1974,DET,AL,stanlmi01,Mickey Stanley,99,96,99,99,0,0,12,1,0,0,1,90,0,91,0,1,0
1974,CAL,AL,stantle01,Leroy Stanton,118,109,118,114,0,0,0,0,0,0,0,10,110,114,0,8,0
1974,PIT,NL,stargwi01,Willie Stargell,140,136,140,136,0,0,1,0,0,0,135,0,0,135,0,4,0
1974,NYN,NL,staubru01,Rusty Staub,151,146,151,147,0,0,0,0,0,0,0,0,147,147,0,5,0
1974,PHI,NL,stearjo01,John Stearns,1,0,1,1,0,1,0,0,0,0,0,0,0,0,0,1,0
1974,CHA,AL,steinbi02,Bill Stein,13,12,13,11,0,0,0,0,11,0,0,0,0,0,2,0,0
1974,CHN,NL,stelmri01,Rick Stelmaszek,25,11,25,16,0,16,0,0,0,0,0,0,0,0,0,11,0
1974,PIT,NL,stennre01,Rennie Stennett,157,155,157,156,0,0,0,154,0,0,0,0,2,2,0,2,0
1974,NYN,NL,sterlra01,Randy Sterling,3,2,3,3,3,0,0,0,0,0,0,0,0,0,0,0,0
1974,MON,NL,stinsbo01,Bob Stinson,38,20,38,29,0,29,0,0,0,0,0,0,0,0,0,15,0
1974,CAL,AL,stonebi01,Bill Stoneman,13,0,0,13,13,0,0,0,0,0,0,0,0,0,0,0,
1974,NYN,NL,stonege02,George Stone,15,13,15,15,15,0,0,0,0,0,0,0,0,0,0,0,0
1974,CHN,NL,stonest01,Steve Stone,42,23,42,38,38,0,0,0,0,0,0,0,0,0,0,0,4
1974,NYA,AL,stottme01,Mel Stottlemyre,19,0,3,16,16,0,0,0,0,0,0,0,0,0,0,0,3
1974,NYN,NL,strohjo01,John Strohmayer,1,0,1,1,1,0,0,0,0,0,0,0,0,0,0,0,0
1974,NYA,AL,sudakbi01,Bill Sudakis,89,67,89,36,0,1,33,0,3,0,0,0,0,0,37,18,0
1974,OAK,AL,summech01,Champ Summers,20,1,20,12,0,0,0,0,0,0,8,0,4,12,0,10,0
1974,TEX,AL,sundbji01,Jim Sundberg,132,121,132,132,0,132,0,0,0,0,0,0,0,0,0,1,1
1974,DET,AL,suthega01,Gary Sutherland,149,147,149,149,0,0,0,147,4,10,0,0,0,0,0,2,0
1974,LAN,NL,suttodo01,Don Sutton,40,40,40,40,40,0,0,0,0,0,0,0,0,0,0,0,0
1974,CHN,NL,swishst01,Steve Swisher,90,85,90,90,0,90,0,0,0,0,0,0,0,0,0,0,0
1974,CAL,AL,tananfr01,Frank Tanana,39,0,0,39,39,0,0,0,0,0,0,0,0,0,0,0,
1974,CHA,AL,tatumke01,Ken Tatum,10,0,1,10,10,0,0,0,0,0,0,0,0,0,0,0,0
1974,PIT,NL,taverfr01,Frank Taveras,126,107,126,124,0,0,0,0,0,124,0,0,0,0,0,0,7
1974,MON,NL,tayloch02,Chuck Taylor,61,0,61,61,61,0,0,0,0,0,0,0,0,0,0,0,0
1974,PHI,NL,tayloto02,Tony Taylor,62,2,62,14,0,0,7,4,5,0,0,0,0,0,0,54,1
1974,PIT,NL,tekulke01,Kent Tekulve,8,0,8,8,8,0,0,0,0,0,0,0,0,0,0,0,0
1974,OAK,AL,tenacge01,Gene Tenace,158,155,158,158,0,79,106,2,0,0,0,0,0,0,0,0,0
1974,ATL,NL,tepedfr01,Frank Tepedino,78,31,78,46,0,0,46,0,0,0,0,0,0,0,0,41,0
1974,TEX,AL,terpkje01,Jeff Terpko,3,0,0,3,3,0,0,0,0,0,0,0,0,0,0,0,
1974,MIN,AL,terreje01,Jerry Terrell,116,53,116,80,0,0,2,26,21,34,3,0,0,3,0,7,42
1974,NYN,NL,theodge01,George Theodore,60,13,60,26,0,0,14,0,0,0,8,0,4,12,0,35,4
1974,SDN,NL,thomade01,Derrel Thomas,141,135,141,137,0,0,0,103,23,5,1,19,0,20,0,5,1
1974,PHI,NL,thomaer01,Erskine Thomason,1,0,1,1,1,0,0,0,0,0,0,0,0,0,0,0,0
1974,SFN,NL,thomaga01,Gary Thomasson,120,73,120,88,0,0,15,0,0,0,19,34,26,76,0,36,3
1974,ML4,AL,thomago01,Gorman Thomas,17,13,17,13,0,0,0,0,0,0,4,1,8,13,2,3,0
1974,TEX,AL,thomast01,Stan Thomas,12,0,0,12,12,0,0,0,0,0,0,0,0,0,0,0,
1974,MIN,AL,thompda01,Danny Thompson,97,74,97,93,0,0,0,0,5,88,0,0,0,0,0,6,4
1974,SLN,NL,thompmi01,Mike Thompson,19,4,19,19,19,0,0,0,0,0,0,0,0,0,0,0,0
1974,ATL,NL,thompmi01,Mike Thompson,1,1,1,1,1,0,0,0,0,0,0,0,0,0,0,0,0
1974,CHN,NL,thornan01,Andre Thornton,107,76,107,89,0,0,89,0,1,0,0,0,0,0,0,21,1
1974,BOS,AL,tiantlu01,Luis Tiant,38,0,1,38,38,0,0,0,0,0,0,0,0,0,0,0,0
1974,NYA,AL,tidrodi01,Dick Tidrow,33,0,0,33,33,0,0,0,0,0,0,0,0,0,0,0,
1974,CLE,AL,tidrodi01,Dick Tidrow,4,0,0,4,4,0,0,0,0,0,0,0,0,0,0,0,
1974,CLE,AL,timmeto01,Tom Timmermann,4,0,0,4,4,0,0,0,0,0,0,0,0,0,0,0,
1974,SDN,NL,tolanbo01,Bobby Tolan,95,84,95,88,0,0,0,0,0,0,0,10,84,88,0,9,0
1974,SDN,NL,tomlida01,Dave Tomlin,47,0,47,47,47,0,0,0,0,0,0,0,0,0,0,0,0
1974,SLN,NL,torrejo01,Joe Torre,147,141,147,146,0,0,139,0,18,0,0,0,0,0,0,4,0
1974,MON,NL,torremi01,Mike Torrez,36,30,36,32,32,0,0,0,0,0,0,0,0,0,0,0,4
1974,CLE,AL,torreru01,Rusty Torres,109,27,109,95,0,0,0,0,0,0,35,38,24,95,0,14,9
1974,TEX,AL,tovarce01,Cesar Tovar,138,136,138,135,0,0,0,0,0,0,68,88,12,135,3,1,0
1974,ML4,AL,travebi01,Bill Travers,23,0,0,23,23,0,0,0,0,0,0,0,0,0,0,0,
1974,OAK,AL,trillma01,Manny Trillo,21,12,21,21,0,0,0,21,0,0,0,0,0,0,0,0,1
1974,SDN,NL,troedri01,Rich Troedson,15,1,15,15,15,0,0,0,0,0,0,0,0,0,0,0,0
1974,SDN,NL,turneje01,Jerry Turner,17,11,17,13,0,0,0,0,0,0,13,0,0,13,0,6,0
1974,PHI,NL,twitcwa01,Wayne Twitchell,25,18,25,25,25,0,0,0,0,0,0,0,0,0,0,0,0
1974,CHN,NL,tyronji01,Jim Tyrone,57,9,57,34,0,0,0,0,1,0,21,1,13,33,0,31,7
1974,SLN,NL,tysonmi01,Mike Tyson,151,142,151,151,0,0,0,12,0,143,0,0,0,0,0,0,0
1974,PHI,NL,underto01,Tom Underwood,7,0,7,7,7,0,0,0,0,0,0,0,0,0,0,0,0
1974,PHI,NL,unserde01,Del Unser,142,120,142,135,0,0,0,0,0,0,0,135,0,135,0,16,0
1974,CLE,AL,upshace01,Cecil Upshaw,7,0,0,7,7,0,0,0,0,0,0,0,0,0,0,0,
1974,NYA,AL,upshace01,Cecil Upshaw,36,0,1,36,36,0,0,0,0,0,0,0,0,0,0,0,0
1974,CAL,AL,valenbo02,Bobby Valentine,117,100,117,108,0,0,0,1,15,36,62,0,0,62,4,10,1
1974,CHA,AL,varnepe01,Pete Varney,9,7,9,9,0,9,0,0,0,0,0,0,0,0,0,0,0
1974,BOS,AL,vealebo01,Bob Veale,18,0,0,18,18,0,0,0,0,0,0,0,0,0,0,0,
1974,NYA,AL,velezot01,Otto Velez,27,22,27,25,0,0,21,0,2,0,0,0,3,3,0,2,0
1974,DET,AL,veryzto01,Tom Veryzer,22,11,22,20,0,0,0,0,0,20,0,0,0,0,0,2,2
1974,ML4,AL,vukovjo01,John Vukovich,38,24,38,38,0,0,4,11,12,12,0,0,0,0,0,1,0
1974,DET,AL,walkelu01,Luke Walker,28,0,0,28,28,0,0,0,0,0,0,0,0,0,0,0,
1974,MON,NL,walketo02,Tom Walker,33,8,33,33,33,0,0,0,0,0,0,0,0,0,0,0,0
1974,PHI,NL,wallada01,Dave Wallace,3,0,3,3,3,0,0,0,0,0,0,0,0,0,0,0,0
1974,PHI,NL,wallami01,Mike Wallace,8,0,8,8,8,0,0,0,0,0,0,0,0,0,0,0,0
1974,NYA,AL,wallami01,Mike Wallace,23,0,0,23,23,0,0,0,0,0,0,0,0,0,0,0,
1974,OAK,AL,washicl01,Claudell Washington,73,55,73,32,0,0,0,0,0,0,14,10,10,32,30,16,0
1974,OAK,AL,washihe01,Herb Washington,92,0,92,0,0,0,0,0,0,0,0,0,0,0,0,0,92
1974,HOU,NL,watsobo01,Bob Watson,150,141,150,142,0,0,35,0,0,0,140,0,0,140,0,9,0
1974,KCA,AL,whitefr01,Frank White,99,52,99,88,0,0,0,50,16,29,0,0,0,0,0,4,14
1974,MON,NL,whiteje01,Jerry White,9,4,9,7,0,0,0,0,0,0,5,2,0,7,0,0,3
1974,NYA,AL,whitero01,Roy White,136,115,136,67,0,0,0,0,0,0,67,0,0,67,49,21,0
1974,NYA,AL,whitfte01,Terry Whitfield,2,1,2,1,0,0,0,0,0,0,0,1,0,1,0,1,0
1974,CLE,AL,wilcomi01,Milt Wilcox,41,0,0,41,41,0,0,0,0,0,0,0,0,0,0,0,
1974,SDN,NL,willibe01,Bernie Williams,14,2,14,3,0,0,0,0,0,0,1,2,0,3,0,9,3
1974,CHN,NL,willibi01,Billy Williams,117,105,117,106,0,0,65,0,0,0,43,0,0,43,0,12,0
1974,SFN,NL,willich01,Charlie Williams,39,7,39,39,39,0,0,0,0,0,0,0,0,0,0,0,0
1974,BAL,AL,williea02,Earl Williams,118,113,118,116,0,75,47,0,0,0,0,0,0,0,0,5,0
1974,NYA,AL,williwa02,Walt Williams,43,6,43,24,0,0,0,0,0,0,13,0,13,24,0,16,9
1974,SFN,NL,willoji01,Jim Willoughby,20,4,20,18,18,0,0,0,0,0,0,0,0,0,0,0,2
1974,HOU,NL,wilsodo01,Don Wilson,33,27,33,33,33,0,0,0,0,0,0,0,0,0,0,0,0
1974,SDN,NL,winfida01,Dave Winfield,145,121,145,131,0,0,0,0,0,0,78,29,38,131,0,16,4
1974,DET,AL,wockejo01,John Wockenfuss,13,10,13,13,0,13,0,0,0,0,0,0,0,0,0,0,0
1974,KCA,AL,wohlfji01,Jim Wohlford,143,125,143,138,0,0,0,0,0,0,125,0,18,138,0,11,0
1974,MIN,AL,woodsdi01,Dick Woodson,5,0,0,5,5,0,0,0,0,0,0,0,0,0,0,0,
1974,NYA,AL,woodsdi01,Dick Woodson,8,0,0,8,8,0,0,0,0,0,0,0,0,0,0,0,
1974,MON,NL,woodsro01,Ron Woods,90,21,90,62,0,0,0,0,0,0,42,19,5,62,0,39,11
1974,ML4,AL,wrighcl01,Clyde Wright,38,0,0,38,38,0,0,0,0,0,0,0,0,0,0,0,
1974,NYA,AL,wrighke01,Ken Wright,3,0,0,3,3,0,0,0,0,0,0,0,0,0,0,0,
1974,CHA,AL,yancyhu01,Hugh Yancy,1,0,1,0,0,0,0,0,0,0,0,0,0,0,0,1,0
1974,BOS,AL,yastrca01,Carl Yastrzemski,148,148,148,144,0,0,84,0,0,0,63,0,0,63,4,0,0
1974,LAN,NL,yeagest01,Steve Yeager,94,92,94,93,0,93,0,0,0,0,0,0,0,0,0,1,0
1974,ML4,AL,yountro01,Robin Yount,107,102,107,107,0,0,0,0,0,107,0,0,0,0,0,0,2
1974,CHN,NL,zamoros01,Oscar Zamora,56,0,56,56,56,0,0,0,0,0,0,0,0,0,0,0,0
