1981,LAN,NL,ceyro01,Ron Cey,85,84,85,84,0,0,0,0,84,0,0,0,0,0,0,1,0
1981,OAK,AL,coxje01,Jeff Cox,2,0,2,1,0,0,0,1,0,0,0,0,0,0,0,0,1
1981,TEX,AL,coxla01,Larry Cox,5,5,5,5,0,5,0,0,0,0,0,0,0,0,0,0,0
1981,TOR,AL,coxte02,Ted Cox,16,15,16,15,0,0,1,0,14,0,0,0,0,0,0,1,0
1981,PIT,NL,lawva01,Vance Law,30,17,30,28,0,0,0,19,2,7,0,0,0,0,0,1,3
1981,MON,NL,leach01,Charlie Lea,16,11,16,16,16,0,0,0,0,0,0,0,0,0,0,0,0
1981,MON,NL,leebi03,Bill Lee,31,7,31,31,31,0,0,0,0,0,0,0,0,0,0,0,0
1981,PIT,NL,leema01,Mark Lee,12,0,12,12,12,0,0,0,0,0,0,0,0,0,0,0,0
1981,ATL,NL,lummi01,Mike Lum,10,1,10,1,0,0,0,0,0,0,1,0,0,1,0,9,0
1981,CHN,NL,lummi01,Mike Lum,41,9,41,15,0,0,1,0,0,0,11,0,3,14,0,31,0
1981,KCA,AL,mayle01,Lee May,26,11,26,8,0,0,8,0,0,0,0,0,0,0,4,14,0
1981,SFN,NL,maymi01,Milt May,97,86,97,93,0,93,0,0,0,0,0,0,0,0,0,10,0
1981,NYA,AL,mayru01,Rudy May,27,0,0,27,27,0,0,0,0,0,0,0,0,0,0,0,
1981,CAL,AL,otted01,Ed Ott,75,68,75,72,0,72,0,0,0,0,0,0,0,0,0,6,0
1981,CAL,AL,raudo01,Doug Rau,3,0,0,3,3,0,0,0,0,0,0,0,0,0,0,0,
1981,PIT,NL,rayjo01,Johnny Ray,31,25,31,31,0,0,0,31,0,0,0,0,0,0,0,2,0
1981,LAN,NL,saxst01,Steve Sax,31,28,31,29,0,0,0,29,0,0,0,0,0,0,0,2,0
1981,CAL,AL,aasedo01,Don Aase,39,0,0,39,39,0,0,0,0,0,0,0,0,0,0,0,
1981,CIN,NL,bairdo01,Doug Bair,24,0,24,24,24,0,0,0,0,0,0,0,0,0,0,0,0
1981,SLN,NL,bairdo01,Doug Bair,11,0,11,11,11,0,0,0,0,0,0,0,0,0,0,0,0
1981,SDN,NL,bassra01,Randy Bass,69,45,69,50,0,0,50,0,0,0,0,0,0,0,0,22,0
1981,TEX,AL,bellbu01,Buddy Bell,97,96,97,96,0,0,0,0,96,1,0,0,0,0,0,1,0
1981,TOR,AL,bellge02,George Bell,60,42,60,45,0,0,0,0,0,0,28,0,18,45,5,6,8
1981,NYA,AL,birddo01,Doug Bird,17,0,0,17,17,0,0,0,0,0,0,0,0,0,0,0,
1981,CHN,NL,birddo01,Doug Bird,12,12,12,12,12,0,0,0,0,0,0,0,0,0,0,0,0
1981,SFN,NL,bluevi01,Vida Blue,18,18,18,18,18,0,0,0,0,0,0,0,0,0,0,0,0
1981,PHI,NL,bowala01,Larry Bowa,103,100,103,102,0,0,0,0,0,102,0,0,0,0,0,1,0
1981,ATL,NL,campri01,Rick Camp,48,0,48,48,48,0,0,0,0,0,0,0,0,0,0,0,0
1981,SEA,AL,clayke01,Ken Clay,22,0,0,22,22,0,0,0,0,0,0,0,0,0,0,0,
1981,CHN,NL,cruzhe01,Hector Cruz,53,26,53,31,0,0,0,0,18,0,8,0,10,16,0,22,0
1981,HOU,NL,cruzjo01,Jose Cruz,107,105,107,105,0,0,0,0,0,0,105,0,0,105,0,2,0
1981,SEA,AL,cruzju01,Julio Cruz,94,87,94,93,0,0,0,92,0,1,0,0,0,0,0,1,4
1981,PIT,NL,cruzvi01,Victor Cruz,22,0,22,22,22,0,0,0,0,0,0,0,0,0,0,0,0
1981,NYA,AL,dentbu01,Bucky Dent,73,73,73,73,0,0,0,0,0,73,0,0,0,0,0,0,0
1981,CLE,AL,diazbo01,Bo Diaz,63,44,63,52,0,52,0,0,0,0,0,0,0,0,1,16,0
1981,DET,AL,dyerdu01,Duffy Dyer,2,0,2,2,0,2,0,0,0,0,0,0,0,0,0,0,0
1981,CHA,AL,fiskca01,Carlton Fisk,96,91,96,95,0,92,1,0,1,0,1,0,0,1,0,2,0
1981,PIT,NL,foliti01,Tim Foli,86,78,86,81,0,0,0,0,0,81,0,0,0,0,0,5,1
1981,CAL,AL,fordda01,Dan Ford,97,94,97,96,0,0,0,0,0,0,0,0,96,96,0,1,0
1981,BAL,AL,fordda02,Dave Ford,15,0,0,15,15,0,0,0,0,0,0,0,0,0,0,0,
1981,KCA,AL,galeri01,Rich Gale,19,0,1,19,19,0,0,0,0,0,0,0,0,0,0,0,0
1981,SEA,AL,grayga01,Gary Gray,69,50,69,38,0,0,34,0,0,0,4,0,0,4,15,19,0
1981,KCA,AL,gurala01,Larry Gura,23,0,0,23,23,0,0,0,0,0,0,0,0,0,0,0,
1981,ML4,AL,haasmo01,Moose Haas,24,0,0,24,24,0,0,0,0,0,0,0,0,0,0,0,
1981,ATL,NL,hallal02,Albert Hall,6,0,6,2,0,0,0,0,0,0,1,0,1,2,0,2,4
1981,CHN,NL,hallme01,Mel Hall,10,0,10,3,0,0,0,0,0,0,1,2,0,3,0,8,0
1981,HOU,NL,heepda01,Danny Heep,33,23,33,23,0,0,22,0,0,0,0,0,1,1,0,10,0
1981,SLN,NL,herrto01,Tom Herr,103,103,103,103,0,0,0,103,0,0,0,0,0,0,0,0,0
1981,CHA,AL,hillma01,Marc Hill,16,0,16,15,0,14,1,0,1,0,0,0,0,0,0,3,0
1981,HOU,NL,howear01,Art Howe,103,100,103,100,0,0,2,0,98,0,0,0,0,0,0,3,0
1981,LAN,NL,howest01,Steve Howe,41,0,41,41,41,0,0,0,0,0,0,0,0,0,0,0,0
1981,CHA,AL,hoytla01,LaMarr Hoyt,43,0,0,43,43,0,0,0,0,0,0,0,0,0,0,0,
1981,CIN,NL,humeto01,Tom Hume,51,0,51,51,51,0,0,0,0,0,0,0,0,0,0,0,0
1981,SLN,NL,iorgda01,Dane Iorg,75,56,75,63,0,0,8,0,2,0,46,0,14,57,0,16,0
1981,TOR,AL,iorgga01,Garth Iorg,70,53,70,64,0,0,1,46,17,2,0,0,0,0,0,10,3
1981,SFN,NL,iviemi01,Mike Ivie,7,3,7,5,0,0,5,0,0,0,0,0,0,0,0,3,0
1981,HOU,NL,iviemi01,Mike Ivie,19,8,19,10,0,0,10,0,0,0,0,0,0,0,0,10,1
1981,NYA,AL,johnto01,Tommy John,20,0,0,20,20,0,0,0,0,0,0,0,0,0,0,0,
1981,SLN,NL,kaatji01,Jim Kaat,41,1,41,41,41,0,0,0,0,0,0,0,0,0,0,0,0
1981,DET,AL,kempst01,Steve Kemp,105,102,105,92,0,0,0,0,0,0,92,0,0,92,10,3,0
1981,TEX,AL,kernji01,Jim Kern,23,0,0,23,23,0,0,0,0,0,0,0,0,0,0,0,
1981,CHN,NL,krugge01,Gene Krug,7,0,7,0,0,0,0,0,0,0,0,0,0,0,0,7,0
1981,PIT,NL,lacyle01,Lee Lacy,78,46,78,64,0,0,0,0,1,0,33,1,31,63,0,15,9
1981,CHA,AL,lampde01,Dennis Lamp,27,0,0,27,27,0,0,0,0,0,0,0,0,0,0,0,
1981,TOR,AL,leallu01,Luis Leal,29,0,1,29,29,0,0,0,0,0,0,0,0,0,0,0,0
1981,TEX,AL,lisiri01,Rick Lisi,9,3,9,8,0,0,0,0,0,0,0,2,6,8,0,2,2
1981,PIT,NL,longbo01,Bob Long,5,3,5,5,5,0,0,0,0,0,0,0,0,0,0,0,0
1981,PHI,NL,lylesp01,Sparky Lyle,48,0,48,48,48,0,0,0,0,0,0,0,0,0,0,0,0
1981,CAL,AL,lynnfr01,Fred Lynn,76,67,76,69,0,0,0,0,0,0,0,69,0,69,0,9,0
1981,SDN,NL,murast01,Steve Mura,24,22,24,23,23,0,0,0,0,0,0,0,0,0,0,0,1
1981,CLE,AL,ortajo01,Jorge Orta,88,80,88,86,0,0,0,0,0,0,0,1,86,86,0,6,0
1981,KCA,AL,otisam01,Amos Otis,99,97,99,99,0,0,0,0,0,0,12,86,1,99,0,2,0
1981,ATL,NL,owenla01,Larry Owen,13,5,13,10,0,10,0,0,0,0,0,0,0,0,0,4,0
1981,OAK,AL,pagemi02,Mitchell Page,34,27,34,0,0,0,0,0,0,0,0,0,0,0,27,5,2
1981,DET,AL,papist01,Stan Papi,40,27,40,34,0,0,1,1,32,0,1,0,0,1,3,4,1
1981,MON,NL,patebo01,Bob Pate,8,0,8,5,0,0,0,0,0,0,1,2,2,5,0,3,0
1981,LAN,NL,penaal01,Alejandro Peña,14,0,14,14,14,0,0,0,0,0,0,0,0,0,0,0,0
1981,HOU,NL,penabe01,Bert Peña,4,0,4,3,0,0,0,0,0,3,0,0,0,0,0,2,0
1981,PIT,NL,penato01,Tony Peña,66,54,66,64,0,64,0,0,0,0,0,0,0,0,0,2,0
1981,HOU,NL,puhlte01,Terry Puhl,96,86,96,88,0,0,0,0,0,0,0,20,71,88,0,10,0
1981,PHI,NL,reedje01,Jerry Reed,4,0,4,4,4,0,0,0,0,0,0,0,0,0,0,0,0
1981,PHI,NL,reedro01,Ron Reed,39,0,39,39,39,0,0,0,0,0,0,0,0,0,0,0,0
1981,BOS,AL,remyje01,Jerry Remy,88,87,88,87,0,0,0,87,0,0,0,0,0,0,0,1,0
1981,BOS,AL,riceji01,Jim Rice,108,108,108,108,0,0,0,0,0,0,108,0,0,108,0,0,0
1981,PIT,NL,romoen01,Enrique Romo,33,0,33,33,33,0,0,0,0,0,0,0,0,0,0,0,0
1981,SLN,NL,roofge01,Gene Roof,23,15,23,20,0,0,0,0,0,0,20,0,0,20,0,2,1
1981,PHI,NL,rosepe01,Pete Rose,107,107,107,107,0,0,107,0,0,0,0,0,0,0,0,0,0
1981,BOS,AL,rudijo01,Joe Rudi,49,23,49,6,0,0,5,0,0,0,0,0,1,1,18,24,1
1981,HOU,NL,ryanno01,Nolan Ryan,21,21,21,21,21,0,0,0,0,0,0,0,0,0,0,0,0
1981,SDN,NL,shower01,Eric Show,15,0,15,15,15,0,0,0,0,0,0,0,0,0,0,0,0
1981,MON,NL,sosael01,Elias Sosa,32,0,32,32,32,0,0,0,0,0,0,0,0,0,0,0,0
1981,CIN,NL,sotoma01,Mario Soto,25,25,25,25,25,0,0,0,0,0,0,0,0,0,0,0,0
1981,NYN,NL,swancr01,Craig Swan,5,3,5,5,5,0,0,0,0,0,0,0,0,0,0,0,0
1981,HOU,NL,thondi01,Dickie Thon,49,25,49,43,0,0,0,29,5,13,0,0,0,0,0,2,10
1981,TOR,AL,toddja01,Jackson Todd,21,0,0,21,21,0,0,0,0,0,0,0,0,0,0,0,
1981,CIN,NL,vailmi01,Mike Vail,31,0,31,3,0,0,0,0,0,0,0,0,3,3,0,28,0
1981,ATL,NL,walkbo01,Bob Walk,12,8,12,12,12,0,0,0,0,0,0,0,0,0,0,0,0
1981,MIN,AL,wardga01,Gary Ward,85,74,85,81,0,0,0,0,0,0,62,19,1,81,1,7,2
1981,SDN,NL,wiseri01,Rick Wise,18,18,18,18,18,0,0,0,0,0,0,0,0,0,0,0,0
1981,CAL,AL,wittmi01,Mike Witt,22,0,0,22,22,0,0,0,0,0,0,0,0,0,0,0,
1981,ML4,AL,yostne01,Ned Yost,18,7,18,16,0,16,0,0,0,0,0,0,0,0,0,1,2
1981,CAL,AL,zahnge01,Geoff Zahn,25,0,0,25,25,0,0,0,0,0,0,0,0,0,0,0,
1981,SEA,AL,ziskri01,Richie Zisk,94,93,94,0,0,0,0,0,0,0,0,0,0,0,93,1,0
1981,SEA,AL,abbotgl01,Glenn Abbott,22,0,0,22,22,0,0,0,0,0,0,0,0,0,0,0,
1981,MIN,AL,adamsgl01,Glenn Adams,72,56,72,0,0,0,0,0,0,0,0,0,0,0,56,16,0
1981,CHA,AL,agostju01,Juan Agosto,2,0,0,2,2,0,0,0,0,0,0,0,0,0,0,0,
1981,PHI,NL,aguaylu01,Luis Aguayo,45,20,45,41,0,0,0,21,3,21,0,0,0,0,0,3,4
1981,KCA,AL,aikenwi01,Willie Aikens,101,96,101,99,0,0,99,0,0,0,0,0,0,0,0,4,0
1981,TOR,AL,aingeda01,Danny Ainge,86,73,86,84,0,0,0,2,77,6,0,3,1,4,1,0,6
1981,SFN,NL,alexado01,Doyle Alexander,24,24,24,24,24,0,0,0,0,0,0,0,0,0,0,0,0
1981,PIT,NL,alexaga01,Gary Alexander,21,13,21,16,0,0,9,0,0,0,7,0,2,8,0,6,1
1981,PIT,NL,alexama01,Matt Alexander,15,0,15,6,0,0,0,0,0,0,3,3,0,6,0,4,9
1981,SEA,AL,allarbr01,Brian Allard,7,0,0,7,7,0,0,0,0,0,0,0,0,0,0,0,
1981,BOS,AL,allenga01,Gary Allenson,47,41,47,47,0,47,0,0,0,0,0,0,0,0,0,0,1
1981,SEA,AL,allenki01,Kim Allen,19,0,19,4,0,0,0,2,0,0,0,2,0,2,0,2,14
1981,NYN,NL,allenne01,Neil Allen,43,0,43,43,43,0,0,0,0,0,0,0,0,0,0,0,0
1981,CHA,AL,almonbi01,Bill Almon,103,102,103,103,0,0,0,0,0,103,0,0,0,0,0,0,0
1981,ATL,NL,alvarjo01,Jose Alvarez,1,0,1,1,1,0,0,0,0,0,0,0,0,0,0,0,0
1981,SEA,AL,anderji01,Jim Anderson,70,52,70,68,0,0,0,0,2,68,0,0,0,0,0,0,4
1981,SEA,AL,anderla02,Larry Andersen,41,0,0,41,41,0,0,0,0,0,0,0,0,0,0,0,
1981,SLN,NL,andujjo01,Joaquin Andujar,12,8,12,11,11,0,0,0,0,0,0,0,0,0,0,0,1
1981,HOU,NL,andujjo01,Joaquin Andujar,9,3,9,9,9,0,0,0,0,0,0,0,0,0,0,0,0
1981,BOS,AL,apontlu01,Luis Aponte,7,0,0,7,7,0,0,0,0,0,0,0,0,0,0,0,
1981,OAK,AL,armasto01,Tony Armas,109,109,109,109,0,0,0,0,0,0,0,2,108,109,0,0,0
1981,SDN,NL,armstmi01,Mike Armstrong,10,0,10,10,10,0,0,0,0,0,0,0,0,0,0,0,0
1981,MIN,AL,arroyfe01,Fernando Arroyo,23,0,0,23,23,0,0,0,0,0,0,0,0,0,0,0,
1981,HOU,NL,ashbyal01,Alan Ashby,83,74,83,81,0,81,0,0,0,0,0,0,0,0,0,7,0
1981,NYA,AL,ashfotu01,Tucker Ashford,3,0,3,2,0,0,0,2,0,0,0,0,0,0,0,0,1
1981,ATL,NL,asselbr01,Brian Asselstine,56,13,56,16,0,0,0,0,0,0,4,0,12,16,0,43,0
1981,SEA,AL,auerbri01,Rick Auerbach,38,29,38,38,0,0,0,0,0,38,0,0,0,0,0,0,1
1981,ML4,AL,augusje01,Jerry Augustine,27,0,0,27,27,0,0,0,0,0,0,0,0,0,0,0,
1981,PHI,NL,avilera01,Ramon Aviles,38,1,38,32,0,0,0,20,13,5,0,0,0,0,0,6,3
1981,BAL,AL,ayalabe01,Benny Ayala,44,24,44,4,0,0,0,0,0,0,4,0,0,4,21,20,0
1981,TEX,AL,babcobo01,Bob Babcock,16,0,0,16,16,0,0,0,0,0,0,0,0,0,0,0,
1981,OAK,AL,babitsh01,Shooty Babitt,54,44,54,52,0,0,0,52,0,0,0,0,0,0,0,2,3
1981,NYN,NL,backmwa01,Wally Backman,26,5,26,12,0,0,0,11,1,0,0,0,0,0,0,13,3
1981,MON,NL,bahnsst01,Stan Bahnsen,25,3,25,25,25,0,0,0,0,0,0,0,0,0,0,0,0
1981,DET,AL,baileho01,Howard Bailey,9,0,0,9,9,0,0,0,0,0,0,0,0,0,0,0,
1981,NYN,NL,bailobo01,Bob Bailor,51,16,51,47,0,0,0,13,1,22,11,0,3,14,0,4,10
1981,CHA,AL,baineha01,Harold Baines,82,67,82,81,0,0,0,0,0,0,0,0,81,81,0,8,2
1981,MIN,AL,bakerch02,Chuck Baker,40,17,40,35,0,0,0,3,1,31,0,0,0,0,1,5,5
1981,LAN,NL,bakerdu01,Dusty Baker,103,101,103,101,0,0,0,0,0,0,101,0,0,101,0,2,0
1981,NYA,AL,balbost01,Steve Balboni,4,2,4,3,0,0,3,0,0,0,0,0,0,0,0,1,0
1981,CLE,AL,bandoch01,Chris Bando,21,9,21,15,0,15,0,0,0,0,0,0,0,0,1,9,0
1981,ML4,AL,bandosa01,Sal Bando,32,16,32,24,0,0,9,0,15,0,0,0,0,0,1,11,1
1981,CLE,AL,bannial01,Alan Bannister,68,52,68,66,0,0,2,30,0,1,18,6,18,36,0,13,1
1981,SEA,AL,bannifl01,Floyd Bannister,21,0,0,21,21,0,0,0,0,0,0,0,0,0,0,0,
1981,TOR,AL,barfije01,Jesse Barfield,25,25,25,25,0,0,0,0,0,0,0,0,25,25,0,0,0
1981,CLE,AL,barkele01,Len Barker,22,0,0,22,22,0,0,0,0,0,0,0,0,0,0,0,
1981,TOR,AL,barlomi01,Mike Barlow,12,0,0,12,12,0,0,0,0,0,0,0,0,0,0,0,
1981,CIN,NL,barrage01,German Barranca,9,0,9,0,0,0,0,0,0,0,0,0,0,0,0,6,3
1981,CHA,AL,barrifr01,Francisco Barrios,8,0,0,8,8,0,0,0,0,0,0,0,0,0,0,0,
1981,CHA,AL,baumgro01,Ross Baumgarten,21,0,2,19,19,0,0,0,0,0,0,0,0,0,0,0,2
1981,CAL,AL,baylodo01,Don Baylor,103,102,103,5,0,0,4,0,0,0,1,0,0,1,97,1,0
1981,TOR,AL,beamoch02,Charlie Beamon,8,4,8,1,0,0,1,0,0,0,0,0,0,0,4,4,0
1981,OAK,AL,beardda01,Dave Beard,8,0,0,8,8,0,0,0,0,0,0,0,0,0,0,0,
1981,SEA,AL,beattji01,Jim Beattie,13,0,0,13,13,0,0,0,0,0,0,0,0,0,0,0,
1981,ATL,NL,bedrost01,Steve Bedrosian,15,1,15,15,15,0,0,0,0,0,0,0,0,0,0,0,0
1981,BAL,AL,belanma01,Mark Belanger,64,49,64,63,0,0,0,0,0,63,0,0,0,0,0,1,2
1981,CIN,NL,benchjo01,Johnny Bench,52,44,52,45,0,7,38,0,0,0,0,0,0,0,0,8,0
1981,ATL,NL,benedbr01,Bruce Benedict,90,86,90,90,0,90,0,0,0,0,0,0,0,0,0,0,0
1981,CAL,AL,beniqju01,Juan Beniquez,58,48,58,55,0,0,0,0,0,0,15,36,7,55,1,4,0
1981,CIN,NL,berenbr01,Bruce Berenyi,21,20,21,21,21,0,0,0,0,0,0,0,0,0,0,0,0
1981,KCA,AL,berenju01,Juan Berenguer,8,0,0,8,8,0,0,0,0,0,0,0,0,0,0,0,
1981,TOR,AL,berenju01,Juan Berenguer,12,0,0,12,12,0,0,0,0,0,0,0,0,0,0,0,
1981,SFN,NL,bergmda01,Dave Bergman,63,34,63,47,0,0,33,0,0,0,15,0,0,15,0,21,0
1981,HOU,NL,bergmda01,Dave Bergman,6,0,6,1,0,0,1,0,0,0,0,0,0,0,0,5,0
1981,ML4,AL,bernadw01,Dwight Bernard,6,0,0,6,6,0,0,0,0,0,0,0,0,0,0,0,
1981,CHA,AL,bernato01,Tony Bernazard,106,104,106,105,0,0,0,105,0,1,0,0,0,0,0,2,0
1981,PIT,NL,berrada01,Dale Berra,81,61,81,78,0,0,0,18,42,30,0,0,0,0,0,5,3
1981,PIT,NL,bevacku01,Kurt Bevacqua,29,1,29,6,0,0,0,4,2,0,0,0,0,0,0,25,0
1981,PIT,NL,bibbyji01,Jim Bibby,14,14,14,14,14,0,0,0,0,0,0,0,0,0,0,0,0
1981,CIN,NL,biittla01,Larry Biittner,42,7,42,11,0,0,8,0,0,0,0,0,3,3,0,34,0
1981,SEA,AL,blackbu02,Buddy Black,2,0,0,2,2,0,0,0,0,0,0,0,0,0,0,0,
1981,CHN,NL,blackti01,Tim Blackwell,58,47,58,56,0,56,0,0,0,0,0,0,0,0,0,2,0
1981,CLE,AL,blylebe01,Bert Blyleven,20,0,0,20,20,0,0,0,0,0,0,0,0,0,0,0,
1981,SEA,AL,bochtbr01,Bruce Bochte,99,86,99,92,0,0,82,0,0,0,14,0,0,14,0,8,0
1981,BAL,AL,boddimi01,Mike Boddicker,2,0,0,2,2,0,0,0,0,0,0,0,0,0,0,0,
1981,ATL,NL,boggsto01,Tommy Boggs,25,24,25,25,25,0,0,0,0,0,0,0,0,0,0,1,0
1981,NYN,NL,boitada01,Dan Boitano,16,0,16,16,16,0,0,0,0,0,0,0,0,0,0,0,0
1981,TOR,AL,bombama01,Mark Bomback,20,0,0,20,20,0,0,0,0,0,0,0,0,0,0,0,
1981,CHN,NL,bondsbo01,Bobby Bonds,45,45,45,45,0,0,0,0,0,0,0,42,3,45,0,0,0
1981,SDN,NL,bonilju01,Juan Bonilla,99,97,99,97,0,0,0,97,0,0,0,0,0,0,0,1,1
1981,TOR,AL,bonneba01,Barry Bonnell,66,61,66,66,0,0,0,0,0,0,9,18,42,66,0,2,0
1981,BAL,AL,bonnebo01,Bobby Bonner,10,7,10,9,0,0,0,0,0,9,0,0,0,0,0,0,2
1981,PHI,NL,boonebo01,Bob Boone,76,64,76,75,0,75,0,0,0,0,0,0,0,0,0,4,0
1981,SDN,NL,booneda02,Danny Boone,37,0,37,37,37,0,0,0,0,0,0,0,0,0,0,0,0
1981,OAK,AL,bordiri01,Rich Bordi,2,0,0,2,2,0,0,0,0,0,0,0,0,0,0,0,
1981,TOR,AL,bosetri01,Rick Bosetti,25,11,25,19,0,0,0,0,0,0,5,13,2,19,0,2,7
1981,OAK,AL,bosetri01,Rick Bosetti,9,4,9,5,0,0,0,0,0,0,0,4,1,5,2,1,2
1981,ML4,AL,bosleth01,Thad Bosley,42,24,42,36,0,0,0,0,0,0,8,8,20,36,2,4,2
1981,PIT,NL,boylado01,Doe Boyland,11,0,11,0,0,0,0,0,0,0,0,0,0,0,0,9,2
1981,ATL,NL,bradfla01,Larry Bradford,25,0,25,25,25,0,0,0,0,0,0,0,0,0,0,0,0
1981,LAN,NL,bradlma01,Mark Bradley,9,0,9,6,0,0,0,0,0,0,1,0,5,6,0,2,3
1981,SLN,NL,braunst01,Steve Braun,44,6,44,13,0,0,0,0,1,0,6,0,6,12,0,34,1
1981,SFN,NL,breinfr01,Fred Breining,45,1,45,45,45,0,0,0,0,0,0,0,0,0,0,0,0
1981,SFN,NL,brenlbo01,Bob Brenly,19,13,19,18,0,14,0,0,3,0,1,0,0,1,0,2,3
1981,CLE,AL,brennto01,Tom Brennan,7,0,0,7,7,0,0,0,0,0,0,0,0,0,0,0,
1981,KCA,AL,brettge01,George Brett,89,87,89,88,0,0,0,0,88,0,0,0,0,0,0,1,1
1981,KCA,AL,brettke01,Ken Brett,22,0,0,22,22,0,0,0,0,0,0,0,0,0,0,0,
1981,MON,NL,briggda01,Dan Briggs,9,1,9,6,0,0,3,0,0,0,1,2,1,3,0,3,1
1981,NYN,NL,brookhu01,Hubie Brooks,98,92,98,96,0,0,0,0,93,1,1,0,2,3,0,5,0
1981,DET,AL,brookto01,Tom Brookens,71,70,71,71,0,0,0,0,71,0,0,0,0,0,0,1,0
1981,ML4,AL,brouhma01,Mark Brouhard,60,52,60,50,0,0,0,0,0,0,8,0,44,50,7,4,1
1981,NYA,AL,brownbo04,Bobby Brown,31,15,31,29,0,0,0,0,0,0,6,11,14,29,0,1,4
1981,DET,AL,brownda01,Darrell Brown,16,0,16,6,0,0,0,0,0,0,1,2,3,6,0,2,11
1981,CIN,NL,brownsc01,Scott Brown,10,0,10,10,10,0,0,0,0,0,0,0,0,0,0,0,0
1981,SLN,NL,brummgl01,Glenn Brummer,21,7,21,19,0,19,0,0,0,0,0,0,0,0,0,2,0
1981,CAL,AL,brunato01,Tom Brunansky,11,11,11,11,0,0,0,0,0,0,11,0,0,11,0,0,0
1981,PHI,NL,brusswa01,Warren Brusstar,14,0,14,14,14,0,0,0,0,0,0,0,0,0,0,0,0
1981,CHN,NL,bucknbi01,Bill Buckner,106,105,106,105,0,0,105,0,0,0,0,0,0,0,0,1,0
1981,OAK,AL,budasma01,Mark Budaska,9,8,9,0,0,0,0,0,0,0,0,0,0,0,8,0,1
1981,SEA,AL,bullibu01,Bud Bulling,62,50,62,62,0,62,0,0,0,0,0,0,0,0,0,6,0
1981,BAL,AL,bumbral01,Al Bumbry,101,97,101,101,0,0,0,0,0,0,3,101,0,101,0,2,0
1981,BOS,AL,burgmto01,Tom Burgmeier,32,0,0,32,32,0,0,0,0,0,0,0,0,0,0,0,
1981,CAL,AL,burleri01,Rick Burleson,109,108,109,109,0,0,0,0,0,109,0,0,0,0,0,0,0
1981,CHA,AL,burnsbr01,Britt Burns,24,0,0,24,24,0,0,0,0,0,0,0,0,0,0,0,
1981,MON,NL,burrira01,Ray Burris,22,21,22,22,22,0,0,0,0,0,0,0,0,0,0,0,0
1981,SEA,AL,burroje01,Jeff Burroughs,89,88,89,87,0,0,0,0,0,0,1,0,86,87,1,1,0
1981,TEX,AL,butchjo01,John Butcher,5,0,0,5,5,0,0,0,0,0,0,0,0,0,0,0,
1981,MIN,AL,butersa01,Sal Butera,62,52,62,60,0,59,1,0,0,0,0,0,0,0,1,2,0
1981,ATL,NL,butlebr01,Brett Butler,40,33,40,37,0,0,0,0,0,0,26,11,5,37,0,2,2
1981,PHI,NL,bystrma01,Marty Bystrom,9,9,9,9,9,0,0,0,0,0,0,0,0,0,0,0,0
1981,SFN,NL,cabelen01,Enos Cabell,96,89,96,91,0,0,69,0,22,0,0,0,0,0,0,6,0
1981,ML4,AL,caldwmi01,Mike Caldwell,24,0,0,24,24,0,0,0,0,0,0,0,0,0,0,0,
1981,PIT,NL,camacer01,Ernie Camacho,7,3,7,7,7,0,0,0,0,0,0,0,0,0,0,0,0
1981,CAL,AL,campabe01,Bert Campaneris,55,22,55,52,0,0,0,2,47,3,0,0,0,0,0,3,14
1981,BOS,AL,campbbi02,Bill Campbell,30,0,0,30,30,0,0,0,0,0,0,0,0,0,0,0,
1981,PIT,NL,candejo01,John Candelaria,6,6,6,6,6,0,0,0,0,0,0,0,0,0,0,0,0
1981,CHN,NL,capildo01,Doug Capilla,42,0,42,42,42,0,0,0,0,0,0,0,0,0,0,0,0
1981,DET,AL,cappuge01,George Cappuzzello,18,0,0,18,18,0,0,0,0,0,0,0,0,0,0,0,
1981,CAL,AL,carewro01,Rod Carew,93,91,93,90,0,0,90,0,0,0,0,0,0,0,1,2,0
1981,PHI,NL,carltst01,Steve Carlton,24,24,24,24,24,0,0,0,0,0,0,0,0,0,0,0,0
1981,MON,NL,cartega01,Gary Carter,100,100,100,100,0,100,1,0,0,0,0,0,0,0,0,0,0
1981,LAN,NL,castibo01,Bobby Castillo,34,1,34,34,34,0,0,0,0,0,0,0,0,0,0,0,0
1981,MIN,AL,castijo01,John Castino,101,100,101,101,0,0,0,4,98,0,0,0,0,0,0,1,0
1981,DET,AL,castima02,Marty Castillo,6,2,6,6,0,1,0,0,4,0,1,0,0,1,0,0,0
1981,NYA,AL,castrbi01,Bill Castro,11,0,0,11,11,0,0,0,0,0,0,0,0,0,0,0,
1981,CHN,NL,caudibi01,Bill Caudill,30,10,30,30,30,0,0,0,0,0,0,0,0,0,0,0,0
1981,HOU,NL,cedence01,Cesar Cedeno,82,80,82,80,0,0,46,0,0,0,0,34,0,34,0,2,0
1981,NYA,AL,ceronri01,Rick Cerone,71,64,71,69,0,69,0,0,0,0,0,0,0,0,0,2,0
1981,KCA,AL,chalkda01,Dave Chalk,27,13,27,25,0,0,0,10,14,1,0,0,0,0,0,5,4
1981,ATL,NL,chambch01,Chris Chambliss,107,107,107,107,0,0,107,0,0,0,0,0,0,0,0,0,0
1981,CLE,AL,charbjo01,Joe Charboneau,48,36,48,27,0,0,0,0,0,0,23,0,6,27,9,12,0
1981,PHI,NL,chrisla01,Larry Christenson,20,15,20,20,20,0,0,0,0,0,0,0,0,0,0,0,0
1981,TOR,AL,clancji01,Jim Clancy,22,0,0,22,22,0,0,0,0,0,0,0,0,0,0,0,
1981,CAL,AL,clarkbo04,Bobby Clark,34,23,34,34,0,0,0,0,0,0,27,8,1,34,0,3,1
1981,SEA,AL,clarkbr01,Bryan Clark,30,0,1,29,29,0,0,0,0,0,0,0,0,0,0,0,1
1981,SFN,NL,clarkja01,Jack Clark,99,97,99,98,0,0,0,0,0,0,0,0,98,98,0,2,0
1981,BOS,AL,clearma01,Mark Clear,34,0,0,34,34,0,0,0,0,0,0,0,0,0,0,0,
1981,ML4,AL,clevere01,Reggie Cleveland,35,0,0,35,35,0,0,0,0,0,0,0,0,0,0,0,
1981,CIN,NL,collida02,Dave Collins,95,94,95,94,0,0,0,0,0,0,1,2,93,94,0,1,0
1981,CIN,NL,combege01,Geoff Combe,14,0,14,14,14,0,0,0,0,0,0,0,0,0,0,0,0
1981,TEX,AL,comerst01,Steve Comer,36,0,0,36,36,0,0,0,0,0,0,0,0,0,0,0,
1981,CIN,NL,conceda01,Dave Concepcion,106,106,106,106,0,0,0,0,0,106,0,0,0,0,0,0,0
1981,KCA,AL,conceon01,Onix Concepcion,2,0,2,1,0,0,0,0,0,1,0,0,0,0,0,0,1
1981,ML4,AL,coopece01,Cecil Cooper,106,103,106,101,0,0,101,0,0,0,0,0,0,0,5,3,0
1981,MIN,AL,coopedo01,Don Cooper,27,0,0,27,27,0,0,0,0,0,0,0,0,0,0,0,
1981,MIN,AL,corbedo01,Doug Corbett,54,0,0,54,54,0,0,0,0,0,0,0,0,0,0,0,
1981,MIN,AL,corcoti01,Tim Corcoran,22,13,22,16,0,0,16,0,0,0,0,0,0,0,2,5,0
1981,BAL,AL,coreyma01,Mark Corey,10,3,10,9,0,0,0,0,0,0,7,0,2,9,0,1,2
1981,DET,AL,cowenal01,Al Cowens,85,64,85,83,0,0,0,0,0,0,0,65,19,83,0,12,0
1981,BOS,AL,crawfst01,Steve Crawford,14,0,0,14,14,0,0,0,0,0,0,0,0,0,0,0,
1981,MON,NL,cromawa01,Warren Cromartie,99,96,99,99,0,0,62,0,0,0,0,0,38,38,0,1,0
1981,BAL,AL,crowlte01,Terry Crowley,68,36,68,4,0,0,4,0,0,0,0,0,0,0,34,32,0
1981,NYN,NL,cubbami01,Mike Cubbage,67,11,67,12,0,0,0,0,12,0,0,0,0,0,0,55,0
1981,SDN,NL,curtijo01,John Curtis,28,8,28,28,28,0,0,0,0,0,0,0,0,0,0,0,0
1981,CAL,AL,dacqujo01,John D'Acquisto,6,0,0,6,6,0,0,0,0,0,0,0,0,0,0,0,
1981,TEX,AL,darwida01,Danny Darwin,22,0,0,22,22,0,0,0,0,0,0,0,0,0,0,0,
1981,BAL,AL,dauerri01,Rich Dauer,96,92,96,96,0,0,0,95,4,0,0,0,0,0,0,1,0
1981,CAL,AL,davisbo02,Bob Davis,1,1,1,1,0,1,0,0,0,0,0,0,0,0,0,0,0
1981,SFN,NL,davisch01,Chili Davis,8,2,8,6,0,0,0,0,0,0,1,2,3,6,0,3,0
1981,PHI,NL,davisdi02,Dick Davis,45,19,45,32,0,0,0,0,0,0,1,0,31,32,0,20,0
1981,CHN,NL,davisjo02,Jody Davis,56,53,56,56,0,56,0,0,0,0,0,0,0,0,0,0,0
1981,PHI,NL,davisma01,Mark Davis,9,9,9,9,9,0,0,0,0,0,0,0,0,0,0,0,0
1981,OAK,AL,davismi02,Mike Davis,17,2,17,3,0,0,1,0,0,0,2,0,0,2,2,11,2
1981,NYA,AL,davisro02,Ron Davis,43,0,0,43,43,0,0,0,0,0,0,0,0,0,0,0,
1981,MON,NL,dawsoan01,Andre Dawson,103,103,103,103,0,0,0,0,0,0,0,103,0,103,0,0,0
1981,BAL,AL,decindo01,Doug DeCinces,100,97,100,100,0,0,1,0,100,0,1,0,0,1,0,1,1
1981,CHN,NL,dejesiv01,Ivan de Jesus,106,106,106,106,0,0,0,0,0,106,0,0,0,0,0,0,0
1981,SLN,NL,deleolu01,Luis DeLeon,10,0,10,10,10,0,0,0,0,0,0,0,0,0,0,0,0
1981,BAL,AL,dempsri01,Rick Dempsey,92,71,92,90,0,90,0,0,0,0,0,0,0,0,0,9,6
1981,CLE,AL,dennyjo01,John Denny,19,0,0,19,19,0,0,0,0,0,0,0,0,0,0,0,
1981,PHI,NL,dernibo01,Bob Dernier,10,0,10,5,0,0,0,0,0,0,0,5,0,5,0,0,5
1981,CHN,NL,dillast01,Steve Dillard,53,24,53,41,0,0,0,32,7,2,0,0,0,0,0,14,8
1981,CLE,AL,dilonmi01,Miguel Dilone,72,63,72,56,0,0,0,0,0,0,56,0,0,56,8,4,5
1981,ML4,AL,dipinfr01,Frank DiPino,2,0,0,2,2,0,0,0,0,0,0,0,0,0,0,0,
1981,CHA,AL,dotsori01,Richard Dotson,27,0,3,24,24,0,0,0,0,0,0,0,0,0,0,0,3
1981,CAL,AL,downibr01,Brian Downing,93,88,93,87,0,37,0,0,0,0,56,0,0,56,5,2,0
1981,OAK,AL,doylebr01,Brian Doyle,17,15,17,17,0,0,0,17,0,0,0,0,0,0,0,0,1
1981,SEA,AL,dragodi01,Dick Drago,39,0,0,39,39,0,0,0,0,0,0,0,0,0,0,0,
1981,CIN,NL,driesda01,Dan Driessen,82,66,82,74,0,0,74,0,0,0,0,0,0,0,0,5,4
1981,OAK,AL,drumrke01,Keith Drumright,31,21,31,19,0,0,0,19,0,0,0,0,0,0,5,9,0
1981,TEX,AL,duranda01,Dan Duran,13,3,13,8,0,0,1,0,0,0,7,0,0,7,0,6,0
1981,CHN,NL,durhale01,Leon Durham,87,84,87,84,0,0,3,0,0,0,0,0,83,83,0,3,0
1981,BAL,AL,dwyerji01,Jim Dwyer,68,33,68,61,0,0,3,0,0,0,43,2,20,60,0,10,5
1981,CLE,AL,dybzije01,Jerry Dybzinski,48,17,48,40,0,0,0,4,3,34,0,0,0,0,0,2,12
1981,PIT,NL,easlemi01,Mike Easler,95,82,95,90,0,0,0,0,0,0,73,0,24,90,0,8,1
1981,ML4,AL,easteja01,Jamie Easterly,44,0,0,44,44,0,0,0,0,0,0,0,0,0,0,0,
1981,CHN,NL,eastwra01,Rawly Eastwick,30,0,30,30,30,0,0,0,0,0,0,0,0,0,0,0,0
1981,BOS,AL,eckerde01,Dennis Eckersley,23,0,0,23,23,0,0,0,0,0,0,0,0,0,0,0,
1981,CIN,NL,edelejo01,Joe Edelen,5,0,5,5,5,0,0,0,0,0,0,0,0,0,0,0,0
1981,SLN,NL,edelejo01,Joe Edelen,13,0,13,13,13,0,0,0,0,0,0,0,0,0,0,0,0
1981,SEA,AL,edlerda01,Dave Edler,29,22,29,27,0,0,0,0,26,1,0,0,0,0,0,4,0
1981,SDN,NL,edwarda01,Dave Edwards,58,25,58,49,0,0,0,0,0,0,11,2,40,49,0,20,3
1981,ML4,AL,edwarma01,Marshall Edwards,40,10,40,37,0,0,0,0,0,0,2,21,15,37,0,1,13
1981,SDN,NL,eicheju01,Juan Eichelberger,25,24,25,25,25,0,0,0,0,0,0,0,0,0,0,0,0
1981,TEX,AL,ellisjo01,John Ellis,23,14,23,18,0,0,18,0,0,0,0,0,0,0,1,9,0
1981,MIN,AL,engleda01,Dave Engle,82,64,82,78,0,0,0,0,1,0,0,0,77,77,0,13,1
1981,MON,NL,engleri01,Rick Engle,1,0,1,1,1,0,0,0,0,0,0,0,0,0,0,0,0
1981,MIN,AL,erickro01,Roger Erickson,14,0,0,14,14,0,0,0,0,0,0,0,0,0,0,0,
1981,TOR,AL,espinni01,Nino Espinosa,1,0,0,1,1,0,0,0,0,0,0,0,0,0,0,0,
1981,PHI,NL,espinni01,Nino Espinosa,14,14,14,14,14,0,0,0,0,0,0,0,0,0,0,0,0
1981,CHA,AL,essiaji01,Jim Essian,27,17,27,27,0,25,0,0,2,0,0,0,0,0,0,2,1
1981,SDN,NL,evansba01,Barry Evans,54,20,54,42,0,0,10,6,24,2,0,0,0,0,0,21,0
1981,SFN,NL,evansda01,Darrell Evans,102,96,102,99,0,0,12,0,87,0,0,0,0,0,0,5,0
1981,BOS,AL,evansdw01,Dwight Evans,108,108,108,108,0,0,0,0,0,0,0,0,108,108,0,0,0
1981,MIN,AL,faedole01,Lenny Faedo,12,12,12,12,0,0,0,0,0,12,0,0,0,0,0,0,0
1981,DET,AL,faheybi01,Bill Fahey,27,19,27,27,0,27,0,0,0,0,0,0,0,0,0,0,0
1981,NYN,NL,falcope01,Pete Falcone,35,9,35,35,35,0,0,0,0,0,0,0,0,0,0,0,0
1981,CHA,AL,farmeed01,Ed Farmer,42,0,0,42,42,0,0,0,0,0,0,0,0,0,0,0,
1981,MIN,AL,feltote01,Terry Felton,1,0,0,1,1,0,0,0,0,0,0,0,0,0,0,0,
1981,CAL,AL,fergujo01,Joe Ferguson,12,11,12,12,0,8,0,0,0,0,3,0,1,4,0,1,0
1981,LAN,NL,fergujo01,Joe Ferguson,17,0,17,1,0,0,0,0,0,0,0,0,1,1,0,16,0
1981,SLN,NL,fialane01,Neil Fiala,3,0,3,0,0,0,0,0,0,0,0,0,0,0,0,3,0
1981,CIN,NL,fialane01,Neil Fiala,2,0,2,0,0,0,0,0,0,0,0,0,0,0,0,2,0
1981,OAK,AL,figueed01,Ed Figueroa,2,0,0,2,2,0,0,0,0,0,0,0,0,0,0,0,
1981,ML4,AL,fingero01,Rollie Fingers,47,0,1,47,47,0,0,0,0,0,0,0,0,0,0,0,0
1981,SDN,NL,fireost01,Steve Fireovid,5,4,5,5,5,0,0,0,0,0,0,0,0,0,0,0,0
1981,SEA,AL,firovda01,Dan Firova,13,0,13,13,0,13,0,0,0,0,0,0,0,0,0,0,0
1981,CLE,AL,fischmi01,Mike Fischlin,22,14,22,20,0,0,0,1,0,19,0,0,0,0,0,0,3
1981,BAL,AL,flanami01,Mike Flanagan,20,0,0,20,20,0,0,0,0,0,0,0,0,0,0,0,
1981,SDN,NL,flannti01,Tim Flannery,37,14,37,21,0,0,0,7,15,0,0,0,0,0,0,17,0
1981,CHN,NL,fletcsc01,Scott Fletcher,19,11,19,17,0,0,0,13,1,4,0,0,0,0,0,0,4
1981,NYN,NL,flynndo01,Doug Flynn,105,103,105,105,0,0,0,100,0,5,0,0,0,0,0,0,1
1981,CHN,NL,footeba01,Barry Foote,9,6,9,8,0,8,0,0,0,0,0,0,0,0,0,1,0
1981,NYA,AL,footeba01,Barry Foote,40,37,40,35,0,34,1,0,0,0,0,0,0,0,4,1,0
1981,SLN,NL,forscbo01,Bob Forsch,20,20,20,20,20,0,0,0,0,0,0,0,0,0,0,0,0
1981,CAL,AL,forscke01,Ken Forsch,20,0,0,20,20,0,0,0,0,0,0,0,0,0,0,0,
1981,LAN,NL,forstte01,Terry Forster,21,0,21,21,21,0,0,0,0,0,0,0,0,0,0,0,0
1981,CIN,NL,fostege01,George Foster,108,108,108,108,0,0,0,0,0,0,108,0,0,108,0,0,0
1981,MON,NL,francte01,Terry Francona,34,21,34,27,0,0,1,0,0,0,24,0,2,26,0,10,0
1981,NYA,AL,frazige01,George Frazier,16,0,0,16,16,0,0,0,0,0,0,0,0,0,0,0,
1981,LAN,NL,friaspe01,Pepe Frias,25,8,25,22,0,0,0,6,1,15,0,0,0,0,0,1,5
1981,CAL,AL,frostda01,Dave Frost,12,0,0,12,12,0,0,0,0,0,0,0,0,0,0,0,
1981,MON,NL,frymawo01,Woodie Fryman,35,0,35,35,35,0,0,0,0,0,0,0,0,0,0,0,0
1981,MIN,AL,fundema01,Mark Funderburk,8,5,8,6,0,0,0,0,0,0,6,0,0,6,0,2,0
1981,MIN,AL,gaettga01,Gary Gaetti,9,8,9,8,0,0,0,0,8,0,0,0,0,0,1,0,0
1981,SEA,AL,galasbo01,Bob Galasso,13,0,0,13,13,0,0,0,0,0,0,0,0,0,0,0,
1981,NYA,AL,gamblos01,Oscar Gamble,80,51,80,43,0,0,0,0,0,0,15,1,27,43,20,29,0
1981,ML4,AL,gantnji01,Jim Gantner,107,100,107,107,0,0,0,107,0,0,0,0,0,0,0,3,1
1981,ATL,NL,garbege01,Gene Garber,35,0,35,35,35,0,0,0,0,0,0,0,0,0,0,0,0
1981,TOR,AL,garcida01,Damaso Garcia,64,63,64,62,0,0,0,62,0,0,0,0,0,0,1,1,0
1981,KCA,AL,garcida02,Danny Garcia,12,2,12,8,0,0,2,0,0,0,1,0,5,6,0,1,6
1981,HOU,NL,garciki01,Kiko Garcia,48,34,48,46,0,0,0,9,14,28,0,0,0,0,0,4,1
1981,NYN,NL,gardero01,Ron Gardenhire,27,14,27,23,0,0,0,6,1,18,0,0,0,0,0,0,9
1981,CLE,AL,garlawa01,Wayne Garland,12,0,0,12,12,0,0,0,0,0,0,0,0,0,0,0,
1981,PIT,NL,garneph01,Phil Garner,56,50,56,50,0,0,0,50,0,0,0,0,0,0,0,3,3
1981,HOU,NL,garneph01,Phil Garner,31,30,31,31,0,0,0,31,0,0,0,0,0,0,0,1,0
1981,LAN,NL,garvest01,Steve Garvey,110,110,110,110,0,0,110,0,0,0,0,0,0,0,0,0,0
1981,TOR,AL,garvije01,Jerry Garvin,35,0,0,35,35,0,0,0,0,0,0,0,0,0,0,0,
1981,MON,NL,gatesmi01,Mike Gates,1,0,1,1,0,0,0,1,0,0,0,0,0,0,0,1,0
1981,BOS,AL,gedmari01,Rich Gedman,62,56,62,59,0,59,0,0,0,0,0,0,0,0,0,4,0
1981,CHN,NL,geiseda01,Dave Geisel,11,2,11,11,11,0,0,0,0,0,0,0,0,0,0,0,0
1981,KCA,AL,geronce01,Cesar Geronimo,59,31,59,57,0,0,0,0,0,0,5,3,50,57,0,6,6
1981,DET,AL,gibsoki01,Kirk Gibson,83,70,83,68,0,0,0,0,0,0,8,26,38,68,7,9,3
1981,NYN,NL,gilesbr01,Brian Giles,9,1,9,4,0,0,0,2,0,2,0,0,0,0,0,3,3
1981,SEA,AL,gleatje01,Jerry Don Gleaton,20,0,0,20,20,0,0,0,0,0,0,0,0,0,0,0,
1981,CLE,AL,glynned01,Ed Glynn,4,0,0,4,4,0,0,0,0,0,0,0,0,0,0,0,
1981,LAN,NL,goltzda01,Dave Goltz,26,8,26,26,26,0,0,0,0,0,0,0,0,0,0,0,0
1981,ATL,NL,gomezlu01,Luis Gomez,35,8,35,34,1,0,0,4,8,21,0,0,0,0,0,2,0
1981,SLN,NL,gonzaju02,Julio Gonzalez,20,0,20,11,0,0,0,4,2,5,0,0,0,0,0,10,0
1981,MIN,AL,goodwda01,Danny Goodwin,59,42,59,41,0,0,40,0,0,0,1,0,0,1,4,11,4
1981,MON,NL,gormato03,Tom Gorman,9,0,9,9,9,0,0,0,0,0,0,0,0,0,0,0,0
1981,NYA,AL,gossari01,Rich Gossage,32,0,0,32,32,0,0,0,0,0,0,0,0,0,0,0,
1981,BAL,AL,grahada01,Dan Graham,55,44,55,44,0,40,0,0,4,0,0,0,0,0,6,9,0
1981,SLN,NL,greenda03,David Green,21,9,21,18,0,0,0,0,0,0,0,18,0,18,0,2,4
1981,CAL,AL,grichbo01,Bobby Grich,100,100,100,100,0,0,0,100,0,0,0,0,0,0,0,0,0
1981,TOR,AL,griffal01,Alfredo Griffin,101,98,101,100,0,0,0,1,4,97,0,0,0,0,0,1,2
1981,CIN,NL,griffke01,Ken Griffey,101,99,101,99,0,0,0,0,0,0,0,98,2,99,0,2,0
1981,NYA,AL,griffmi02,Mike Griffin,2,0,0,2,2,0,0,0,0,0,0,0,0,0,0,0,
1981,CHN,NL,griffmi02,Mike Griffin,16,9,16,16,16,0,0,0,0,0,0,0,0,0,0,0,0
1981,SFN,NL,griffto02,Tom Griffin,22,22,22,22,22,0,0,0,0,0,0,0,0,0,0,0,0
1981,PHI,NL,grossgr01,Greg Gross,83,11,83,55,0,0,0,0,0,0,14,4,38,55,0,44,2
1981,OAK,AL,grosswa01,Wayne Gross,82,65,82,76,0,0,2,0,74,0,0,0,0,0,0,13,0
1981,LAN,NL,groteje01,Jerry Grote,2,0,2,1,0,1,0,0,0,0,0,0,0,0,0,2,0
1981,KCA,AL,groteje01,Jerry Grote,22,20,22,22,0,22,0,0,0,0,0,0,0,0,0,0,0
1981,TEX,AL,grubbjo01,Johnny Grubb,67,56,67,58,0,0,0,0,0,0,2,0,56,58,0,10,0
1981,LAN,NL,guerrpe01,Pedro Guerrero,98,93,98,96,0,0,1,0,21,0,0,8,70,75,0,4,0
1981,NYA,AL,guidrro01,Ron Guidry,23,0,0,23,23,0,0,0,0,0,0,0,0,0,0,0,
1981,SEA,AL,guldebr01,Brad Gulden,8,3,8,6,0,6,0,0,0,0,0,0,0,0,0,4,0
1981,MON,NL,gullibi01,Bill Gullickson,22,22,22,22,22,0,0,0,0,0,0,0,0,0,0,0,0
1981,SDN,NL,gwosddo01,Doug Gwosdz,16,6,16,13,0,13,0,0,0,0,0,0,0,0,0,4,0
1981,CHA,AL,hairsje01,Jerry Hairston,9,6,9,7,0,0,0,0,0,0,4,2,1,7,0,2,0
1981,KCA,AL,hammaat01,Atlee Hammaker,10,0,0,10,10,0,0,0,0,0,0,0,0,0,0,0,
1981,BOS,AL,hancoga01,Garry Hancock,26,7,26,8,0,0,0,0,0,0,0,5,3,8,2,16,0
1981,ATL,NL,hannapr01,Preston Hanna,20,1,20,20,20,0,0,0,0,0,0,0,0,0,0,0,0
1981,SFN,NL,hargeal01,Alan Hargesheimer,6,3,6,6,6,0,0,0,0,0,0,0,0,0,0,0,0
1981,CLE,AL,hargrmi01,Mike Hargrove,94,90,94,88,0,0,88,0,0,0,0,0,0,0,3,4,0
1981,CAL,AL,harlola01,Larry Harlow,43,23,43,40,0,0,0,0,0,0,23,8,13,40,0,7,5
1981,CAL,AL,harpebr01,Brian Harper,4,3,4,2,0,0,0,0,0,0,1,0,1,2,1,1,0
1981,ATL,NL,harpete01,Terry Harper,40,13,40,27,0,0,0,0,0,0,9,0,18,27,0,16,6
1981,CLE,AL,harrato01,Toby Harrah,103,102,103,102,0,0,0,0,102,3,0,0,0,0,1,1,0
1981,NYN,NL,harrigr01,Greg Harris,17,14,17,16,16,0,0,0,0,0,0,0,0,0,0,0,1
1981,CAL,AL,harrijo04,John Harris,36,15,36,20,0,0,11,0,0,0,10,0,0,10,0,20,0
1981,CLE,AL,hassero01,Ron Hassey,61,56,61,59,0,56,5,0,0,0,0,0,0,0,0,4,0
1981,CAL,AL,hasslan01,Andy Hassler,42,0,0,42,42,0,0,0,0,0,0,0,0,0,0,0,
1981,MIN,AL,hatchmi01,Mickey Hatcher,99,97,99,97,0,0,7,0,2,0,5,86,0,91,0,2,0
1981,NYN,NL,hausmto01,Tom Hausman,20,0,20,20,20,0,0,0,0,0,0,0,0,0,0,0,0
1981,MIN,AL,havenbr01,Brad Havens,14,0,0,14,14,0,0,0,0,0,0,0,0,0,0,0,
1981,CHN,NL,hayesbi01,Bill Hayes,1,0,1,1,0,1,0,0,0,0,0,0,0,0,0,0,0
1981,CLE,AL,hayesvo01,Von Hayes,43,28,43,18,0,0,0,0,4,0,12,0,2,14,15,13,1
1981,OAK,AL,heathmi02,Mike Heath,84,76,84,80,0,78,0,0,0,0,5,0,1,6,0,4,0
1981,OAK,AL,heaveda01,Dave Heaverlo,6,0,0,6,6,0,0,0,0,0,0,0,0,0,0,0,
1981,DET,AL,hebneri01,Richie Hebner,78,62,78,61,0,0,61,0,0,0,0,0,0,0,7,15,0
1981,SEA,AL,hendeda01,Dave Henderson,59,35,59,58,0,0,0,0,0,0,3,32,31,58,0,8,4
1981,OAK,AL,henderi01,Rickey Henderson,108,107,108,107,0,0,0,0,0,0,107,0,0,107,0,1,0
1981,CHN,NL,hendest01,Steve Henderson,82,76,82,77,0,0,0,0,0,0,77,0,0,77,0,5,0
1981,SLN,NL,hendrge01,George Hendrick,101,101,101,101,0,0,0,0,0,0,0,51,60,101,0,0,0
1981,SLN,NL,hernake01,Keith Hernandez,103,99,103,99,0,0,98,0,0,0,3,0,0,3,0,4,0
1981,CHN,NL,hernawi01,Willie Hernandez,13,0,13,12,12,0,0,0,0,0,0,0,0,0,0,0,1
1981,SFN,NL,herndla01,Larry Herndon,96,90,96,93,0,0,0,0,0,0,83,7,11,93,0,5,0
1981,CHA,AL,hickeke01,Kevin Hickey,41,0,0,41,41,0,0,0,0,0,0,0,0,0,0,0,
1981,ML4,AL,hislela01,Larry Hisle,27,23,27,0,0,0,0,0,0,0,0,0,0,0,23,4,0
1981,MIN,AL,hobbsjo01,John Hobbs,4,0,0,4,4,0,0,0,0,0,0,0,0,0,0,0,
1981,CAL,AL,hobsobu01,Butch Hobson,85,85,85,83,0,0,0,0,83,0,0,0,0,0,2,0,0
1981,NYN,NL,hodgero01,Ron Hodges,35,5,35,7,0,7,0,0,0,0,0,0,0,0,0,29,0
1981,BOS,AL,hoffmgl01,Glenn Hoffman,78,72,78,78,0,0,0,0,1,78,0,0,0,0,0,0,0
1981,SFN,NL,hollaal01,Al Holland,47,3,47,47,47,0,0,0,0,0,0,0,0,0,0,0,0
1981,TEX,AL,honeyri01,Rick Honeycutt,20,0,0,20,20,0,0,0,0,0,0,0,0,0,0,0,
1981,LAN,NL,hootobu01,Burt Hooton,23,23,23,23,23,0,0,0,0,0,0,0,0,0,0,0,0
1981,ATL,NL,hornebo01,Bob Horner,79,79,79,79,0,0,0,0,79,0,0,0,0,0,0,0,0
1981,OAK,AL,hosleti01,Tim Hosley,18,1,18,1,0,0,1,0,0,0,0,0,0,0,1,16,0
1981,MON,NL,hosteda01,Dave Hostetler,5,0,5,2,0,0,2,0,0,0,0,0,0,0,0,3,0
1981,TEX,AL,houghch01,Charlie Hough,21,0,0,21,21,0,0,0,0,0,0,0,0,0,0,0,
1981,CIN,NL,housepa02,Paul Householder,23,14,23,19,0,0,0,0,0,0,1,6,13,19,0,4,1
1981,NYN,NL,howarmi01,Mike Howard,14,6,14,14,0,0,0,0,0,0,6,1,7,14,0,0,3
1981,CHN,NL,howelja01,Jay Howell,10,2,10,10,10,0,0,0,0,0,0,0,0,0,0,0,0
1981,ML4,AL,howelro02,Roy Howell,76,65,76,56,0,0,3,0,53,0,0,0,1,1,12,8,1
1981,ATL,NL,hraboal01,Al Hrabosky,24,0,24,24,24,0,0,0,0,0,0,0,0,0,0,0,0
1981,MIN,AL,hrbekke01,Kent Hrbek,24,18,24,13,0,0,13,0,0,0,0,0,0,0,6,5,0
1981,ATL,NL,hubbagl01,Glenn Hubbard,99,97,99,98,0,0,0,98,0,0,0,0,0,0,0,1,0
1981,KCA,AL,hurdlcl01,Clint Hurdle,28,26,28,28,0,0,0,0,0,0,0,0,28,28,0,2,0
1981,BOS,AL,hurstbr01,Bruce Hurst,5,0,0,5,5,0,0,0,0,0,0,0,0,0,0,0,
1981,MON,NL,huttoto01,Tom Hutton,31,1,31,11,0,0,9,0,0,0,1,0,1,2,0,21,1
1981,KCA,AL,irelati01,Tim Ireland,4,0,4,4,0,0,4,0,0,0,0,0,0,0,0,0,3
1981,MIN,AL,jacksda01,Darrell Jackson,14,0,0,14,14,0,0,0,0,0,0,0,0,0,0,0,
1981,PIT,NL,jacksgr01,Grant Jackson,35,0,35,35,35,0,0,0,0,0,0,0,0,0,0,0,0
1981,MON,NL,jacksgr01,Grant Jackson,10,0,10,10,10,0,0,0,0,0,0,0,0,0,0,0,0
1981,NYA,AL,jacksre01,Reggie Jackson,94,92,94,61,0,0,0,0,0,0,0,0,61,61,32,2,0
1981,MIN,AL,jacksro02,Ron Jackson,54,47,54,45,0,0,36,0,3,0,6,0,1,7,5,3,1
1981,DET,AL,jacksro02,Ron Jackson,31,21,31,29,0,0,29,0,0,0,0,0,0,0,0,9,0
1981,TOR,AL,jacksro03,Roy Lee Jackson,39,0,0,39,39,0,0,0,0,0,0,0,0,0,0,0,
1981,ATL,NL,jacobbr01,Brook Jacoby,11,0,11,3,0,0,0,0,3,0,0,0,0,0,0,8,1
1981,CAL,AL,jeffeje01,Jesse Jefferson,26,0,0,26,26,0,0,0,0,0,0,0,0,0,0,0,
1981,TEX,AL,jenkife01,Fergie Jenkins,19,0,0,19,19,0,0,0,0,0,0,0,0,0,0,0,
1981,TEX,AL,johnsbo04,Bob Johnson,6,4,6,6,0,5,1,0,0,0,0,0,0,0,0,0,0
1981,OAK,AL,johnscl01,Cliff Johnson,84,66,84,9,0,0,9,0,0,0,0,0,0,0,61,18,0
1981,MIN,AL,johnsgr01,Greg Johnston,7,5,7,6,0,0,0,0,0,0,0,6,0,6,0,0,1
1981,LAN,NL,johnsja01,Jay Johnstone,61,9,61,18,0,0,2,0,0,0,8,0,8,16,0,43,0
1981,TEX,AL,johnsjo04,John Henry Johnson,24,0,0,24,24,0,0,0,0,0,0,0,0,0,0,0,
1981,CHA,AL,johnsla02,Lamar Johnson,41,34,41,36,0,0,36,0,0,0,0,0,0,0,2,7,0
1981,MON,NL,johnsto03,Tony Johnson,2,0,2,1,0,0,0,0,0,0,1,0,0,1,0,0,1
1981,MON,NL,johnswa03,Wallace Johnson,11,0,11,1,0,0,0,1,0,0,0,0,0,0,0,8,2
1981,TEX,AL,jonesbo02,Bob Jones,10,9,10,10,0,0,0,0,0,0,1,0,9,10,0,0,0
1981,OAK,AL,jonesje01,Jeff Jones,33,0,0,33,33,0,0,0,0,0,0,0,0,0,0,0,
1981,DET,AL,jonesly01,Lynn Jones,71,46,71,60,0,0,0,0,0,0,9,0,52,60,1,14,2
1981,KCA,AL,jonesmi02,Mike Jones,12,0,0,12,12,0,0,0,0,0,0,0,0,0,0,0,
1981,PIT,NL,jonesod01,Odell Jones,13,8,13,13,13,0,0,0,0,0,0,0,0,0,0,0,0
1981,NYN,NL,jonesra01,Randy Jones,13,12,13,13,13,0,0,0,0,0,0,0,0,0,0,0,0
1981,SDN,NL,jonesru01,Ruppert Jones,105,102,105,104,0,0,0,0,0,0,0,104,0,104,0,0,1
1981,NYN,NL,jorgemi01,Mike Jorgensen,86,22,86,53,0,0,39,0,0,0,6,0,15,19,0,37,0
1981,OAK,AL,kearnbo01,Bob Kearney,1,0,1,1,0,1,0,0,0,0,0,0,0,0,0,0,0
1981,KCA,AL,keatlgr01,Greg Keatley,2,0,2,2,0,2,0,0,0,0,0,0,0,0,0,0,0
1981,ML4,AL,keetori01,Rickey Keeton,17,0,0,17,17,0,0,0,0,0,0,0,0,0,0,0,
1981,DET,AL,kellemi02,Mick Kelleher,61,24,61,58,0,0,0,11,39,9,0,0,0,0,0,3,5
1981,CLE,AL,kellypa01,Pat Kelly,48,15,48,8,0,0,0,0,0,0,3,0,5,8,14,30,0
1981,CIN,NL,kenneju01,Junior Kennedy,27,11,27,21,0,0,0,16,5,0,0,0,0,0,0,7,0
1981,SDN,NL,kennete02,Terry Kennedy,101,98,101,100,0,100,0,0,0,0,0,0,0,0,0,3,0
1981,OAK,AL,keougma02,Matt Keough,19,0,0,19,19,0,0,0,0,0,0,0,0,0,0,0,
1981,OAK,AL,kingmbr01,Brian Kingman,18,0,0,18,18,0,0,0,0,0,0,0,0,0,0,0,
1981,NYN,NL,kingmda01,Dave Kingman,100,98,100,99,0,0,55,0,0,0,49,0,0,49,0,2,0
1981,DET,AL,kinnede01,Dennis Kinney,6,0,0,6,6,0,0,0,0,0,0,0,0,0,0,0,
1981,CAL,AL,kisonbr01,Bruce Kison,11,0,0,11,11,0,0,0,0,0,0,0,0,0,0,0,
1981,OAK,AL,kluttmi01,Mickey Klutts,15,12,15,14,0,0,0,0,14,0,0,0,0,0,0,1,0
1981,HOU,NL,kneppbo01,Bob Knepper,22,22,22,22,22,0,0,0,0,0,0,0,0,0,0,0,0
1981,HOU,NL,kniceal01,Alan Knicely,3,1,3,3,0,2,0,0,0,0,1,0,0,1,0,1,0
1981,CIN,NL,knighra01,Ray Knight,106,104,106,105,0,0,0,0,105,0,0,0,0,0,0,1,0
1981,CHA,AL,koosmje01,Jerry Koosman,8,0,0,8,8,0,0,0,0,0,0,0,0,0,0,0,
1981,MIN,AL,koosmje01,Jerry Koosman,19,0,0,19,19,0,0,0,0,0,0,0,0,0,0,0,
1981,CHN,NL,kraveke01,Ken Kravec,25,12,25,24,24,0,0,0,0,0,0,0,0,0,0,0,1
1981,BAL,AL,krencwa01,Wayne Krenchicki,33,16,33,29,0,0,0,7,6,16,0,0,0,0,0,1,5
1981,CHN,NL,krukomi01,Mike Krukow,25,25,25,25,25,0,0,0,0,0,0,0,0,0,0,0,0
1981,SDN,NL,kuhaufr01,Fred Kuhaulua,5,4,5,5,5,0,0,0,0,0,0,0,0,0,0,0,0
1981,CLE,AL,kuipedu01,Duane Kuiper,72,59,72,72,0,0,0,72,0,0,0,0,0,0,0,6,0
1981,CHA,AL,kuntzru01,Rusty Kuntz,67,8,67,51,0,0,0,0,0,0,28,13,13,51,0,3,23
1981,CLE,AL,laceybo01,Bob Lacey,14,0,0,14,14,0,0,0,0,0,0,0,0,0,0,0,
1981,TEX,AL,laceybo01,Bob Lacey,1,0,0,1,1,0,0,0,0,0,0,0,0,0,0,0,
1981,HOU,NL,lacorfr01,Frank LaCorte,37,0,37,37,37,0,0,0,0,0,0,0,0,0,0,0,0
1981,CIN,NL,lacosmi01,Mike LaCoss,20,13,20,20,20,0,0,0,0,0,0,0,0,0,0,0,0
1981,HOU,NL,landera01,Rafael Landestoy,35,24,35,31,0,0,0,31,0,0,0,0,0,0,0,5,3
1981,CIN,NL,landera01,Rafael Landestoy,12,0,12,3,0,0,0,3,0,0,0,0,0,0,0,8,2
1981,LAN,NL,landrke01,Ken Landreaux,99,94,99,95,0,0,0,0,0,0,0,95,0,95,0,4,0
1981,SLN,NL,landrti01,Tito Landrum,81,21,81,67,0,0,0,0,0,0,42,6,25,67,0,14,12
1981,OAK,AL,langfri01,Rick Langford,24,0,0,24,24,0,0,0,0,0,0,0,0,0,0,0,
1981,BOS,AL,lansfca01,Carney Lansford,102,101,102,86,0,0,0,0,86,0,0,0,0,0,16,1,0
1981,SLN,NL,lapoida01,Dave LaPoint,3,2,3,3,3,0,0,0,0,0,0,0,0,0,0,0,0
1981,NYA,AL,larocda01,Dave LaRoche,26,0,0,26,26,0,0,0,0,0,0,0,0,0,0,0,
1981,PHI,NL,larsoda01,Dan Larson,5,4,5,5,5,0,0,0,0,0,0,0,0,0,0,0,0
1981,MIN,AL,laudnti01,Tim Laudner,14,12,14,12,0,12,0,0,0,0,0,0,0,0,2,0,0
1981,SFN,NL,lavelga01,Gary Lavelle,34,3,34,34,34,0,0,0,0,0,0,0,0,0,0,0,0
1981,DET,AL,leachri01,Rick Leach,54,23,54,44,0,0,32,0,0,0,0,0,15,15,1,14,0
1981,NYN,NL,leachte01,Terry Leach,21,1,21,21,21,0,0,0,0,0,0,0,0,0,0,0,0
1981,NYN,NL,learyti01,Tim Leary,1,1,1,1,1,0,0,0,0,0,0,0,0,0,0,0,0
1981,SDN,NL,lefebjo01,Joe Lefebvre,86,70,86,84,0,0,0,0,0,0,0,3,83,84,0,7,2
1981,CHA,AL,lefloro01,Ron LeFlore,82,82,82,82,0,0,0,0,0,0,76,7,0,82,0,0,0
1981,CIN,NL,leibrch01,Charlie Leibrandt,7,4,7,7,7,0,0,0,0,0,0,0,0,0,0,0,0
1981,SFN,NL,lemasjo01,Johnnie LeMaster,104,97,104,103,0,0,0,0,0,103,0,0,0,0,0,0,1
1981,CHA,AL,lemonch01,Chet Lemon,94,94,94,94,0,0,0,0,0,0,0,94,0,94,0,0,0
1981,KCA,AL,leonade01,Dennis Leonard,26,0,0,26,26,0,0,0,0,0,0,0,0,0,0,0,
1981,HOU,NL,leonaje01,Jeffrey Leonard,7,4,7,4,0,0,2,0,0,0,0,0,2,2,0,3,0
1981,SFN,NL,leonaje01,Jeffrey Leonard,37,32,37,33,0,0,5,0,0,0,8,20,4,29,0,5,0
1981,ML4,AL,lerchra01,Randy Lerch,23,0,0,23,23,0,0,0,0,0,0,0,0,0,0,0,
1981,CLE,AL,lewalde01,Dennis Lewallyn,7,0,0,7,7,0,0,0,0,0,0,0,0,0,0,0,
1981,CHN,NL,lezcaca01,Carlos Lezcano,7,3,7,5,0,0,0,0,0,0,1,0,4,5,0,2,1
1981,SLN,NL,lezcasi01,Sixto Lezcano,72,61,72,65,0,0,0,0,0,0,33,0,33,65,0,8,1
1981,BOS,AL,lickejo01,John Lickert,1,0,1,1,0,1,0,0,0,0,0,0,0,0,0,0,0
1981,ATL,NL,linarru01,Rufino Linares,78,54,78,61,0,0,0,0,0,0,61,0,0,61,0,24,0
1981,SLN,NL,littema01,Mark Littell,28,1,28,28,28,0,0,0,0,0,0,0,0,0,0,0,0
1981,SDN,NL,littljo01,John Littlefield,42,0,42,42,42,0,0,0,0,0,0,0,0,0,0,0,0
1981,CLE,AL,littlla01,Larry Littleton,26,5,26,24,0,0,0,0,0,0,20,6,1,24,0,4,0
1981,SDN,NL,lollati01,Tim Lollar,24,11,24,24,24,0,0,0,0,0,0,0,0,0,0,0,0
1981,LAN,NL,lopesda01,Davey Lopes,58,54,58,55,0,0,0,55,0,0,0,0,0,0,0,3,0
1981,DET,AL,lopezau01,Aurelio Lopez,29,0,0,29,29,0,0,0,0,0,0,0,0,0,0,0,
1981,HOU,NL,loucksc01,Scott Loucks,10,1,10,5,0,0,0,0,0,0,0,5,0,5,0,0,5
1981,CHA,AL,lovigja01,Jay Loviglio,14,4,14,7,0,0,0,3,4,0,0,0,0,0,0,0,8
1981,BAL,AL,lowenjo01,John Lowenstein,83,54,83,74,0,0,0,0,0,0,68,0,9,74,0,14,7
1981,CAL,AL,lubrast01,Steve Lubratich,7,6,7,6,0,0,0,0,6,0,0,0,0,0,0,0,1
1981,SDN,NL,lucasga01,Gary Lucas,57,0,57,57,57,0,0,0,0,0,0,0,0,0,0,0,0
1981,BAL,AL,luebbst01,Steve Luebber,7,0,0,7,7,0,0,0,0,0,0,0,0,0,0,0,
1981,CHA,AL,luzingr01,Greg Luzinski,104,103,104,0,0,0,0,0,0,0,0,0,0,0,103,1,0
1981,NYN,NL,lynched01,Ed Lynch,17,13,17,17,17,0,0,0,0,0,0,0,0,0,0,0,0
1981,TOR,AL,machake01,Ken Macha,37,25,37,34,0,1,16,0,20,0,0,0,0,0,2,2,1
1981,MIN,AL,mackape01,Pete Mackanin,77,59,77,66,0,0,10,31,4,29,0,0,0,0,4,13,0
1981,PHI,NL,maddoga01,Garry Maddox,94,85,94,93,0,0,0,0,0,0,0,93,0,93,0,1,0
1981,PIT,NL,madlobi01,Bill Madlock,82,77,82,78,0,0,0,0,78,0,0,0,0,0,0,4,1
1981,CAL,AL,mahlemi01,Mickey Mahler,6,0,0,6,6,0,0,0,0,0,0,0,0,0,0,0,
1981,ATL,NL,mahleri01,Rick Mahler,34,14,34,34,34,0,0,0,0,0,0,0,0,0,0,0,0
1981,LAN,NL,maldoca01,Candy Maldonado,11,2,11,9,0,0,0,0,0,0,4,0,5,9,0,4,1
1981,SEA,AL,malerji01,Jim Maler,12,4,12,5,0,0,5,0,0,0,0,0,0,0,0,8,0
1981,CLE,AL,manniri01,Rick Manning,103,98,103,103,0,0,0,0,0,0,0,103,0,103,0,1,0
1981,TOR,AL,manrifr01,Fred Manrique,14,6,14,12,0,0,0,0,2,11,0,0,0,0,0,2,1
1981,MON,NL,manueje01,Jerry Manuel,27,14,27,25,0,0,0,23,0,2,0,0,0,0,0,0,3
1981,NYN,NL,marshmi01,Mike Marshall,20,0,20,20,20,0,0,0,0,0,0,0,0,0,0,0,0
1981,LAN,NL,marshmi02,Mike Marshall,14,4,14,7,0,0,3,0,3,0,2,0,1,2,0,9,1
1981,CAL,AL,martial02,Alfredo Martinez,2,0,0,2,2,0,0,0,0,0,0,0,0,0,0,0,
1981,TOR,AL,martibu01,Buck Martinez,45,43,45,45,0,45,0,0,0,0,0,0,0,0,0,0,0
1981,BAL,AL,martide01,Dennis Martinez,25,0,0,25,25,0,0,0,0,0,0,0,0,0,0,0,
1981,SFN,NL,martije01,Jerry Martin,72,60,72,64,0,0,0,0,0,0,9,58,0,64,0,8,0
1981,SLN,NL,martijo05,John Martin,18,15,18,17,17,0,0,0,0,0,0,0,0,0,0,0,1
1981,KCA,AL,martire01,Renie Martin,29,0,0,29,29,0,0,0,0,0,0,0,0,0,0,0,
1981,SLN,NL,martisi01,Silvio Martinez,18,16,18,18,18,0,0,0,0,0,0,0,0,0,0,0,0
1981,BAL,AL,martiti01,Tippy Martinez,37,0,0,37,37,0,0,0,0,0,0,0,0,0,0,0,
1981,CHN,NL,martzra01,Randy Martz,34,14,34,33,33,0,0,0,0,0,0,0,0,0,0,1,0
1981,TEX,AL,matlajo01,Jon Matlack,17,0,0,17,17,0,0,0,0,0,0,0,0,0,0,0,
1981,PHI,NL,matthga01,Gary Matthews,101,99,101,100,0,0,0,0,0,0,100,0,0,100,0,2,0
1981,ATL,NL,matulri01,Rick Matula,5,0,5,5,5,0,0,0,0,0,0,0,0,0,0,0,0
1981,PHI,NL,matusle01,Len Matuszek,13,1,13,2,0,0,1,0,1,0,0,0,0,0,0,12,0
1981,TOR,AL,maybejo01,John Mayberry,94,86,94,80,0,0,80,0,0,0,0,0,0,0,8,7,0
1981,NYN,NL,mazzile01,Lee Mazzilli,95,87,95,89,0,0,3,0,0,0,50,40,0,88,0,7,0
1981,PHI,NL,mcbriba01,Bake McBride,58,56,58,56,0,0,0,0,0,0,0,0,56,56,0,2,0
1981,OAK,AL,mccatst01,Steve McCatty,22,0,0,22,22,0,0,0,0,0,0,0,0,0,0,0,
1981,ML4,AL,mcclubo01,Bob McClure,4,0,0,4,4,0,0,0,0,0,0,0,0,0,0,0,
1981,PHI,NL,mccordo01,Don McCormack,3,1,3,3,0,3,0,0,0,0,0,0,0,0,0,0,0
1981,NYA,AL,mcgafan01,Andy McGaffigan,2,0,0,2,2,0,0,0,0,0,0,0,0,0,0,0,
1981,CHA,AL,mcgloly01,Lynn McGlothen,11,0,0,11,11,0,0,0,0,0,0,0,0,0,0,0,
1981,CHN,NL,mcgloly01,Lynn McGlothen,20,6,20,20,20,0,0,0,0,0,0,0,0,0,0,1,0
1981,PHI,NL,mcgratu01,Tug McGraw,34,0,34,34,34,0,0,0,0,0,0,0,0,0,0,0,0
1981,BAL,AL,mcgresc01,Scott McGregor,24,0,0,24,24,0,0,0,0,0,0,0,0,0,0,0,
1981,SEA,AL,mchenva01,Vance McHenry,15,5,15,13,0,0,0,0,0,13,0,0,0,0,0,2,2
1981,OAK,AL,mckayda01,Dave McKay,79,65,79,77,0,0,0,39,44,7,0,0,0,0,0,3,3
1981,OAK,AL,mclaubo01,Bo McLaughlin,11,0,0,11,11,0,0,0,0,0,0,0,0,0,0,0,
1981,TOR,AL,mclaujo01,Joey McLaughlin,40,0,1,40,40,0,0,0,0,0,0,0,0,0,0,0,0
1981,KCA,AL,mcraeha01,Hal McRae,101,101,101,4,0,0,0,0,0,0,2,0,2,4,97,0,0
1981,ATL,NL,mcwilla01,Larry McWilliams,6,5,6,6,6,0,0,0,0,0,0,0,0,0,0,0,0
1981,TEX,AL,medicdo01,Doc Medich,20,0,0,20,20,0,0,0,0,0,0,0,0,0,0,0,
1981,CIN,NL,mejiasa01,Sam Mejias,66,6,66,58,0,0,0,0,0,0,0,16,43,58,0,9,4
1981,TEX,AL,mendoma01,Mario Mendoza,88,83,88,88,0,0,0,0,0,88,0,0,0,0,0,0,0
1981,TEX,AL,mercema01,Mark Mercer,7,0,0,7,7,0,0,0,0,0,0,0,0,0,0,0,
1981,SEA,AL,meyerda01,Dan Meyer,83,62,83,62,0,0,3,0,49,0,13,1,0,14,1,20,1
1981,NYA,AL,milbola01,Larry Milbourne,61,41,61,54,0,0,0,14,3,39,0,0,0,0,0,4,7
1981,NYN,NL,milledy01,Dyar Miller,23,0,23,23,23,0,0,0,0,0,0,0,0,0,0,0,0
1981,ATL,NL,milleed04,Eddie Miller,50,29,50,36,0,0,0,0,0,0,28,2,7,36,0,7,14
1981,BOS,AL,milleri01,Rick Miller,97,89,97,95,0,0,0,0,0,0,0,95,0,95,0,4,2
1981,MON,NL,millsbr01,Brad Mills,17,3,17,9,0,0,0,2,7,0,0,0,0,0,0,9,0
1981,CIN,NL,milneed01,Eddie Milner,8,0,8,4,0,0,0,0,0,0,2,0,2,4,0,3,4
1981,MON,NL,milnejo01,John Milner,31,21,31,21,0,0,21,0,0,0,0,0,0,0,0,10,0
1981,PIT,NL,milnejo01,John Milner,34,11,34,16,0,0,8,0,0,0,8,0,0,8,0,22,1
1981,OAK,AL,minetcr01,Craig Minetto,8,0,0,8,8,0,0,0,0,0,0,0,0,0,0,0,
1981,SFN,NL,mintogr01,Greg Minton,55,0,55,55,55,0,0,0,0,0,0,0,0,0,0,0,0
1981,TOR,AL,mirabpa01,Paul Mirabella,8,0,0,8,8,0,0,0,0,0,0,0,0,0,0,0,
1981,LAN,NL,mitchbo03,Bobby Mitchell,10,0,10,8,0,0,0,0,0,0,1,6,2,8,0,3,1
1981,SFN,NL,moffira01,Randy Moffitt,10,0,10,10,10,0,0,0,0,0,0,0,0,0,0,0,0
1981,CHA,AL,molinbo01,Bob Molinaro,47,2,47,3,0,0,0,0,0,0,2,0,1,3,1,45,0
1981,ML4,AL,molitpa01,Paul Molitor,64,63,64,48,0,0,0,0,0,0,0,44,4,48,15,1,0
1981,LAN,NL,mondari01,Rick Monday,66,31,66,41,0,0,0,0,0,0,6,0,37,41,0,27,0
1981,ML4,AL,moneydo01,Don Money,60,50,60,57,0,0,1,0,56,0,0,0,0,0,2,5,0
1981,CLE,AL,mongesi01,Sid Monge,31,0,0,31,31,0,0,0,0,0,0,0,0,0,0,0,
1981,MON,NL,montawi01,Willie Montanez,26,12,26,15,0,0,15,0,0,0,0,0,0,0,0,11,0
1981,PIT,NL,montawi01,Willie Montanez,29,4,29,11,0,0,11,0,0,0,0,0,0,0,0,21,0
1981,ATL,NL,montejo01,John Montefusco,26,9,26,26,26,0,0,0,0,0,0,0,0,0,0,0,0
1981,ML4,AL,moorech02,Charlie Moore,48,41,48,39,0,34,0,0,0,0,2,0,6,8,6,4,1
1981,ML4,AL,mooredo01,Donnie Moore,3,0,0,3,3,0,0,0,0,0,0,0,0,0,0,0,
1981,OAK,AL,mooreke01,Kelvin Moore,14,13,14,13,0,0,13,0,0,0,0,0,0,0,0,1,0
1981,CHN,NL,moralje01,Jerry Morales,84,55,84,72,0,0,0,0,0,0,17,49,8,72,0,17,1
1981,BAL,AL,moraljo01,Jose Morales,38,16,38,3,0,0,3,0,0,0,0,0,0,0,14,21,0
1981,PHI,NL,morelke01,Keith Moreland,61,49,61,58,0,50,2,0,8,0,0,0,2,2,0,5,0
1981,CAL,AL,morenan01,Angel Moreno,8,0,0,8,8,0,0,0,0,0,0,0,0,0,0,0,
1981,SDN,NL,morenjo01,Jose Moreno,34,8,34,10,0,0,0,1,0,0,4,0,5,9,0,25,1
1981,PIT,NL,morenom01,Omar Moreno,103,103,103,103,0,0,0,0,0,0,0,103,0,103,0,0,0
1981,SFN,NL,morgajo02,Joe Morgan,90,84,90,87,0,0,0,87,0,0,0,0,0,0,0,5,0
1981,DET,AL,morrija02,Jack Morris,25,0,0,25,25,0,0,0,0,0,0,0,0,0,0,0,
1981,CHA,AL,morriji01,Jim Morrison,90,84,90,87,0,0,0,1,87,0,0,0,0,0,0,2,1
1981,TOR,AL,mosebll01,Lloyd Moseby,100,98,100,100,0,0,0,0,0,0,0,80,22,100,0,2,0
1981,CIN,NL,moskapa01,Paul Moskau,27,1,27,27,27,0,0,0,0,0,0,0,0,0,0,0,0
1981,KCA,AL,motleda01,Darryl Motley,42,36,42,40,0,0,0,0,0,0,2,0,39,40,0,4,2
1981,ML4,AL,muellwi01,Willie Mueller,1,0,0,1,1,0,0,0,0,0,0,0,0,0,0,0,
1981,KCA,AL,mullira01,Rance Mulliniks,24,13,24,21,0,0,0,10,5,7,0,0,0,0,0,0,5
1981,NYA,AL,mumphje01,Jerry Mumphrey,80,79,80,79,0,0,0,0,0,0,0,79,0,79,0,1,0
1981,NYA,AL,murcebo01,Bobby Murcer,50,25,50,0,0,0,0,0,0,0,0,0,0,0,25,25,0
1981,ATL,NL,murphda05,Dale Murphy,104,99,104,103,0,0,3,0,0,0,0,102,1,103,0,2,1
1981,OAK,AL,murphdw01,Dwayne Murphy,107,107,107,106,0,0,0,0,0,0,0,106,0,106,1,0,0
1981,TOR,AL,murrada01,Dale Murray,11,0,0,11,11,0,0,0,0,0,0,0,0,0,0,0,
1981,BAL,AL,murraed02,Eddie Murray,99,99,99,99,0,0,99,0,0,0,0,0,0,0,0,0,0
1981,ATL,NL,nahorbi01,Bill Nahorodny,14,0,14,4,0,3,1,0,0,0,0,0,0,0,0,10,0
1981,SEA,AL,narroje01,Jerry Narron,76,57,76,65,0,65,0,0,0,0,0,0,0,0,0,19,0
1981,NYA,AL,nelsoge01,Gene Nelson,8,0,0,8,8,0,0,0,0,0,0,0,0,0,0,0,
1981,NYA,AL,nettlgr01,Graig Nettles,103,100,103,97,0,0,0,0,97,0,0,0,0,0,4,3,0
1981,OAK,AL,nettlji01,Jim Nettles,1,0,1,1,0,0,0,0,0,0,0,0,1,1,0,0,0
1981,OAK,AL,newmaje01,Jeff Newman,68,61,68,65,0,37,30,0,0,0,0,0,0,0,0,5,0
1981,BOS,AL,nichore01,Reid Nichols,39,14,39,27,0,0,0,0,1,0,1,25,0,26,0,1,18
1981,PIT,NL,nicosst01,Steve Nicosia,54,49,54,52,0,52,0,0,0,0,0,0,0,0,0,2,0
1981,LAN,NL,niedeto01,Tom Niedenfuer,17,0,17,17,17,0,0,0,0,0,0,0,0,0,0,0,0
1981,HOU,NL,niekrjo01,Joe Niekro,24,24,24,24,24,0,0,0,0,0,0,0,0,0,0,0,0
1981,ATL,NL,niekrph01,Phil Niekro,22,22,22,22,22,0,0,0,0,0,0,0,0,0,0,0,0
1981,CIN,NL,nolanjo01,Joe Nolan,81,62,81,81,0,81,0,0,0,0,0,0,0,0,0,12,0
1981,PHI,NL,nolesdi01,Dickie Noles,13,8,13,13,13,0,0,0,0,0,0,0,0,0,0,0,0
1981,CHA,AL,nordhwa01,Wayne Nordhagen,65,57,65,60,0,0,0,0,0,0,27,0,37,60,0,7,0
1981,TEX,AL,normane01,Nelson Norman,7,4,7,5,0,0,0,0,0,5,0,0,0,0,0,0,3
1981,OAK,AL,norrimi01,Mike Norris,23,0,0,23,23,0,0,0,0,0,0,0,0,0,0,0,
1981,SFN,NL,northbi01,Bill North,46,35,46,37,0,0,0,0,0,0,0,37,0,37,0,9,0
1981,NYA,AL,oatesjo01,Johnny Oates,10,9,10,10,0,10,0,0,0,0,0,0,0,0,0,0,0
1981,SLN,NL,oberkke01,Ken Oberkfell,102,101,102,102,0,0,0,0,102,1,0,0,0,0,0,1,0
1981,CIN,NL,oberrmi01,Mike O'Berry,55,39,55,55,0,55,0,0,0,0,0,0,0,0,0,0,1
1981,MIN,AL,oconnja02,Jack O'Connor,28,0,0,28,28,0,0,0,0,0,0,0,0,0,0,0,
1981,CIN,NL,oestero01,Ron Oester,105,102,105,105,0,0,0,103,0,9,0,0,0,0,0,0,1
1981,MON,NL,officro01,Rowland Office,26,6,26,14,0,0,0,0,0,0,0,3,11,14,0,14,2
1981,ML4,AL,oglivbe01,Ben Oglivie,107,106,107,101,0,0,0,0,0,0,100,3,0,101,6,1,0
1981,BOS,AL,ojedabo01,Bob Ojeda,10,0,0,10,10,0,0,0,0,0,0,0,0,0,0,0,
1981,TEX,AL,oliveal01,Al Oliver,102,101,102,1,0,0,1,0,0,0,0,0,0,0,101,1,0
1981,NYN,NL,oroscje01,Jesse Orosco,8,0,8,8,8,0,0,0,0,0,0,0,0,0,0,0,0
1981,SLN,NL,ottenji01,Jim Otten,24,0,24,24,24,0,0,0,0,0,0,0,0,0,0,0,0
1981,OAK,AL,owchibo01,Bob Owchinko,29,0,0,29,29,0,0,0,0,0,0,0,0,0,0,0,
1981,SEA,AL,pacioto01,Tom Paciorek,104,103,104,103,0,0,1,0,0,0,85,11,14,103,0,1,0
1981,CLE,AL,pagelka01,Karl Pagel,14,4,14,6,0,0,6,0,0,0,0,0,0,0,0,8,1
1981,BAL,AL,palmeji01,Jim Palmer,22,0,0,22,22,0,0,0,0,0,0,0,0,0,0,0,
1981,PIT,NL,parkeda01,Dave Parker,67,59,67,60,0,0,0,0,0,0,0,0,60,60,0,7,1
1981,MON,NL,parrila01,Larry Parrish,97,94,97,95,0,0,0,0,95,0,0,0,0,0,0,2,0
1981,DET,AL,parrila02,Lance Parrish,96,93,96,90,0,90,0,0,0,0,0,0,0,0,5,1,0
1981,SEA,AL,parromi01,Mike Parrott,24,0,0,24,24,0,0,0,0,0,0,0,0,0,0,0,
1981,SEA,AL,parsoca01,Casey Parsons,36,3,36,25,0,0,1,0,0,0,3,2,19,24,0,14,12
1981,KCA,AL,paschbi01,Bill Paschall,2,0,0,2,2,0,0,0,0,0,0,0,0,0,0,0,
1981,CIN,NL,pastofr01,Frank Pastore,22,22,22,22,22,0,0,0,0,0,0,0,0,0,0,0,0
1981,CAL,AL,patekfr01,Freddie Patek,27,11,27,26,0,0,0,16,7,3,0,0,0,0,0,1,4
1981,NYA,AL,pattemi01,Mike Patterson,4,1,4,4,0,0,0,0,0,0,3,0,1,4,0,0,1
1981,OAK,AL,pattemi01,Mike Patterson,12,5,12,4,0,0,0,0,0,0,2,0,2,4,2,7,0
1981,CHA,AL,pattere01,Reggie Patterson,6,0,0,6,6,0,0,0,0,0,0,0,0,0,0,0,
1981,LAN,NL,percoja01,Jack Perconte,8,1,8,2,0,0,0,2,0,0,0,0,0,0,0,6,1
1981,PIT,NL,perezpa01,Pascual Perez,18,13,18,17,17,0,0,0,0,0,0,0,0,0,0,0,1
1981,BOS,AL,perezto01,Tony Perez,84,76,84,57,0,0,57,0,0,0,0,0,0,0,20,7,0
1981,SDN,NL,perkibr01,Broderick Perkins,92,59,92,82,0,0,80,0,0,0,1,0,2,3,0,16,6
1981,ATL,NL,perryga01,Gaylord Perry,24,23,24,23,23,0,0,0,0,0,0,0,0,0,0,0,1
1981,DET,AL,peterri01,Rick Peters,63,52,63,38,0,0,0,0,0,0,5,33,0,38,16,8,3
1981,DET,AL,petryda01,Dan Petry,23,0,0,23,23,0,0,0,0,0,0,0,0,0,0,0,
1981,SFN,NL,pettijo01,Joe Pettini,35,7,35,32,0,0,0,12,9,12,0,0,0,0,0,1,6
1981,KCA,AL,phelpke01,Ken Phelps,21,2,21,2,0,0,2,0,0,0,0,0,0,0,2,17,0
1981,MON,NL,phillmi01,Mike Phillips,34,14,34,32,0,0,0,6,0,27,0,0,0,0,0,2,1
1981,SDN,NL,phillmi01,Mike Phillips,14,8,14,10,0,0,0,9,0,1,0,0,0,0,0,4,0
1981,OAK,AL,picciro01,Rob Picciolo,82,57,82,82,0,0,0,0,0,82,0,0,0,0,0,0,2
1981,NYA,AL,pinielo01,Lou Piniella,60,45,60,36,0,0,0,0,0,0,11,0,25,36,15,13,0
1981,HOU,NL,pittmjo01,Joe Pittman,52,34,52,38,0,0,0,35,4,0,0,0,0,0,0,17,0
1981,HOU,NL,pladsgo01,Gordie Pladson,2,0,2,2,2,0,0,0,0,0,0,0,0,0,0,0,0
1981,ATL,NL,pocorbi01,Biff Pocoroba,57,26,57,29,0,9,0,0,21,0,0,0,0,0,0,31,0
1981,BOS,AL,poqueto01,Tom Poquette,3,0,3,2,0,0,0,0,0,0,2,0,0,2,0,1,0
1981,TEX,AL,poqueto01,Tom Poquette,30,15,30,18,0,0,0,0,0,0,9,6,3,18,0,15,0
1981,ATL,NL,portebo02,Bob Porter,17,0,17,0,0,0,0,0,0,0,0,0,0,0,0,16,1
1981,ML4,AL,portech01,Chuck Porter,3,0,0,3,3,0,0,0,0,0,0,0,0,0,0,0,
1981,SLN,NL,porteda02,Darrell Porter,61,51,61,52,0,52,0,0,0,0,0,0,0,0,0,10,0
1981,MIN,AL,powelho01,Hosken Powell,80,65,80,64,0,0,0,0,0,0,12,0,52,64,8,13,1
1981,LAN,NL,powerte01,Ted Power,5,2,5,5,5,0,0,0,0,0,0,0,0,0,0,0,0
1981,CIN,NL,pricejo02,Joe Price,41,0,41,41,41,0,0,0,0,0,0,0,0,0,0,0,0
1981,PHI,NL,prolymi01,Mike Proly,35,2,35,35,35,0,0,0,0,0,0,0,0,0,0,0,0
1981,CLE,AL,pruitro01,Ron Pruitt,5,2,5,4,0,1,0,0,0,0,2,0,1,3,0,3,0
1981,CHA,AL,pryorgr01,Greg Pryor,47,24,47,45,0,0,0,5,27,13,0,0,0,0,0,2,1
1981,HOU,NL,pujollu01,Luis Pujols,40,35,40,39,0,39,0,0,0,0,0,0,0,0,0,4,0
1981,NYN,NL,puleoch01,Charlie Puleo,4,1,4,4,4,0,0,0,0,0,0,0,0,0,0,0,0
1981,TEX,AL,putnapa01,Pat Putnam,95,78,95,94,0,0,94,0,0,0,3,0,1,3,0,3,1
1981,KCA,AL,quirkja01,Jamie Quirk,46,21,46,32,0,22,0,1,8,0,0,0,1,1,0,21,0
1981,KCA,AL,quiseda01,Dan Quisenberry,40,0,0,40,40,0,0,0,0,0,0,0,0,0,0,0,
1981,BOS,AL,rainech01,Chuck Rainey,11,0,0,11,11,0,0,0,0,0,0,0,0,0,0,0,
1981,MON,NL,raineti01,Tim Raines,88,81,88,81,0,0,0,1,0,0,81,0,0,81,0,0,7
1981,SDN,NL,ramirma01,Mario Ramirez,13,2,13,4,0,0,0,0,2,2,0,0,0,0,0,3,6
1981,ATL,NL,ramirra01,Rafael Ramirez,95,92,95,95,0,0,0,0,0,95,0,0,0,0,0,0,0
1981,MON,NL,ramosbo01,Bobby Ramos,26,9,26,23,0,23,0,0,0,0,0,0,0,0,0,3,1
1981,SLN,NL,ramsemi01,Mike Ramsey,47,29,47,42,0,0,0,1,5,35,1,0,0,1,0,7,1
1981,SEA,AL,randlle01,Lenny Randle,82,64,82,78,0,0,0,21,59,3,2,1,2,5,0,7,0
1981,NYA,AL,randowi01,Willie Randolph,93,93,93,93,0,0,0,93,0,0,0,0,0,0,0,0,0
1981,SFN,NL,ransoje01,Jeff Ransom,5,3,5,5,0,5,0,0,0,0,0,0,0,0,0,1,0
1981,MON,NL,ratzest01,Steve Ratzer,12,0,12,12,12,0,0,0,0,0,0,0,0,0,0,0,0
1981,SEA,AL,rawlesh01,Shane Rawley,46,0,0,46,46,0,0,0,0,0,0,0,0,0,0,0,
1981,NYN,NL,reardje01,Jeff Reardon,18,0,18,18,18,0,0,0,0,0,0,0,0,0,0,0,0
1981,MON,NL,reardje01,Jeff Reardon,25,0,25,25,25,0,0,0,0,0,0,0,0,0,0,0,0
1981,MIN,AL,redfepe01,Pete Redfern,24,0,0,24,24,0,0,0,0,0,0,0,0,0,0,0,
1981,CHN,NL,reitzke01,Ken Reitz,82,75,82,81,0,0,0,0,81,0,0,0,0,0,0,1,0
1981,CAL,AL,renkost01,Steve Renko,22,0,0,22,22,0,0,0,0,0,0,0,0,0,0,0,
1981,CHN,NL,reuscri01,Rick Reuschel,16,13,16,13,13,0,0,0,0,0,0,0,0,0,0,0,3
1981,NYA,AL,reuscri01,Rick Reuschel,12,0,0,12,12,0,0,0,0,0,0,0,0,0,0,0,
1981,LAN,NL,reussje01,Jerry Reuss,22,22,22,22,22,0,0,0,0,0,0,0,0,0,0,0,0
1981,OAK,AL,reverda01,Dave Revering,31,21,31,29,0,0,29,0,0,0,0,0,0,0,0,9,0
1981,NYA,AL,reverda01,Dave Revering,45,31,45,44,0,0,44,0,0,0,0,0,0,0,0,9,2
1981,HOU,NL,reynocr01,Craig Reynolds,87,83,87,85,0,0,0,0,0,85,0,0,0,0,0,2,1
1981,PIT,NL,rhoderi01,Rick Rhoden,21,21,21,21,21,0,0,0,0,0,0,0,0,0,0,0,0
1981,SDN,NL,richage01,Gene Richards,104,101,104,102,0,0,0,0,0,0,102,0,0,102,0,3,0
1981,NYA,AL,righeda01,Dave Righetti,15,0,0,15,15,0,0,0,0,0,0,0,0,0,0,0,
1981,SLN,NL,rincoan01,Andy Rincon,5,5,5,5,5,0,0,0,0,0,0,0,0,0,0,0,0
1981,BAL,AL,ripkeca01,Cal Ripken,23,9,23,17,0,0,0,0,6,12,0,0,0,0,0,4,6
1981,SFN,NL,ripleal01,Allen Ripley,19,14,19,19,19,0,0,0,0,0,0,0,0,0,0,0,0
1981,TEX,AL,rivermi01,Mickey Rivers,99,94,99,97,0,0,0,0,0,0,0,97,0,97,0,5,0
1981,NYA,AL,roberan01,Andre Robertson,10,7,10,10,0,0,0,3,0,8,0,0,0,0,0,0,1
1981,NYN,NL,roberda05,Dave Roberts,7,4,7,7,7,0,0,0,0,0,0,0,0,0,0,0,0
1981,HOU,NL,roberda06,Dave Roberts,27,10,27,21,0,1,10,3,7,0,0,0,0,0,0,13,0
1981,TEX,AL,roberle01,Leon Roberts,72,63,72,71,0,0,0,0,0,0,26,4,46,71,0,7,1
1981,PIT,NL,robinbi02,Bill Robinson,39,20,39,30,0,0,23,0,1,0,1,0,6,7,0,16,0
1981,CHA,AL,robinde01,Dewey Robinson,4,0,0,4,4,0,0,0,0,0,0,0,0,0,0,0,
1981,PIT,NL,robindo01,Don Robinson,17,2,17,16,16,0,0,0,0,0,0,0,0,0,0,1,1
1981,NYA,AL,rodriau01,Aurelio Rodriguez,27,14,27,24,0,0,1,3,20,0,0,0,0,0,2,1,1
1981,BAL,AL,roeniga01,Gary Roenicke,85,55,85,84,0,0,0,0,0,0,47,13,56,84,0,19,3
1981,LAN,NL,roeniro01,Ron Roenicke,22,11,22,20,0,0,0,0,0,0,5,6,10,20,0,4,1
1981,MON,NL,rogerst01,Steve Rogers,23,22,23,22,22,0,0,0,0,0,0,0,0,0,0,0,1
1981,ML4,AL,romered01,Ed Romero,44,26,44,43,0,0,0,18,3,22,0,0,0,0,0,0,6
1981,MON,NL,roonepa01,Pat Rooney,4,0,4,2,0,0,0,0,0,0,0,0,2,2,0,2,1
1981,CLE,AL,roselda01,Dave Rosello,43,21,43,36,0,0,0,26,8,4,0,0,0,0,0,11,2
1981,DET,AL,rothsla01,Larry Rothschild,5,0,0,5,5,0,0,0,0,0,0,0,0,0,0,0,
1981,SFN,NL,rowlami01,Mike Rowland,9,1,9,9,9,0,0,0,0,0,0,0,0,0,0,0,0
1981,ATL,NL,roystje01,Jerry Royster,64,16,64,36,0,0,0,13,25,0,0,0,0,0,0,24,19
1981,BAL,AL,roystwi01,Willie Royster,4,0,4,4,0,4,0,0,0,0,0,0,0,0,0,1,0
1981,DET,AL,rozemda01,Dave Rozema,28,0,1,28,28,0,0,0,0,0,0,0,0,0,0,0,0
1981,DET,AL,ruckeda01,Dave Rucker,2,0,0,2,2,0,0,0,0,0,0,0,0,0,0,0,
1981,HOU,NL,ruhleve01,Vern Ruhle,20,15,20,20,20,0,0,0,0,0,0,0,0,0,0,0,0
1981,ATL,NL,rungepa01,Paul Runge,10,9,10,10,0,0,0,0,0,10,0,0,0,0,0,0,0
1981,LAN,NL,russebi01,Bill Russell,82,78,82,80,0,0,0,0,0,80,0,0,0,0,0,0,2
1981,PHI,NL,ruthvdi01,Dick Ruthven,23,22,23,23,23,0,0,0,0,0,0,0,0,0,0,0,0
1981,SFN,NL,sadekmi01,Mike Sadek,19,12,19,19,0,19,0,0,0,0,0,0,0,0,0,0,5
1981,BAL,AL,sakatle01,Lenn Sakata,61,41,61,58,0,0,0,20,0,43,0,0,0,0,0,1,7
1981,SDN,NL,salazlu01,Luis Salazar,109,106,109,107,0,0,0,0,94,0,1,10,14,23,0,2,0
1981,HOU,NL,sambijo01,Joe Sambito,49,0,49,49,49,0,0,0,0,0,0,0,0,0,0,0,0
1981,TEX,AL,samplbi01,Billy Sample,66,63,66,64,0,0,0,0,0,0,61,5,1,64,0,3,0
1981,CAL,AL,sanchlu01,Luis Sanchez,17,0,0,17,17,0,0,0,0,0,0,0,0,0,0,0,
1981,SLN,NL,sanchor01,Orlando Sanchez,27,9,27,18,0,18,0,0,0,0,0,0,0,0,0,10,0
1981,PHI,NL,sandbry01,Ryne Sandberg,13,0,13,6,0,0,0,1,0,5,0,0,0,0,0,0,7
1981,MON,NL,sandesc01,Scott Sanderson,22,22,22,22,22,0,0,0,0,0,0,0,0,0,0,0,0
1981,DET,AL,saucike01,Kevin Saucier,38,0,1,38,38,0,0,0,0,0,0,0,0,0,0,0,0
1981,DET,AL,schatda01,Dan Schatzeder,17,0,0,17,17,0,0,0,0,0,0,0,0,0,0,0,
1981,KCA,AL,schatje01,Jeff Schattinger,1,0,0,1,1,0,0,0,0,0,0,0,0,0,0,0,
1981,TEX,AL,schmida01,Dave Schmidt,14,0,0,14,14,0,0,0,0,0,0,0,0,0,0,0,
1981,BOS,AL,schmida02,Dave Schmidt,15,11,15,15,0,15,0,0,0,0,0,0,0,0,0,1,0
1981,PHI,NL,schmimi01,Mike Schmidt,102,101,102,101,0,0,0,0,101,0,0,0,0,0,0,1,0
1981,BAL,AL,schneje01,Jeff Schneider,11,0,0,11,11,0,0,0,0,0,0,0,0,0,0,0,
1981,LAN,NL,sciosmi01,Mike Scioscia,93,87,93,91,0,91,0,0,0,0,0,0,0,0,0,3,0
1981,CAL,AL,sconida01,Daryl Sconiers,15,13,15,12,0,0,12,0,0,0,0,0,0,0,3,1,0
1981,NYN,NL,scottmi03,Mike Scott,23,23,23,23,23,0,0,0,0,0,0,0,0,0,0,0,0
1981,MON,NL,scottro01,Rodney Scott,95,92,95,93,0,0,0,93,0,0,0,0,0,0,0,0,2
1981,HOU,NL,scottto01,Tony Scott,55,55,55,55,0,0,0,0,0,0,0,55,0,55,0,0,0
1981,SLN,NL,scottto01,Tony Scott,45,41,45,44,0,0,0,0,0,0,0,44,0,44,0,0,2
1981,PIT,NL,scurrro01,Rod Scurry,27,7,27,27,27,0,0,0,0,0,0,0,0,0,0,0,0
1981,NYN,NL,searara01,Ray Searage,26,0,26,26,26,0,0,0,0,0,0,0,0,0,0,0,0
1981,CIN,NL,seaveto01,Tom Seaver,23,23,23,23,23,0,0,0,0,0,0,0,0,0,0,0,0
1981,SEA,AL,sernapa01,Paul Serna,30,28,30,28,0,0,0,7,0,23,0,0,0,0,0,0,2
1981,OAK,AL,sextoji01,Jimmy Sexton,7,0,7,1,0,0,0,0,1,0,0,0,0,0,0,0,7
1981,BAL,AL,shelbjo01,John Shelby,7,0,7,4,0,0,0,0,0,0,0,4,0,4,0,0,4
1981,KCA,AL,sheripa01,Pat Sheridan,3,0,3,3,0,0,0,0,0,0,1,0,2,3,0,0,1
1981,SLN,NL,shirlbo01,Bob Shirley,28,11,28,28,28,0,0,0,0,0,0,0,0,0,0,0,0
1981,ML4,AL,simmote01,Ted Simmons,100,97,100,79,0,75,4,0,0,0,0,0,0,0,21,3,0
1981,SEA,AL,simpsjo01,Joe Simpson,91,69,91,88,0,0,0,0,0,0,0,86,2,88,0,8,3
1981,ATL,NL,sinatma01,Matt Sinatro,12,10,12,12,0,12,0,0,0,0,0,0,0,0,0,0,0
1981,BAL,AL,singlke01,Ken Singleton,103,102,103,72,0,0,0,0,0,0,0,0,72,72,30,1,0
1981,ML4,AL,slatoji01,Jim Slaton,24,0,0,24,24,0,0,0,0,0,0,0,0,0,0,0,
1981,MIN,AL,smallro02,Roy Smalley,56,50,56,38,0,0,1,0,0,37,0,0,0,0,12,6,0
1981,SFN,NL,smithbi05,Billy Smith,36,14,36,27,0,0,0,5,3,21,0,0,0,0,0,13,2
1981,HOU,NL,smithbi06,Billy Smith,10,1,10,10,10,0,0,0,0,0,0,0,0,0,0,0,0
1981,MON,NL,smithbr01,Bryn Smith,7,0,7,7,7,0,0,0,0,0,0,0,0,0,0,0,0
1981,MON,NL,smithch05,Chris Smith,7,0,7,1,0,0,0,1,0,0,0,0,0,0,0,7,0
1981,HOU,NL,smithda02,Dave Smith,42,0,42,42,42,0,0,0,0,0,0,0,0,0,0,0,0
1981,ATL,NL,smithke02,Ken Smith,5,0,5,4,0,0,4,0,0,0,0,0,0,0,0,1,0
1981,CHN,NL,smithle02,Lee Smith,40,1,40,40,40,0,0,0,0,0,0,0,0,0,0,0,0
1981,PHI,NL,smithlo01,Lonnie Smith,62,43,62,51,0,0,0,0,0,0,8,23,24,51,0,5,10
1981,SDN,NL,smithoz01,Ozzie Smith,110,110,110,110,0,0,0,0,0,110,0,0,0,0,0,0,0
1981,MIN,AL,smithra01,Ray Smith,15,13,15,15,0,15,0,0,0,0,0,0,0,0,0,0,0
1981,LAN,NL,smithre06,Reggie Smith,41,0,41,2,0,0,2,0,0,0,0,0,0,0,0,39,0
1981,MIN,AL,sofieri01,Rick Sofield,41,29,41,34,0,0,0,0,0,0,33,0,1,34,0,8,3
1981,PIT,NL,solomed01,Eddie Solomon,25,17,25,22,22,0,0,0,0,0,0,0,0,0,0,0,3
1981,SLN,NL,sorenla01,Lary Sorensen,23,23,23,23,23,0,0,0,0,0,0,0,0,0,0,0,0
1981,MON,NL,speiech01,Chris Speier,96,96,96,96,0,0,0,0,0,96,0,0,0,0,0,0,0
1981,OAK,AL,spencji01,Jim Spencer,54,42,54,48,0,0,48,0,0,0,0,0,0,0,0,11,0
1981,NYA,AL,spencji01,Jim Spencer,25,20,25,25,0,0,25,0,0,0,0,0,0,0,0,3,0
1981,CLE,AL,spillda01,Dan Spillner,32,0,0,32,32,0,0,0,0,0,0,0,0,0,0,0,
1981,CIN,NL,spilmha01,Harry Spilman,23,2,23,5,0,0,2,0,3,0,0,0,0,0,0,18,0
1981,HOU,NL,spilmha01,Harry Spilman,28,4,28,13,0,0,13,0,0,0,0,0,0,0,0,19,1
1981,KCA,AL,splitpa01,Paul Splittorff,21,0,0,21,21,0,0,0,0,0,0,0,0,0,0,0,
1981,HOU,NL,sprowbo01,Bobby Sprowl,15,1,15,15,15,0,0,0,0,0,0,0,0,0,0,0,0
1981,CHA,AL,squirmi01,Mike Squires,92,73,92,89,0,0,88,0,0,0,1,0,0,1,0,7,3
1981,BOS,AL,stanlbo01,Bob Stanley,35,0,0,35,35,0,0,0,0,0,0,0,0,0,0,0,
1981,OAK,AL,stanlfr01,Fred Stanley,66,53,66,66,0,0,0,6,0,62,0,0,0,0,0,0,0
1981,CLE,AL,stantmi01,Mike Stanton,24,0,1,24,24,0,0,0,0,0,0,0,0,0,0,0,0
1981,BOS,AL,staplda01,Dave Stapleton,93,87,93,87,0,0,12,23,25,33,0,0,0,0,3,5,1
1981,PIT,NL,stargwi01,Willie Stargell,38,9,38,9,0,0,9,0,0,0,0,0,0,0,0,29,0
1981,NYN,NL,staubru01,Rusty Staub,70,40,70,41,0,0,41,0,0,0,0,0,0,0,0,30,0
1981,NYN,NL,stearjo01,John Stearns,80,73,80,76,0,66,9,0,4,0,0,0,0,0,0,7,0
1981,TEX,AL,steinbi02,Bill Stein,53,26,53,39,0,0,20,3,7,2,7,0,1,8,0,22,1
1981,SEA,AL,steinra02,Randy Stein,5,0,0,5,5,0,0,0,0,0,0,0,0,0,0,0,
1981,SFN,NL,stennre01,Rennie Stennett,38,18,38,19,0,0,0,19,0,0,0,0,0,0,0,20,0
1981,LAN,NL,stewada01,Dave Stewart,32,0,32,32,32,0,0,0,0,0,0,0,0,0,0,0,0
1981,BAL,AL,stewasa01,Sammy Stewart,29,0,0,29,29,0,0,0,0,0,0,0,0,0,0,0,
1981,TOR,AL,stiebda01,Dave Stieb,29,0,4,25,25,0,0,0,0,0,0,0,0,0,0,0,4
1981,SDN,NL,stimacr01,Craig Stimac,9,0,9,0,0,0,0,0,0,0,0,0,0,0,0,9,0
1981,SEA,AL,stoddbo01,Bob Stoddard,5,0,0,5,5,0,0,0,0,0,0,0,0,0,0,0,
1981,BAL,AL,stoddti01,Tim Stoddard,31,0,0,31,31,0,0,0,0,0,0,0,0,0,0,0,
1981,BAL,AL,stonest01,Steve Stone,15,0,0,15,15,0,0,0,0,0,0,0,0,0,0,0,
1981,CHN,NL,straijo01,Joe Strain,25,19,25,20,0,0,0,20,0,0,0,0,0,0,0,5,0
1981,SFN,NL,sulargu01,Guy Sularz,10,5,10,7,0,0,0,6,1,0,0,0,0,0,0,3,2
1981,DET,AL,summech01,Champ Summers,64,47,64,18,0,0,0,0,0,0,0,0,18,18,32,17,0
1981,TEX,AL,sundbji01,Jim Sundberg,102,98,102,100,0,98,0,0,0,0,2,0,0,2,0,3,0
1981,LAN,NL,sutclri01,Rick Sutcliffe,14,6,14,14,14,0,0,0,0,0,0,0,0,0,0,0,0
1981,CHA,AL,suthele01,Leo Sutherland,11,1,11,7,0,0,0,0,0,0,4,4,0,7,0,1,5
1981,SLN,NL,suttebr01,Bruce Sutter,48,0,48,48,48,0,0,0,0,0,0,0,0,0,0,0,0
1981,HOU,NL,suttodo01,Don Sutton,23,23,23,23,23,0,0,0,0,0,0,0,0,0,0,0,0
1981,SDN,NL,swishst01,Steve Swisher,16,6,16,10,0,10,0,0,0,0,0,0,0,0,0,8,0
1981,SLN,NL,sykesbo01,Bob Sykes,22,1,22,22,22,0,0,0,0,0,0,0,0,0,0,0,0
1981,CHN,NL,tablepa01,Pat Tabler,35,31,35,35,0,0,0,35,0,0,0,0,0,0,0,0,1
1981,BOS,AL,tananfr01,Frank Tanana,24,0,0,24,24,0,0,0,0,0,0,0,0,0,0,0,
1981,NYN,NL,taverfr01,Frank Taveras,84,73,84,79,0,0,0,0,0,79,0,0,0,0,0,4,4
1981,PIT,NL,tekulke01,Kent Tekulve,45,0,45,45,45,0,0,0,0,0,0,0,0,0,0,0,0
1981,SLN,NL,templga01,Garry Templeton,80,76,80,76,0,0,0,0,0,76,0,0,0,0,0,4,0
1981,SLN,NL,tenacge01,Gene Tenace,58,39,58,44,0,38,7,0,0,0,0,0,0,0,0,18,0
1981,LAN,NL,thomade01,Derrel Thomas,80,58,80,79,0,0,0,30,10,26,3,10,6,18,0,3,6
1981,ML4,AL,thomago01,Gorman Thomas,103,103,103,97,0,0,0,0,0,0,0,48,50,97,6,0,0
1981,PIT,NL,thompja01,Jason Thompson,86,65,86,78,0,0,78,0,0,0,0,0,0,0,0,16,0
1981,CHN,NL,thompsc01,Scot Thompson,57,24,57,33,0,0,3,0,0,0,3,20,8,30,0,23,5
1981,CLE,AL,thornan01,Andre Thornton,69,59,69,11,0,0,11,0,0,0,0,0,0,0,51,8,0
1981,PIT,NL,tiantlu01,Luis Tiant,9,9,9,9,9,0,0,0,0,0,0,0,0,0,0,0,0
1981,CHN,NL,tidrodi01,Dick Tidrow,51,0,51,51,51,0,0,0,0,0,0,0,0,0,0,0,0
1981,DET,AL,tobikda01,Dave Tobik,27,0,0,27,27,0,0,0,0,0,0,0,0,0,0,0,
1981,TEX,AL,tollewa01,Wayne Tolleson,14,4,14,8,0,0,0,0,6,2,0,0,0,0,0,1,8
1981,HOU,NL,tolmati01,Tim Tolman,4,1,4,3,0,0,0,0,0,0,3,0,1,3,0,2,0
1981,BOS,AL,torremi01,Mike Torrez,22,0,0,22,22,0,0,0,0,0,0,0,0,0,0,0,
1981,CHN,NL,tracyji01,Jim Tracy,45,10,45,11,0,0,0,0,0,0,10,0,1,11,0,34,0
1981,DET,AL,trammal01,Alan Trammell,105,103,105,105,0,0,0,0,0,105,0,0,0,0,0,1,0
1981,CAL,AL,travebi01,Bill Travers,4,0,0,4,4,0,0,0,0,0,0,0,0,0,0,0,
1981,NYN,NL,trevial01,Alex Trevino,56,38,56,49,0,45,0,4,1,0,2,0,1,2,0,10,2
1981,PHI,NL,trillma01,Manny Trillo,94,93,94,94,0,0,0,94,0,0,0,0,0,0,0,0,0
1981,CHA,AL,troutst01,Steve Trout,20,0,0,20,20,0,0,0,0,0,0,0,0,0,0,0,
1981,BOS,AL,tudorjo01,John Tudor,18,0,0,18,18,0,0,0,0,0,0,0,0,0,0,0,
1981,SFN,NL,tuftsbo01,Bob Tufts,11,0,11,11,11,0,0,0,0,0,0,0,0,0,0,0,0
1981,CHA,AL,turneje01,Jerry Turner,10,1,10,1,0,0,0,0,0,0,0,0,1,1,0,9,0
1981,SDN,NL,turneje01,Jerry Turner,33,2,33,5,0,0,0,0,0,0,0,0,5,5,0,30,0
1981,CHN,NL,tysonmi01,Mike Tyson,50,23,50,37,0,0,0,36,0,1,0,0,0,0,0,18,2
1981,DET,AL,ujdurje01,Jerry Ujdur,4,0,0,4,4,0,0,0,0,0,0,0,0,0,0,0,
1981,NYA,AL,underto01,Tom Underwood,9,0,0,9,9,0,0,0,0,0,0,0,0,0,0,0,
1981,OAK,AL,underto01,Tom Underwood,16,0,0,16,16,0,0,0,0,0,0,0,0,0,0,0,
1981,PHI,NL,unserde01,Del Unser,62,4,62,31,0,0,18,0,0,0,7,6,4,16,0,38,1
1981,TOR,AL,upshawi01,Willie Upshaw,61,25,61,27,0,0,16,0,0,0,6,0,8,14,11,20,14
1981,SDN,NL,urreajo01,John Urrea,38,0,38,38,38,0,0,0,0,0,0,0,0,0,0,0,0
1981,BOS,AL,valdeju01,Julio Valdez,17,4,17,17,0,0,0,0,0,17,0,0,0,0,0,0,2
1981,NYN,NL,valenel01,Ellis Valentine,48,43,48,47,0,0,0,0,0,0,0,0,47,47,0,3,0
1981,MON,NL,valenel01,Ellis Valentine,22,21,22,21,0,0,0,0,0,0,0,0,21,21,0,1,0
1981,LAN,NL,valenfe01,Fernando Valenzuela,25,25,25,25,25,0,0,0,0,0,0,0,0,0,0,0,0
1981,TOR,AL,velezot01,Otto Velez,80,72,80,1,0,0,1,0,0,0,0,0,0,0,71,8,0
1981,SFN,NL,venabma01,Max Venable,18,5,18,5,0,0,0,0,0,0,0,2,3,5,0,13,0
1981,MIN,AL,verhojo01,John Verhoeven,25,0,0,25,25,0,0,0,0,0,0,0,0,0,0,0,
1981,CLE,AL,veryzto01,Tom Veryzer,75,73,75,75,0,0,0,0,0,75,0,0,0,0,0,0,0
1981,MIN,AL,veselbo01,Bob Veselic,5,0,0,5,5,0,0,0,0,0,0,0,0,0,0,0,
1981,PHI,NL,virgioz02,Ozzie Virgil,6,0,6,1,0,1,0,0,0,0,0,0,0,0,0,5,0
1981,ML4,AL,vuckope01,Pete Vuckovich,24,0,0,24,24,0,0,0,0,0,0,0,0,0,0,0,
1981,PHI,NL,vukovge01,George Vukovich,20,2,20,9,0,0,0,0,0,0,3,1,5,9,0,12,0
1981,PHI,NL,vukovjo01,John Vukovich,11,0,11,11,0,0,1,1,9,0,0,0,0,0,0,0,1
1981,TEX,AL,wagnema01,Mark Wagner,50,22,50,49,0,0,0,4,2,43,0,0,0,0,0,3,2
1981,CLE,AL,waitsri01,Rick Waits,22,0,0,22,22,0,0,0,0,0,0,0,0,0,0,0,
1981,BOS,AL,walkech01,Chico Walker,6,3,6,5,0,0,0,5,0,0,0,0,0,0,0,1,1
1981,MON,NL,wallati01,Tim Wallach,71,54,71,64,0,0,16,0,15,0,1,0,34,35,0,8,1
1981,CHN,NL,wallety01,Ty Waller,30,16,30,26,0,0,0,3,22,0,0,3,0,3,0,2,4
1981,HOU,NL,wallide01,Denny Walling,65,39,65,50,0,0,27,0,0,0,5,1,21,27,0,20,1
1981,SEA,AL,waltore01,Reggie Walton,12,0,12,4,0,0,0,0,0,0,3,0,1,4,0,6,4
1981,ATL,NL,washicl01,Claudell Washington,85,79,85,79,0,0,0,0,0,0,0,0,79,79,0,6,0
1981,MIN,AL,washiro01,Ron Washington,28,28,28,28,0,0,0,0,0,26,0,2,0,2,0,0,0
1981,KCA,AL,washiul01,U. L. Washington,98,97,98,98,0,0,0,0,0,98,0,0,0,0,0,0,1
1981,KCA,AL,wathajo01,John Wathan,89,81,89,88,0,74,1,0,0,0,3,0,13,16,0,6,2
1981,NYA,AL,watsobo01,Bob Watson,59,44,59,50,0,0,50,0,0,0,0,0,0,0,1,15,0
1981,NYA,AL,wehrmda01,Dave Wehrmeister,5,0,0,5,5,0,0,0,0,0,0,0,0,0,0,0,
1981,LAN,NL,weissga01,Gary Weiss,14,4,14,13,0,0,0,0,0,13,0,0,0,0,0,1,4
1981,LAN,NL,welchbo01,Bob Welch,23,23,23,23,23,0,0,0,0,0,0,0,0,0,0,0,0
1981,TOR,AL,wellsgr01,Greg Wells,32,17,32,22,0,0,22,0,0,0,0,0,0,0,3,11,1
1981,SDN,NL,welshch01,Chris Welsh,22,19,22,22,22,0,0,0,0,0,0,0,0,0,0,0,0
1981,TEX,AL,wernedo01,Don Werner,2,2,2,0,0,0,0,0,0,0,0,0,0,0,2,0,0
1981,NYA,AL,werthde01,Dennis Werth,34,19,34,30,0,3,19,0,0,0,5,0,4,8,4,8,1
1981,ATL,NL,whisela01,Larry Whisenton,9,0,9,2,0,0,0,0,0,0,1,0,1,2,0,6,2
1981,DET,AL,whitalo01,Lou Whitaker,109,104,109,108,0,0,0,108,0,0,0,0,0,0,0,2,0
1981,KCA,AL,whitefr01,Frank White,94,93,94,93,0,0,0,93,0,0,0,0,0,0,0,1,0
1981,MON,NL,whiteje01,Jerry White,59,25,59,39,0,0,0,0,0,0,7,13,20,39,0,21,2
1981,TEX,AL,whitele01,Len Whitehouse,2,0,0,2,2,0,0,0,0,0,0,0,0,0,0,0,
1981,TOR,AL,whitmda01,Dan Whitmer,7,2,7,7,0,7,0,0,0,0,0,0,0,0,0,0,0
1981,SFN,NL,whitsed01,Ed Whitson,22,22,22,22,22,0,0,0,0,0,0,0,0,0,0,0,0
1981,TOR,AL,whitter01,Ernie Whitt,74,61,74,72,0,72,0,0,0,0,0,0,0,0,0,5,2
1981,MON,NL,wieghto01,Tom Wieghaus,1,0,1,1,0,1,0,0,0,0,0,0,0,0,0,0,0
1981,SDN,NL,wiggial01,Alan Wiggins,15,1,15,4,0,0,0,0,0,0,4,0,0,4,0,4,8
1981,DET,AL,wilcomi01,Milt Wilcox,24,0,0,24,24,0,0,0,0,0,0,0,0,0,0,0,
1981,MIN,AL,wilforo01,Rob Wilfong,93,81,93,93,0,0,0,93,0,0,0,0,0,0,0,11,1
1981,MIN,AL,willial03,Albert Williams,23,0,0,23,23,0,0,0,0,0,0,0,0,0,0,0,
1981,BAL,AL,willida05,Dallas Williams,2,0,2,1,0,0,0,0,0,0,1,0,0,1,0,2,0
1981,TOR,AL,willimi01,Mike Willis,20,0,0,20,20,0,0,0,0,0,0,0,0,0,0,0,
1981,TEX,AL,willsbu01,Bump Wills,102,102,102,101,0,0,0,101,0,0,0,0,0,0,1,0,0
1981,NYN,NL,wilsomo01,Mookie Wilson,92,76,92,80,0,0,0,0,0,0,6,68,10,80,0,12,0
1981,KCA,AL,wilsowi02,Willie Wilson,102,100,102,102,0,0,0,0,0,0,85,18,0,102,0,0,0
1981,NYA,AL,winfida01,Dave Winfield,105,101,105,103,0,0,0,0,0,0,82,22,0,103,0,4,0
1981,DET,AL,wockejo01,John Wockenfuss,70,52,70,29,0,5,25,0,0,0,1,0,0,1,27,17,0
1981,SFN,NL,wohlfji01,Jim Wohlford,50,6,50,11,0,0,0,0,0,0,11,0,0,11,0,44,0
1981,TOR,AL,woodsal01,Al Woods,85,74,85,77,0,0,0,0,0,0,77,0,0,77,0,9,1
1981,HOU,NL,woodsga01,Gary Woods,54,24,54,41,0,0,0,0,0,0,2,3,36,41,0,20,2
1981,KCA,AL,wrighji03,Jim Wright,17,0,0,17,17,0,0,0,0,0,0,0,0,0,0,0,
1981,MIN,AL,wynegbu01,Butch Wynegar,47,43,47,37,0,37,0,0,0,0,0,0,0,0,7,3,0
1981,BOS,AL,yastrca01,Carl Yastrzemski,91,85,91,38,0,0,38,0,0,0,0,0,0,0,49,4,0
1981,LAN,NL,yeagest01,Steve Yeager,42,23,42,39,0,39,0,0,0,0,0,0,0,0,0,5,0
1981,NYN,NL,youngjo02,Joel Youngblood,43,37,43,41,0,0,0,0,0,0,5,1,36,41,0,4,1
1981,ML4,AL,yountro01,Robin Yount,96,95,96,93,0,0,0,0,0,93,0,0,0,0,3,1,0
1981,NYN,NL,zachrpa01,Pat Zachry,24,24,24,24,24,0,0,0,0,0,0,0,0,0,0,0,0
