1984,CHN,NL,ceyro01,Ron Cey,146,142,146,144,0,0,0,0,144,0,0,0,0,0,0,2,0
1984,SLN,NL,coxda01,Danny Cox,31,27,31,29,29,0,0,0,0,0,0,0,0,0,0,0,2
1984,TOR,AL,keyji01,Jimmy Key,63,0,0,63,63,0,0,0,0,0,0,0,0,0,0,0,
1984,CHA,AL,lawru01,Rudy Law,136,116,136,130,0,0,0,0,0,0,10,122,0,130,0,12,3
1984,CHA,AL,lawva01,Vance Law,151,137,151,151,0,0,0,21,139,3,0,6,0,6,0,4,0
1984,MON,NL,leach01,Charlie Lea,30,30,30,30,30,0,0,0,0,0,0,0,0,0,0,0,0
1984,PIT,NL,maymi01,Milt May,50,22,50,26,0,26,0,0,0,0,0,0,0,0,0,24,0
1984,PIT,NL,rayjo01,Johnny Ray,155,134,155,149,0,0,0,149,0,0,0,0,0,0,0,12,0
1984,LAN,NL,saxst01,Steve Sax,145,140,145,141,0,0,0,141,0,0,0,0,0,0,0,4,1
1984,CAL,AL,aasedo01,Don Aase,23,0,0,23,23,0,0,0,0,0,0,0,0,0,0,0,
1984,DET,AL,bairdo01,Doug Bair,47,0,0,47,47,0,0,0,0,0,0,0,0,0,0,0,
1984,HOU,NL,basske01,Kevin Bass,121,64,121,81,0,0,0,0,0,0,0,31,52,81,0,44,0
1984,TEX,AL,bellbu01,Buddy Bell,148,147,148,147,0,0,0,0,147,0,0,0,0,0,0,1,0
1984,TOR,AL,bellge02,George Bell,159,150,159,147,0,0,0,0,3,0,66,0,90,147,6,8,0
1984,SEA,AL,bestka01,Karl Best,5,0,0,5,5,0,0,0,0,0,0,0,0,0,0,0,
1984,CHN,NL,bowala01,Larry Bowa,133,123,133,132,0,0,0,0,0,132,0,0,0,0,0,2,3
1984,BOS,AL,boydoi01,Oil Can Boyd,29,0,0,29,29,0,0,0,0,0,0,0,0,0,0,0,
1984,MIN,AL,bushra01,Randy Bush,113,83,113,2,0,0,2,0,0,0,0,0,0,0,83,28,1
1984,ATL,NL,campri01,Rick Camp,31,21,31,31,31,0,0,0,0,0,0,0,0,0,0,0,0
1984,CIN,NL,catoke01,Keefe Cato,8,0,8,8,8,0,0,0,0,0,0,0,0,0,0,0,0
1984,HOU,NL,cruzjo01,Jose Cruz,160,159,160,160,0,0,0,0,0,0,160,0,0,160,0,1,0
1984,CHA,AL,cruzju01,Julio Cruz,143,128,143,142,0,0,0,142,0,0,0,0,0,0,0,0,4
1984,BAL,AL,cruzto02,Todd Cruz,96,34,95,90,1,0,0,0,89,0,0,0,0,0,0,16,16
1984,SFN,NL,deerro01,Rob Deer,13,8,13,9,0,0,0,0,0,0,9,0,0,9,0,3,1
1984,KCA,AL,dentbu01,Bucky Dent,11,3,11,11,0,0,0,0,2,9,0,0,0,0,0,0,1
1984,PHI,NL,diazbo01,Bo Diaz,27,22,27,23,0,23,0,0,0,0,0,0,0,0,0,4,0
1984,LAN,NL,diazca01,Carlos Diaz,37,0,37,37,37,0,0,0,0,0,0,0,0,0,0,0,0
1984,DET,AL,earlsc01,Scott Earl,14,8,14,14,0,0,0,14,0,0,0,0,0,0,0,0,1
1984,CLE,AL,farrst01,Steve Farr,31,0,0,31,31,0,0,0,0,0,0,0,0,0,0,0,
1984,CHA,AL,fiskca01,Carlton Fisk,102,86,102,90,0,90,0,0,0,0,0,0,0,0,5,11,1
1984,NYA,AL,foliti01,Tim Foli,61,41,61,59,0,0,2,21,10,28,0,0,0,0,0,6,0
1984,BAL,AL,fordda01,Dan Ford,25,23,25,15,0,0,0,0,0,0,0,0,15,15,8,2,0
1984,NYN,NL,gaffbr01,Brent Gaff,47,0,47,47,47,0,0,0,0,0,0,0,0,0,0,0,0
1984,BOS,AL,galeri01,Rich Gale,13,0,0,13,13,0,0,0,0,0,0,0,0,0,0,0,
1984,TOR,AL,gottji01,Jim Gott,35,0,0,35,35,0,0,0,0,0,0,0,0,0,0,0,
1984,KCA,AL,gurala01,Larry Gura,31,0,0,31,31,0,0,0,0,0,0,0,0,0,0,0,
1984,ML4,AL,haasmo01,Moose Haas,31,0,0,31,31,0,0,0,0,0,0,0,0,0,0,0,
1984,ATL,NL,hallal02,Albert Hall,87,26,87,66,0,0,0,0,0,0,48,2,17,66,0,14,21
1984,CLE,AL,hallme01,Mel Hall,83,65,83,69,0,0,0,0,0,0,64,1,6,69,9,13,0
1984,CHN,NL,hallme01,Mel Hall,48,42,48,46,0,0,0,0,0,0,5,5,40,46,0,4,0
1984,MIN,AL,hartmi02,Mike Hart,13,7,13,11,0,0,0,0,0,0,8,0,3,11,0,3,1
1984,NYN,NL,heepda01,Danny Heep,99,44,99,58,0,0,10,0,0,0,25,0,23,48,0,47,0
1984,SLN,NL,herrto01,Tom Herr,145,144,145,144,0,0,0,144,0,0,0,0,0,0,0,1,0
1984,OAK,AL,hilldo01,Donnie Hill,73,53,73,69,0,0,0,4,2,66,0,0,0,0,0,5,4
1984,CHA,AL,hillma01,Marc Hill,77,58,77,73,0,72,2,0,0,0,0,0,0,0,0,5,1
1984,SLN,NL,howear01,Art Howe,89,31,89,67,0,0,10,8,46,5,0,0,0,0,0,28,2
1984,CHA,AL,hoytla01,LaMarr Hoyt,35,1,1,35,34,0,0,0,0,0,1,0,0,1,0,0,0
1984,CIN,NL,humeto01,Tom Hume,54,8,54,54,54,0,0,0,0,0,0,0,0,0,0,0,0
1984,SLN,NL,iorgda01,Dane Iorg,15,3,15,10,0,0,6,0,0,0,3,0,2,5,0,9,0
1984,KCA,AL,iorgda01,Dane Iorg,78,61,78,63,0,0,43,0,1,0,18,0,4,22,3,15,0
1984,TOR,AL,iorgga01,Garth Iorg,121,59,121,117,0,0,0,8,113,2,0,0,0,0,0,30,6
1984,CAL,AL,johnto01,Tommy John,32,0,0,32,32,0,0,0,0,0,0,0,0,0,0,0,
1984,NYA,AL,kempst01,Steve Kemp,94,82,94,75,0,0,0,0,0,0,75,0,0,75,12,11,0
1984,PHI,NL,kernji01,Jim Kern,8,0,8,8,8,0,0,0,0,0,0,0,0,0,0,0,0
1984,ML4,AL,kernji01,Jim Kern,6,0,0,6,6,0,0,0,0,0,0,0,0,0,0,0,
1984,PIT,NL,lacyle01,Lee Lacy,138,116,138,128,0,0,0,2,0,0,78,0,88,127,0,8,6
1984,ML4,AL,laddpe01,Pete Ladd,54,0,0,54,54,0,0,0,0,0,0,0,0,0,0,0,
1984,DET,AL,lagami01,Mike Laga,9,3,9,4,0,0,4,0,0,0,0,0,0,0,2,3,0
1984,CHN,NL,lakest01,Steve Lake,25,15,25,24,0,24,0,0,0,0,0,0,0,0,0,1,0
1984,TOR,AL,lampde01,Dennis Lamp,56,0,0,56,56,0,0,0,0,0,0,0,0,0,0,0,
1984,TOR,AL,leallu01,Luis Leal,35,0,0,35,35,0,0,0,0,0,0,0,0,0,0,0,
1984,CAL,AL,lynnfr01,Fred Lynn,142,135,142,140,0,0,0,0,0,0,0,62,112,140,0,5,0
1984,NYA,AL,matavi01,Victor Mata,30,17,30,29,0,0,0,0,0,0,2,21,8,29,0,5,4
1984,KCA,AL,ortajo01,Jorge Orta,122,103,122,27,0,0,0,1,0,0,14,0,12,26,77,18,0
1984,PIT,NL,otisam01,Amos Otis,40,24,40,32,0,0,0,0,0,0,32,0,0,32,0,8,2
1984,CHN,NL,owenda01,Dave Owen,47,25,47,44,0,0,0,4,6,35,0,0,0,0,0,4,4
1984,SEA,AL,owensp01,Spike Owen,152,148,152,151,0,0,0,0,0,151,0,0,0,0,0,2,0
1984,PIT,NL,pagemi02,Mitchell Page,16,0,16,0,0,0,0,0,0,0,0,0,0,0,0,16,0
1984,LAN,NL,penaal01,Alejandro Peña,28,28,28,28,28,0,0,0,0,0,0,0,0,0,0,0,0
1984,HOU,NL,penabe01,Bert Peña,24,10,24,21,0,0,0,0,0,21,0,0,0,0,0,2,2
1984,PIT,NL,penato01,Tony Peña,147,139,147,146,0,146,0,0,0,0,0,0,0,0,0,1,0
1984,HOU,NL,puhlte01,Terry Puhl,132,122,132,126,0,0,0,0,0,0,8,0,123,126,0,8,0
1984,SFN,NL,rabbjo01,John Rabb,54,16,54,28,0,6,13,0,0,0,3,0,6,9,0,29,6
1984,MIN,AL,reedje02,Jeff Reed,18,7,18,18,0,18,0,0,0,0,0,0,0,0,0,0,0
1984,CHA,AL,reedro01,Ron Reed,51,0,2,51,51,0,0,0,0,0,0,0,0,0,0,0,0
1984,BOS,AL,remyje01,Jerry Remy,30,24,30,24,0,0,0,24,0,0,0,0,0,0,0,6,0
1984,BOS,AL,riceji01,Jim Rice,159,159,159,157,0,0,0,0,0,0,157,0,0,157,2,0,0
1984,NYA,AL,rijojo01,Jose Rijo,24,0,0,24,24,0,0,0,0,0,0,0,0,0,0,0,
1984,CHN,NL,rohnda01,Dan Rohn,25,3,25,15,0,0,0,5,7,5,0,0,0,0,0,16,0
1984,CIN,NL,rosepe01,Pete Rose,26,23,26,23,0,0,23,0,0,0,0,0,0,0,0,3,0
1984,MON,NL,rosepe01,Pete Rose,95,66,95,68,0,0,40,0,0,0,28,0,0,28,0,29,0
1984,HOU,NL,rossma01,Mark Ross,2,0,2,2,2,0,0,0,0,0,0,0,0,0,0,0,1
1984,HOU,NL,ryanno01,Nolan Ryan,30,30,30,30,30,0,0,0,0,0,0,0,0,0,0,0,0
1984,PHI,NL,schuri01,Rick Schu,17,7,17,15,0,0,0,0,15,0,0,0,0,0,0,2,5
1984,SDN,NL,shower01,Eric Show,32,32,32,32,32,0,0,0,0,0,0,0,0,0,0,0,0
1984,NYN,NL,siskdo01,Doug Sisk,50,0,50,50,50,0,0,0,0,0,0,0,0,0,0,0,0
1984,CHA,AL,siwyji01,Jim Siwy,1,0,0,1,1,0,0,0,0,0,0,0,0,0,0,0,
1984,CIN,NL,sotoma01,Mario Soto,33,33,33,33,33,0,0,0,0,0,0,0,0,0,0,0,0
1984,NYN,NL,swancr01,Craig Swan,10,0,10,10,10,0,0,0,0,0,0,0,0,0,0,0,0
1984,CAL,AL,swancr01,Craig Swan,2,0,0,2,2,0,0,0,0,0,0,0,0,0,0,0,
1984,HOU,NL,thondi01,Dickie Thon,5,5,5,5,0,0,0,0,0,5,0,0,0,0,0,0,0
1984,LAN,NL,vailmi01,Mike Vail,16,1,16,1,0,0,0,0,0,0,1,0,0,1,0,14,1
1984,PIT,NL,walkbo01,Bob Walk,2,2,2,2,2,0,0,0,0,0,0,0,0,0,0,0,0
1984,TEX,AL,wardga01,Gary Ward,155,151,155,148,0,0,0,0,0,0,58,59,36,148,5,4,0
1984,PIT,NL,winnji01,Jim Winn,9,0,9,9,9,0,0,0,0,0,0,0,0,0,0,0,0
1984,CAL,AL,wittmi01,Mike Witt,34,0,0,34,34,0,0,0,0,0,0,0,0,0,0,0,
1984,TEX,AL,yostne01,Ned Yost,80,68,80,78,0,78,0,0,0,0,0,0,0,0,0,3,0
1984,CAL,AL,zahnge01,Geoff Zahn,28,0,0,28,28,0,0,0,0,0,0,0,0,0,0,0,
1984,DET,AL,abbotgl01,Glenn Abbott,13,0,1,13,13,0,0,0,0,0,0,0,0,0,0,0,0
1984,TOR,AL,ackerji01,Jim Acker,32,0,0,32,32,0,0,0,0,0,0,0,0,0,0,0,
1984,CHA,AL,agostju01,Juan Agosto,49,0,1,49,49,0,0,0,0,0,0,0,0,0,0,0,0
1984,PHI,NL,aguaylu01,Luis Aguayo,58,11,58,33,0,0,0,12,14,10,0,0,0,0,0,19,15
1984,TOR,AL,aikenwi01,Willie Aikens,93,74,93,2,0,0,2,0,0,0,0,0,0,0,73,18,0
1984,TOR,AL,alexado01,Doyle Alexander,36,0,0,36,36,0,0,0,0,0,0,0,0,0,0,0,
1984,BOS,AL,allenga01,Gary Allenson,35,27,35,35,0,35,0,0,0,0,0,0,0,0,0,0,0
1984,SLN,NL,allenne01,Neil Allen,57,1,57,57,57,0,0,0,0,0,0,0,0,0,0,0,0
1984,DET,AL,allenro02,Rod Allen,15,10,15,2,0,0,0,0,0,0,2,0,0,2,10,3,0
1984,OAK,AL,almonbi01,Bill Almon,106,51,106,89,0,1,44,0,4,1,33,1,17,49,0,19,21
1984,CHN,NL,altampo01,Porfi Altamirano,5,0,5,5,5,0,0,0,0,0,0,0,0,0,0,0,0
1984,LAN,NL,amelued01,Ed Amelung,34,8,34,23,0,0,0,0,0,0,9,4,11,23,0,11,6
1984,LAN,NL,anderda02,Dave Anderson,121,104,121,114,0,0,0,0,11,111,0,0,0,0,0,7,5
1984,TEX,AL,anderji01,Jim Anderson,39,14,39,38,0,0,0,1,7,30,0,0,0,0,0,0,1
1984,PHI,NL,anderla02,Larry Andersen,64,0,64,64,64,0,0,0,0,0,0,0,0,0,0,0,0
1984,SLN,NL,andujjo01,Joaquin Andujar,36,36,36,36,36,0,0,0,0,0,0,0,0,0,0,0,0
1984,CLE,AL,apontlu01,Luis Aponte,25,0,0,25,25,0,0,0,0,0,0,0,0,0,0,0,
1984,BOS,AL,armasto01,Tony Armas,157,157,157,126,0,0,0,0,0,0,0,126,1,126,31,0,0
1984,NYA,AL,armstmi01,Mike Armstrong,36,0,1,36,36,0,0,0,0,0,0,0,0,0,0,0,0
1984,HOU,NL,ashbyal01,Alan Ashby,66,53,66,63,0,63,0,0,0,0,0,0,0,0,0,4,0
1984,KCA,AL,ashfotu01,Tucker Ashford,9,4,9,9,0,0,0,0,9,0,0,0,0,0,0,0,0
1984,OAK,AL,atherke01,Keith Atherton,57,0,3,57,57,0,0,0,0,0,0,0,0,0,0,0,1
1984,ML4,AL,augusje01,Jerry Augustine,4,0,0,4,4,0,0,0,0,0,0,0,0,0,0,0,
1984,BAL,AL,ayalabe01,Benny Ayala,60,30,60,13,0,0,0,0,0,0,11,0,2,13,23,30,0
1984,NYN,NL,backmwa01,Wally Backman,128,110,128,119,0,0,0,115,0,8,0,0,0,0,0,13,3
1984,HOU,NL,bailema01,Mark Bailey,108,103,108,108,0,108,0,0,0,0,0,0,0,0,0,0,0
1984,LAN,NL,bailobo01,Bob Bailor,65,35,65,54,0,0,0,23,17,16,0,0,0,0,0,8,9
1984,CHA,AL,baineha01,Harold Baines,147,145,147,147,0,0,0,0,0,0,0,7,147,147,0,1,0
1984,DET,AL,bakerdo01,Doug Baker,43,31,43,42,0,0,0,5,0,39,0,0,0,0,0,1,3
1984,SFN,NL,bakerdu01,Dusty Baker,100,59,100,62,0,0,0,0,0,0,29,0,33,62,0,38,0
1984,KCA,AL,balbost01,Steve Balboni,126,124,126,125,0,0,125,0,0,0,0,0,0,0,1,1,0
1984,CLE,AL,bandoch01,Chris Bando,75,60,75,64,0,63,1,0,1,0,0,0,0,0,1,13,0
1984,TEX,AL,bannial01,Alan Bannister,47,28,47,29,0,0,1,25,2,0,1,1,1,3,6,14,3
1984,HOU,NL,bannial01,Alan Bannister,9,4,9,5,0,0,0,0,0,4,1,0,0,1,0,3,1
1984,CHA,AL,bannifl01,Floyd Bannister,34,0,1,34,34,0,0,0,0,0,0,0,0,0,0,0,0
1984,TOR,AL,barfije01,Jesse Barfield,110,76,110,88,0,0,0,0,0,0,0,9,79,88,0,24,6
1984,MON,NL,bargagr01,Greg Bargar,3,1,3,3,3,0,0,0,0,0,0,0,0,0,0,0,0
1984,ATL,NL,barkele01,Len Barker,21,20,21,21,21,0,0,0,0,0,0,0,0,0,0,0,0
1984,CLE,AL,barklje01,Jeff Barkley,3,0,0,3,3,0,0,0,0,0,0,0,0,0,0,0,
1984,CIN,NL,barnesk01,Skeeter Barnes,32,8,32,13,0,0,0,0,11,0,3,0,0,3,0,17,4
1984,SEA,AL,barojsa01,Salome Barojas,19,0,0,19,19,0,0,0,0,0,0,0,0,0,0,0,
1984,CHA,AL,barojsa01,Salome Barojas,24,0,0,24,24,0,0,0,0,0,0,0,0,0,0,0,
1984,BOS,AL,barrema02,Marty Barrett,139,135,139,136,0,0,0,136,0,0,0,0,0,0,0,1,2
1984,NYA,AL,baylodo01,Don Baylor,134,122,134,5,0,0,0,0,0,0,1,0,5,5,118,12,0
1984,NYN,NL,beanebi01,Billy Beane,5,1,5,5,0,0,0,0,0,0,2,1,2,5,0,2,0
1984,SEA,AL,beardda01,Dave Beard,43,0,2,43,43,0,0,0,0,0,0,0,0,0,0,0,0
1984,SEA,AL,beattji01,Jim Beattie,32,0,0,32,32,0,0,0,0,0,0,0,0,0,0,0,
1984,KCA,AL,beckwjo01,Joe Beckwith,49,0,0,49,49,0,0,0,0,0,0,0,0,0,0,0,
1984,ATL,NL,bedrost01,Steve Bedrosian,40,4,40,40,40,0,0,0,0,0,0,0,0,0,0,0,0
1984,ML4,AL,beenean01,Andy Beene,5,0,0,5,5,0,0,0,0,0,0,0,0,0,0,0,
1984,CLE,AL,behenri01,Rick Behenna,3,0,0,3,3,0,0,0,0,0,0,0,0,0,0,0,
1984,PIT,NL,bellira01,Rafael Belliard,20,6,20,13,0,0,0,1,0,12,0,0,0,0,0,0,9
1984,ATL,NL,benedbr01,Bruce Benedict,95,95,95,95,0,95,0,0,0,0,0,0,0,0,0,0,0
1984,CAL,AL,beniqju01,Juan Beniquez,110,82,110,100,0,0,0,0,1,0,64,8,50,99,0,12,1
1984,NYN,NL,berenbr01,Bruce Berenyi,19,19,19,19,19,0,0,0,0,0,0,0,0,0,0,0,0
1984,CIN,NL,berenbr01,Bruce Berenyi,13,11,13,13,13,0,0,0,0,0,0,0,0,0,0,0,0
1984,DET,AL,berenju01,Juan Berenguer,31,0,0,31,31,0,0,0,0,0,0,0,0,0,0,0,
1984,DET,AL,bergmda01,Dave Bergman,120,68,120,115,0,0,114,0,0,0,1,0,1,2,0,28,4
1984,CLE,AL,bernato01,Tony Bernazard,140,122,140,136,0,0,0,136,0,0,0,0,0,0,0,3,4
1984,PIT,NL,berrada01,Dale Berra,136,134,136,135,0,0,0,0,1,135,0,0,0,0,0,1,0
1984,OAK,AL,betteje01,Jeff Bettendorf,3,0,0,3,3,0,0,0,0,0,0,0,0,0,0,0,
1984,SDN,NL,bevacku01,Kurt Bevacqua,59,8,59,30,0,0,20,0,10,0,1,0,2,3,0,36,2
1984,KCA,AL,biancbu01,Buddy Biancalana,66,42,66,62,0,0,0,29,0,33,0,0,0,0,0,2,9
1984,TEX,AL,bibbyji01,Jim Bibby,8,0,0,8,8,0,0,0,0,0,0,0,0,0,0,0,
1984,PIT,NL,bielemi01,Mike Bielecki,4,0,4,4,4,0,0,0,0,0,0,0,0,0,0,0,0
1984,CIN,NL,bilarda01,Dann Bilardello,68,50,68,68,0,68,0,0,0,0,0,0,0,0,0,5,0
1984,KCA,AL,blackbu02,Buddy Black,35,0,0,35,35,0,0,0,0,0,0,0,0,0,0,0,
1984,CLE,AL,blylebe01,Bert Blyleven,33,0,0,33,33,0,0,0,0,0,0,0,0,0,0,0,
1984,OAK,AL,bochtbr01,Bruce Bochte,148,130,148,144,0,0,144,0,0,0,0,0,0,0,0,14,0
1984,SDN,NL,bochybr01,Bruce Bochy,37,20,37,36,0,36,0,0,0,0,0,0,0,0,0,1,0
1984,BAL,AL,boddimi01,Mike Boddicker,35,0,1,34,34,0,0,0,0,0,0,0,0,0,0,0,1
1984,BOS,AL,boggswa01,Wade Boggs,158,157,158,156,0,0,0,0,156,0,0,0,0,0,1,1,0
1984,SEA,AL,bonneba01,Barry Bonnell,110,89,110,101,0,0,5,0,10,0,70,16,20,94,1,10,0
1984,SDN,NL,bookegr01,Greg Booker,32,1,32,32,32,0,0,0,0,0,0,0,0,0,0,0,0
1984,CAL,AL,boonebo01,Bob Boone,139,133,139,138,0,138,0,0,0,0,0,0,0,0,0,2,0
1984,CHN,NL,bordiri01,Rich Bordi,31,7,31,31,31,0,0,0,0,0,0,0,0,0,0,0,0
1984,CHN,NL,bosleth01,Thad Bosley,55,16,55,33,0,0,0,0,0,0,11,2,21,33,0,31,0
1984,CHA,AL,bostoda01,Daryl Boston,35,19,35,34,0,0,0,0,0,0,0,30,5,34,0,2,5
1984,SEA,AL,bradlph01,Phil Bradley,124,81,124,117,0,0,0,0,0,0,48,68,14,117,0,3,15
1984,NYA,AL,bradlsc01,Scott Bradley,9,4,9,8,0,3,0,0,0,0,5,0,0,5,0,1,1
1984,SLN,NL,braunst01,Steve Braun,86,10,86,20,0,0,0,0,1,0,12,0,7,19,0,75,0
1984,LAN,NL,breamsi01,Sid Bream,27,11,27,14,0,0,14,0,0,0,0,0,0,0,0,14,1
1984,MON,NL,breinfr01,Fred Breining,4,0,4,4,4,0,0,0,0,0,0,0,0,0,0,0,0
1984,SFN,NL,brenlbo01,Bob Brenly,145,133,145,139,0,127,22,0,0,0,1,0,2,3,0,7,0
1984,CHA,AL,brennto01,Tom Brennan,4,0,0,4,4,0,0,0,0,0,0,0,0,0,0,0,
1984,KCA,AL,brettge01,George Brett,104,101,104,101,0,0,0,0,101,0,0,0,0,0,0,3,0
1984,LAN,NL,breweto02,Tony Brewer,24,8,24,10,0,0,0,0,0,0,8,0,2,10,0,15,0
1984,ATL,NL,brizzto01,Tony Brizzolara,10,4,10,10,10,0,0,0,0,0,0,0,0,0,0,0,0
1984,LAN,NL,brockgr01,Greg Brock,88,77,88,83,0,0,83,0,0,0,0,0,0,0,0,10,0
1984,NYN,NL,brookhu01,Hubie Brooks,153,153,153,153,0,0,0,0,129,26,0,0,0,0,0,0,0
1984,DET,AL,brookto01,Tom Brookens,113,63,113,109,0,0,0,26,69,28,0,0,0,0,0,5,9
1984,ML4,AL,brouhma01,Mark Brouhard,66,55,66,52,0,0,0,0,0,0,48,0,4,52,7,9,0
1984,SDN,NL,brownbo04,Bobby Brown,85,35,85,53,0,0,0,0,0,0,27,13,16,53,0,30,9
1984,SFN,NL,brownch02,Chris Brown,23,23,23,23,0,0,0,0,23,0,0,0,0,0,0,0,0
1984,NYA,AL,browncu03,Curt Brown,13,0,0,13,13,0,0,0,0,0,0,0,0,0,0,0,
1984,MIN,AL,brownda01,Darrell Brown,95,49,95,54,0,0,0,0,0,0,19,35,0,54,3,39,3
1984,BAL,AL,brownma02,Mark Brown,9,0,0,9,9,0,0,0,0,0,0,0,0,0,0,0,
1984,BOS,AL,brownmi01,Mike Brown,15,0,0,15,15,0,0,0,0,0,0,0,0,0,0,0,
1984,CAL,AL,brownmi02,Mike Brown,62,36,62,44,0,0,0,0,0,0,2,0,43,44,3,16,3
1984,CAL,AL,brownst02,Steve Brown,3,0,0,3,3,0,0,0,0,0,0,0,0,0,0,0,
1984,CIN,NL,brownto05,Tom Browning,3,3,3,3,3,0,0,0,0,0,0,0,0,0,0,0,0
1984,SLN,NL,brummgl01,Glenn Brummer,28,17,28,26,0,26,0,0,0,0,0,0,0,0,0,2,0
1984,MIN,AL,brunato01,Tom Brunansky,155,152,155,153,0,0,0,0,0,0,0,0,153,153,1,2,0
1984,CHN,NL,brusswa01,Warren Brusstar,41,0,41,41,41,0,0,0,0,0,0,0,0,0,0,0,0
1984,TEX,AL,bucklke01,Kevin Buckley,5,3,5,0,0,0,0,0,0,0,0,0,0,0,3,2,0
1984,BOS,AL,bucknbi01,Bill Buckner,114,113,114,113,0,0,113,0,0,0,0,0,0,0,0,1,0
1984,CHN,NL,bucknbi01,Bill Buckner,21,7,21,9,0,0,7,0,0,0,2,0,0,2,0,12,0
1984,BAL,AL,bumbral01,Al Bumbry,119,86,119,99,0,0,0,0,0,0,28,82,0,99,0,15,14
1984,OAK,AL,burgmto01,Tom Burgmeier,17,0,0,17,17,0,0,0,0,0,0,0,0,0,0,0,
1984,CAL,AL,burleri01,Rick Burleson,7,0,7,0,0,0,0,0,0,0,0,0,0,0,0,5,2
1984,CHA,AL,burnsbr01,Britt Burns,34,0,0,34,34,0,0,0,0,0,0,0,0,0,0,0,
1984,OAK,AL,burrira01,Ray Burris,37,0,3,34,34,0,0,0,0,0,0,0,0,0,0,0,3
1984,OAK,AL,burroje01,Jeff Burroughs,58,13,58,4,0,0,0,0,0,0,4,0,0,4,13,42,1
1984,MIN,AL,butchjo01,John Butcher,34,0,0,34,34,0,0,0,0,0,0,0,0,0,0,0,
1984,MON,NL,butersa01,Sal Butera,3,1,3,2,0,2,0,0,0,0,0,0,0,0,0,1,0
1984,CLE,AL,butlebr01,Brett Butler,159,149,159,156,0,0,0,0,0,0,0,156,1,156,0,3,2
1984,PHI,NL,bystrma01,Marty Bystrom,11,11,11,11,11,0,0,0,0,0,0,0,0,0,0,0,0
1984,NYA,AL,bystrma01,Marty Bystrom,7,0,0,7,7,0,0,0,0,0,0,0,0,0,0,0,
1984,HOU,NL,cabelen01,Enos Cabell,127,104,127,112,0,0,112,0,0,0,0,0,0,0,0,19,0
1984,SEA,AL,caldeiv01,Ivan Calderon,11,7,11,11,0,0,0,0,0,0,4,6,1,11,0,0,0
1984,ML4,AL,caldwmi01,Mike Caldwell,26,0,0,26,26,0,0,0,0,0,0,0,0,0,0,0,
1984,HOU,NL,calhoje01,Jeff Calhoun,9,0,9,9,9,0,0,0,0,0,0,0,0,0,0,0,0
1984,SFN,NL,calvema01,Mark Calvert,10,5,10,10,10,0,0,0,0,0,0,0,0,0,0,0,0
1984,CLE,AL,camacer01,Ernie Camacho,69,0,0,69,69,0,0,0,0,0,0,0,0,0,0,0,
1984,PHI,NL,campbbi02,Bill Campbell,57,0,57,57,57,0,0,0,0,0,0,0,0,0,0,0,0
1984,PIT,NL,candejo01,John Candelaria,33,28,33,33,33,0,0,0,0,0,0,0,0,0,0,0,0
1984,ML4,AL,candito01,Tom Candiotti,8,0,0,8,8,0,0,0,0,0,0,0,0,0,0,0,
1984,CAL,AL,carewro01,Rod Carew,93,81,93,83,0,0,83,0,0,0,0,0,0,0,1,12,0
1984,PHI,NL,carltst01,Steve Carlton,34,33,34,33,33,0,0,0,0,0,0,0,0,0,0,1,0
1984,PHI,NL,carmado01,Don Carman,11,0,11,11,11,0,0,0,0,0,0,0,0,0,0,0,0
1984,MON,NL,cartega01,Gary Carter,159,157,159,158,0,143,25,0,0,0,0,0,0,0,0,2,0
1984,CLE,AL,cartejo01,Joe Carter,66,55,66,60,0,0,7,0,0,0,48,14,0,59,0,8,1
1984,MIN,AL,castibo01,Bobby Castillo,10,0,0,10,10,0,0,0,0,0,0,0,0,0,0,0,
1984,CLE,AL,castica01,Carmelo Castillo,87,56,87,70,0,0,0,0,0,0,0,0,70,70,0,26,1
1984,MIN,AL,castijo01,John Castino,8,8,8,8,0,0,0,0,8,0,0,0,0,0,0,0,0
1984,DET,AL,castima02,Marty Castillo,70,42,70,69,0,36,0,0,33,0,0,0,0,0,0,2,1
1984,OAK,AL,caudibi01,Bill Caudill,68,0,2,68,68,0,0,0,0,0,0,0,0,0,0,0,0
1984,CIN,NL,cedence01,Cesar Cedeno,110,89,110,103,0,0,44,0,0,0,52,14,19,78,0,15,2
1984,NYA,AL,ceronri01,Rick Cerone,38,36,38,38,0,38,0,0,0,0,0,0,0,0,0,0,0
1984,SEA,AL,chambal01,Al Chambers,22,10,22,13,0,0,0,0,0,0,13,0,0,13,0,11,0
1984,ATL,NL,chambch01,Chris Chambliss,135,103,135,109,0,0,109,0,0,0,0,0,0,0,0,30,0
1984,NYN,NL,chapmke01,Kelvin Chapman,75,46,75,60,0,0,0,57,3,0,0,0,0,0,0,15,6
1984,SDN,NL,chifffl01,Floyd Chiffer,15,1,15,15,15,0,0,0,0,0,0,0,0,0,0,0,0
1984,NYA,AL,chriscl01,Clay Christiansen,24,0,0,24,24,0,0,0,0,0,0,0,0,0,0,0,
1984,NYN,NL,chrisjo02,John Christensen,5,2,5,5,0,0,0,0,0,0,3,0,2,5,0,2,0
1984,CHA,AL,chrisst01,Steve Christmas,12,0,12,1,0,1,0,0,0,0,0,0,0,0,0,11,0
1984,SLN,NL,citarra01,Ralph Citarella,10,2,10,10,10,0,0,0,0,0,0,0,0,0,0,0,0
1984,TOR,AL,clancji01,Jim Clancy,36,0,0,36,36,0,0,0,0,0,0,0,0,0,0,0,
1984,ML4,AL,clarkbo04,Bobby Clark,58,51,58,56,0,0,0,0,0,0,3,42,16,56,0,6,1
1984,TOR,AL,clarkbr01,Bryan Clark,20,0,0,20,20,0,0,0,0,0,0,0,0,0,0,0,
1984,SFN,NL,clarkja01,Jack Clark,57,56,57,56,0,0,4,0,0,0,0,0,55,55,0,1,0
1984,BOS,AL,clearma01,Mark Clear,47,0,0,47,47,0,0,0,0,0,0,0,0,0,0,0,
1984,BOS,AL,clemero02,Roger Clemens,21,0,0,21,21,0,0,0,0,0,0,0,0,0,0,0,
1984,CAL,AL,clibust02,Stew Cliburn,1,0,0,1,1,0,0,0,0,0,0,0,0,0,0,0,
1984,ML4,AL,cocanja01,Jaime Cocanower,33,0,0,33,33,0,0,0,0,0,0,0,0,0,0,0,
1984,OAK,AL,codirch01,Chris Codiroli,28,0,0,28,28,0,0,0,0,0,0,0,0,0,0,0,
1984,SEA,AL,colesda01,Darnell Coles,48,40,48,44,0,0,0,0,42,0,3,0,0,3,0,0,6
1984,TOR,AL,collida02,Dave Collins,128,107,128,114,0,0,6,0,0,0,106,2,0,108,0,18,2
1984,CLE,AL,comerst01,Steve Comer,22,0,0,22,22,0,0,0,0,0,0,0,0,0,0,0,
1984,MIN,AL,comstke01,Keith Comstock,4,0,0,4,4,0,0,0,0,0,0,0,0,0,0,0,
1984,CIN,NL,conceda01,Dave Concepcion,154,137,154,148,0,0,6,0,54,104,0,0,0,0,0,14,0
1984,KCA,AL,conceon01,Onix Concepcion,90,83,90,89,0,0,0,6,2,85,0,0,0,0,0,1,2
1984,OAK,AL,conroti01,Tim Conroy,38,0,0,38,38,0,0,0,0,0,0,0,0,0,0,0,
1984,ML4,AL,coopece01,Cecil Cooper,148,148,148,122,0,0,122,0,0,0,0,0,0,0,26,0,0
1984,CAL,AL,corbedo01,Doug Corbett,45,0,0,45,45,0,0,0,0,0,0,0,0,0,0,0,
1984,PHI,NL,corcoti01,Tim Corcoran,102,50,102,63,0,0,51,0,0,0,4,0,13,17,0,43,0
1984,SFN,NL,corneje01,Jeff Cornell,23,0,23,23,23,0,0,0,0,0,0,0,0,0,0,0,0
1984,CHN,NL,cottohe01,Henry Cotto,105,28,105,89,0,0,0,0,0,0,47,34,10,89,0,20,16
1984,SEA,AL,cowenal01,Al Cowens,139,127,139,130,0,0,0,0,0,0,0,2,130,130,4,9,0
1984,NYA,AL,cowlejo01,Joe Cowley,16,0,0,16,16,0,0,0,0,0,0,0,0,0,0,0,
1984,BOS,AL,crawfst01,Steve Crawford,35,0,0,35,35,0,0,0,0,0,0,0,0,0,0,0,
1984,CAL,AL,curtijo01,John Curtis,17,0,0,17,17,0,0,0,0,0,0,0,0,0,0,0,
1984,NYN,NL,darliro01,Ron Darling,39,33,39,33,33,0,0,0,0,0,0,0,0,0,0,0,6
1984,TEX,AL,darwida01,Danny Darwin,35,0,0,35,35,0,0,0,0,0,0,0,0,0,0,0,
1984,BAL,AL,dauerri01,Rich Dauer,127,120,127,126,0,0,0,124,2,0,0,0,0,0,0,2,0
1984,MIN,AL,davidan01,Andre David,33,9,33,14,0,0,0,0,0,0,10,0,4,14,2,19,1
1984,SEA,AL,davisal01,Alvin Davis,152,152,152,147,0,0,147,0,0,0,0,0,0,0,7,0,0
1984,KCA,AL,davisbu02,Butch Davis,41,30,41,35,0,0,0,0,0,0,34,1,1,35,0,5,2
1984,SFN,NL,davisch01,Chili Davis,137,117,137,123,0,0,0,0,0,0,1,67,57,123,0,17,2
1984,CIN,NL,daviser01,Eric Davis,57,44,57,51,0,0,0,0,0,0,2,46,10,51,0,7,2
1984,HOU,NL,davisgl01,Glenn Davis,18,15,18,16,0,0,16,0,0,0,0,0,0,0,0,2,0
1984,CHN,NL,davisjo02,Jody Davis,150,141,150,146,0,146,0,0,0,0,0,0,0,0,0,9,0
1984,SFN,NL,davisma01,Mark Davis,46,27,46,46,46,0,0,0,0,0,0,0,0,0,0,0,0
1984,OAK,AL,davismi02,Mike Davis,134,105,134,127,0,0,0,0,0,0,1,16,120,127,0,6,10
1984,MIN,AL,davisro02,Ron Davis,64,0,0,64,64,0,0,0,0,0,0,0,0,0,0,0,
1984,BAL,AL,davisst02,Storm Davis,35,0,0,35,35,0,0,0,0,0,0,0,0,0,0,0,
1984,HOU,NL,dawlebi01,Bill Dawley,60,0,60,60,60,0,0,0,0,0,0,0,0,0,0,0,0
1984,MON,NL,dawsoan01,Andre Dawson,138,134,138,134,0,0,0,0,0,0,0,0,134,134,0,4,0
1984,NYA,AL,dayetbr01,Brian Dayett,64,33,64,63,0,0,0,0,0,0,55,0,10,63,0,7,1
1984,SLN,NL,dayleke01,Ken Dayley,3,2,3,3,3,0,0,0,0,0,0,0,0,0,0,0,0
1984,ATL,NL,dayleke01,Ken Dayley,5,4,5,4,4,0,0,0,0,0,0,0,0,0,0,0,1
1984,CAL,AL,decindo01,Doug DeCinces,146,144,146,140,0,0,0,0,140,0,0,0,0,0,5,1,0
1984,ATL,NL,dedmoje01,Jeff Dedmon,54,0,54,54,54,0,0,0,0,0,0,0,0,0,0,0,0
1984,PHI,NL,dejesiv01,Ivan de Jesus,144,125,144,141,0,0,0,0,0,141,0,0,0,0,0,3,5
1984,PIT,NL,deleojo01,Jose DeLeon,30,28,30,30,30,0,0,0,0,0,0,0,0,0,0,0,0
1984,SDN,NL,deleolu01,Luis DeLeon,32,0,32,32,32,0,0,0,0,0,0,0,0,0,0,0,0
1984,BAL,AL,dempsri01,Rick Dempsey,109,104,109,108,0,108,0,0,0,0,0,0,0,0,0,1,1
1984,PHI,NL,dennyjo01,John Denny,22,22,22,22,22,0,0,0,0,0,0,0,0,0,0,0,0
1984,CHN,NL,dernibo01,Bob Dernier,143,134,143,140,0,0,0,0,0,0,1,139,0,140,0,2,3
1984,NYA,AL,deshaji01,Jim Deshaies,2,0,0,2,2,0,0,0,0,0,0,0,0,0,0,0,
1984,MON,NL,dilonmi01,Miguel Dilone,88,35,88,41,0,0,0,0,0,0,41,0,0,41,0,40,12
1984,HOU,NL,dipinfr01,Frank DiPino,57,0,57,57,57,0,0,0,0,0,0,0,0,0,0,0,1
1984,PIT,NL,distebe01,Benny Distefano,45,13,45,35,0,0,17,0,0,0,7,0,15,20,0,18,5
1984,BAL,AL,dixonke01,Ken Dixon,2,0,0,2,2,0,0,0,0,0,0,0,0,0,0,0,
1984,HOU,NL,doranbi02,Bill Doran,147,138,147,145,0,0,0,139,0,13,0,0,0,0,0,2,0
1984,BOS,AL,dorseji01,Jim Dorsey,2,0,0,2,2,0,0,0,0,0,0,0,0,0,0,0,
1984,CHA,AL,dotsori01,Richard Dotson,33,0,2,32,32,0,0,0,0,0,0,0,0,0,0,0,1
1984,CAL,AL,downibr01,Brian Downing,156,150,156,131,0,0,0,0,0,0,131,0,0,131,19,4,2
1984,SDN,NL,draveda01,Dave Dravecky,50,14,50,50,50,0,0,0,0,0,0,0,0,0,0,0,0
1984,CIN,NL,driesda01,Dan Driessen,81,59,81,70,0,0,70,0,0,0,0,0,0,0,0,12,0
1984,MON,NL,driesda01,Dan Driessen,51,42,51,45,0,0,45,0,0,0,0,0,0,0,0,8,1
1984,TEX,AL,dunbato01,Tom Dunbar,34,22,34,20,0,0,0,0,0,0,9,0,11,20,4,11,0
1984,CHN,NL,durhale01,Leon Durham,137,126,137,130,0,0,130,0,0,0,0,0,0,0,0,10,0
1984,BAL,AL,dwyerji01,Jim Dwyer,76,44,76,52,0,0,0,0,0,0,1,0,51,52,1,31,0
1984,CHA,AL,dybzije01,Jerry Dybzinski,94,39,94,89,0,0,0,1,14,76,0,0,0,0,0,0,14
1984,BOS,AL,easlemi01,Mike Easler,156,155,156,29,0,0,29,0,0,0,0,0,0,0,126,1,0
1984,CLE,AL,easteja01,Jamie Easterly,26,0,0,26,26,0,0,0,0,0,0,0,0,0,0,0,
1984,BOS,AL,eckerde01,Dennis Eckersley,9,0,0,9,9,0,0,0,0,0,0,0,0,0,0,0,
1984,CHN,NL,eckerde01,Dennis Eckersley,24,24,24,24,24,0,0,0,0,0,0,0,0,0,0,0,0
1984,MIN,AL,eisenji01,Jim Eisenreich,12,8,12,3,0,0,0,0,0,0,0,2,1,3,5,4,0
1984,MIN,AL,engleda01,Dave Engle,109,98,109,86,0,86,0,0,0,0,0,0,0,0,18,6,0
1984,CIN,NL,esaskni01,Nick Esasky,113,95,113,102,0,0,25,0,82,0,0,0,0,0,0,15,0
1984,MIN,AL,espinal01,Alvaro Espinoza,1,0,1,1,0,0,0,0,0,1,0,0,0,0,0,0,0
1984,OAK,AL,essiaji01,Jim Essian,63,44,63,60,0,59,0,0,1,0,0,0,0,0,0,5,1
1984,DET,AL,evansda01,Darrell Evans,131,110,131,63,0,0,47,0,19,0,0,0,0,0,53,21,0
1984,BOS,AL,evansdw01,Dwight Evans,162,162,162,161,0,0,0,0,0,0,0,0,161,161,1,0,0
1984,MIN,AL,faedole01,Lenny Faedo,16,15,16,15,0,0,0,0,0,15,0,0,0,0,0,1,0
1984,ATL,NL,falcope01,Pete Falcone,35,16,35,35,35,0,0,0,0,0,0,0,0,0,0,0,0
1984,CHA,AL,fallobo01,Bob Fallon,3,0,0,3,3,0,0,0,0,0,0,0,0,0,0,0,
1984,NYN,NL,fernasi01,Sid Fernandez,15,15,15,15,15,0,0,0,0,0,0,0,0,0,0,0,0
1984,TOR,AL,fernato01,Tony Fernandez,88,53,88,81,0,0,0,0,10,73,0,0,0,0,0,8,8
1984,MIN,AL,filsope01,Pete Filson,55,0,0,55,55,0,0,0,0,0,0,0,0,0,0,0,
1984,LAN,NL,fimplja01,Jack Fimple,12,7,12,12,0,12,0,0,0,0,0,0,0,0,0,0,0
1984,ML4,AL,fingero01,Rollie Fingers,33,0,0,33,33,0,0,0,0,0,0,0,0,0,0,0,
1984,PHI,NL,fireost01,Steve Fireovid,6,0,6,6,6,0,0,0,0,0,0,0,0,0,0,0,0
1984,CLE,AL,fischmi01,Mike Fischlin,85,45,85,83,0,0,0,55,17,15,0,0,0,0,0,2,7
1984,NYN,NL,fitzgmi02,Mike Fitzgerald,112,101,112,107,0,107,0,0,0,0,0,0,0,0,0,9,0
1984,BAL,AL,flanami01,Mike Flanagan,34,0,0,34,34,0,0,0,0,0,0,0,0,0,0,0,
1984,SDN,NL,flannti01,Tim Flannery,86,19,86,48,0,0,0,22,13,15,0,0,0,0,0,47,3
1984,CHA,AL,fletcsc01,Scott Fletcher,149,141,149,149,0,0,0,30,1,134,0,0,0,0,0,0,1
1984,MON,NL,flynndo01,Doug Flynn,124,107,124,120,0,0,0,88,0,34,0,0,0,0,0,3,1
1984,TEX,AL,foleyma01,Marv Foley,63,26,63,37,0,36,1,0,1,0,0,0,0,0,3,31,0
1984,CIN,NL,foleyto02,Tom Foley,106,76,106,92,0,0,0,10,1,83,0,0,0,0,0,13,6
1984,NYA,AL,fontera01,Ray Fontenot,35,0,0,35,35,0,0,0,0,0,0,0,0,0,0,0,
1984,SLN,NL,forscbo01,Bob Forsch,16,11,16,16,16,0,0,0,0,0,0,0,0,0,0,0,0
1984,CAL,AL,forscke01,Ken Forsch,2,0,0,2,2,0,0,0,0,0,0,0,0,0,0,0,
1984,ATL,NL,forstte01,Terry Forster,25,0,25,25,25,0,0,0,0,0,0,0,0,0,0,0,0
1984,NYN,NL,fostege01,George Foster,146,140,146,141,0,0,0,0,0,0,141,0,0,141,0,6,0
1984,CIN,NL,francjo01,John Franco,54,0,54,54,54,0,0,0,0,0,0,0,0,0,0,0,0
1984,CLE,AL,francju01,Julio Franco,160,158,160,159,0,0,0,0,0,159,0,0,0,0,0,1,1
1984,MON,NL,francte01,Terry Francona,58,54,58,55,0,0,50,0,0,0,5,0,2,6,0,4,0
1984,CHN,NL,frazige01,George Frazier,37,0,37,37,37,0,0,0,0,0,0,0,0,0,0,0,0
1984,CLE,AL,frazige01,George Frazier,22,0,0,22,22,0,0,0,0,0,0,0,0,0,0,0,
1984,PIT,NL,frobedo01,Doug Frobel,126,64,126,112,0,0,0,0,0,0,0,0,112,112,0,22,5
1984,MON,NL,fuentmi02,Mike Fuentes,3,1,3,1,0,0,0,0,0,0,1,0,0,1,0,2,0
1984,MIN,AL,gaettga01,Gary Gaetti,162,161,162,162,0,0,0,0,154,2,8,0,0,8,0,0,0
1984,MIN,AL,gagnegr01,Greg Gagne,2,0,2,0,0,0,0,0,0,0,0,0,0,0,0,1,1
1984,NYA,AL,gamblos01,Oscar Gamble,54,35,54,11,0,0,0,0,0,0,0,0,11,11,27,16,0
1984,ML4,AL,gantnji01,Jim Gantner,153,150,153,153,0,0,0,153,0,0,0,0,0,0,0,2,0
1984,DET,AL,garbeba01,Barbaro Garbey,110,79,110,86,0,0,64,3,20,0,8,1,1,10,12,27,0
1984,ATL,NL,garbege01,Gene Garber,62,0,62,62,62,0,0,0,0,0,0,0,0,0,0,0,0
1984,TOR,AL,garcida01,Damaso Garcia,152,146,152,149,0,0,0,149,0,0,0,0,0,0,0,3,2
1984,PHI,NL,garciki01,Kiko Garcia,57,12,57,53,0,0,0,1,23,30,0,0,0,0,0,3,3
1984,NYN,NL,gardero01,Ron Gardenhire,74,51,74,70,0,0,0,18,7,49,0,0,0,0,0,7,6
1984,NYN,NL,gardnwe01,Wes Gardner,21,0,21,21,21,0,0,0,0,0,0,0,0,0,0,0,0
1984,HOU,NL,garneph01,Phil Garner,128,93,128,114,0,0,0,36,82,0,0,0,0,0,0,24,2
1984,SFN,NL,garresc01,Scott Garrelts,21,3,21,21,21,0,0,0,0,0,0,0,0,0,0,0,0
1984,SDN,NL,garvest01,Steve Garvey,161,159,161,160,0,0,160,0,0,0,0,0,0,0,0,2,0
1984,BOS,AL,gedmari01,Rich Gedman,133,115,133,125,0,125,0,0,0,0,0,0,0,0,0,17,0
1984,SEA,AL,geiseda01,Dave Geisel,20,0,1,20,20,0,0,0,0,0,0,0,0,0,0,0,0
1984,NYN,NL,gibbojo02,John Gibbons,10,9,10,9,0,9,0,0,0,0,0,0,0,0,0,1,0
1984,ML4,AL,gibsobo02,Bob Gibson,18,0,0,18,18,0,0,0,0,0,0,0,0,0,0,0,
1984,DET,AL,gibsoki01,Kirk Gibson,149,134,149,140,0,0,0,0,0,0,0,1,140,140,6,13,0
1984,SFN,NL,gladdda01,Dan Gladden,86,82,86,85,0,0,0,0,0,0,0,85,0,85,0,2,1
1984,CHA,AL,gleatje01,Jerry Don Gleaton,11,0,0,11,11,0,0,0,0,0,0,0,0,0,0,0,
1984,SFN,NL,gomezra01,Randy Gomez,14,12,14,14,0,14,0,0,0,0,0,0,0,0,0,0,0
1984,PIT,NL,gonzade01,Denny Gonzalez,26,24,26,24,0,0,0,0,11,10,3,0,0,3,0,0,2
1984,MON,NL,gonzare01,Rene Gonzales,29,9,29,27,0,0,0,0,0,27,0,0,0,0,0,0,3
1984,NYN,NL,goodedw01,Dwight Gooden,31,31,31,31,31,0,0,0,0,0,0,0,0,0,0,0,0
1984,NYN,NL,gormato03,Tom Gorman,36,0,36,36,36,0,0,0,0,0,0,0,0,0,0,0,0
1984,SDN,NL,gossari01,Rich Gossage,62,0,62,62,62,0,0,0,0,0,0,0,0,0,0,0,0
1984,SFN,NL,grantma01,Mark Grant,11,10,11,11,11,0,0,0,0,0,0,0,0,0,0,0,0
1984,MON,NL,graperi01,Rick Grapenthin,13,1,13,13,13,0,0,0,0,0,0,0,0,0,0,0,0
1984,PIT,NL,greench01,Chris Green,4,0,4,4,4,0,0,0,0,0,0,0,0,0,0,0,0
1984,SLN,NL,greenda03,David Green,126,116,126,123,0,0,117,0,0,0,0,6,8,14,0,6,1
1984,CAL,AL,grichbo01,Bobby Grich,116,106,116,115,0,0,25,92,20,0,0,0,0,0,0,7,0
1984,TOR,AL,griffal01,Alfredo Griffin,140,129,140,133,0,0,0,22,0,115,0,0,0,0,0,0,8
1984,NYA,AL,griffke01,Ken Griffey,120,100,120,109,0,0,27,0,0,0,38,35,9,82,0,19,0
1984,PHI,NL,grossgr01,Greg Gross,112,39,112,70,0,0,28,0,0,0,30,1,20,48,0,60,0
1984,PHI,NL,grosske01,Kevin Gross,44,14,44,44,44,0,0,0,0,0,0,0,0,0,0,0,0
1984,BAL,AL,grosswa01,Wayne Gross,127,109,127,118,0,0,3,0,117,0,0,0,0,0,1,17,0
1984,DET,AL,grubbjo01,Johnny Grubb,86,51,86,36,0,0,0,0,0,0,27,0,9,36,26,30,0
1984,TOR,AL,grubeke01,Kelly Gruber,15,1,15,13,0,0,0,0,12,1,0,0,2,2,0,4,0
1984,PIT,NL,guantce01,Cecilio Guante,27,0,27,27,27,0,0,0,0,0,0,0,0,0,0,0,0
1984,KCA,AL,gubicma01,Mark Gubicza,29,0,0,29,29,0,0,0,0,0,0,0,0,0,0,0,
1984,LAN,NL,guerrpe01,Pedro Guerrero,144,137,144,139,0,0,16,0,76,0,1,20,37,58,0,7,0
1984,SEA,AL,guettle01,Lee Guetterman,3,0,0,3,3,0,0,0,0,0,0,0,0,0,0,0,
1984,NYA,AL,guidrro01,Ron Guidry,30,0,1,29,29,0,0,0,0,0,0,0,0,0,0,0,1
1984,CIN,NL,guldebr01,Brad Gulden,107,80,107,100,0,100,0,0,0,0,0,0,0,0,0,22,0
1984,MON,NL,gullibi01,Bill Gullickson,32,32,32,32,32,0,0,0,0,0,0,0,0,0,0,0,0
1984,BOS,AL,gutieja01,Jackie Gutierrez,151,139,151,150,0,0,0,0,0,150,0,0,0,0,0,0,1
1984,SDN,NL,gwosddo01,Doug Gwosdz,7,1,7,6,0,6,0,0,0,0,0,0,0,0,0,1,1
1984,SDN,NL,gwynnto01,Tony Gwynn,158,155,158,156,0,0,0,0,0,0,0,1,156,156,0,2,0
1984,SLN,NL,hagenke01,Kevin Hagen,4,0,4,4,4,0,0,0,0,0,0,0,0,0,0,0,0
1984,CHA,AL,hairsje01,Jerry Hairston,115,44,115,38,0,0,0,0,0,0,22,13,3,38,19,69,0
1984,SFN,NL,hammaat01,Atlee Hammaker,6,6,6,6,6,0,0,0,0,0,0,0,0,0,0,0,0
1984,OAK,AL,hancoga01,Garry Hancock,51,4,51,21,1,0,4,0,0,0,9,2,9,18,0,34,2
1984,CLE,AL,hargrmi01,Mike Hargrove,133,85,133,124,0,0,124,0,0,0,0,0,0,0,0,20,0
1984,PIT,NL,harpebr01,Brian Harper,46,33,46,39,0,2,0,0,0,0,34,0,4,37,0,11,0
1984,ATL,NL,harpete01,Terry Harper,40,24,40,29,0,0,0,0,0,0,28,0,1,29,0,12,0
1984,NYA,AL,harrato01,Toby Harrah,88,64,88,78,0,0,0,4,74,1,0,0,1,1,0,15,4
1984,SDN,NL,harrigr01,Greg Harris,19,1,19,19,19,0,0,0,0,0,0,0,0,0,0,0,0
1984,MON,NL,harrigr01,Greg Harris,15,0,15,15,15,0,0,0,0,0,0,0,0,0,0,0,0
1984,ML4,AL,hartzpa01,Paul Hartzell,4,0,0,4,4,0,0,0,0,0,0,0,0,0,0,0,
1984,CLE,AL,hassero01,Ron Hassey,48,39,48,45,0,44,1,0,0,0,0,0,0,0,1,3,0
1984,CHN,NL,hassero01,Ron Hassey,19,6,19,10,0,6,4,0,0,0,0,0,0,0,0,9,0
1984,SLN,NL,hasslan01,Andy Hassler,3,0,3,3,3,0,0,0,0,0,0,0,0,0,0,0,0
1984,CHN,NL,hatchbi01,Billy Hatcher,8,1,8,4,0,0,0,0,0,0,4,0,0,4,0,4,2
1984,MIN,AL,hatchmi01,Mickey Hatcher,152,149,152,114,0,0,17,0,1,0,100,0,0,100,35,3,0
1984,SDN,NL,hawkian01,Andy Hawkins,36,22,36,36,36,0,0,0,0,0,0,0,0,0,0,0,0
1984,PHI,NL,hayesvo01,Von Hayes,152,135,152,148,0,0,0,0,0,0,14,116,36,148,0,14,0
1984,OAK,AL,heathmi02,Mike Heath,140,124,140,136,0,108,0,0,2,0,14,0,32,45,0,10,1
1984,CLE,AL,heatone01,Neal Heaton,38,0,0,38,38,0,0,0,0,0,0,0,0,0,0,0,
1984,CHN,NL,hebneri01,Richie Hebner,44,13,44,20,0,0,3,0,14,0,2,0,1,3,0,29,0
1984,OAK,AL,heimugo01,Gorman Heimueller,6,0,0,6,6,0,0,0,0,0,0,0,0,0,0,0,
1984,SEA,AL,hendeda01,Dave Henderson,112,92,112,98,0,0,0,0,0,0,0,88,11,98,8,6,4
1984,OAK,AL,henderi01,Rickey Henderson,142,132,142,140,0,0,0,0,0,0,140,6,0,140,0,3,3
1984,SEA,AL,hendest01,Steve Henderson,109,89,109,52,0,0,0,0,0,0,52,0,0,52,40,19,0
1984,SLN,NL,hendrge01,George Hendrick,120,113,120,116,0,0,1,0,0,0,0,0,116,116,0,4,0
1984,TEX,AL,henketo01,Tom Henke,25,0,0,25,25,0,0,0,0,0,0,0,0,0,0,0,
1984,TEX,AL,henrydw01,Dwayne Henry,3,0,0,3,3,0,0,0,0,0,0,0,0,0,0,0,
1984,NYN,NL,hernake01,Keith Hernandez,154,152,154,153,0,0,153,0,0,0,0,0,0,0,0,1,0
1984,TOR,AL,hernato01,Toby Hernandez,3,0,3,3,0,3,0,0,0,0,0,0,0,0,0,0,1
1984,DET,AL,hernawi01,Willie Hernandez,80,0,2,80,80,0,0,0,0,0,0,0,0,0,0,0,0
1984,DET,AL,herndla01,Larry Herndon,125,98,125,118,0,0,0,0,0,0,118,0,0,118,0,27,0
1984,LAN,NL,hershor01,Orel Hershiser,45,20,45,45,45,0,0,0,0,0,0,0,0,0,0,0,0
1984,MON,NL,heskejo01,Joe Hesketh,11,5,11,11,11,0,0,0,0,0,0,0,0,0,0,0,0
1984,MIN,AL,hodgeed01,Ed Hodge,25,0,0,25,25,0,0,0,0,0,0,0,0,0,0,0,
1984,NYN,NL,hodgero01,Ron Hodges,64,27,64,35,0,35,0,0,0,0,0,0,0,0,0,30,0
1984,BOS,AL,hoffmgl01,Glenn Hoffman,64,24,64,62,0,0,0,2,4,56,0,0,0,0,0,3,2
1984,PHI,NL,hollaal01,Al Holland,68,0,68,68,68,0,0,0,0,0,0,0,0,0,0,0,0
1984,LAN,NL,honeyri01,Rick Honeycutt,29,28,29,29,29,0,0,0,0,0,0,0,0,0,0,0,0
1984,LAN,NL,hootobu01,Burt Hooton,54,6,54,54,54,0,0,0,0,0,0,0,0,0,0,0,0
1984,ATL,NL,hornebo01,Bob Horner,32,32,32,32,0,0,0,0,32,0,0,0,0,0,0,0,0
1984,SLN,NL,hortori01,Ricky Horton,39,18,39,37,37,0,0,0,0,0,0,0,0,0,0,0,2
1984,TEX,AL,hosteda01,Dave Hostetler,37,25,37,14,0,0,14,0,0,0,0,0,0,0,12,11,0
1984,TEX,AL,houghch01,Charlie Hough,36,0,0,36,36,0,0,0,0,0,0,0,0,0,0,0,
1984,CIN,NL,housepa02,Paul Householder,14,1,14,10,0,0,0,0,0,0,3,1,6,10,0,6,1
1984,SLN,NL,housepa02,Paul Householder,13,1,13,8,0,0,0,0,0,0,4,1,4,8,0,6,1
1984,NYA,AL,howelja01,Jay Howell,61,0,1,61,61,0,0,0,0,0,0,0,0,0,0,0,0
1984,LAN,NL,howelke01,Ken Howell,32,1,32,32,32,0,0,0,0,0,0,0,0,0,0,0,0
1984,ML4,AL,howelro02,Roy Howell,68,46,68,48,0,0,4,0,45,0,0,0,0,0,6,17,0
1984,MIN,AL,hrbekke01,Kent Hrbek,149,148,149,148,0,0,148,0,0,0,0,0,0,0,1,1,0
1984,ATL,NL,hubbagl01,Glenn Hubbard,120,115,120,117,0,0,0,117,0,0,0,0,0,0,0,4,0
1984,NYA,AL,hudlere01,Rex Hudler,9,2,9,9,0,0,0,9,0,0,0,0,0,0,0,0,1
1984,PHI,NL,hudsoch02,Charles Hudson,30,30,30,30,30,0,0,0,0,0,0,0,0,0,0,0,0
1984,KCA,AL,huismma01,Mark Huismann,38,0,0,38,38,0,0,0,0,0,0,0,0,0,0,0,
1984,CHA,AL,huletti01,Tim Hulett,8,3,8,7,0,0,0,3,4,0,0,0,0,0,0,1,0
1984,BOS,AL,hurstbr01,Bruce Hurst,33,0,0,33,33,0,0,0,0,0,0,0,0,0,0,0,
1984,KCA,AL,jacksda02,Danny Jackson,15,0,0,15,15,0,0,0,0,0,0,0,0,0,0,0,
1984,CAL,AL,jacksre01,Reggie Jackson,143,136,143,3,0,0,0,0,0,0,0,0,3,3,133,7,0
1984,CAL,AL,jacksro02,Ron Jackson,33,25,33,30,0,0,22,0,9,0,1,0,0,1,0,4,0
1984,BAL,AL,jacksro02,Ron Jackson,12,7,12,10,0,0,0,0,10,0,0,0,0,0,0,5,0
1984,TOR,AL,jacksro03,Roy Lee Jackson,54,0,0,54,54,0,0,0,0,0,0,0,0,0,0,0,
1984,CLE,AL,jacobbr01,Brook Jacoby,126,125,126,126,0,0,0,0,126,1,0,0,0,0,0,0,0
1984,MON,NL,jamesbo01,Bob James,62,0,62,62,62,0,0,0,0,0,0,0,0,0,0,0,0
1984,ML4,AL,jamesdi01,Dion James,128,101,128,118,0,0,0,0,0,0,2,30,93,118,0,20,1
1984,NYA,AL,javiest01,Stan Javier,7,1,7,5,0,0,0,0,0,0,0,3,3,5,0,0,3
1984,CLE,AL,jeffcmi01,Mike Jeffcoat,63,0,0,63,63,0,0,0,0,0,0,0,0,0,0,0,
1984,PHI,NL,jeltzst01,Steve Jeltz,28,26,28,28,0,0,0,0,1,27,0,0,0,0,0,0,0
1984,MIN,AL,jimenho01,Houston Jimenez,108,101,108,107,0,0,0,0,0,107,0,0,0,0,0,0,2
1984,CHN,NL,johnsbi04,Bill Johnson,4,0,4,4,4,0,0,0,0,0,0,0,0,0,0,0,0
1984,TOR,AL,johnscl01,Cliff Johnson,127,85,127,2,0,0,2,0,0,0,0,0,0,0,83,42,0
1984,DET,AL,johnsho01,Howard Johnson,116,101,116,111,0,0,1,0,109,9,1,1,0,1,2,8,2
1984,CHN,NL,johnsja01,Jay Johnstone,52,9,52,15,0,0,0,0,0,0,7,1,8,15,0,43,0
1984,BOS,AL,johnsjo04,John Henry Johnson,30,0,0,30,30,0,0,0,0,0,0,0,0,0,0,0,
1984,ATL,NL,johnsra04,Randy Johnson,91,75,91,81,0,0,0,0,81,0,0,0,0,0,0,13,1
1984,MON,NL,johnsro03,Ron Johnson,5,0,5,3,0,0,2,0,0,0,0,0,1,1,0,2,0
1984,MON,NL,johnsro04,Roy Johnson,16,10,16,10,0,0,0,0,0,0,9,0,1,10,0,6,0
1984,MON,NL,johnswa03,Wallace Johnson,17,3,17,4,0,0,4,0,0,0,0,0,0,0,0,14,0
1984,CHA,AL,jonesal02,Al Jones,20,0,0,20,20,0,0,0,0,0,0,0,0,0,0,0,
1984,TEX,AL,jonesbo02,Bob Jones,64,32,64,37,0,0,15,0,0,0,11,0,11,22,2,29,1
1984,OAK,AL,jonesje01,Jeff Jones,13,0,0,13,13,0,0,0,0,0,0,0,0,0,0,0,
1984,KCA,AL,jonesly01,Lynn Jones,47,24,47,45,0,0,0,0,0,0,13,7,29,45,0,9,3
1984,KCA,AL,jonesmi02,Mike Jones,23,0,0,23,23,0,0,0,0,0,0,0,0,0,0,0,
1984,TEX,AL,jonesod01,Odell Jones,33,0,0,33,33,0,0,0,0,0,0,0,0,0,0,0,
1984,NYN,NL,jonesro01,Ross Jones,17,0,17,8,0,0,0,1,1,6,0,0,0,0,0,7,6
1984,DET,AL,jonesru01,Ruppert Jones,79,60,79,73,0,0,0,0,0,0,61,24,0,73,2,19,0
1984,ATL,NL,jorgemi01,Mike Jorgensen,31,1,31,12,0,0,8,0,0,0,1,0,3,4,0,22,3
1984,SLN,NL,jorgemi01,Mike Jorgensen,59,22,59,39,0,0,39,0,0,0,0,0,0,0,0,25,0
1984,BOS,AL,juraked01,Ed Jurak,47,14,47,43,0,0,19,14,9,2,0,0,0,0,0,4,7
1984,CAL,AL,kaufmcu01,Curt Kaufman,29,0,0,29,29,0,0,0,0,0,0,0,0,0,0,0,
1984,SEA,AL,kearnbo01,Bob Kearney,133,127,133,133,0,133,0,0,0,0,0,0,0,0,0,1,1
1984,SDN,NL,kennete02,Terry Kennedy,148,141,148,147,0,147,0,0,0,0,0,0,0,0,0,5,0
1984,SLN,NL,kepshku01,Kurt Kepshire,17,16,17,17,17,0,0,0,0,0,0,0,0,0,0,0,0
1984,OAK,AL,kiefest01,Steve Kiefer,23,12,23,18,0,0,0,0,2,17,0,0,0,0,0,1,5
1984,OAK,AL,kingmda01,Dave Kingman,147,147,147,9,0,0,9,0,0,0,0,0,0,0,139,0,0
1984,CAL,AL,kisonbr01,Bruce Kison,20,0,0,20,20,0,0,0,0,0,0,0,0,0,0,0,
1984,CHA,AL,kittlro01,Ron Kittle,139,125,139,124,0,0,0,0,0,0,124,0,0,124,7,13,1
1984,HOU,NL,kneppbo01,Bob Knepper,35,34,35,35,35,0,0,0,0,0,0,0,0,0,0,0,0
1984,CIN,NL,kniceal01,Alan Knicely,10,9,10,9,0,1,8,0,0,0,0,0,0,0,0,1,0
1984,NYN,NL,knighra01,Ray Knight,27,27,27,27,0,0,3,0,27,0,0,0,0,0,0,0,0
1984,HOU,NL,knighra01,Ray Knight,88,69,88,78,0,0,24,0,54,0,0,0,0,0,0,11,1
1984,ATL,NL,kommibr01,Brad Komminsk,90,76,90,80,0,0,0,0,0,0,28,2,50,80,0,10,1
1984,PHI,NL,koosmje01,Jerry Koosman,36,34,36,36,36,0,0,0,0,0,0,0,0,0,0,0,0
1984,PIT,NL,krawcra01,Ray Krawczyk,4,0,4,4,4,0,0,0,0,0,0,0,0,0,0,0,0
1984,CIN,NL,krencwa01,Wayne Krenchicki,97,34,97,66,0,0,3,3,62,0,0,0,0,0,0,40,1
1984,OAK,AL,kruegbi01,Bill Krueger,26,0,0,26,26,0,0,0,0,0,0,0,0,0,0,0,
1984,SFN,NL,krukomi01,Mike Krukow,36,33,36,35,35,0,0,0,0,0,0,0,0,0,0,1,0
1984,SFN,NL,kuipedu01,Duane Kuiper,83,18,83,32,0,0,1,31,0,0,0,0,0,0,0,54,2
1984,TEX,AL,kunkeje01,Jeff Kunkel,50,43,50,48,0,0,0,0,0,48,0,0,0,0,0,0,3
1984,DET,AL,kuntzru01,Rusty Kuntz,84,38,84,67,0,0,0,0,0,0,12,22,37,67,3,15,13
1984,SFN,NL,laceybo01,Bob Lacey,34,1,34,34,34,0,0,0,0,0,0,0,0,0,0,0,0
1984,CAL,AL,lacorfr01,Frank LaCorte,13,0,0,13,13,0,0,0,0,0,0,0,0,0,0,0,
1984,HOU,NL,lacosmi01,Mike LaCoss,39,18,39,39,39,0,0,0,0,0,0,0,0,0,0,0,0
1984,SLN,NL,lahtije01,Jeff Lahti,63,0,63,63,63,0,0,0,0,0,0,0,0,0,0,0,0
1984,LAN,NL,landera01,Rafael Landestoy,53,7,53,29,0,0,0,14,11,0,1,0,4,5,0,18,12
1984,LAN,NL,landrke01,Ken Landreaux,134,107,134,129,0,0,0,0,0,0,9,105,18,129,0,18,0
1984,SLN,NL,landrti01,Tito Landrum,105,36,105,89,0,0,0,0,0,0,55,20,25,89,0,25,5
1984,OAK,AL,langfri01,Rick Langford,3,0,0,3,3,0,0,0,0,0,0,0,0,0,0,0,
1984,SEA,AL,langsma01,Mark Langston,35,0,0,35,35,0,0,0,0,0,0,0,0,0,0,0,
1984,OAK,AL,lansfca01,Carney Lansford,151,151,151,151,0,0,0,0,151,0,0,0,0,0,0,0,0
1984,SLN,NL,lapoida01,Dave LaPoint,33,33,33,33,33,0,0,0,0,0,0,0,0,0,0,0,0
1984,SFN,NL,laskebi01,Bill Laskey,35,34,35,35,35,0,0,0,0,0,0,0,0,0,0,0,0
1984,MIN,AL,laudnti01,Tim Laudner,87,75,87,81,0,81,0,0,0,0,0,0,0,0,0,10,0
1984,PHI,NL,lavalmi01,Mike LaValliere,6,2,6,6,0,6,0,0,0,0,0,0,0,0,0,0,0
1984,SFN,NL,lavelga01,Gary Lavelle,77,0,77,77,77,0,0,0,0,0,0,0,0,0,0,0,0
1984,MON,NL,lawleto01,Tom Lawless,11,5,11,9,0,0,0,9,0,0,0,0,0,0,0,0,2
1984,CIN,NL,lawleto01,Tom Lawless,43,17,43,26,0,0,0,23,6,0,0,0,0,0,0,7,12
1984,ML4,AL,lazorja01,Jack Lazorko,15,0,0,15,15,0,0,0,0,0,0,0,0,0,0,0,
1984,TOR,AL,leachri01,Rick Leach,65,16,65,38,1,0,15,0,0,0,5,1,17,23,1,31,9
1984,NYN,NL,learyti01,Tim Leary,20,7,20,20,20,0,0,0,0,0,0,0,0,0,0,0,0
1984,KCA,AL,leepeda01,Dave Leeper,4,1,4,2,0,0,0,0,0,0,2,0,0,2,0,1,1
1984,PHI,NL,lefebjo01,Joe Lefebvre,52,42,52,48,0,0,0,0,1,0,16,0,34,47,0,8,0
1984,SDN,NL,leffecr01,Craig Lefferts,62,0,62,62,62,0,0,0,0,0,0,0,0,0,0,0,0
1984,KCA,AL,leibrch01,Charlie Leibrandt,23,0,0,23,23,0,0,0,0,0,0,0,0,0,0,0,
1984,OAK,AL,leipeda01,Dave Leiper,8,0,0,8,8,0,0,0,0,0,0,0,0,0,0,0,
1984,SFN,NL,lemasjo01,Johnnie LeMaster,132,118,132,129,0,0,0,0,0,129,0,0,0,0,0,2,5
1984,DET,AL,lemonch01,Chet Lemon,141,135,141,140,0,0,0,0,0,0,0,140,0,140,0,4,0
1984,SFN,NL,leonaje01,Jeffrey Leonard,136,126,136,131,0,0,0,0,0,0,116,18,4,131,0,5,0
1984,SFN,NL,lerchra01,Randy Lerch,37,4,37,37,37,0,0,0,0,0,0,0,0,0,0,0,0
1984,CIN,NL,leslebr01,Brad Lesley,16,0,16,16,16,0,0,0,0,0,0,0,0,0,0,0,0
1984,PHI,NL,lezcasi01,Sixto Lezcano,109,60,109,87,0,0,0,0,0,0,4,0,83,87,0,37,1
1984,ATL,NL,linarru01,Rufino Linares,34,10,34,13,0,0,0,0,0,0,12,0,1,13,0,24,0
1984,MON,NL,littlbr01,Bryan Little,85,65,85,79,0,0,0,78,0,2,0,0,0,0,0,10,0
1984,SDN,NL,lollati01,Tim Lollar,31,31,31,31,31,0,0,0,0,0,0,0,0,0,0,0,0
1984,ML4,AL,lomando01,Doug Loman,23,22,23,23,0,0,0,0,0,0,21,0,4,23,0,0,0
1984,CHN,NL,lopesda01,Davey Lopes,16,3,16,11,0,0,0,2,0,0,2,1,6,9,0,10,2
1984,OAK,AL,lopesda01,Davey Lopes,72,66,72,60,0,0,0,17,5,0,3,8,31,42,8,4,2
1984,DET,AL,lopezau01,Aurelio Lopez,71,0,1,71,71,0,0,0,0,0,0,0,0,0,0,0,0
1984,BAL,AL,lowenjo01,John Lowenstein,105,74,105,70,0,0,2,0,0,0,68,0,0,68,18,31,0
1984,DET,AL,lowrydw01,Dwight Lowry,32,11,32,31,0,31,0,0,0,0,0,0,0,0,0,4,0
1984,ML4,AL,lozadwi01,Willie Lozado,43,33,43,40,0,0,0,1,36,6,0,0,0,0,0,2,3
1984,MON,NL,lucasga01,Gary Lucas,55,0,55,55,55,0,0,0,0,0,0,0,0,0,0,0,0
1984,CHA,AL,luzingr01,Greg Luzinski,125,112,125,0,0,0,0,0,0,0,0,0,0,0,112,13,0
1984,NYN,NL,lynched01,Ed Lynch,40,13,40,40,40,0,0,0,0,0,0,0,0,0,0,0,0
1984,SLN,NL,lyonsbi01,Bill Lyons,46,18,46,37,0,0,0,25,3,11,0,0,0,0,0,9,7
1984,MIN,AL,lysanri01,Rick Lysander,36,0,0,36,36,0,0,0,0,0,0,0,0,0,0,0,
1984,HOU,NL,maddemi01,Mike Madden,17,7,17,17,17,0,0,0,0,0,0,0,0,0,0,0,0
1984,PHI,NL,maddoga01,Garry Maddox,77,53,77,69,0,0,0,0,0,0,0,69,0,69,0,15,1
1984,PIT,NL,madlobi01,Bill Madlock,103,98,103,99,0,0,1,0,98,0,0,0,0,0,0,5,0
1984,ATL,NL,mahleri01,Rick Mahler,38,29,38,38,38,0,0,0,0,0,0,0,0,0,0,0,0
1984,LAN,NL,maldoca01,Candy Maldonado,116,65,116,105,0,0,0,0,4,0,8,31,67,102,0,32,4
1984,ML4,AL,manniri01,Rick Manning,119,90,119,113,0,0,0,0,0,0,0,113,0,113,0,12,7
1984,TOR,AL,manrifr01,Fred Manrique,10,0,10,9,0,0,0,9,0,0,0,0,0,0,0,1,0
1984,LAN,NL,marshmi02,Mike Marshall,134,127,134,130,0,0,15,0,0,0,116,0,4,118,0,7,0
1984,TOR,AL,martibu01,Buck Martinez,102,66,102,98,0,98,0,0,0,0,0,0,0,0,0,23,0
1984,SDN,NL,martica01,Carmelo Martinez,149,140,149,142,0,0,2,0,0,0,142,0,0,142,0,6,1
1984,BAL,AL,martide01,Dennis Martinez,34,0,0,34,34,0,0,0,0,0,0,0,0,0,0,0,
1984,NYN,NL,martije01,Jerry Martin,51,18,51,33,0,0,3,0,0,0,9,0,21,30,0,26,0
1984,PHI,NL,martire01,Renie Martin,9,0,9,9,9,0,0,0,0,0,0,0,0,0,0,0,0
1984,SFN,NL,martire01,Renie Martin,12,0,12,12,12,0,0,0,0,0,0,0,0,0,0,0,0
1984,BAL,AL,martiti01,Tippy Martinez,55,0,0,55,55,0,0,0,0,0,0,0,0,0,0,0,
1984,TEX,AL,masonmi01,Mike Mason,36,0,0,36,36,0,0,0,0,0,0,0,0,0,0,0,
1984,DET,AL,masonro01,Roger Mason,5,0,0,5,5,0,0,0,0,0,0,0,0,0,0,0,
1984,CHN,NL,matthga01,Gary Matthews,147,144,147,145,0,0,0,0,0,0,145,0,0,145,0,3,0
1984,NYA,AL,mattido01,Don Mattingly,153,147,153,152,0,0,133,0,0,0,13,1,6,19,0,4,0
1984,PHI,NL,matusle01,Len Matuszek,101,65,101,81,0,0,81,0,0,0,1,0,0,1,0,30,0
1984,PIT,NL,mazzile01,Lee Mazzilli,111,71,111,75,0,0,5,0,0,0,74,0,0,74,0,39,0
1984,OAK,AL,mccatst01,Steve McCatty,33,0,1,33,33,0,0,0,0,0,0,0,0,0,0,0,0
1984,ML4,AL,mcclubo01,Bob McClure,39,0,0,39,39,0,0,0,0,0,0,0,0,0,0,0,
1984,CIN,NL,mcgafan01,Andy McGaffigan,9,3,9,9,9,0,0,0,0,0,0,0,0,0,0,0,0
1984,MON,NL,mcgafan01,Andy McGaffigan,21,3,21,21,21,0,0,0,0,0,0,0,0,0,0,0,0
1984,SLN,NL,mcgeewi01,Willie McGee,145,135,145,141,0,0,0,0,0,0,0,141,0,141,0,7,1
1984,PHI,NL,mcgratu01,Tug McGraw,25,0,25,25,25,0,0,0,0,0,0,0,0,0,0,0,0
1984,BAL,AL,mcgresc01,Scott McGregor,30,0,0,30,30,0,0,0,0,0,0,0,0,0,0,0,
1984,TEX,AL,mclaujo01,Joey McLaughlin,15,0,0,15,15,0,0,0,0,0,0,0,0,0,0,0,
1984,TOR,AL,mclaujo01,Joey McLaughlin,6,0,0,6,6,0,0,0,0,0,0,0,0,0,0,0,
1984,ATL,NL,mcmurcr01,Craig McMurtry,40,30,40,37,37,0,0,0,0,0,0,0,0,0,0,0,3
1984,KCA,AL,mcraeha01,Hal McRae,106,81,106,0,0,0,0,0,0,0,0,0,0,0,81,25,0
1984,SDN,NL,mcreyke01,Kevin McReynolds,147,142,147,143,0,0,0,0,0,0,0,143,0,143,0,5,0
1984,PIT,NL,mcwilla01,Larry McWilliams,36,32,36,34,34,0,0,0,0,0,0,0,0,0,0,0,2
1984,NYA,AL,meachbo01,Bob Meacham,99,96,99,99,0,0,0,2,0,97,0,0,0,0,0,0,2
1984,MIN,AL,meierda01,Dave Meier,59,37,59,51,0,0,0,0,1,0,41,0,10,50,0,10,2
1984,PHI,NL,melenfr01,Francisco Melendez,21,2,21,10,0,0,10,0,0,0,0,0,0,0,0,13,0
1984,SEA,AL,mercaor01,Orlando Mercado,30,21,30,29,0,29,0,0,0,0,0,0,0,0,0,3,0
1984,CHN,NL,meridro01,Ron Meridith,3,0,3,3,3,0,0,0,0,0,0,0,0,0,0,0,0
1984,OAK,AL,meyerda01,Dan Meyer,20,0,20,3,0,0,3,0,0,0,0,0,0,0,0,18,0
1984,SEA,AL,milbola01,Larry Milbourne,79,51,79,57,0,0,0,13,40,5,0,0,0,0,1,25,1
1984,CAL,AL,milleda01,Darrell Miller,17,13,17,17,0,0,16,0,0,0,1,0,0,1,0,1,2
1984,SDN,NL,milleed04,Eddie Miller,13,1,13,8,0,0,0,0,0,0,0,4,4,8,0,1,6
1984,LAN,NL,millele01,Lemmie Miller,8,2,8,5,0,0,0,0,0,0,4,0,1,5,0,5,0
1984,BOS,AL,milleri01,Rick Miller,95,16,95,39,0,0,8,0,0,0,0,21,10,31,0,64,1
1984,CIN,NL,milneed01,Eddie Milner,117,79,117,108,0,0,0,0,0,0,0,108,0,108,0,18,4
1984,SFN,NL,mintogr01,Greg Minton,74,1,74,74,74,0,0,0,0,0,0,0,0,0,0,0,0
1984,SEA,AL,mirabpa01,Paul Mirabella,52,0,1,52,52,0,0,0,0,0,0,0,0,0,0,0,0
1984,BOS,AL,mitchch01,Charlie Mitchell,10,0,0,10,10,0,0,0,0,0,0,0,0,0,0,0,
1984,NYN,NL,mitchke01,Kevin Mitchell,7,2,7,5,0,0,0,0,5,0,0,0,0,0,0,4,0
1984,ML4,AL,molitpa01,Paul Molitor,13,10,13,7,0,0,0,0,7,0,0,0,0,0,3,2,1
1984,LAN,NL,mondari01,Rick Monday,31,9,31,12,0,0,10,0,0,0,2,0,1,2,0,21,0
1984,SDN,NL,mongesi01,Sid Monge,13,0,13,13,13,0,0,0,0,0,0,0,0,0,0,0,0
1984,DET,AL,mongesi01,Sid Monge,19,0,0,19,19,0,0,0,0,0,0,0,0,0,0,0,
1984,NYA,AL,montejo01,John Montefusco,11,0,0,11,11,0,0,0,0,0,0,0,0,0,0,0,
1984,ML4,AL,moorech02,Charlie Moore,70,57,70,65,0,7,0,0,0,0,0,7,56,61,0,5,5
1984,ATL,NL,mooredo01,Donnie Moore,47,0,47,47,47,0,0,0,0,0,0,0,0,0,0,0,0
1984,SEA,AL,mooremi01,Mike Moore,34,0,2,34,34,0,0,0,0,0,0,0,0,0,0,0,0
1984,LAN,NL,moraljo01,Jose Morales,22,0,22,0,0,0,0,0,0,0,0,0,0,0,0,22,0
1984,CHN,NL,morelke01,Keith Moreland,140,119,140,132,0,3,29,0,8,0,1,0,102,103,0,20,0
1984,NYA,AL,morenom01,Omar Moreno,117,97,117,108,0,0,0,0,0,0,0,108,0,108,0,0,12
1984,OAK,AL,morgajo02,Joe Morgan,116,99,116,100,0,0,0,100,0,0,0,0,0,0,2,16,0
1984,CLE,AL,moronje01,Jeff Moronko,7,5,7,6,0,0,0,0,6,0,0,0,0,0,0,1,1
1984,DET,AL,morrija02,Jack Morris,35,0,0,35,35,0,0,0,0,0,0,0,0,0,0,0,
1984,PIT,NL,morriji01,Jim Morrison,100,79,100,85,0,0,1,26,61,2,0,0,0,0,0,15,0
1984,TOR,AL,mosebll01,Lloyd Moseby,158,154,158,156,0,0,0,0,0,0,0,156,0,156,0,4,0
1984,SEA,AL,mosesjo01,John Moses,19,9,19,19,0,0,0,0,0,0,7,14,0,19,0,0,3
1984,KCA,AL,motleda01,Darryl Motley,146,127,146,139,0,0,0,0,0,0,105,3,45,139,0,11,1
1984,SFN,NL,mullifr01,Fran Mullins,57,30,57,54,0,0,0,5,28,28,0,0,0,0,0,3,1
1984,TOR,AL,mullira01,Rance Mulliniks,125,101,125,121,0,0,0,1,119,3,0,0,0,0,0,22,0
1984,HOU,NL,mumphje01,Jerry Mumphrey,151,136,151,137,0,0,0,0,0,0,0,137,0,137,0,15,0
1984,ATL,NL,murphda05,Dale Murphy,162,160,162,160,0,0,0,0,0,0,0,160,0,160,0,2,0
1984,OAK,AL,murphdw01,Dwayne Murphy,153,151,153,153,0,0,0,0,0,0,0,153,0,153,0,0,0
1984,NYA,AL,murrada01,Dale Murray,19,0,0,19,19,0,0,0,0,0,0,0,0,0,0,0,
1984,BAL,AL,murraed02,Eddie Murray,162,162,162,159,0,0,159,0,0,0,0,0,0,0,3,0,0
1984,TOR,AL,mussero01,Ron Musselman,11,0,0,11,11,0,0,0,0,0,0,0,0,0,0,0,
1984,SEA,AL,nahorbi01,Bill Nahorodny,12,7,12,11,0,10,1,0,0,0,0,0,0,0,0,2,0
1984,CAL,AL,narroje01,Jerry Narron,69,32,69,55,0,48,7,0,0,0,0,0,0,0,0,33,0
1984,CHA,AL,nelsoge01,Gene Nelson,20,0,0,20,20,0,0,0,0,0,0,0,0,0,0,0,
1984,SEA,AL,nelsori01,Ricky Nelson,9,2,9,2,0,0,0,0,0,0,0,0,2,2,2,7,0
1984,SDN,NL,nettlgr01,Graig Nettles,124,109,124,119,0,0,0,0,119,0,0,0,0,0,0,14,0
1984,BOS,AL,newmaje01,Jeff Newman,24,18,24,24,0,24,0,0,0,0,0,0,0,0,0,0,0
1984,BOS,AL,nichore01,Reid Nichols,74,30,74,48,0,0,0,0,0,0,18,26,4,48,0,22,5
1984,SFN,NL,nicosst01,Steve Nicosia,48,34,48,41,0,41,0,0,0,0,0,0,0,0,0,10,0
1984,LAN,NL,niedeto01,Tom Niedenfuer,33,0,33,33,33,0,0,0,0,0,0,0,0,0,0,0,0
1984,HOU,NL,niekrjo01,Joe Niekro,38,38,38,38,38,0,0,0,0,0,0,0,0,0,0,0,0
1984,NYA,AL,niekrph01,Phil Niekro,32,0,0,32,32,0,0,0,0,0,0,0,0,0,0,0,
1984,CHA,AL,niemara01,Randy Niemann,5,0,0,5,5,0,0,0,0,0,0,0,0,0,0,0,
1984,SLN,NL,nietoto01,Tom Nieto,33,28,33,32,0,32,0,0,0,0,0,0,0,0,0,4,0
1984,BOS,AL,nippeal01,Al Nipper,29,0,0,29,29,0,0,0,0,0,0,0,0,0,0,0,
1984,CLE,AL,nixonot01,Otis Nixon,49,29,49,46,0,0,0,0,0,0,43,4,0,46,0,0,10
1984,CLE,AL,noboaju01,Junior Noboa,23,1,23,19,0,0,0,19,0,0,0,0,0,0,0,0,6
1984,BAL,AL,nolanjo01,Joe Nolan,35,15,35,6,0,6,0,0,0,0,0,0,0,0,10,20,0
1984,CHN,NL,nolesdi01,Dickie Noles,21,1,21,21,21,0,0,0,0,0,0,0,0,0,0,0,0
1984,TEX,AL,nolesdi01,Dickie Noles,18,0,0,18,18,0,0,0,0,0,0,0,0,0,0,0,
1984,SEA,AL,nunezed01,Ed Nunez,37,0,1,37,37,0,0,0,0,0,0,0,0,0,0,0,0
1984,ATL,NL,oberkke01,Ken Oberkfell,50,48,50,48,0,0,0,4,45,0,0,0,0,0,0,2,0
1984,SLN,NL,oberkke01,Ken Oberkfell,50,39,50,46,0,0,0,2,46,1,0,0,0,0,0,6,2
1984,NYA,AL,oberrmi01,Mike O'Berry,13,9,13,13,0,12,0,0,1,0,0,0,0,0,0,1,0
1984,TEX,AL,obriepe03,Pete O'Brien,142,137,142,141,0,0,141,0,0,0,0,0,1,1,0,2,1
1984,MIN,AL,oconnja02,Jack O'Connor,2,0,0,2,2,0,0,0,0,0,0,0,0,0,0,0,
1984,CIN,NL,oestero01,Ron Oester,150,140,150,147,0,0,0,147,0,1,0,0,0,0,0,6,1
1984,ML4,AL,oglivbe01,Ben Oglivie,131,118,131,125,0,0,0,0,0,0,113,0,23,125,1,13,0
1984,BOS,AL,ojedabo01,Bob Ojeda,33,0,0,33,33,0,0,0,0,0,0,0,0,0,0,0,
1984,SFN,NL,oliveal01,Al Oliver,91,80,91,82,0,0,82,0,0,0,0,0,0,0,0,11,0
1984,PHI,NL,oliveal01,Al Oliver,28,22,28,23,0,0,19,0,0,0,5,0,0,5,0,6,0
1984,SFN,NL,omallto01,Tom O'Malley,13,5,13,7,0,0,0,0,7,0,0,0,0,0,0,7,0
1984,CHA,AL,omallto01,Tom O'Malley,12,2,12,6,0,0,0,0,6,0,0,0,0,0,0,8,0
1984,DET,AL,onealra01,Randy O'Neal,4,0,0,4,4,0,0,0,0,0,0,0,0,0,0,0,
1984,NYN,NL,oquenjo01,Jose Oquendo,81,55,81,67,0,0,0,0,0,67,0,0,0,0,0,3,14
1984,NYN,NL,oroscje01,Jesse Orosco,60,0,60,60,60,0,0,0,0,0,0,0,0,0,0,0,0
1984,PIT,NL,orsuljo01,Joe Orsulak,32,11,32,25,0,0,0,0,0,0,8,12,5,25,0,7,5
1984,NYN,NL,ortizju01,Junior Ortiz,40,23,40,32,0,32,0,0,0,0,0,0,0,0,0,10,0
1984,CIN,NL,owchibo01,Bob Owchinko,49,4,49,49,49,0,0,0,0,0,0,0,0,0,0,0,0
1984,SLN,NL,ownberi01,Rick Ownbey,5,4,5,4,4,0,0,0,0,0,0,0,0,0,0,0,1
1984,BAL,AL,paceljo01,John Pacella,6,0,0,6,6,0,0,0,0,0,0,0,0,0,0,0,
1984,CHA,AL,pacioto01,Tom Paciorek,111,91,111,97,0,0,67,0,0,0,25,0,17,40,0,19,0
1984,NYA,AL,paglimi01,Mike Pagliarulo,67,57,67,67,0,0,0,0,67,0,0,0,0,0,0,1,2
1984,MON,NL,palmeda01,David Palmer,20,19,20,20,20,0,0,0,0,0,0,0,0,0,0,0,0
1984,BAL,AL,palmeji01,Jim Palmer,5,0,0,5,5,0,0,0,0,0,0,0,0,0,0,0,
1984,HOU,NL,pankoji01,Jim Pankovits,53,7,53,20,0,0,0,15,0,4,3,0,0,3,0,41,1
1984,CIN,NL,parkeda01,Dave Parker,156,150,156,151,0,0,0,0,0,0,0,0,151,151,0,6,0
1984,TEX,AL,parrila01,Larry Parrish,156,155,156,92,0,0,0,0,12,0,2,0,80,81,63,1,0
1984,DET,AL,parrila02,Lance Parrish,147,144,147,127,0,127,0,0,0,0,0,0,0,0,21,3,0
1984,CHA,AL,parsoca01,Casey Parsons,1,0,1,0,0,0,0,0,0,0,0,0,0,0,0,1,0
1984,MIN,AL,pashnla01,Larry Pashnick,13,0,0,13,13,0,0,0,0,0,0,0,0,0,0,0,
1984,CIN,NL,pastofr01,Frank Pastore,24,16,24,24,24,0,0,0,0,0,0,0,0,0,0,0,0
1984,CHN,NL,pattere01,Reggie Patterson,3,1,3,3,3,0,0,0,0,0,0,0,0,0,0,0,0
1984,ATL,NL,paynemi01,Mike Payne,3,1,3,3,3,0,0,0,0,0,0,0,0,0,0,0,0
1984,SLN,NL,pendlte01,Terry Pendleton,67,66,67,66,0,0,0,0,66,0,0,0,0,0,0,1,0
1984,SEA,AL,percoja01,Jack Perconte,155,147,155,150,0,0,0,150,0,0,0,0,0,0,0,5,2
1984,ATL,NL,perezpa01,Pascual Perez,32,30,32,30,30,0,0,0,0,0,0,0,0,0,0,0,2
1984,CIN,NL,perezto01,Tony Perez,71,24,71,31,0,0,31,0,0,0,0,0,0,0,0,42,0
1984,CLE,AL,perkibr01,Broderick Perkins,58,7,58,2,0,0,2,0,0,0,0,0,0,0,6,50,1
1984,ATL,NL,perryge01,Gerald Perry,122,91,122,106,0,0,64,0,0,0,55,0,0,55,0,26,1
1984,TOR,AL,petrage01,Geno Petralli,3,0,3,1,0,1,0,0,0,0,0,0,0,0,0,2,0
1984,DET,AL,petryda01,Dan Petry,35,0,0,35,35,0,0,0,0,0,0,0,0,0,0,0,
1984,CAL,AL,pettiga01,Gary Pettis,140,98,140,135,0,0,0,0,0,0,0,135,0,135,0,3,17
1984,SEA,AL,phelpke01,Ken Phelps,101,84,101,9,0,0,9,0,0,0,0,0,0,0,75,17,0
1984,OAK,AL,phillto02,Tony Phillips,154,126,154,151,0,0,0,92,0,91,1,0,0,1,0,2,8
1984,CAL,AL,picciro01,Rob Picciolo,87,35,87,84,0,0,0,9,13,67,0,0,1,1,0,1,14
1984,NYA,AL,pinielo01,Lou Piniella,29,23,29,24,0,0,0,0,0,0,15,0,9,24,0,5,0
1984,SFN,NL,pittmjo01,Joe Pittman,17,5,17,13,0,0,0,5,2,6,0,0,0,0,0,3,3
1984,ATL,NL,pocorbi01,Biff Pocoroba,4,0,4,0,0,0,0,0,0,0,0,0,0,0,0,4,0
1984,ML4,AL,portech01,Chuck Porter,17,0,0,17,17,0,0,0,0,0,0,0,0,0,0,0,
1984,SLN,NL,porteda02,Darrell Porter,127,115,127,122,0,122,0,0,0,0,0,0,0,0,0,11,0
1984,CIN,NL,powerte01,Ted Power,78,0,78,78,78,0,0,0,0,0,0,0,0,0,0,0,0
1984,SEA,AL,preslji01,Jim Presley,70,69,70,69,0,0,0,0,69,0,0,0,0,0,0,1,0
1984,CIN,NL,pricejo02,Joe Price,30,30,30,30,30,0,0,0,0,0,0,0,0,0,0,0,0
1984,KCA,AL,pryorgr01,Greg Pryor,123,72,123,120,0,0,2,22,107,2,0,0,0,0,0,3,9
1984,MIN,AL,puckeki01,Kirby Puckett,128,128,128,128,0,0,0,0,0,0,0,128,0,128,0,0,0
1984,KCA,AL,pujollu01,Luis Pujols,4,1,4,4,0,4,0,0,0,0,0,0,0,0,0,1,0
1984,CIN,NL,puleoch01,Charlie Puleo,5,4,5,5,5,0,0,0,0,0,0,0,0,0,0,0,0
1984,PIT,NL,pulidal01,Alfonso Pulido,1,0,1,1,1,0,0,0,0,0,0,0,0,0,0,0,0
1984,SEA,AL,putnapa01,Pat Putnam,64,38,64,19,0,0,6,0,0,0,13,0,0,13,23,26,0
1984,MIN,AL,putnapa01,Pat Putnam,14,10,14,0,0,0,0,0,0,0,0,0,0,0,10,4,0
1984,CHA,AL,quirkja01,Jamie Quirk,3,0,3,1,0,0,0,0,1,0,0,0,0,0,0,3,0
1984,CLE,AL,quirkja01,Jamie Quirk,1,0,1,1,0,1,0,0,0,0,0,0,0,0,0,0,0
1984,KCA,AL,quiseda01,Dan Quisenberry,72,0,0,72,72,0,0,0,0,0,0,0,0,0,0,0,
1984,OAK,AL,rainech01,Chuck Rainey,16,0,0,16,16,0,0,0,0,0,0,0,0,0,0,0,
1984,CHN,NL,rainech01,Chuck Rainey,17,16,17,17,17,0,0,0,0,0,0,0,0,0,0,0,0
1984,MON,NL,raineti01,Tim Raines,160,158,160,160,0,0,0,2,0,0,0,160,0,160,0,1,0
1984,SLN,NL,rajsiga01,Gary Rajsich,7,1,7,3,0,0,3,0,0,0,0,0,0,0,0,5,0
1984,SDN,NL,ramirma01,Mario Ramirez,48,15,48,39,0,0,0,2,6,33,0,0,0,0,0,7,5
1984,ATL,NL,ramirra01,Rafael Ramirez,145,141,145,145,0,0,0,0,0,145,0,0,0,0,0,1,0
1984,MON,NL,ramosbo01,Bobby Ramos,31,26,31,31,0,31,0,0,0,0,0,0,0,0,0,0,0
1984,SEA,AL,ramosdo01,Domingo Ramos,59,18,59,57,0,0,5,3,38,13,0,0,0,0,0,2,3
1984,MON,NL,ramsemi01,Mike Ramsey,37,22,37,37,0,0,0,12,0,26,0,0,0,0,0,0,0
1984,SLN,NL,ramsemi01,Mike Ramsey,21,3,21,15,0,0,0,7,1,7,0,0,0,0,0,4,2
1984,NYA,AL,randowi01,Willie Randolph,142,141,142,142,0,0,0,142,0,0,0,0,0,0,0,0,0
1984,NYA,AL,rasmude01,Dennis Rasmussen,24,0,0,24,24,0,0,0,0,0,0,0,0,0,0,0,
1984,NYA,AL,rawlesh01,Shane Rawley,11,0,0,11,11,0,0,0,0,0,0,0,0,0,0,0,
1984,PHI,NL,rawlesh01,Shane Rawley,19,18,19,18,18,0,0,0,0,0,0,0,0,0,0,0,1
1984,BAL,AL,rayfofl01,Floyd Rayford,86,64,86,84,0,66,1,0,22,0,0,0,0,0,0,5,1
1984,ML4,AL,readyra01,Randy Ready,37,31,37,36,0,0,0,0,36,0,0,0,0,0,0,1,1
1984,MON,NL,reardje01,Jeff Reardon,68,0,68,68,68,0,0,0,0,0,0,0,0,0,0,0,0
1984,CIN,NL,redusga01,Gary Redus,123,94,123,114,0,0,0,0,0,0,93,24,1,114,0,12,8
1984,CHN,NL,reuscri01,Rick Reuschel,20,14,20,19,19,0,0,0,0,0,0,0,0,0,0,1,0
1984,LAN,NL,reussje01,Jerry Reuss,30,15,30,30,30,0,0,0,0,0,0,0,0,0,0,0,0
1984,LAN,NL,reyesgi01,Gil Reyes,4,1,4,2,0,2,0,0,0,0,0,0,0,0,0,2,0
1984,HOU,NL,reynocr01,Craig Reynolds,146,137,146,144,0,0,0,0,1,143,0,0,0,0,0,5,1
1984,SEA,AL,reynoha01,Harold Reynolds,10,3,10,6,0,0,0,6,0,0,0,0,0,0,0,0,4
1984,LAN,NL,reynorj01,R. J. Reynolds,73,57,73,63,0,0,0,0,0,0,25,19,34,63,0,14,0
1984,PIT,NL,rhoderi01,Rick Rhoden,35,33,35,33,33,0,0,0,0,0,0,0,0,0,0,2,0
1984,CLE,AL,rhombke01,Kevin Rhomberg,13,2,13,9,0,0,1,1,0,0,7,0,0,7,0,3,4
1984,SFN,NL,richage01,Gene Richards,87,19,87,26,0,0,0,0,0,0,15,1,11,26,0,58,4
1984,HOU,NL,richami01,Mike Richardt,16,0,16,0,0,0,0,0,0,0,0,0,0,0,0,15,1
1984,TEX,AL,richami01,Mike Richardt,6,2,6,4,0,0,0,4,0,0,0,0,0,0,0,2,0
1984,NYA,AL,righeda01,Dave Righetti,64,0,0,64,64,0,0,0,0,0,0,0,0,0,0,0,
1984,SFN,NL,rileyge01,George Riley,5,4,5,5,5,0,0,0,0,0,0,0,0,0,0,0,0
1984,BAL,AL,ripkeca01,Cal Ripken,162,162,162,162,0,0,0,0,0,162,0,0,0,0,0,0,0
1984,LAN,NL,riverge01,German Rivera,94,71,94,90,0,0,0,0,90,0,0,0,0,0,0,7,1
1984,TEX,AL,rivermi01,Mickey Rivers,102,66,102,30,0,0,0,0,0,0,26,2,2,30,42,32,3
1984,NYA,AL,roberan01,Andre Robertson,52,42,52,52,0,0,0,6,0,49,0,0,0,0,0,0,0
1984,CHA,AL,roberbe01,Bert Roberge,21,0,0,21,21,0,0,0,0,0,0,0,0,0,0,0,
1984,KCA,AL,roberle01,Leon Roberts,29,10,28,17,1,0,0,0,0,0,10,0,7,16,0,14,1
1984,PIT,NL,robindo01,Don Robinson,53,2,53,52,51,0,0,0,0,0,1,0,0,1,0,1,1
1984,SFN,NL,robinje01,Jeff Robinson,34,33,34,34,34,0,0,0,0,0,0,0,0,0,0,0,0
1984,CIN,NL,robinro01,Ron Robinson,12,5,12,12,12,0,0,0,0,0,0,0,0,0,0,0,0
1984,LAN,NL,rodasri01,Rich Rodas,3,0,3,3,3,0,0,0,0,0,0,0,0,0,0,0,0
1984,BAL,AL,rodrivi01,Vic Rodriguez,11,4,11,7,0,0,0,7,0,0,0,0,0,0,0,0,4
1984,BAL,AL,roeniga01,Gary Roenicke,121,87,121,117,0,0,0,0,0,0,85,6,32,117,0,29,0
1984,SDN,NL,roeniro01,Ron Roenicke,12,2,12,10,0,0,0,0,0,0,7,2,2,10,0,2,1
1984,MON,NL,rogerst01,Steve Rogers,31,28,31,31,31,0,0,0,0,0,0,0,0,0,0,0,0
1984,CLE,AL,romanjo02,Jose Roman,3,0,0,3,3,0,0,0,0,0,0,0,0,0,0,0,
1984,CAL,AL,romanro01,Ron Romanick,33,0,0,33,33,0,0,0,0,0,0,0,0,0,0,0,
1984,ML4,AL,romered01,Ed Romero,116,93,116,111,0,0,4,11,59,39,0,0,1,1,2,6,3
1984,CLE,AL,romerra01,Ramon Romero,1,0,0,1,1,0,0,0,0,0,0,0,0,0,0,0,
1984,CIN,NL,rowdowa01,Wade Rowdon,4,2,4,2,0,0,0,0,1,1,0,0,0,0,0,0,2
1984,ATL,NL,roystje01,Jerry Royster,81,52,81,69,0,0,0,29,17,16,11,0,0,11,0,16,1
1984,DET,AL,rozemda01,Dave Rozema,29,0,1,29,29,0,0,0,0,0,0,0,0,0,0,0,0
1984,SLN,NL,ruckeda01,Dave Rucker,50,0,50,50,50,0,0,0,0,0,0,0,0,0,0,0,0
1984,HOU,NL,ruhleve01,Vern Ruhle,40,6,40,40,40,0,0,0,0,0,0,0,0,0,0,0,0
1984,ATL,NL,rungepa01,Paul Runge,28,25,28,28,0,0,0,22,3,7,0,0,0,0,0,1,0
1984,LAN,NL,russebi01,Bill Russell,89,73,89,82,0,0,0,5,0,65,0,18,0,18,0,7,1
1984,CIN,NL,russeje01,Jeff Russell,34,30,34,33,33,0,0,0,0,0,0,0,0,0,0,1,0
1984,PHI,NL,russejo02,John Russell,39,25,39,31,0,2,0,0,0,0,14,0,18,29,0,12,0
1984,CHN,NL,ruthvdi01,Dick Ruthven,25,22,25,23,23,0,0,0,0,0,0,0,0,0,0,1,1
1984,KCA,AL,saberbr01,Bret Saberhagen,39,0,1,38,38,0,0,0,0,0,0,0,0,0,0,0,1
1984,BAL,AL,sakatle01,Lenn Sakata,81,38,81,77,0,0,0,76,0,0,1,0,0,1,0,5,15
1984,SLN,NL,salasma01,Mark Salas,14,3,14,7,0,4,0,0,0,0,2,0,1,3,0,9,0
1984,MON,NL,salazan01,Angel Salazar,80,57,80,80,0,0,0,0,0,80,0,0,0,0,0,1,2
1984,SDN,NL,salazlu01,Luis Salazar,93,50,93,82,0,0,0,0,58,4,4,19,2,25,0,14,15
1984,HOU,NL,sambijo01,Joe Sambito,32,0,32,32,32,0,0,0,0,0,0,0,0,0,0,0,0
1984,TEX,AL,samplbi01,Billy Sample,130,113,130,122,0,0,0,0,0,0,72,51,3,122,1,12,3
1984,PHI,NL,samueju01,Juan Samuel,160,158,160,160,0,0,0,160,0,0,0,0,0,0,0,2,0
1984,SFN,NL,sanchal01,Alejandro Sanchez,13,10,13,11,0,0,0,0,0,0,3,0,9,11,0,2,1
1984,CAL,AL,sanchlu01,Luis Sanchez,49,0,0,49,49,0,0,0,0,0,0,0,0,0,0,0,
1984,BAL,AL,sanchor01,Orlando Sanchez,4,3,4,4,0,4,0,0,0,0,0,0,0,0,0,1,0
1984,KCA,AL,sanchor01,Orlando Sanchez,10,0,10,1,0,1,0,0,0,0,0,0,0,0,0,9,0
1984,CHN,NL,sandbry01,Ryne Sandberg,156,156,156,156,0,0,0,156,0,0,0,0,0,0,0,0,0
1984,CHN,NL,sandesc01,Scott Sanderson,24,24,24,24,24,0,0,0,0,0,0,0,0,0,0,0,0
1984,NYN,NL,santara01,Rafael Santana,51,42,51,50,0,0,0,0,0,50,0,0,0,0,0,2,2
1984,MON,NL,schatda01,Dan Schatzeder,37,14,37,36,36,0,0,0,0,0,0,0,0,0,0,1,0
1984,CIN,NL,scherbi01,Bill Scherrer,36,0,36,36,36,0,0,0,0,0,0,0,0,0,0,0,0
1984,DET,AL,scherbi01,Bill Scherrer,18,0,0,18,18,0,0,0,0,0,0,0,0,0,0,0,
1984,NYN,NL,schirca01,Calvin Schiraldi,5,3,5,5,5,0,0,0,0,0,0,0,0,0,0,0,0
1984,TEX,AL,schmida01,Dave Schmidt,43,0,0,43,43,0,0,0,0,0,0,0,0,0,0,0,
1984,PHI,NL,schmimi01,Mike Schmidt,151,146,151,146,0,0,2,0,145,1,0,0,0,0,0,5,0
1984,CAL,AL,schofdi02,Dick Schofield,140,135,140,140,0,0,0,0,0,140,0,0,0,0,0,0,1
1984,ML4,AL,schrobi01,Bill Schroeder,61,59,61,58,0,58,1,0,0,0,0,0,0,0,2,1,0
1984,MIN,AL,schroke01,Ken Schrom,25,0,0,25,25,0,0,0,0,0,0,0,0,0,0,0,
1984,CHN,NL,schuldo01,Don Schulze,1,1,1,1,1,0,0,0,0,0,0,0,0,0,0,0,0
1984,CLE,AL,schuldo01,Don Schulze,19,0,0,19,19,0,0,0,0,0,0,0,0,0,0,0,
1984,LAN,NL,sciosmi01,Mike Scioscia,114,101,114,112,0,112,0,0,0,0,0,0,0,0,0,11,0
1984,CAL,AL,sconida01,Daryl Sconiers,57,39,57,41,0,0,41,0,0,0,0,0,0,0,1,16,0
1984,TEX,AL,scottdo01,Donnie Scott,81,71,81,80,0,80,0,0,0,0,0,0,0,0,0,0,2
1984,HOU,NL,scottmi03,Mike Scott,31,29,31,31,31,0,0,0,0,0,0,0,0,0,0,0,0
1984,MON,NL,scottto01,Tony Scott,45,10,45,17,0,0,0,0,0,0,16,1,2,17,0,32,2
1984,HOU,NL,scottto01,Tony Scott,25,2,25,6,0,0,0,0,0,0,1,5,0,6,0,15,6
1984,KCA,AL,scranji01,Jim Scranton,2,0,2,2,0,0,0,0,1,1,0,0,0,0,0,1,0
1984,PIT,NL,scurrro01,Rod Scurry,43,0,43,43,43,0,0,0,0,0,0,0,0,0,0,0,0
1984,ML4,AL,searara01,Ray Searage,21,0,0,21,21,0,0,0,0,0,0,0,0,0,0,0,
1984,CHA,AL,seaveto01,Tom Seaver,34,0,1,34,34,0,0,0,0,0,0,0,0,0,0,0,0
1984,BAL,AL,sheetla01,Larry Sheets,8,5,8,7,0,0,0,0,0,0,0,0,7,7,0,1,1
1984,BAL,AL,shelbjo01,John Shelby,128,84,128,125,0,0,0,0,0,0,0,118,9,125,0,18,7
1984,TOR,AL,shephro01,Ron Shepherd,12,0,12,5,0,0,0,0,0,0,5,0,0,5,0,0,9
1984,KCA,AL,sheripa01,Pat Sheridan,138,120,138,134,0,0,0,0,0,0,0,35,101,134,0,10,0
1984,MON,NL,shinera01,Razor Shines,12,3,12,4,0,0,3,0,1,0,0,0,0,0,0,9,0
1984,NYA,AL,shirlbo01,Bob Shirley,41,0,0,41,41,0,0,0,0,0,0,0,0,0,0,0,
1984,DET,AL,simmone01,Nelson Simmons,9,7,9,5,0,0,0,0,0,0,2,0,4,5,3,1,0
1984,ML4,AL,simmote01,Ted Simmons,132,126,132,51,0,0,37,0,14,0,0,0,0,0,75,6,0
1984,ATL,NL,sinatma01,Matt Sinatro,2,1,2,2,0,2,0,0,0,0,0,0,0,0,0,0,1
1984,BAL,AL,singlke01,Ken Singleton,111,92,111,0,0,0,0,0,0,0,0,0,0,0,92,19,0
1984,CHA,AL,skinnjo01,Joel Skinner,43,23,43,43,0,43,0,0,0,0,0,0,0,0,0,0,0
1984,CAL,AL,slatoji01,Jim Slaton,32,0,0,32,32,0,0,0,0,0,0,0,0,0,0,0,
1984,KCA,AL,slaugdo01,Don Slaught,124,112,124,123,0,123,0,0,0,0,0,0,0,0,0,6,0
1984,CHA,AL,smallro02,Roy Smalley,47,38,47,39,0,0,1,0,38,3,0,0,0,0,2,9,0
1984,NYA,AL,smallro02,Roy Smalley,67,51,67,52,0,0,5,0,36,13,0,0,0,0,5,15,0
1984,MON,NL,smithbr01,Bryn Smith,28,28,28,28,28,0,0,0,0,0,0,0,0,0,0,0,0
1984,HOU,NL,smithda02,Dave Smith,53,0,53,53,53,0,0,0,0,0,0,0,0,0,0,0,0
1984,CAL,AL,smithda03,Dave Smith,1,0,0,1,1,0,0,0,0,0,0,0,0,0,0,0,
1984,NYA,AL,smithke03,Keith Smith,2,2,2,2,0,0,0,0,0,2,0,0,0,0,0,0,0
1984,CHN,NL,smithle02,Lee Smith,69,0,69,69,69,0,0,0,0,0,0,0,0,0,0,0,0
1984,SLN,NL,smithlo01,Lonnie Smith,145,137,145,140,0,0,0,0,0,0,140,0,0,140,0,8,0
1984,MIN,AL,smithmi03,Mike Smithson,36,0,0,36,36,0,0,0,0,0,0,0,0,0,0,0,
1984,CIN,NL,smithmi04,Mike Smith,8,0,8,8,8,0,0,0,0,0,0,0,0,0,0,0,0
1984,SLN,NL,smithoz01,Ozzie Smith,124,124,124,124,0,0,0,0,0,124,0,0,0,0,0,0,0
1984,CLE,AL,smithro01,Roy Smith,22,0,0,22,22,0,0,0,0,0,0,0,0,0,0,0,
1984,ATL,NL,smithza01,Zane Smith,3,3,3,3,3,0,0,0,0,0,0,0,0,0,0,0,0
1984,BAL,AL,snellna01,Nate Snell,5,0,0,5,5,0,0,0,0,0,0,0,0,0,0,0,
1984,HOU,NL,solanju01,Julio Solano,31,0,31,31,31,0,0,0,0,0,0,0,0,0,0,0,0
1984,OAK,AL,sorenla01,Lary Sorensen,46,0,0,46,46,0,0,0,0,0,0,0,0,0,0,0,
1984,SLN,NL,speiech01,Chris Speier,38,35,38,36,0,0,0,0,2,34,0,0,0,0,0,3,0
1984,MON,NL,speiech01,Chris Speier,25,6,25,16,0,0,0,0,4,13,0,0,0,0,0,14,1
1984,MIN,AL,speiech01,Chris Speier,12,11,12,12,0,0,0,0,0,12,0,0,0,0,0,0,0
1984,CLE,AL,spillda01,Dan Spillner,14,0,0,14,14,0,0,0,0,0,0,0,0,0,0,0,
1984,CHA,AL,spillda01,Dan Spillner,23,0,1,22,22,0,0,0,0,0,0,0,0,0,0,0,1
1984,HOU,NL,spilmha01,Harry Spilman,32,18,32,24,0,8,18,0,0,0,0,0,0,0,0,12,0
1984,KCA,AL,splitpa01,Paul Splittorff,12,0,0,12,12,0,0,0,0,0,0,0,0,0,0,0,
1984,CHA,AL,squirmi01,Mike Squires,104,10,104,88,1,0,78,0,13,0,0,1,1,2,0,23,10
1984,BOS,AL,stanlbo01,Bob Stanley,57,0,0,57,57,0,0,0,0,0,0,0,0,0,0,0,
1984,SEA,AL,stantmi01,Mike Stanton,54,0,1,54,54,0,0,0,0,0,0,0,0,0,0,0,0
1984,BOS,AL,staplda01,Dave Stapleton,13,11,13,10,0,0,10,0,0,0,0,0,0,0,1,2,0
1984,NYN,NL,staubru01,Rusty Staub,78,1,78,3,0,0,3,0,0,0,0,0,0,0,0,76,0
1984,MON,NL,stclara01,Randy St. Claire,4,0,4,4,4,0,0,0,0,0,0,0,0,0,0,0,0
1984,NYN,NL,stearjo01,John Stearns,8,3,8,6,0,4,2,0,0,0,0,0,0,0,0,2,1
1984,CHA,AL,stegmda01,Dave Stegman,55,27,55,46,0,0,0,0,0,0,11,27,8,46,0,5,12
1984,TEX,AL,steinbi02,Bill Stein,27,8,27,16,0,0,3,11,3,0,0,0,0,0,2,15,0
1984,CAL,AL,steirri01,Rick Steirer,1,0,0,1,1,0,0,0,0,0,0,0,0,0,0,0,
1984,MON,NL,stenhmi01,Mike Stenhouse,80,47,80,54,0,0,14,0,0,0,30,0,19,48,0,31,0
1984,TEX,AL,stewada01,Dave Stewart,32,0,0,32,32,0,0,0,0,0,0,0,0,0,0,0,
1984,BAL,AL,stewasa01,Sammy Stewart,60,0,0,60,60,0,0,0,0,0,0,0,0,0,0,0,
1984,TOR,AL,stiebda01,Dave Stieb,35,0,0,35,35,0,0,0,0,0,0,0,0,0,0,0,
1984,SEA,AL,stoddbo01,Bob Stoddard,27,0,0,27,27,0,0,0,0,0,0,0,0,0,0,0,
1984,CHN,NL,stoddti01,Tim Stoddard,58,0,58,58,58,0,0,0,0,0,0,0,0,0,0,0,0
1984,PHI,NL,stoneje01,Jeff Stone,51,45,51,46,0,0,0,0,0,0,46,0,0,46,0,5,1
1984,NYN,NL,strawda01,Darryl Strawberry,147,143,147,146,0,0,0,0,0,0,0,21,134,146,0,4,0
1984,LAN,NL,stubbfr01,Franklin Stubbs,87,53,87,66,0,0,51,0,0,0,6,3,13,20,0,26,2
1984,SLN,NL,stupejo01,John Stuper,15,12,15,15,15,0,0,0,0,0,0,0,0,0,0,0,0
1984,BOS,AL,sullima02,Marc Sullivan,2,2,2,2,0,2,0,0,0,0,0,0,0,0,0,0,0
1984,SDN,NL,summech01,Champ Summers,47,1,47,8,0,0,8,0,0,0,0,0,0,0,0,40,0
1984,ML4,AL,sundbji01,Jim Sundberg,110,100,110,109,0,109,0,0,0,0,0,0,0,0,0,4,1
1984,CHN,NL,sutclri01,Rick Sutcliffe,20,20,20,20,20,0,0,0,0,0,0,0,0,0,0,0,0
1984,CLE,AL,sutclri01,Rick Sutcliffe,15,0,0,15,15,0,0,0,0,0,0,0,0,0,0,0,
1984,SLN,NL,suttebr01,Bruce Sutter,71,0,71,71,71,0,0,0,0,0,0,0,0,0,0,0,0
1984,ML4,AL,suttodo01,Don Sutton,33,0,0,33,33,0,0,0,0,0,0,0,0,0,0,0,
1984,BAL,AL,swaggbi01,Bill Swaggerty,24,0,1,23,23,0,0,0,0,0,0,0,0,0,0,0,1
1984,CLE,AL,tablepa01,Pat Tabler,144,131,144,139,0,0,67,1,36,0,43,0,0,43,1,8,4
1984,TEX,AL,tananfr01,Frank Tanana,35,0,0,35,35,0,0,0,0,0,0,0,0,0,0,0,
1984,SEA,AL,tartada01,Danny Tartabull,10,5,10,9,0,0,0,1,0,8,0,0,0,0,0,1,2
1984,PIT,NL,tekulke01,Kent Tekulve,72,0,72,72,72,0,0,0,0,0,0,0,0,0,0,0,0
1984,ML4,AL,tellmto01,Tom Tellmann,50,0,0,50,50,0,0,0,0,0,0,0,0,0,0,0,
1984,SDN,NL,templga01,Garry Templeton,148,143,148,146,0,0,0,0,0,146,0,0,0,0,0,2,1
1984,NYN,NL,terrewa01,Walt Terrell,33,33,33,33,33,0,0,0,0,0,0,0,0,0,0,0,0
1984,OAK,AL,tettlmi01,Mickey Tettleton,33,22,33,32,0,32,0,0,0,0,0,0,0,0,0,4,0
1984,MIN,AL,teufeti01,Tim Teufel,157,156,157,157,0,0,0,157,0,0,0,0,0,0,0,0,0
1984,MON,NL,thomade01,Derrel Thomas,108,55,108,103,0,0,1,15,5,62,41,0,7,48,0,15,13
1984,CAL,AL,thomade01,Derrel Thomas,14,6,14,13,0,0,0,0,3,4,2,2,4,7,0,3,2
1984,SEA,AL,thomago01,Gorman Thomas,35,35,35,34,0,0,0,0,0,0,34,0,0,34,1,0,0
1984,SEA,AL,thomaro02,Roy Thomas,21,0,0,21,21,0,0,0,0,0,0,0,0,0,0,0,
1984,PIT,NL,thompja01,Jason Thompson,154,150,154,152,0,0,152,0,0,0,0,0,0,0,0,3,0
1984,ATL,NL,thompmi02,Milt Thompson,25,23,25,25,0,0,0,0,0,0,25,0,0,25,0,2,0
1984,SFN,NL,thompsc01,Scot Thompson,120,53,120,91,0,0,87,0,0,0,2,0,4,6,0,33,5
1984,CLE,AL,thornan01,Andre Thornton,155,155,155,11,0,0,11,0,0,0,0,0,0,0,144,0,0
1984,SDN,NL,thurmma01,Mark Thurmond,32,29,32,32,32,0,0,0,0,0,0,0,0,0,0,0,0
1984,CIN,NL,tibbsja01,Jay Tibbs,14,14,14,14,14,0,0,0,0,0,0,0,0,0,0,0,0
1984,NYN,NL,tidrodi01,Dick Tidrow,11,0,11,11,11,0,0,0,0,0,0,0,0,0,0,0,0
1984,TEX,AL,tobikda01,Dave Tobik,24,0,0,24,24,0,0,0,0,0,0,0,0,0,0,0,
1984,CIN,NL,tolivfr01,Freddie Toliver,3,1,3,3,3,0,0,0,0,0,0,0,0,0,0,0,0
1984,TEX,AL,tollewa01,Wayne Tolleson,118,96,118,115,0,0,0,110,4,8,0,1,0,1,0,2,7
1984,HOU,NL,tolmati01,Tim Tolman,14,1,14,4,0,0,1,0,0,0,1,0,2,3,0,10,0
1984,NYN,NL,torremi01,Mike Torrez,9,8,9,9,9,0,0,0,0,0,0,0,0,0,0,0,0
1984,OAK,AL,torremi01,Mike Torrez,2,0,0,2,2,0,0,0,0,0,0,0,0,0,0,0,
1984,BAL,AL,trabeji01,Jim Traber,10,6,10,0,0,0,0,0,0,0,0,0,0,0,6,4,0
1984,DET,AL,trammal01,Alan Trammell,139,134,139,114,0,0,0,0,0,114,0,0,0,0,22,3,1
1984,CIN,NL,trevial01,Alex Trevino,6,0,6,4,0,4,0,0,0,0,0,0,0,0,0,5,1
1984,ATL,NL,trevial01,Alex Trevino,79,66,79,79,0,79,0,0,0,0,0,0,0,0,0,2,4
1984,SFN,NL,trillma01,Manny Trillo,98,96,98,98,0,0,0,96,4,0,0,0,0,0,0,1,0
1984,CHN,NL,troutst01,Steve Trout,32,31,32,32,32,0,0,0,0,0,0,0,0,0,0,0,0
1984,PIT,NL,tudorjo01,John Tudor,36,32,36,32,32,0,0,0,0,0,0,0,0,0,0,0,4
1984,PIT,NL,tunnele01,Lee Tunnell,26,6,26,26,26,0,0,0,0,0,0,0,0,0,0,0,0
1984,CLE,AL,ujdurje01,Jerry Ujdur,4,0,0,4,4,0,0,0,0,0,0,0,0,0,0,0,
1984,BAL,AL,underto01,Tom Underwood,37,0,0,37,37,0,0,0,0,0,0,0,0,0,0,0,
1984,TOR,AL,upshawi01,Willie Upshaw,152,151,152,151,0,0,151,0,0,0,0,0,0,0,0,0,1
1984,SLN,NL,uribejo01,Jose Uribe,8,4,8,6,0,0,0,1,0,5,0,0,0,0,0,0,3
1984,LAN,NL,valenfe01,Fernando Valenzuela,35,34,35,34,34,0,0,0,0,0,0,0,0,0,0,1,0
1984,SEA,AL,valleda01,Dave Valle,13,7,13,13,0,13,0,0,0,0,0,0,0,0,0,0,0
1984,SEA,AL,vandeed01,Ed Vande Berg,51,0,2,50,50,0,0,0,0,0,0,0,0,0,0,0,1
1984,CIN,NL,vangoda01,Dave Van Gorder,38,31,38,37,0,36,1,0,0,0,0,0,0,0,0,3,0
1984,SLN,NL,vanslan01,Andy Van Slyke,137,95,137,129,0,0,30,0,32,0,34,15,35,81,0,18,1
1984,PIT,NL,vargaed01,Eddie Vargas,18,8,18,13,0,0,13,0,0,0,0,0,0,0,0,6,2
1984,MON,NL,venabma01,Max Venable,38,11,38,27,0,0,0,0,0,0,23,3,3,27,0,16,0
1984,CHN,NL,veryzto01,Tom Veryzer,44,18,44,44,0,0,0,4,6,36,0,0,0,0,0,1,0
1984,MIN,AL,violafr01,Frank Viola,35,0,0,35,35,0,0,0,0,0,0,0,0,0,0,0,
1984,PHI,NL,virgioz02,Ozzie Virgil,141,123,141,137,0,137,0,0,0,0,0,0,0,0,0,9,0
1984,SLN,NL,vonohda01,Dave Von Ohlen,27,0,27,27,27,0,0,0,0,0,0,0,0,0,0,0,0
1984,CLE,AL,vukovge01,George Vukovich,134,110,134,130,0,0,0,0,0,0,16,0,124,130,0,15,0
1984,CLE,AL,waddeto01,Tom Waddell,58,0,0,58,58,0,0,0,0,0,0,0,0,0,0,0,
1984,OAK,AL,wagnema01,Mark Wagner,83,28,82,80,1,0,0,8,15,58,0,0,0,0,0,2,5
1984,ML4,AL,waitsri01,Rick Waits,47,0,0,47,47,0,0,0,0,0,0,0,0,0,0,0,
1984,BOS,AL,walkech01,Chico Walker,3,0,3,1,0,0,0,1,0,0,0,0,0,0,0,3,0
1984,CIN,NL,walkedu01,Duane Walker,83,54,83,68,0,0,0,0,0,0,51,13,9,68,0,18,1
1984,CHA,AL,walkegr01,Greg Walker,136,113,136,101,0,0,101,0,0,0,0,0,0,0,17,17,4
1984,MON,NL,wallati01,Tim Wallach,160,158,160,160,0,0,0,0,160,1,0,0,0,0,0,0,0
1984,HOU,NL,wallide01,Denny Walling,87,52,87,65,0,0,16,0,52,0,3,3,0,6,0,32,0
1984,MIN,AL,waltemi01,Mike Walters,23,0,0,23,23,0,0,0,0,0,0,0,0,0,0,0,
1984,MIN,AL,wardlcu01,Curt Wardle,2,0,0,2,2,0,0,0,0,0,0,0,0,0,0,0,
1984,OAK,AL,warremi01,Mike Warren,24,0,0,24,24,0,0,0,0,0,0,0,0,0,0,0,
1984,ATL,NL,washicl01,Claudell Washington,120,106,120,107,0,0,0,0,0,0,0,0,107,107,0,14,0
1984,MIN,AL,washiro01,Ron Washington,88,46,88,80,0,0,0,9,2,71,0,0,0,0,4,12,5
1984,KCA,AL,washiul01,U. L. Washington,63,54,63,61,0,0,0,0,0,61,0,0,0,0,0,0,3
1984,KCA,AL,wathajo01,John Wathan,97,51,97,90,0,58,34,0,0,0,1,0,0,1,0,4,13
1984,ATL,NL,watsobo01,Bob Watson,49,19,49,19,0,0,19,0,0,0,0,0,0,0,0,30,0
1984,TOR,AL,webstmi01,Mitch Webster,26,2,26,11,0,0,1,0,0,0,3,7,0,10,0,7,11
1984,PHI,NL,wehrmda01,Dave Wehrmeister,7,0,7,7,7,0,0,0,0,0,0,0,0,0,0,0,0
1984,LAN,NL,welchbo01,Bob Welch,32,29,32,31,31,0,0,0,0,0,0,0,0,0,0,0,1
1984,SFN,NL,wellmbr01,Brad Wellman,93,74,93,92,0,0,0,54,9,35,0,0,0,0,0,8,2
1984,DET,AL,whitalo01,Lou Whitaker,143,131,143,142,0,0,0,142,0,0,0,0,0,0,0,7,0
1984,KCA,AL,whitefr01,Frank White,129,126,129,129,0,0,0,129,0,0,0,0,0,0,0,2,0
1984,LAN,NL,whitela01,Larry White,7,1,7,7,7,0,0,0,0,0,0,0,0,0,0,0,0
1984,MIN,AL,whitele01,Len Whitehouse,30,0,0,30,30,0,0,0,0,0,0,0,0,0,0,0,
1984,LAN,NL,whitfte01,Terry Whitfield,87,42,87,58,0,0,0,0,0,0,23,2,37,58,0,37,2
1984,SDN,NL,whitsed01,Ed Whitson,36,31,36,31,31,0,0,0,0,0,0,0,0,0,0,0,5
1984,TOR,AL,whitter01,Ernie Whitt,124,97,124,118,0,118,0,0,0,0,0,0,0,0,0,19,0
1984,HOU,NL,wieghto01,Tom Wieghaus,6,4,6,6,0,6,0,0,0,0,0,0,0,0,0,0,1
1984,SDN,NL,wiggial01,Alan Wiggins,158,155,158,157,0,0,0,157,0,0,0,0,0,0,0,1,2
1984,DET,AL,wilcomi01,Milt Wilcox,33,0,0,33,33,0,0,0,0,0,0,0,0,0,0,0,
1984,CAL,AL,wilforo01,Rob Wilfong,108,72,108,100,0,0,0,96,1,4,0,0,0,0,0,20,3
1984,TEX,AL,wilkecu01,Curt Wilkerson,153,144,153,152,0,0,0,47,0,117,0,0,0,0,0,0,2
1984,CLE,AL,willaje01,Jerry Willard,87,68,87,76,0,76,0,0,0,0,0,0,0,0,1,12,0
1984,MIN,AL,willial03,Albert Williams,17,0,0,17,17,0,0,0,0,0,0,0,0,0,0,0,
1984,CIN,NL,willica01,Carl Willis,7,0,7,7,7,0,0,0,0,0,0,0,0,0,0,0,0
1984,DET,AL,willica01,Carl Willis,10,0,1,10,10,0,0,0,0,0,0,0,0,0,0,0,0
1984,SFN,NL,willifr01,Frank Williams,61,1,61,61,61,0,0,0,0,0,0,0,0,0,0,0,0
1984,KCA,AL,willsfr01,Frank Wills,10,0,0,10,10,0,0,0,0,0,0,0,0,0,0,0,
1984,PHI,NL,wilsogl01,Glenn Wilson,132,79,132,112,0,0,0,0,4,0,92,3,18,109,0,24,5
1984,NYN,NL,wilsomo01,Mookie Wilson,154,142,154,146,0,0,0,0,0,0,0,146,0,146,0,10,2
1984,KCA,AL,wilsowi02,Willie Wilson,128,128,128,128,0,0,0,0,0,0,0,128,0,128,0,0,0
1984,NYA,AL,winfida01,Dave Winfield,141,139,141,140,0,0,0,0,0,0,1,16,127,140,0,0,1
1984,NYN,NL,winnihe01,Herm Winningham,14,4,14,10,0,0,0,0,0,0,1,9,1,10,0,5,0
1984,PHI,NL,wockejo01,John Wockenfuss,86,47,86,58,0,21,39,0,2,0,0,0,0,0,0,33,0
1984,MON,NL,wohlfji01,Jim Wohlford,95,46,95,61,0,0,0,0,2,0,44,1,14,59,0,41,0
1984,CHN,NL,woodsga01,Gary Woods,87,17,87,65,0,0,0,3,0,0,36,11,18,62,0,36,0
1984,PIT,NL,wotusro01,Ron Wotus,27,15,27,24,0,0,0,7,0,17,0,0,0,0,0,2,3
1984,TEX,AL,wrighge03,George Wright,101,98,101,80,0,0,0,0,0,0,0,54,26,80,18,2,1
1984,TEX,AL,wrighri01,Ricky Wright,8,0,0,8,8,0,0,0,0,0,0,0,0,0,0,0,
1984,NYA,AL,wynegbu01,Butch Wynegar,129,117,129,126,0,126,0,0,0,0,0,0,0,0,0,7,0
1984,PIT,NL,wynnema01,Marvell Wynne,154,154,154,154,0,0,0,0,0,0,0,154,0,154,0,0,0
1984,LAN,NL,yeagest01,Steve Yeager,74,53,74,65,0,65,0,0,0,0,0,0,0,0,0,17,0
1984,OAK,AL,youngcu01,Curt Young,20,0,0,20,20,0,0,0,0,0,0,0,0,0,0,0,
1984,SFN,NL,youngjo02,Joel Youngblood,134,122,134,129,0,0,0,5,118,0,4,0,8,12,0,8,0
1984,SEA,AL,youngma01,Matt Young,22,0,0,22,22,0,0,0,0,0,0,0,0,0,0,0,
1984,BAL,AL,youngmi01,Mike Young,123,105,123,116,0,0,0,0,0,0,40,1,85,116,0,9,5
1984,ML4,AL,yountro01,Robin Yount,160,159,160,120,0,0,0,0,0,120,0,0,0,0,39,0,1
1984,LAN,NL,zachrpa01,Pat Zachry,58,0,58,58,58,0,0,0,0,0,0,0,0,0,0,0,0
1984,PIT,NL,zaskeje01,Jeff Zaske,3,0,3,3,3,0,0,0,0,0,0,0,0,0,0,0,0
1984,ATL,NL,zuvelpa01,Paul Zuvella,11,7,11,11,0,0,0,6,0,6,0,0,0,0,0,0,1
