1986,CHN,NL,ceyro01,Ron Cey,97,75,97,77,0,0,0,0,77,0,0,0,0,0,0,20,0
1986,SLN,NL,coxda01,Danny Cox,32,32,32,32,32,0,0,0,0,0,0,0,0,0,0,0,0
1986,TOR,AL,keyji01,Jimmy Key,36,0,0,36,36,0,0,0,0,0,0,0,0,0,0,0,
1986,KCA,AL,lawru01,Rudy Law,87,75,87,77,0,0,0,0,0,0,54,3,36,77,2,11,0
1986,MON,NL,lawva01,Vance Law,112,95,112,111,3,0,20,94,13,0,0,0,1,1,0,6,0
1986,TOR,AL,leema02,Manuel Lee,35,21,35,35,0,0,0,29,2,5,0,0,0,0,0,0,0
1986,PIT,NL,rayjo01,Johnny Ray,155,144,155,151,0,0,0,151,0,0,0,0,0,0,0,10,0
1986,BOS,AL,saxda01,Dave Sax,4,3,4,3,0,2,1,0,0,0,0,0,0,0,0,1,0
1986,LAN,NL,saxst01,Steve Sax,157,154,157,154,0,0,0,154,0,0,0,0,0,0,0,3,0
1986,LAN,NL,seela01,Larry See,13,6,13,9,0,0,9,0,0,0,0,0,0,0,0,5,0
1986,BAL,AL,aasedo01,Don Aase,66,0,0,66,66,0,0,0,0,0,0,0,0,0,0,0,
1986,OAK,AL,bairdo01,Doug Bair,31,0,1,31,31,0,0,0,0,0,0,0,0,0,0,0,0
1986,HOU,NL,basske01,Kevin Bass,157,154,157,155,0,0,0,0,0,0,2,41,133,155,0,3,0
1986,CIN,NL,bellbu01,Buddy Bell,155,150,155,151,0,0,0,1,151,0,0,0,0,0,0,4,0
1986,BAL,AL,beller01,Eric Bell,4,0,0,4,4,0,0,0,0,0,0,0,0,0,0,0,
1986,TOR,AL,bellge02,George Bell,159,158,159,147,0,0,0,0,2,0,147,0,0,147,11,1,0
1986,CLE,AL,bellja01,Jay Bell,5,4,5,2,0,0,0,2,0,0,0,0,0,0,2,1,0
1986,KCA,AL,bellte01,Terry Bell,8,0,8,8,0,8,0,0,0,0,0,0,0,0,0,0,0
1986,SEA,AL,bestka01,Karl Best,26,0,0,26,26,0,0,0,0,0,0,0,0,0,0,0,
1986,SFN,NL,bluevi01,Vida Blue,28,28,28,28,28,0,0,0,0,0,0,0,0,0,0,0,0
1986,BOS,AL,boydoi01,Oil Can Boyd,30,0,0,30,30,0,0,0,0,0,0,0,0,0,0,0,
1986,MIN,AL,bushra01,Randy Bush,130,91,130,105,0,0,3,0,0,0,90,0,13,102,4,34,1
1986,DET,AL,carych01,Chuck Cary,22,0,0,22,22,0,0,0,0,0,0,0,0,0,0,0,
1986,KCA,AL,coneda01,David Cone,11,0,0,11,11,0,0,0,0,0,0,0,0,0,0,0,
1986,CAL,AL,cookmi01,Mike Cook,5,0,0,5,5,0,0,0,0,0,0,0,0,0,0,0,
1986,HOU,NL,cruzjo01,Jose Cruz,141,131,141,134,0,0,0,0,0,0,134,0,0,134,0,10,0
1986,CHA,AL,cruzju01,Julio Cruz,81,72,81,78,0,0,0,78,0,0,0,0,0,0,0,0,3
1986,ML4,AL,deerro01,Rob Deer,134,133,134,134,0,0,4,0,0,0,1,0,131,131,0,1,0
1986,CIN,NL,diazbo01,Bo Diaz,134,129,134,134,0,134,0,0,0,0,0,0,0,0,0,1,0
1986,LAN,NL,diazca01,Carlos Diaz,19,0,19,19,19,0,0,0,0,0,0,0,0,0,0,0,0
1986,ML4,AL,diazed01,Edgar Diaz,5,5,5,5,0,0,0,0,0,5,0,0,0,0,0,0,0
1986,PIT,NL,diazmi01,Mike Diaz,97,52,97,63,0,1,20,0,5,0,37,0,1,38,0,40,0
1986,BAL,AL,doddto01,Tom Dodd,8,1,8,1,0,0,0,0,1,0,0,0,0,0,1,7,0
1986,KCA,AL,farrst01,Steve Farr,56,0,0,56,56,0,0,0,0,0,0,0,0,0,0,0,
1986,CHA,AL,fiskca01,Carlton Fisk,125,115,125,98,0,71,0,0,0,0,31,0,0,31,21,8,0
1986,SLN,NL,fordcu01,Curt Ford,85,49,85,64,0,0,0,0,0,0,24,0,40,64,0,32,1
1986,HOU,NL,funkto01,Tom Funk,8,0,8,8,8,0,0,0,0,0,0,0,0,0,0,0,0
1986,SFN,NL,gottji01,Jim Gott,9,2,9,9,9,0,0,0,0,0,0,0,0,0,0,2,0
1986,OAK,AL,haasmo01,Moose Haas,12,0,0,12,12,0,0,0,0,0,0,0,0,0,0,0,
1986,ATL,NL,hallal02,Albert Hall,16,14,16,14,0,0,0,0,0,0,0,0,14,14,0,1,1
1986,CHN,NL,halldr01,Drew Hall,5,4,5,5,5,0,0,0,0,0,0,0,0,0,0,0,0
1986,CLE,AL,hallme01,Mel Hall,140,114,140,126,0,0,0,0,0,0,123,0,14,126,1,25,0
1986,NYN,NL,heepda01,Danny Heep,86,50,86,56,0,0,0,0,0,0,44,0,13,56,0,34,0
1986,SLN,NL,herrto01,Tom Herr,152,150,152,152,0,0,0,152,0,0,0,0,0,0,0,1,0
1986,OAK,AL,hilldo01,Donnie Hill,108,83,108,96,0,0,0,68,33,2,0,0,0,0,1,16,1
1986,CHA,AL,hillma01,Marc Hill,22,6,22,22,0,22,0,0,0,0,0,0,0,0,0,0,0
1986,SDN,NL,hoytla01,LaMarr Hoyt,35,25,35,35,35,0,0,0,0,0,0,0,0,0,0,0,0
1986,PHI,NL,humeto01,Tom Hume,48,1,48,48,48,0,0,0,0,0,0,0,0,0,0,1,0
1986,MON,NL,huntra01,Randy Hunt,21,17,21,21,0,21,0,0,0,0,0,0,0,0,0,0,0
1986,SDN,NL,iorgda01,Dane Iorg,90,7,90,20,2,0,10,0,6,0,3,0,0,3,0,75,0
1986,TOR,AL,iorgga01,Garth Iorg,137,77,137,135,0,0,0,52,90,2,0,0,0,0,0,33,3
1986,NYA,AL,johnto01,Tommy John,13,0,0,13,13,0,0,0,0,0,0,0,0,0,0,0,
1986,PIT,NL,kempst01,Steve Kemp,13,3,13,4,0,0,0,0,0,0,4,0,0,4,0,9,0
1986,CLE,AL,kernji01,Jim Kern,16,0,0,16,16,0,0,0,0,0,0,0,0,0,0,0,
1986,DET,AL,kinger01,Eric King,33,0,0,33,33,0,0,0,0,0,0,0,0,0,0,0,
1986,SDN,NL,krukjo01,John Kruk,122,68,122,80,0,0,9,0,0,0,70,0,6,74,0,42,3
1986,BAL,AL,lacyle01,Lee Lacy,130,116,130,120,0,0,0,0,0,0,0,0,120,120,0,13,0
1986,SEA,AL,laddpe01,Pete Ladd,52,0,1,52,52,0,0,0,0,0,0,0,0,0,0,0,0
1986,SLN,NL,lagami01,Mike Laga,18,11,18,16,0,0,16,0,0,0,0,0,0,0,0,6,0
1986,DET,AL,lagami01,Mike Laga,15,12,15,12,0,0,12,0,0,0,0,0,0,0,1,2,0
1986,CHN,NL,lakest01,Steve Lake,10,4,10,10,0,10,0,0,0,0,0,0,0,0,0,0,1
1986,SLN,NL,lakest01,Steve Lake,26,14,26,26,0,26,0,0,0,0,0,0,0,0,0,1,0
1986,TOR,AL,lampde01,Dennis Lamp,40,0,0,40,40,0,0,0,0,0,0,0,0,0,0,0,
1986,PHI,NL,legggr01,Greg Legg,11,3,11,5,0,0,0,4,0,1,0,0,0,0,0,6,0
1986,CAL,AL,lugour01,Urbano Lugo,6,0,0,6,6,0,0,0,0,0,0,0,0,0,0,0,
1986,BAL,AL,lynnfr01,Fred Lynn,112,104,112,107,0,0,0,0,0,0,0,107,0,107,0,8,0
1986,KCA,AL,ortajo01,Jorge Orta,106,83,106,0,0,0,0,0,0,0,0,0,0,0,83,22,1
1986,SEA,AL,owensp01,Spike Owen,112,112,112,112,0,0,0,0,0,112,0,0,0,0,0,0,0
1986,BOS,AL,owensp01,Spike Owen,42,41,42,42,0,0,0,0,0,42,0,0,0,0,0,0,1
1986,LAN,NL,penaal01,Alejandro Pe単a,24,10,24,24,24,0,0,0,0,0,0,0,0,0,0,0,0
1986,HOU,NL,penabe01,Bert Pe単a,15,9,15,13,0,0,0,1,2,10,0,0,0,0,0,2,1
1986,PIT,NL,penahi01,Hipolito Pe単a,10,1,10,10,10,0,0,0,0,0,0,0,0,0,0,0,0
1986,PIT,NL,penato01,Tony Pe単a,144,135,144,141,0,139,4,0,0,0,0,0,0,0,0,7,1
1986,HOU,NL,puhlte01,Terry Puhl,81,39,81,47,0,0,0,0,0,0,5,0,42,47,0,35,1
1986,SEA,AL,reedje01,Jerry Reed,11,0,1,11,11,0,0,0,0,0,0,0,0,0,0,0,0
1986,MIN,AL,reedje02,Jeff Reed,68,49,68,64,0,64,0,0,0,0,0,0,0,0,0,8,0
1986,BOS,AL,riceji01,Jim Rice,157,157,157,156,0,0,0,0,0,0,156,0,0,156,1,0,0
1986,OAK,AL,rijojo01,Jose Rijo,39,0,0,39,39,0,0,0,0,0,0,0,0,0,0,0,
1986,CLE,AL,rohnda01,Dan Rohn,6,2,6,4,0,0,0,2,2,1,0,0,0,0,0,2,0
1986,CIN,NL,rosepe01,Pete Rose,72,61,72,61,0,0,61,0,0,0,0,0,0,0,0,11,0
1986,CAL,AL,ryalma01,Mark Ryal,13,6,13,10,0,0,4,0,0,0,0,0,6,6,0,6,0
1986,HOU,NL,ryanno01,Nolan Ryan,30,30,30,30,30,0,0,0,0,0,0,0,0,0,0,0,0
1986,PHI,NL,schuri01,Rick Schu,92,42,92,58,0,0,0,0,58,0,0,0,0,0,0,36,1
1986,SDN,NL,shower01,Eric Show,24,22,24,24,24,0,0,0,0,0,0,0,0,0,0,0,0
1986,NYN,NL,siskdo01,Doug Sisk,41,0,41,41,41,0,0,0,0,0,0,0,0,0,0,0,0
1986,SLN,NL,soffra01,Ray Soff,30,0,30,30,30,0,0,0,0,0,0,0,0,0,0,0,0
1986,CIN,NL,sotoma01,Mario Soto,20,20,20,20,20,0,0,0,0,0,0,0,0,0,0,0,0
1986,HOU,NL,thondi01,Dickie Thon,106,76,106,104,0,0,0,0,0,104,0,0,0,0,0,24,1
1986,PIT,NL,walkbo01,Bob Walk,44,15,44,44,44,0,0,0,0,0,0,0,0,0,0,0,0
1986,TOR,AL,warddu01,Duane Ward,2,0,0,2,2,0,0,0,0,0,0,0,0,0,0,0,
1986,ATL,NL,warddu01,Duane Ward,10,0,10,10,10,0,0,0,0,0,0,0,0,0,0,0,0
1986,TEX,AL,wardga01,Gary Ward,105,102,105,104,0,0,0,0,0,0,102,4,0,104,1,0,1
1986,HOU,NL,winero01,Robbie Wine,9,1,9,8,0,8,0,0,0,0,0,0,0,0,0,1,0
1986,PIT,NL,winnji01,Jim Winn,50,3,50,50,50,0,0,0,0,0,0,0,0,0,0,0,0
1986,TEX,AL,wittbo01,Bobby Witt,31,0,0,31,31,0,0,0,0,0,0,0,0,0,0,0,
1986,CAL,AL,wittmi01,Mike Witt,34,0,1,34,34,0,0,0,0,0,0,0,0,0,0,0,0
1986,CLE,AL,yettri01,Rich Yett,39,0,0,39,39,0,0,0,0,0,0,0,0,0,0,0,
1986,TOR,AL,ackerji01,Jim Acker,23,0,0,23,23,0,0,0,0,0,0,0,0,0,0,0,
1986,ATL,NL,ackerji01,Jim Acker,21,14,21,21,21,0,0,0,0,0,0,0,0,0,0,0,0
1986,ML4,AL,adducji01,Jim Adduci,3,3,3,3,0,0,3,0,0,0,0,0,0,0,0,0,0
1986,MIN,AL,agostju01,Juan Agosto,17,0,0,17,17,0,0,0,0,0,0,0,0,0,0,0,
1986,CHA,AL,agostju01,Juan Agosto,9,0,0,9,9,0,0,0,0,0,0,0,0,0,0,0,
1986,PHI,NL,aguaylu01,Luis Aguayo,62,30,62,49,0,0,0,31,1,20,0,0,0,0,0,16,3
1986,NYN,NL,aguilri01,Rick Aguilera,32,20,32,28,28,0,0,0,0,0,0,0,0,0,0,4,0
1986,OAK,AL,akerfda01,Darrel Akerfelds,2,0,1,2,2,0,0,0,0,0,0,0,0,0,0,0,0
1986,SFN,NL,aldremi01,Mike Aldrete,84,55,84,67,0,0,37,0,0,0,30,0,2,31,0,20,2
1986,ATL,NL,alexado01,Doyle Alexander,18,17,18,17,17,0,0,0,0,0,0,0,0,0,0,1,0
1986,TOR,AL,alexado01,Doyle Alexander,17,0,0,17,17,0,0,0,0,0,0,0,0,0,0,0,
1986,CLE,AL,allanan01,Andy Allanson,101,91,101,99,0,99,0,0,0,0,0,0,0,0,0,0,2
1986,CHA,AL,allenne01,Neil Allen,22,0,0,22,22,0,0,0,0,0,0,0,0,0,0,0,
1986,PIT,NL,almonbi01,Bill Almon,102,41,102,83,0,0,4,0,28,19,53,0,2,54,0,30,11
1986,LAN,NL,amelued01,Ed Amelung,8,1,8,4,0,0,0,0,0,0,0,2,2,4,0,4,0
1986,MIN,AL,anderal02,Allan Anderson,22,0,1,21,21,0,0,0,0,0,0,0,0,0,0,0,1
1986,LAN,NL,anderda02,Dave Anderson,92,57,92,89,0,0,0,5,52,34,0,0,0,0,0,5,10
1986,HOU,NL,anderla02,Larry Andersen,38,0,38,38,38,0,0,0,0,0,0,0,0,0,0,0,0
1986,PHI,NL,anderla02,Larry Andersen,10,0,10,10,10,0,0,0,0,0,0,0,0,0,0,0,0
1986,NYN,NL,anderri02,Rick Anderson,15,5,15,15,15,0,0,0,0,0,0,0,0,0,0,0,0
1986,OAK,AL,andujjo01,Joaquin Andujar,28,0,0,28,28,0,0,0,0,0,0,0,0,0,0,0,
1986,TOR,AL,aquinlu01,Luis Aquino,7,0,0,7,7,0,0,0,0,0,0,0,0,0,0,0,
1986,BOS,AL,armasto01,Tony Armas,121,116,121,117,0,0,0,0,0,0,9,108,19,117,0,4,0
1986,NYA,AL,armstmi01,Mike Armstrong,7,0,0,7,7,0,0,0,0,0,0,0,0,0,0,0,
1986,BAL,AL,arnolto01,Tony Arnold,11,0,0,11,11,0,0,0,0,0,0,0,0,0,0,0,
1986,NYA,AL,arnsbbr01,Brad Arnsberg,2,0,0,2,2,0,0,0,0,0,0,0,0,0,0,0,
1986,OAK,AL,arroyfe01,Fernando Arroyo,1,0,0,1,1,0,0,0,0,0,0,0,0,0,0,0,
1986,SDN,NL,asadora01,Randy Asadoor,15,15,15,15,0,0,0,2,15,0,0,0,0,0,0,0,0
1986,HOU,NL,ashbyal01,Alan Ashby,120,86,120,102,0,102,0,0,0,0,0,0,0,0,0,23,0
1986,ATL,NL,assenpa01,Paul Assenmacher,61,0,61,61,61,0,0,0,0,0,0,0,0,0,0,0,0
1986,OAK,AL,atherke01,Keith Atherton,13,0,0,13,13,0,0,0,0,0,0,0,0,0,0,0,
1986,MIN,AL,atherke01,Keith Atherton,47,0,3,47,47,0,0,0,0,0,0,0,0,0,0,0,0
1986,NYN,NL,backmwa01,Wally Backman,124,92,124,113,0,0,0,113,0,0,0,0,0,0,0,18,3
1986,HOU,NL,bailema01,Mark Bailey,57,45,57,53,0,53,1,0,0,0,0,0,0,0,0,6,0
1986,CLE,AL,bailesc01,Scott Bailes,62,0,1,62,62,0,0,0,0,0,0,0,0,0,0,0,0
1986,CHA,AL,baineha01,Harold Baines,145,144,145,141,0,0,0,0,0,0,0,0,141,141,3,1,0
1986,DET,AL,bakerdo01,Doug Baker,13,9,13,12,0,0,0,2,0,10,0,0,0,0,0,1,0
1986,OAK,AL,bakerdu01,Dusty Baker,83,68,83,55,0,0,3,0,0,0,36,0,20,55,15,15,0
1986,KCA,AL,balbost01,Steve Balboni,138,136,138,137,0,0,137,0,0,0,0,0,0,0,0,2,0
1986,CHN,NL,balleja01,Jay Baller,36,0,36,36,36,0,0,0,0,0,0,0,0,0,0,0,0
1986,CLE,AL,bandoch01,Chris Bando,92,72,92,86,0,86,0,0,0,0,0,0,0,0,0,13,0
1986,KCA,AL,bankhsc01,Scott Bankhead,24,0,0,24,24,0,0,0,0,0,0,0,0,0,0,0,
1986,CHA,AL,bannifl01,Floyd Bannister,28,0,0,28,28,0,0,0,0,0,0,0,0,0,0,0,
1986,TOR,AL,barfije01,Jesse Barfield,158,156,158,157,0,0,0,0,0,0,0,18,147,157,0,1,1
1986,SLN,NL,bargagr01,Greg Bargar,22,0,22,22,22,0,0,0,0,0,0,0,0,0,0,0,0
1986,BOS,AL,barrema02,Marty Barrett,158,158,158,158,0,0,0,158,0,0,0,0,0,0,0,0,0
1986,OAK,AL,bathebi01,Bill Bathe,39,34,39,39,0,39,0,0,0,0,0,0,0,0,0,0,0
1986,BOS,AL,baylodo01,Don Baylor,160,159,160,16,0,0,13,0,0,0,3,0,0,3,143,1,0
1986,MIN,AL,beanebi01,Billy Beane,80,50,80,67,0,0,0,0,0,0,64,5,1,67,3,12,6
1986,SEA,AL,beattji01,Jim Beattie,9,0,0,9,9,0,0,0,0,0,0,0,0,0,0,0,
1986,LAN,NL,beckwjo01,Joe Beckwith,15,0,15,15,15,0,0,0,0,0,0,0,0,0,0,0,0
1986,PHI,NL,bedrost01,Steve Bedrosian,68,0,68,68,68,0,0,0,0,0,0,0,0,0,0,0,0
1986,PIT,NL,bellira01,Rafael Belliard,117,100,117,112,0,0,0,23,0,96,0,0,0,0,0,5,3
1986,ATL,NL,benedbr01,Bruce Benedict,64,49,64,57,0,57,0,0,0,0,0,0,0,0,0,7,0
1986,BAL,AL,beniqju01,Juan Beniquez,113,87,113,88,0,0,14,0,25,0,44,3,9,54,9,25,0
1986,NYN,NL,berenbr01,Bruce Berenyi,14,7,14,14,14,0,0,0,0,0,0,0,0,0,0,0,0
1986,SFN,NL,berenju01,Juan Berenguer,46,4,46,46,46,0,0,0,0,0,0,0,0,0,0,0,0
1986,DET,AL,bergmda01,Dave Bergman,65,28,65,43,0,0,41,0,0,0,1,0,1,2,0,29,0
1986,CLE,AL,bernato01,Tony Bernazard,146,144,146,146,0,0,0,146,0,0,0,0,0,0,0,1,0
1986,NYA,AL,berrada01,Dale Berra,42,35,42,35,0,0,0,0,18,19,0,0,0,0,4,3,1
1986,KCA,AL,biancbu01,Buddy Biancalana,100,67,100,99,0,0,0,12,0,89,0,0,0,0,0,0,8
1986,PIT,NL,bielemi01,Mike Bielecki,31,27,31,31,31,0,0,0,0,0,0,0,0,0,0,0,0
1986,MON,NL,bilarda01,Dann Bilardello,79,55,79,77,0,77,0,0,0,0,0,0,0,0,0,3,1
1986,ML4,AL,birkbmi01,Mike Birkbeck,7,0,0,7,7,0,0,0,0,0,0,0,0,0,0,0,
1986,OAK,AL,birtsti01,Tim Birtsas,2,0,0,2,2,0,0,0,0,0,0,0,0,0,0,0,
1986,PHI,NL,bittije01,Jeff Bittiger,3,3,3,3,3,0,0,0,0,0,0,0,0,0,0,0,0
1986,KCA,AL,blackbu02,Buddy Black,56,0,0,56,56,0,0,0,0,0,0,0,0,0,0,0,
1986,MIN,AL,blylebe01,Bert Blyleven,36,0,0,36,36,0,0,0,0,0,0,0,0,0,0,0,
1986,OAK,AL,bochtbr01,Bruce Bochte,125,106,125,115,0,0,115,0,0,0,0,0,0,0,0,15,0
1986,SDN,NL,bochybr01,Bruce Bochy,63,30,63,48,0,48,0,0,0,0,0,0,0,0,0,23,0
1986,SFN,NL,bockura01,Randy Bockus,6,0,6,6,5,0,0,0,0,0,1,0,1,1,0,1,0
1986,BAL,AL,boddimi01,Mike Boddicker,33,0,0,33,33,0,0,0,0,0,0,0,0,0,0,0,
1986,SLN,NL,boevejo01,Joe Boever,11,0,11,11,11,0,0,0,0,0,0,0,0,0,0,0,0
1986,BOS,AL,boggswa01,Wade Boggs,149,148,149,149,0,0,0,0,149,0,0,0,0,0,0,1,0
1986,PIT,NL,bondsba01,Barry Bonds,113,108,113,110,0,0,0,0,0,0,0,110,0,110,0,3,1
1986,PIT,NL,bonilbo01,Bobby Bonilla,63,47,63,55,0,0,4,0,4,0,37,6,24,51,0,12,0
1986,CHA,AL,bonilbo01,Bobby Bonilla,75,64,75,71,0,0,30,0,0,0,39,4,4,43,0,9,1
1986,BAL,AL,bonilju01,Juan Bonilla,102,74,102,98,0,0,0,70,33,0,0,0,0,0,0,10,1
1986,SEA,AL,bonneba01,Barry Bonnell,17,11,17,15,0,0,8,0,0,0,9,0,0,9,1,3,1
1986,SDN,NL,bookegr01,Greg Booker,9,0,9,9,9,0,0,0,0,0,0,0,0,0,0,0,0
1986,CAL,AL,boonebo01,Bob Boone,144,137,144,144,0,144,0,0,0,0,0,0,0,0,0,1,0
1986,BAL,AL,bordiri01,Rich Bordi,52,0,0,52,52,0,0,0,0,0,0,0,0,0,0,0,
1986,ML4,AL,bosioch01,Chris Bosio,10,0,0,10,10,0,0,0,0,0,0,0,0,0,0,0,
1986,CHN,NL,bosleth01,Thad Bosley,87,11,87,41,0,0,0,0,0,0,32,2,8,41,0,64,0
1986,CHA,AL,bostoda01,Daryl Boston,56,52,56,53,0,0,0,0,0,0,0,53,0,53,0,1,3
1986,SEA,AL,bradlph01,Phil Bradley,143,139,143,140,0,0,0,0,0,0,138,5,0,140,0,3,0
1986,CHA,AL,bradlsc01,Scott Bradley,9,6,9,1,0,0,0,0,0,0,1,0,0,1,6,3,0
1986,SEA,AL,bradlsc01,Scott Bradley,68,51,68,59,0,59,0,0,0,0,0,0,0,0,2,17,0
1986,ML4,AL,bragggl01,Glenn Braggs,58,56,58,56,0,0,0,0,0,0,51,3,5,56,2,1,0
1986,SEA,AL,brantmi01,Mickey Brantley,27,25,27,25,0,0,0,0,0,0,1,25,0,25,0,2,0
1986,PIT,NL,breamsi01,Sid Bream,154,137,154,153,0,0,153,0,0,0,2,0,0,2,0,6,0
1986,SFN,NL,brenlbo01,Bob Brenly,149,129,149,147,0,102,19,0,45,0,0,0,0,0,0,9,0
1986,KCA,AL,brettge01,George Brett,124,122,124,115,0,0,0,0,115,2,0,0,0,0,7,2,0
1986,KCA,AL,brewemi01,Mike Brewer,12,4,12,9,0,0,0,0,0,0,0,0,9,9,0,2,1
1986,LAN,NL,brockgr01,Greg Brock,115,84,115,99,0,0,99,0,0,0,0,0,0,0,0,26,0
1986,MON,NL,brookhu01,Hubie Brooks,80,80,80,80,0,0,0,0,0,80,0,0,0,0,0,0,0
1986,DET,AL,brookto01,Tom Brookens,98,77,98,80,0,0,0,31,35,14,0,1,3,3,11,8,5
1986,TEX,AL,browebo01,Bob Brower,21,2,21,17,0,0,0,0,0,0,16,1,1,17,0,1,8
1986,SFN,NL,brownch02,Chris Brown,116,111,116,112,0,0,0,0,112,2,0,0,0,0,0,1,3
1986,MON,NL,browncu03,Curt Brown,6,0,6,6,6,0,0,0,0,0,0,0,0,0,0,0,0
1986,TEX,AL,brownje01,Jerry Browne,12,5,12,8,0,0,0,8,0,0,0,0,0,0,0,1,3
1986,TEX,AL,brownke01,Kevin Brown,1,0,0,1,1,0,0,0,0,0,0,0,0,0,0,0,
1986,SEA,AL,brownmi01,Mike Brown,6,0,0,6,6,0,0,0,0,0,0,0,0,0,0,0,
1986,BOS,AL,brownmi01,Mike Brown,15,0,0,15,15,0,0,0,0,0,0,0,0,0,0,0,
1986,PIT,NL,brownmi02,Mike Brown,87,63,87,71,0,0,0,0,0,0,0,0,71,71,0,21,1
1986,CIN,NL,brownto05,Tom Browning,46,39,46,39,39,0,0,0,0,0,0,0,0,0,0,0,7
1986,MIN,AL,brunato01,Tom Brunansky,157,151,157,152,0,0,0,0,0,0,0,1,152,152,1,6,0
1986,LAN,NL,bryanra01,Ralph Bryant,27,21,27,26,0,0,0,0,0,0,0,0,26,26,0,3,0
1986,CAL,AL,brydetr01,T. R. Bryden,16,0,0,16,16,0,0,0,0,0,0,0,0,0,0,0,
1986,BOS,AL,bucknbi01,Bill Buckner,153,153,153,138,0,0,138,0,0,0,0,0,0,0,15,0,0
1986,TEX,AL,buechst01,Steve Buechele,153,140,153,152,0,0,0,33,137,0,1,0,0,1,0,2,2
1986,HOU,NL,bulloer01,Eric Bullock,6,6,6,6,0,0,0,0,0,0,6,0,0,6,0,0,0
1986,MON,NL,burketi01,Tim Burke,68,2,68,68,68,0,0,0,0,0,0,0,0,0,0,0,0
1986,CAL,AL,burleri01,Rick Burleson,93,72,93,47,0,0,0,6,4,37,0,0,0,0,35,14,4
1986,SLN,NL,burrira01,Ray Burris,23,10,23,23,23,0,0,0,0,0,0,0,0,0,0,0,0
1986,MIN,AL,burttde01,Dennis Burtt,3,0,0,3,3,0,0,0,0,0,0,0,0,0,0,0,
1986,CLE,AL,butchjo01,John Butcher,13,0,0,13,13,0,0,0,0,0,0,0,0,0,0,0,
1986,MIN,AL,butchjo01,John Butcher,16,0,0,16,16,0,0,0,0,0,0,0,0,0,0,0,
1986,CIN,NL,butersa01,Sal Butera,56,31,56,54,1,53,0,0,0,0,0,0,0,0,0,3,0
1986,CLE,AL,butlebr01,Brett Butler,161,151,161,159,0,0,0,0,0,0,0,159,0,159,0,3,2
1986,LAN,NL,cabelen01,Enos Cabell,107,64,107,81,0,0,61,0,7,0,2,1,13,16,0,39,1
1986,CHA,AL,caldeiv01,Ivan Calderon,13,8,13,5,0,0,0,0,0,0,5,0,0,5,5,4,1
1986,SEA,AL,caldeiv01,Ivan Calderon,37,32,37,32,0,0,0,0,0,0,2,2,31,32,0,5,0
1986,HOU,NL,calhoje01,Jeff Calhoun,20,0,20,20,20,0,0,0,0,0,0,0,0,0,0,0,0
1986,CLE,AL,camacer01,Ernie Camacho,51,0,0,51,51,0,0,0,0,0,0,0,0,0,0,0,
1986,DET,AL,campbbi02,Bill Campbell,34,0,1,34,34,0,0,0,0,0,0,0,0,0,0,0,0
1986,MON,NL,candaca01,Casey Candaele,30,22,30,24,0,0,0,24,4,0,0,0,0,0,0,4,3
1986,CAL,AL,candejo01,John Candelaria,16,0,0,16,16,0,0,0,0,0,0,0,0,0,0,0,
1986,CLE,AL,candito01,Tom Candiotti,36,0,0,36,36,0,0,0,0,0,0,0,0,0,0,0,
1986,CHA,AL,cangejo01,John Cangelosi,137,116,137,129,0,0,0,0,0,0,29,98,5,129,0,1,12
1986,OAK,AL,cansejo01,Jose Canseco,157,156,157,155,0,0,0,0,0,0,124,0,46,155,1,1,0
1986,PHI,NL,carltst01,Steve Carlton,16,16,16,16,16,0,0,0,0,0,0,0,0,0,0,0,0
1986,CHA,AL,carltst01,Steve Carlton,10,0,0,10,10,0,0,0,0,0,0,0,0,0,0,0,
1986,SFN,NL,carltst01,Steve Carlton,6,6,6,6,6,0,0,0,0,0,0,0,0,0,0,0,0
1986,PHI,NL,carmado01,Don Carman,50,14,50,50,50,0,0,0,0,0,0,0,0,0,0,0,0
1986,NYN,NL,cartega01,Gary Carter,132,131,132,131,0,122,9,0,1,0,2,0,2,4,0,1,0
1986,CLE,AL,cartejo01,Joe Carter,162,160,162,160,0,0,70,0,0,0,45,9,78,104,0,2,0
1986,CLE,AL,castica01,Carmelo Castillo,85,55,85,37,0,0,0,0,0,0,0,0,37,37,24,22,7
1986,ML4,AL,castiju01,Juan Castillo,26,17,26,23,0,0,0,17,2,4,0,0,0,0,0,0,4
1986,TOR,AL,caudibi01,Bill Caudill,40,0,0,40,40,0,0,0,0,0,0,0,0,0,0,0,
1986,LAN,NL,cedence01,Cesar Cedeno,37,20,37,31,0,0,0,0,0,0,28,3,0,31,0,13,0
1986,ML4,AL,ceronri01,Rick Cerone,68,66,68,68,0,68,0,0,0,0,0,0,0,0,0,0,0
1986,TOR,AL,cerutjo01,John Cerutti,34,0,0,34,34,0,0,0,0,0,0,0,0,0,0,0,
1986,CAL,AL,chadwra01,Ray Chadwick,7,0,0,7,7,0,0,0,0,0,0,0,0,0,0,0,
1986,ATL,NL,chambch01,Chris Chambliss,97,12,97,20,0,0,20,0,0,0,0,0,0,0,0,80,0
1986,PHI,NL,childro01,Rocky Childress,2,0,2,2,2,0,0,0,0,0,0,0,0,0,0,0,0
1986,CHN,NL,chrisst01,Steve Christmas,3,2,3,2,0,1,1,0,0,0,0,0,0,0,0,1,0
1986,TOR,AL,clancji01,Jim Clancy,34,0,0,34,34,0,0,0,0,0,0,0,0,0,0,0,
1986,CHA,AL,clarkbr01,Bryan Clark,5,0,0,5,5,0,0,0,0,0,0,0,0,0,0,0,
1986,CLE,AL,clarkda05,Dave Clark,18,15,18,10,0,0,0,0,0,0,0,0,10,10,6,2,1
1986,SLN,NL,clarkja01,Jack Clark,65,64,65,64,0,0,64,0,0,0,0,0,0,0,0,1,0
1986,TOR,AL,clarkst02,Stan Clarke,10,0,0,10,10,0,0,0,0,0,0,0,0,0,0,0,
1986,SFN,NL,clarkwi02,Will Clark,111,99,111,102,0,0,102,0,0,0,0,0,0,0,0,11,0
1986,ML4,AL,clearma01,Mark Clear,59,0,0,59,59,0,0,0,0,0,0,0,0,0,0,0,
1986,PIT,NL,clemepa01,Pat Clements,65,0,65,65,65,0,0,0,0,0,0,0,0,0,0,0,0
1986,BOS,AL,clemero02,Roger Clemens,33,0,0,33,33,0,0,0,0,0,0,0,0,0,0,0,
1986,ML4,AL,cluttbr01,Bryan Clutterbuck,20,0,0,20,20,0,0,0,0,0,0,0,0,0,0,0,
1986,ML4,AL,cocanja01,Jaime Cocanower,17,0,0,17,17,0,0,0,0,0,0,0,0,0,0,0,
1986,CHA,AL,cochrda01,Dave Cochrane,19,18,19,19,0,0,0,0,18,1,0,0,0,0,0,0,0
1986,OAK,AL,codirch01,Chris Codiroli,16,0,0,16,16,0,0,0,0,0,0,0,0,0,0,0,
1986,SLN,NL,colemvi01,Vince Coleman,154,145,154,149,0,0,0,0,0,0,131,20,0,149,0,2,5
1986,DET,AL,colesda01,Darnell Coles,142,137,142,134,0,0,0,0,133,2,0,0,2,2,7,1,0
1986,DET,AL,collida02,Dave Collins,124,112,124,94,0,0,0,0,0,0,76,10,11,94,23,11,0
1986,CIN,NL,conceda01,Dave Concepcion,90,77,90,83,0,0,12,10,10,60,0,0,0,0,0,9,0
1986,SLN,NL,conroti01,Tim Conroy,26,21,26,25,25,0,0,0,0,0,0,0,0,0,0,1,0
1986,ML4,AL,coopece01,Cecil Cooper,134,132,134,90,0,0,90,0,0,0,0,0,0,0,43,2,0
1986,CAL,AL,corbedo01,Doug Corbett,46,0,1,46,46,0,0,0,0,0,0,0,0,0,0,0,0
1986,NYN,NL,corcoti01,Tim Corcoran,6,1,6,1,0,0,1,0,0,0,0,0,0,0,0,5,0
1986,TEX,AL,correed01,Ed Correa,32,0,0,32,32,0,0,0,0,0,0,0,0,0,0,0,
1986,NYA,AL,cottohe01,Henry Cotto,35,19,35,29,0,0,0,0,0,0,11,19,0,29,0,3,5
1986,SEA,AL,cowenal01,Al Cowens,28,18,28,19,0,0,0,0,0,0,1,0,18,19,1,8,1
1986,CHA,AL,cowlejo01,Joe Cowley,28,0,1,27,27,0,0,0,0,0,0,0,0,0,0,0,1
1986,CHA,AL,craigro02,Rod Craig,10,0,10,2,0,0,0,0,0,0,1,0,1,2,0,10,0
1986,BOS,AL,crawfst01,Steve Crawford,40,0,0,40,40,0,0,0,0,0,0,0,0,0,0,0,
1986,CIN,NL,danieka01,Kal Daniels,74,42,74,47,0,0,0,0,0,0,47,0,0,47,0,29,1
1986,NYN,NL,darliro01,Ron Darling,34,34,34,34,34,0,0,0,0,0,0,0,0,0,0,0,0
1986,ML4,AL,darwida01,Danny Darwin,27,0,0,27,27,0,0,0,0,0,0,0,0,0,0,0,
1986,HOU,NL,darwida01,Danny Darwin,12,8,12,12,12,0,0,0,0,0,0,0,0,0,0,0,0
1986,PHI,NL,daultda01,Darren Daulton,49,44,49,48,0,48,0,0,0,0,0,0,0,0,0,3,0
1986,MIN,AL,davidan01,Andre David,5,0,5,0,0,0,0,0,0,0,0,0,0,0,0,5,0
1986,MIN,AL,davidma01,Mark Davidson,36,18,36,31,0,0,0,0,0,0,20,5,7,31,1,2,8
1986,SEA,AL,davisal01,Alvin Davis,135,131,135,101,0,0,101,0,0,0,0,0,0,0,32,4,0
1986,SFN,NL,davisch01,Chili Davis,153,145,153,148,0,0,0,0,0,0,0,53,117,148,0,8,0
1986,CIN,NL,daviser01,Eric Davis,132,109,132,121,0,0,0,0,0,0,72,71,16,121,0,4,13
1986,HOU,NL,davisgl01,Glenn Davis,158,156,158,156,0,0,156,0,0,0,0,0,0,0,0,2,0
1986,CHN,NL,davisjo02,Jody Davis,148,141,148,146,0,145,1,0,0,0,0,0,0,0,0,4,0
1986,CHA,AL,davisjo03,Joel Davis,19,0,0,19,19,0,0,0,0,0,0,0,0,0,0,0,
1986,SFN,NL,davisma01,Mark Davis,67,2,67,67,67,0,0,0,0,0,0,0,0,0,0,0,0
1986,OAK,AL,davismi02,Mike Davis,142,128,142,139,0,0,0,0,0,0,0,34,120,139,0,7,2
1986,MIN,AL,davisro02,Ron Davis,36,0,1,36,36,0,0,0,0,0,0,0,0,0,0,0,0
1986,CHN,NL,davisro02,Ron Davis,17,0,17,17,17,0,0,0,0,0,0,0,0,0,0,0,0
1986,BAL,AL,davisst02,Storm Davis,25,0,0,25,25,0,0,0,0,0,0,0,0,0,0,0,
1986,TOR,AL,davisst03,Steve Davis,3,0,0,3,3,0,0,0,0,0,0,0,0,0,0,0,
1986,PIT,NL,davistr01,Trench Davis,15,4,15,7,0,0,0,0,0,0,0,7,0,7,0,8,1
1986,CHA,AL,dawlebi01,Bill Dawley,46,0,1,46,46,0,0,0,0,0,0,0,0,0,0,0,0
1986,MON,NL,dawsoan01,Andre Dawson,130,124,130,127,0,0,0,0,0,0,0,0,127,127,0,5,0
1986,CHN,NL,dayetbr01,Brian Dayett,24,15,24,24,0,0,0,0,0,0,15,1,12,24,0,1,1
1986,SLN,NL,dayleke01,Ken Dayley,32,0,32,31,31,0,0,0,0,0,0,0,0,0,0,1,0
1986,CAL,AL,decindo01,Doug DeCinces,140,131,140,132,0,0,0,0,132,1,0,0,0,0,3,8,1
1986,ATL,NL,dedmoje01,Jeff Dedmon,57,0,57,57,57,0,0,0,0,0,1,0,0,1,0,0,0
1986,NYA,AL,dejesiv01,Ivan de Jesus,7,2,7,7,0,0,0,0,0,7,0,0,0,0,0,0,1
1986,PIT,NL,deleojo01,Jose DeLeon,9,1,9,9,9,0,0,0,0,0,0,0,0,0,0,0,0
1986,CHA,AL,deleojo01,Jose DeLeon,13,0,0,13,13,0,0,0,0,0,0,0,0,0,0,0,
1986,BAL,AL,dempsri01,Rick Dempsey,122,101,122,121,0,121,0,0,0,0,0,0,0,0,0,10,1
1986,CIN,NL,dennyjo01,John Denny,27,27,27,27,27,0,0,0,0,0,0,0,0,0,0,0,0
1986,CHN,NL,dernibo01,Bob Dernier,108,82,108,105,0,0,0,0,0,0,0,105,0,105,0,2,8
1986,HOU,NL,deshaji01,Jim Deshaies,26,26,26,26,26,0,0,0,0,0,0,0,0,0,0,0,0
1986,CHN,NL,dipinfr01,Frank DiPino,30,0,30,30,30,0,0,0,0,0,0,0,0,0,0,0,0
1986,HOU,NL,dipinfr01,Frank DiPino,31,0,31,31,31,0,0,0,0,0,0,0,0,0,0,0,0
1986,PIT,NL,distebe01,Benny Distefano,31,5,31,10,0,0,1,0,0,0,0,0,9,9,0,24,0
1986,BAL,AL,dixonke01,Ken Dixon,35,0,0,35,35,0,0,0,0,0,0,0,0,0,0,0,
1986,BOS,AL,dodsopa01,Pat Dodson,9,2,9,7,0,0,7,0,0,0,0,0,0,0,0,2,0
1986,HOU,NL,doranbi02,Bill Doran,145,143,145,144,0,0,0,144,0,0,0,0,0,0,0,2,0
1986,CHA,AL,dotsori01,Richard Dotson,34,0,0,34,34,0,0,0,0,0,0,0,0,0,0,0,
1986,CAL,AL,downibr01,Brian Downing,152,142,152,138,0,0,0,0,0,0,138,0,0,138,9,10,0
1986,SFN,NL,downske01,Kelly Downs,15,14,15,14,14,0,0,0,0,0,0,0,0,0,0,0,1
1986,OAK,AL,dozieto01,Tom Dozier,4,0,0,4,4,0,0,0,0,0,0,0,0,0,0,0,
1986,NYA,AL,drabedo01,Doug Drabek,27,0,0,27,27,0,0,0,0,0,0,0,0,0,0,0,
1986,SDN,NL,draveda01,Dave Dravecky,35,26,35,26,26,0,0,0,0,0,0,0,0,0,0,0,9
1986,HOU,NL,driesda01,Dan Driessen,17,4,17,12,0,0,12,0,0,0,0,0,0,0,0,6,0
1986,SFN,NL,driesda01,Dan Driessen,15,2,15,4,0,0,4,0,0,0,0,0,0,0,0,11,0
1986,LAN,NL,duncama01,Mariano Duncan,109,106,109,106,0,0,0,0,0,106,0,0,0,0,0,3,0
1986,CHN,NL,dunstsh01,Shawon Dunston,150,148,150,149,0,0,0,0,0,149,0,0,0,0,0,2,0
1986,CHN,NL,durhale01,Leon Durham,141,133,141,141,0,0,141,0,0,0,0,0,0,0,0,3,2
1986,BAL,AL,dwyerji01,Jim Dwyer,94,35,94,25,0,0,1,0,0,0,8,0,16,24,20,56,0
1986,NYN,NL,dykstle01,Lenny Dykstra,147,98,147,139,0,0,0,0,0,0,1,138,0,139,0,16,5
1986,SLN,NL,earlebi02,Bill Earley,3,0,3,3,3,0,0,0,0,0,0,0,0,0,0,0,0
1986,NYA,AL,easlemi01,Mike Easler,146,124,146,11,0,0,0,0,0,0,8,0,3,11,115,22,0
1986,CLE,AL,easteja01,Jamie Easterly,13,0,0,13,13,0,0,0,0,0,0,0,0,0,0,0,
1986,CHN,NL,eckerde01,Dennis Eckersley,33,32,33,33,33,0,0,0,0,0,0,0,0,0,0,0,0
1986,TOR,AL,eichhma01,Mark Eichhorn,69,0,1,69,69,0,0,0,0,0,0,0,0,0,0,0,0
1986,NYN,NL,elsteke01,Kevin Elster,19,9,19,19,0,0,0,0,0,19,0,0,0,0,0,0,0
1986,DET,AL,engleda01,Dave Engle,35,27,35,29,0,3,23,0,0,0,2,0,2,4,5,5,0
1986,CIN,NL,esaskni01,Nick Esasky,102,90,102,96,0,0,71,0,1,0,42,0,0,42,0,6,2
1986,MIN,AL,espinal01,Alvaro Espinoza,37,16,37,35,0,0,0,19,0,18,0,0,0,0,0,1,3
1986,NYA,AL,espinju01,Juan Espino,27,9,27,27,0,27,0,0,0,0,0,0,0,0,0,1,0
1986,DET,AL,evansda01,Darrell Evans,151,139,151,107,0,0,105,0,2,0,0,0,0,0,40,12,0
1986,BOS,AL,evansdw01,Dwight Evans,152,150,152,149,0,0,0,0,0,0,0,0,149,149,1,2,0
1986,PIT,NL,fanslst01,Stan Fansler,5,5,5,5,5,0,0,0,0,0,0,0,0,0,0,0,0
1986,ML4,AL,feldemi01,Mike Felder,44,39,44,42,0,0,0,0,0,0,30,7,6,42,1,0,4
1986,NYN,NL,fernasi01,Sid Fernandez,32,31,32,32,32,0,0,0,0,0,0,0,0,0,0,0,0
1986,TOR,AL,fernato01,Tony Fernandez,163,162,163,163,0,0,0,0,0,163,0,0,0,0,0,1,0
1986,DET,AL,fieldbr01,Bruce Fields,16,11,16,14,0,0,0,0,0,0,14,0,0,14,0,3,1
1986,TOR,AL,fieldce01,Cecil Fielder,34,20,34,10,0,0,7,0,2,0,1,0,0,1,15,11,0
1986,CHA,AL,filsope01,Pete Filson,3,0,0,3,3,0,0,0,0,0,0,0,0,0,0,0,
1986,MIN,AL,filsope01,Pete Filson,4,0,0,4,4,0,0,0,0,0,0,0,0,0,0,0,
1986,LAN,NL,fimplja01,Jack Fimple,13,4,13,9,0,7,1,1,0,0,0,0,0,0,0,4,0
1986,CAL,AL,finlech01,Chuck Finley,25,0,2,25,25,0,0,0,0,0,0,0,0,0,0,0,0
1986,SEA,AL,fireost01,Steve Fireovid,10,0,0,10,10,0,0,0,0,0,0,0,0,0,0,0,
1986,NYA,AL,fischmi01,Mike Fischlin,71,35,71,69,0,0,0,27,0,42,0,0,0,0,0,0,5
1986,CAL,AL,fischto01,Todd Fischer,9,0,0,9,9,0,0,0,0,0,0,0,0,0,0,0,
1986,NYA,AL,fishebr01,Brian Fisher,62,0,0,62,62,0,0,0,0,0,0,0,0,0,0,0,
1986,MON,NL,fitzgmi02,Mike Fitzgerald,73,60,73,71,0,71,0,0,0,0,0,0,0,0,0,8,0
1986,BAL,AL,flanami01,Mike Flanagan,29,0,0,29,29,0,0,0,0,0,0,0,0,0,0,0,
1986,SDN,NL,flannti01,Tim Flannery,134,95,134,120,0,0,0,108,23,8,0,0,0,0,0,23,5
1986,TEX,AL,fletcsc01,Scott Fletcher,147,139,147,146,0,0,0,11,12,136,0,0,0,0,0,0,1
1986,MON,NL,foleyto02,Tom Foley,64,50,64,62,0,0,0,25,15,30,0,0,0,0,0,9,0
1986,PHI,NL,foleyto02,Tom Foley,39,14,39,26,0,0,0,1,1,24,0,0,0,0,0,18,1
1986,CHN,NL,fontera01,Ray Fontenot,42,0,42,42,42,0,0,0,0,0,0,0,0,0,0,0,0
1986,MIN,AL,fontera01,Ray Fontenot,15,0,1,15,15,0,0,0,0,0,0,0,0,0,0,0,0
1986,SLN,NL,forscbo01,Bob Forsch,34,33,34,33,33,0,0,0,0,0,0,0,0,0,0,0,1
1986,CAL,AL,forscke01,Ken Forsch,10,0,0,10,10,0,0,0,0,0,0,0,0,0,0,0,
1986,CAL,AL,forstte01,Terry Forster,41,0,1,41,41,0,0,0,0,0,0,0,0,0,0,0,0
1986,NYN,NL,fostege01,George Foster,72,62,72,62,0,0,0,0,0,0,62,0,0,62,0,10,0
1986,CHA,AL,fostege01,George Foster,15,13,15,11,0,0,0,0,0,0,11,0,0,11,2,2,0
1986,CIN,NL,francjo01,John Franco,74,0,74,74,74,0,0,0,0,0,0,0,0,0,0,0,0
1986,CLE,AL,francju01,Julio Franco,149,147,149,146,0,0,0,13,0,134,0,0,0,0,3,1,0
1986,CHN,NL,francte01,Terry Francona,86,16,86,51,0,0,23,0,0,0,20,2,10,30,0,44,4
1986,CAL,AL,frasewi01,Willie Fraser,1,0,0,1,1,0,0,0,0,0,0,0,0,0,0,0,
1986,CHN,NL,frazige01,George Frazier,35,0,35,35,35,0,0,0,0,0,0,0,0,0,0,0,0
1986,MIN,AL,frazige01,George Frazier,15,0,0,15,15,0,0,0,0,0,0,0,0,0,0,0,
1986,PHI,NL,freemma02,Marvin Freeman,3,3,3,3,3,0,0,0,0,0,0,0,0,0,0,0,0
1986,MIN,AL,gaettga01,Gary Gaetti,157,155,157,156,0,0,0,1,156,2,1,0,0,1,0,2,0
1986,MIN,AL,gagnegr01,Greg Gagne,156,152,156,156,0,0,0,4,0,155,0,0,0,0,0,0,1
1986,HOU,NL,gainety01,Ty Gainey,26,12,26,19,0,0,0,0,0,0,7,14,3,19,0,8,0
1986,MON,NL,galaran01,Andres Galarraga,105,79,105,102,0,0,102,0,0,0,0,0,0,0,0,7,4
1986,OAK,AL,gallemi01,Mike Gallego,20,12,20,20,0,0,0,19,2,1,0,0,0,0,0,0,1
1986,LAN,NL,galveba01,Balvino Galvez,10,0,10,10,10,0,0,0,0,0,0,0,0,0,0,0,0
1986,ML4,AL,gantnji01,Jim Gantner,139,133,139,137,0,0,0,135,3,1,0,0,0,0,0,3,1
1986,ATL,NL,garbege01,Gene Garber,61,0,61,61,61,0,0,0,0,0,0,0,0,0,0,0,0
1986,TOR,AL,garcida01,Damaso Garcia,122,108,122,106,0,0,1,106,0,0,0,0,0,0,5,6,7
1986,BOS,AL,gardnwe01,Wes Gardner,1,0,0,1,1,0,0,0,0,0,0,0,0,0,0,0,
1986,HOU,NL,garneph01,Phil Garner,107,80,107,90,0,0,0,7,84,0,0,0,0,0,0,22,0
1986,SFN,NL,garresc01,Scott Garrelts,54,18,54,53,53,0,0,0,0,0,0,0,0,0,0,0,2
1986,SDN,NL,garvest01,Steve Garvey,155,138,155,148,0,0,148,0,0,0,0,0,0,0,0,11,0
1986,BOS,AL,gedmari01,Rich Gedman,135,124,135,134,0,134,0,0,0,0,0,0,0,0,0,10,0
1986,BAL,AL,gerhake01,Ken Gerhart,20,16,20,20,0,0,0,0,0,0,6,14,0,20,0,1,1
1986,NYN,NL,gibbojo02,John Gibbons,8,5,8,8,0,8,0,0,0,0,0,0,0,0,0,1,0
1986,ML4,AL,gibsobo02,Bob Gibson,11,0,0,11,11,0,0,0,0,0,0,0,0,0,0,0,
1986,DET,AL,gibsoki01,Kirk Gibson,119,117,119,114,0,0,0,0,0,0,0,1,114,114,4,2,0
1986,CHA,AL,gilesbr01,Brian Giles,9,4,9,8,0,0,0,7,0,1,0,0,0,0,0,1,2
1986,SFN,NL,gladdda01,Dan Gladden,102,82,102,90,0,0,0,0,0,0,0,90,0,90,0,13,4
1986,LAN,NL,gonzajo02,Jose Gonzalez,57,23,57,57,0,0,0,0,0,0,0,49,8,57,0,6,8
1986,MON,NL,gonzare01,Rene Gonzales,11,7,11,11,0,0,0,0,5,6,0,0,0,0,0,0,0
1986,NYN,NL,goodedw01,Dwight Gooden,33,33,33,33,33,0,0,0,0,0,0,0,0,0,0,0,0
1986,TOR,AL,gordodo01,Don Gordon,14,0,0,14,14,0,0,0,0,0,0,0,0,0,0,0,
1986,PHI,NL,gormato03,Tom Gorman,8,0,8,8,8,0,0,0,0,0,0,0,0,0,0,0,0
1986,SDN,NL,gossari01,Rich Gossage,45,0,45,45,45,0,0,0,0,0,0,0,0,0,0,0,0
1986,SFN,NL,grantma01,Mark Grant,4,1,4,4,4,0,0,0,0,0,0,0,0,0,0,0,0
1986,SDN,NL,greenga01,Gary Green,13,12,13,13,0,0,0,0,0,13,0,0,0,0,0,0,0
1986,BOS,AL,greenmi01,Mike Greenwell,31,4,31,15,0,0,0,0,0,0,8,0,7,15,1,15,5
1986,CAL,AL,grichbo01,Bobby Grich,98,81,98,94,0,0,11,87,2,0,0,0,0,0,0,16,0
1986,OAK,AL,griffal01,Alfredo Griffin,162,162,162,162,0,0,0,0,0,162,0,0,0,0,0,0,0
1986,ATL,NL,griffke01,Ken Griffey,80,73,80,77,0,0,1,0,0,0,77,0,0,77,0,6,0
1986,NYA,AL,griffke01,Ken Griffey,59,43,59,51,0,0,0,0,0,0,50,2,1,51,1,15,0
1986,PHI,NL,grossgr01,Greg Gross,87,10,87,30,1,0,5,0,0,0,21,1,6,27,0,68,1
1986,PHI,NL,grosske01,Kevin Gross,37,36,37,37,37,0,0,0,0,0,0,0,0,0,0,0,0
1986,OAK,AL,grosswa01,Wayne Gross,3,0,3,1,0,0,0,0,1,0,0,0,0,0,0,3,0
1986,DET,AL,grubbjo01,Johnny Grubb,81,57,81,19,0,0,0,0,0,0,10,0,10,19,46,22,0
1986,TOR,AL,grubeke01,Kelly Gruber,87,36,87,64,0,0,0,14,42,5,4,2,3,9,2,10,23
1986,PIT,NL,guantce01,Cecilio Guante,52,0,52,52,52,0,0,0,0,0,0,0,0,0,0,0,0
1986,KCA,AL,gubicma01,Mark Gubicza,35,0,0,35,35,0,0,0,0,0,0,0,0,0,0,0,
1986,LAN,NL,guerrpe01,Pedro Guerrero,31,13,31,14,0,0,4,0,0,0,10,0,0,10,0,18,0
1986,SEA,AL,guettle01,Lee Guetterman,41,0,0,41,41,0,0,0,0,0,0,0,0,0,0,0,
1986,NYA,AL,guidrro01,Ron Guidry,30,0,0,30,30,0,0,0,0,0,0,0,0,0,0,0,
1986,CHA,AL,guilloz01,Ozzie Guillen,159,150,159,157,0,0,0,0,0,157,0,0,0,0,0,2,3
1986,SFN,NL,guldebr01,Brad Gulden,17,2,17,10,0,10,0,0,0,0,0,0,0,0,0,11,0
1986,CIN,NL,gullibi01,Bill Gullickson,37,37,37,37,37,0,0,0,0,0,0,0,0,0,0,0,0
1986,CHN,NL,gumpeda01,Dave Gumpert,38,0,38,38,38,0,0,0,0,0,0,0,0,0,0,0,0
1986,BAL,AL,gutieja01,Jackie Gutierrez,61,46,61,59,0,0,0,53,6,0,0,0,0,0,0,0,4
1986,TEX,AL,guzmajo01,Jose Guzman,29,0,0,29,29,0,0,0,0,0,0,0,0,0,0,0,
1986,SDN,NL,gwynnto01,Tony Gwynn,160,158,160,160,0,0,0,0,0,0,0,0,160,160,0,2,0
1986,BAL,AL,habyajo01,John Habyan,6,0,0,6,6,0,0,0,0,0,0,0,0,0,0,0,
1986,CHA,AL,hairsje01,Jerry Hairston,101,49,101,29,0,0,19,0,0,0,9,0,2,11,28,50,1
1986,LAN,NL,hamilje01,Jeff Hamilton,71,31,71,68,0,0,0,0,67,1,0,0,0,0,0,6,7
1986,KCA,AL,hargeal01,Alan Hargesheimer,5,0,0,5,5,0,0,0,0,0,0,0,0,0,0,0,
1986,DET,AL,harpebr01,Brian Harper,19,9,19,13,0,2,2,0,0,0,0,0,11,11,1,6,2
1986,ATL,NL,harpete01,Terry Harper,106,65,106,83,0,0,0,0,0,0,66,0,25,83,0,34,0
1986,TEX,AL,harrato01,Toby Harrah,95,83,95,93,0,0,0,93,0,0,0,0,0,0,0,5,2
1986,TEX,AL,harrigr01,Greg Harris,73,0,0,73,73,0,0,0,0,0,0,0,0,0,0,0,
1986,NYA,AL,hassero01,Ron Hassey,64,50,64,51,0,51,0,0,0,0,0,0,0,0,2,14,0
1986,CHA,AL,hassero01,Ron Hassey,49,41,49,11,0,11,0,0,0,0,0,0,0,0,33,7,0
1986,HOU,NL,hatchbi01,Billy Hatcher,127,101,127,121,0,0,0,0,0,0,39,95,9,121,0,5,9
1986,MIN,AL,hatchmi01,Mickey Hatcher,115,69,115,69,0,0,22,0,3,0,45,0,0,45,23,39,2
1986,BAL,AL,havenbr01,Brad Havens,46,0,0,46,46,0,0,0,0,0,0,0,0,0,0,0,
1986,SDN,NL,hawkian01,Andy Hawkins,37,35,37,37,37,0,0,0,0,0,0,0,0,0,0,0,0
1986,PHI,NL,hayesvo01,Von Hayes,158,156,158,158,0,0,134,0,0,0,24,6,3,31,0,2,0
1986,SDN,NL,haywara01,Ray Hayward,4,3,4,3,3,0,0,0,0,0,0,0,0,0,0,0,1
1986,NYN,NL,hearned02,Ed Hearn,49,34,49,45,0,45,0,0,0,0,0,0,0,0,0,8,0
1986,TOR,AL,hearrje01,Jeff Hearron,12,7,12,12,0,12,0,0,0,0,0,0,0,0,0,0,0
1986,SLN,NL,heathmi02,Mike Heath,65,51,65,63,0,63,0,0,0,0,1,0,1,2,0,5,0
1986,DET,AL,heathmi02,Mike Heath,30,27,30,30,0,29,0,0,1,0,0,0,0,0,0,2,0
1986,MIN,AL,heatone01,Neal Heaton,21,0,0,21,21,0,0,0,0,0,0,0,0,0,0,0,
1986,CLE,AL,heatone01,Neal Heaton,12,0,0,12,12,0,0,0,0,0,0,0,0,0,0,0,
1986,SEA,AL,hendeda01,Dave Henderson,103,92,103,79,0,0,0,0,0,0,0,51,31,79,22,5,3
1986,BOS,AL,hendeda01,Dave Henderson,36,7,36,32,0,0,0,0,0,0,0,32,0,32,0,5,4
1986,NYA,AL,henderi01,Rickey Henderson,153,149,153,146,0,0,0,0,0,0,11,138,0,146,5,3,0
1986,OAK,AL,hendest01,Steve Henderson,11,7,11,7,0,0,0,0,0,0,7,0,0,7,0,2,2
1986,CAL,AL,hendrge01,George Hendrick,102,70,102,96,0,0,7,0,0,0,0,2,92,93,1,19,1
1986,SEA,AL,hengeda01,Dave Hengel,21,15,21,8,0,0,0,0,0,0,6,0,2,8,8,5,0
1986,TOR,AL,henketo01,Tom Henke,63,0,2,63,63,0,0,0,0,0,0,0,0,0,0,0,0
1986,TEX,AL,henrydw01,Dwayne Henry,19,0,0,19,19,0,0,0,0,0,0,0,0,0,0,0,
1986,SFN,NL,henslch01,Chuck Hensley,11,0,11,11,11,0,0,0,0,0,0,0,0,0,0,0,0
1986,NYN,NL,hernake01,Keith Hernandez,149,146,149,149,0,0,149,0,0,0,0,0,0,0,0,0,0
1986,NYA,AL,hernale01,Leo Hernandez,7,6,7,7,0,0,0,1,7,0,0,0,0,0,0,0,0
1986,HOU,NL,hernama01,Manny Hernandez,9,4,9,9,9,0,0,0,0,0,0,0,0,0,0,0,0
1986,DET,AL,hernawi01,Willie Hernandez,64,0,1,64,64,0,0,0,0,0,0,0,0,0,0,0,0
1986,DET,AL,herndla01,Larry Herndon,106,71,106,83,0,0,0,0,0,0,83,0,0,83,0,31,1
1986,LAN,NL,hershor01,Orel Hershiser,37,35,37,35,35,0,0,0,0,0,0,0,0,0,0,0,2
1986,MON,NL,heskejo01,Joe Hesketh,15,15,15,15,15,0,0,0,0,0,0,0,0,0,0,0,0
1986,ML4,AL,higuete01,Teddy Higuera,34,0,0,34,34,0,0,0,0,0,0,0,0,0,0,0,
1986,BOS,AL,hoffmgl01,Glenn Hoffman,12,6,12,12,0,0,0,0,1,11,0,0,0,0,0,0,1
1986,CHN,NL,hoffmgu01,Guy Hoffman,33,8,33,32,32,0,0,0,0,0,0,0,0,0,0,0,1
1986,NYA,AL,hollaal01,Al Holland,25,0,0,25,25,0,0,0,0,0,0,0,0,0,0,0,
1986,LAN,NL,holtobr01,Brian Holton,12,3,12,12,12,0,0,0,0,0,0,0,0,0,0,0,0
1986,LAN,NL,honeyri01,Rick Honeycutt,32,28,32,32,32,0,0,0,0,0,0,0,0,0,0,0,0
1986,ATL,NL,hornebo01,Bob Horner,141,137,141,139,0,0,139,0,0,0,0,0,0,0,0,4,0
1986,SLN,NL,hortori01,Ricky Horton,42,9,42,42,42,0,0,0,0,0,0,0,0,0,0,0,0
1986,TEX,AL,houghch01,Charlie Hough,33,0,0,33,33,0,0,0,0,0,0,0,0,0,0,0,
1986,ML4,AL,housepa02,Paul Householder,26,20,26,22,0,0,0,0,0,0,12,5,8,22,3,3,0
1986,OAK,AL,howelja01,Jay Howell,38,0,2,38,38,0,0,0,0,0,0,0,0,0,0,0,0
1986,CAL,AL,howelja02,Jack Howell,63,37,63,47,0,0,0,0,39,0,7,0,1,8,0,19,1
1986,LAN,NL,howelke01,Ken Howell,62,0,62,62,62,0,0,0,0,0,0,0,0,0,0,0,0
1986,MIN,AL,hrbekke01,Kent Hrbek,149,144,149,147,0,0,147,0,0,0,0,0,0,0,1,3,0
1986,ATL,NL,hubbagl01,Glenn Hubbard,143,139,143,142,0,0,0,142,0,0,0,0,0,0,0,1,0
1986,BAL,AL,hudlere01,Rex Hudler,14,0,14,14,0,0,0,13,1,0,0,0,0,0,0,0,2
1986,PHI,NL,hudsoch02,Charles Hudson,36,23,36,33,33,0,0,0,0,0,0,0,0,0,0,0,3
1986,SEA,AL,huismma01,Mark Huismann,36,0,0,36,36,0,0,0,0,0,0,0,0,0,0,0,
1986,KCA,AL,huismma01,Mark Huismann,10,0,0,10,10,0,0,0,0,0,0,0,0,0,0,0,
1986,CHA,AL,huletti01,Tim Hulett,150,137,150,149,0,0,0,66,89,0,0,0,0,0,0,5,0
1986,SLN,NL,hurdlcl01,Clint Hurdle,78,40,78,56,0,5,39,0,4,0,5,0,5,10,0,26,1
1986,BOS,AL,hurstbr01,Bruce Hurst,25,0,0,25,25,0,0,0,0,0,0,0,0,0,0,0,
1986,TEX,AL,incavpe01,Pete Incaviglia,153,149,153,113,0,0,0,0,0,0,1,0,112,113,37,4,0
1986,KCA,AL,jacksbo01,Bo Jackson,25,22,25,23,0,0,0,0,0,0,0,0,23,23,1,2,0
1986,KCA,AL,jacksda02,Danny Jackson,32,0,0,32,32,0,0,0,0,0,0,0,0,0,0,0,
1986,PHI,NL,jacksmi02,Michael Jackson,9,0,9,9,9,0,0,0,0,0,0,0,0,0,0,0,0
1986,CAL,AL,jacksre01,Reggie Jackson,132,113,132,4,0,0,0,0,0,0,0,0,4,4,111,19,0
1986,MIN,AL,jacksro03,Roy Lee Jackson,28,0,1,28,28,0,0,0,0,0,0,0,0,0,0,0,0
1986,CLE,AL,jacobbr01,Brook Jacoby,158,155,158,158,0,0,0,0,158,0,0,0,0,0,0,1,0
1986,CHA,AL,jamesbo01,Bob James,49,0,2,49,49,0,0,0,0,0,0,0,0,0,0,0,0
1986,PHI,NL,jamesch02,Chris James,16,10,16,11,0,0,0,0,0,0,4,7,0,11,0,6,0
1986,OAK,AL,javiest01,Stan Javier,59,34,59,51,0,0,0,0,0,0,3,49,0,51,0,0,15
1986,NYN,NL,jeffest01,Stan Jefferson,14,5,14,7,0,0,0,0,0,0,1,7,0,7,0,5,4
1986,PHI,NL,jeltzst01,Steve Jeltz,145,132,145,141,0,0,0,0,0,141,0,0,0,0,0,5,1
1986,TOR,AL,johnscl01,Cliff Johnson,107,90,107,1,0,0,1,0,0,0,0,0,0,0,89,17,0
1986,NYN,NL,johnsho01,Howard Johnson,88,52,88,77,0,0,0,0,45,34,1,0,0,1,0,21,3
1986,ML4,AL,johnsjo04,John Henry Johnson,19,0,0,19,19,0,0,0,0,0,0,0,0,0,0,0,
1986,ATL,NL,johnsjo05,Joe Johnson,17,15,17,17,17,0,0,0,0,0,0,0,0,0,0,0,0
1986,TOR,AL,johnsjo05,Joe Johnson,16,0,0,16,16,0,0,0,0,0,0,0,0,0,0,0,
1986,KCA,AL,johnsro05,Rondin Johnson,11,8,11,11,0,0,0,11,0,0,0,0,0,0,0,0,1
1986,MON,NL,johnswa03,Wallace Johnson,61,21,61,27,0,0,27,0,0,0,0,0,0,0,0,38,0
1986,PIT,NL,jonesba01,Barry Jones,26,0,26,26,26,0,0,0,0,0,0,0,0,0,0,0,0
1986,TEX,AL,jonesbo02,Bob Jones,13,5,13,11,0,0,2,0,0,0,5,0,4,9,0,2,1
1986,SFN,NL,jonesch04,Chris Jones,3,0,3,0,0,0,0,0,0,0,0,0,0,0,0,1,2
1986,CLE,AL,jonesdo01,Doug Jones,11,0,0,11,11,0,0,0,0,0,0,0,0,0,0,0,
1986,SDN,NL,jonesji02,Jimmy Jones,3,3,3,3,3,0,0,0,0,0,0,0,0,0,0,0,0
1986,KCA,AL,jonesly01,Lynn Jones,67,10,67,63,0,0,0,1,0,0,37,8,19,62,1,3,4
1986,BAL,AL,jonesod01,Odell Jones,21,0,0,21,21,0,0,0,0,0,0,0,0,0,0,0,
1986,BAL,AL,jonesri02,Ricky Jones,16,12,16,16,0,0,0,11,6,0,0,0,0,0,0,0,0
1986,SEA,AL,jonesro01,Ross Jones,11,4,11,9,0,0,0,3,2,4,0,0,0,0,0,0,3
1986,CAL,AL,jonesru01,Ruppert Jones,126,103,126,121,0,0,0,0,0,0,28,10,96,121,0,17,0
1986,CIN,NL,jonestr01,Tracy Jones,46,16,46,25,0,0,2,0,0,0,23,3,0,24,0,18,11
1986,CAL,AL,joynewa01,Wally Joyner,154,148,154,152,0,0,152,0,0,0,0,0,0,0,0,5,0
1986,CHA,AL,karkoro01,Ron Karkovice,37,35,37,37,0,37,0,0,0,0,0,0,0,0,0,0,0
1986,SEA,AL,kearnbo01,Bob Kearney,81,60,81,79,0,79,0,0,0,0,0,0,0,0,0,4,6
1986,DET,AL,kellybr01,Bryan Kelly,6,0,0,6,6,0,0,0,0,0,0,0,0,0,0,0,
1986,SDN,NL,kennete02,Terry Kennedy,141,114,141,123,0,123,0,0,0,0,0,0,0,0,0,26,0
1986,CHN,NL,keougma02,Matt Keough,19,2,19,19,19,0,0,0,0,0,0,0,0,0,0,0,0
1986,HOU,NL,keougma02,Matt Keough,10,5,10,10,10,0,0,0,0,0,0,0,0,0,0,0,0
1986,SLN,NL,kepshku01,Kurt Kepshire,2,1,2,2,2,0,0,0,0,0,0,0,0,0,0,0,0
1986,HOU,NL,kerfech01,Charlie Kerfeld,61,0,61,61,61,0,0,0,0,0,0,0,0,0,0,0,0
1986,PIT,NL,khalisa01,Sam Khalifa,64,52,64,62,0,0,0,6,0,60,0,0,0,0,0,1,2
1986,ML4,AL,kiefest01,Steve Kiefer,2,2,2,2,0,0,0,0,0,2,0,0,0,0,0,0,0
1986,KCA,AL,kingemi01,Mike Kingery,62,53,62,59,0,0,0,0,0,0,1,13,51,59,0,6,0
1986,OAK,AL,kingmda01,Dave Kingman,144,141,144,3,0,0,3,0,0,0,0,0,0,0,139,2,0
1986,BAL,AL,kinnumi01,Mike Kinnunen,9,0,0,9,9,0,0,0,0,0,0,0,0,0,0,0,
1986,PIT,NL,kippebo01,Bob Kipper,21,19,21,20,20,0,0,0,0,0,0,0,0,0,0,0,1
1986,CHA,AL,kittlro01,Ron Kittle,86,81,86,20,0,0,0,0,0,0,20,0,0,20,61,5,0
1986,NYA,AL,kittlro01,Ron Kittle,30,21,30,1,0,0,0,0,0,0,1,0,0,1,20,9,0
1986,HOU,NL,kneppbo01,Bob Knepper,42,38,42,40,40,0,0,0,0,0,0,0,0,0,0,3,0
1986,SLN,NL,kniceal01,Alan Knicely,34,23,34,31,0,2,29,0,0,0,0,0,0,0,0,7,0
1986,NYN,NL,knighra01,Ray Knight,137,130,137,132,0,0,1,0,132,0,0,0,0,0,0,6,0
1986,ML4,AL,knudsma01,Mark Knudson,4,0,0,4,4,0,0,0,0,0,0,0,0,0,0,0,
1986,HOU,NL,knudsma01,Mark Knudson,9,7,9,9,9,0,0,0,0,0,0,0,0,0,0,0,0
1986,ATL,NL,kommibr01,Brad Komminsk,5,1,5,4,0,0,0,0,2,0,0,0,2,2,0,1,1
1986,PIT,NL,krawcra01,Ray Krawczyk,12,0,12,12,12,0,0,0,0,0,0,0,0,0,0,0,0
1986,MON,NL,krencwa01,Wayne Krenchicki,101,54,101,66,0,0,41,1,24,0,1,0,0,1,0,39,2
1986,OAK,AL,kruegbi01,Bill Krueger,11,0,0,11,11,0,0,0,0,0,0,0,0,0,0,0,
1986,SFN,NL,krukomi01,Mike Krukow,35,34,35,34,34,0,0,0,0,0,0,0,0,0,0,1,0
1986,TEX,AL,kunkeje01,Jeff Kunkel,8,4,8,5,0,0,0,0,0,5,0,0,0,0,0,1,2
1986,SFN,NL,kutchra01,Randy Kutcher,71,38,71,64,0,0,0,3,4,13,7,44,1,51,0,15,4
1986,SFN,NL,lacosmi01,Mike LaCoss,37,31,37,37,37,0,0,0,0,0,0,0,0,0,0,0,0
1986,SLN,NL,lahtije01,Jeff Lahti,4,0,4,4,4,0,0,0,0,0,0,0,0,0,0,0,0
1986,SFN,NL,lanceri01,Rick Lancellotti,15,1,15,2,0,0,1,0,0,0,0,0,1,1,0,13,0
1986,CIN,NL,landrbi01,Bill Landrum,10,0,10,10,10,0,0,0,0,0,0,0,0,0,0,0,0
1986,LAN,NL,landrke01,Ken Landreaux,103,62,103,85,0,0,0,0,0,0,20,69,1,85,0,35,1
1986,SLN,NL,landrti01,Tito Landrum,96,48,96,79,0,0,0,0,0,0,9,4,70,79,0,37,2
1986,OAK,AL,langfri01,Rick Langford,17,0,1,16,16,0,0,0,0,0,0,0,0,0,0,0,1
1986,SEA,AL,langsma01,Mark Langston,37,0,0,37,37,0,0,0,0,0,0,0,0,0,0,0,
1986,OAK,AL,lansfca01,Carney Lansford,151,149,151,147,0,0,60,1,100,0,0,0,0,0,3,2,0
1986,DET,AL,lapoida01,Dave LaPoint,16,0,0,16,16,0,0,0,0,0,0,0,0,0,0,0,
1986,SDN,NL,lapoida01,Dave LaPoint,24,4,24,24,24,0,0,0,0,0,0,0,0,0,0,0,0
1986,CIN,NL,larkiba01,Barry Larkin,41,36,41,38,0,0,0,3,0,36,0,0,0,0,0,4,0
1986,SFN,NL,laskebi01,Bill Laskey,20,0,20,20,20,0,0,0,0,0,0,0,0,0,0,0,0
1986,MIN,AL,lathabi01,Bill Latham,7,0,0,7,7,0,0,0,0,0,0,0,0,0,0,0,
1986,MIN,AL,laudnti01,Tim Laudner,76,57,76,68,0,68,0,0,0,0,0,0,0,0,0,16,0
1986,SLN,NL,lavalmi01,Mike LaValliere,110,93,110,108,0,108,0,0,0,0,0,0,0,0,0,5,0
1986,SLN,NL,lawleto01,Tom Lawless,46,5,46,20,0,0,0,7,12,0,1,0,0,1,0,17,15
1986,DET,AL,lazorja01,Jack Lazorko,3,0,0,3,3,0,0,0,0,0,0,0,0,0,0,0,
1986,TOR,AL,leachri01,Rick Leach,110,63,110,46,0,0,7,0,0,0,19,0,20,39,33,37,0
1986,NYN,NL,leachte01,Terry Leach,6,0,6,6,6,0,0,0,0,0,0,0,0,0,0,0,0
1986,ML4,AL,learyti01,Tim Leary,33,0,0,33,33,0,0,0,0,0,0,0,0,0,0,0,
1986,PHI,NL,lefebjo01,Joe Lefebvre,14,3,14,3,0,0,0,0,0,0,0,0,3,3,0,11,0
1986,SDN,NL,leffecr01,Craig Lefferts,84,0,84,83,83,0,0,0,0,0,0,0,0,0,0,1,0
1986,KCA,AL,leibrch01,Charlie Leibrandt,35,0,0,35,35,0,0,0,0,0,0,0,0,0,0,0,
1986,OAK,AL,leipeda01,Dave Leiper,33,0,0,33,33,0,0,0,0,0,0,0,0,0,0,0,
1986,DET,AL,lemonch01,Chet Lemon,126,111,126,124,0,0,0,0,0,0,0,124,0,124,0,10,0
1986,KCA,AL,leonade01,Dennis Leonard,33,0,0,33,33,0,0,0,0,0,0,0,0,0,0,0,
1986,SFN,NL,leonaje01,Jeffrey Leonard,89,84,89,87,0,0,0,0,0,0,87,0,0,87,0,4,0
1986,PHI,NL,lerchra01,Randy Lerch,4,0,4,4,4,0,0,0,0,0,0,0,0,0,0,1,0
1986,SLN,NL,lindeji01,Jim Lindeman,19,14,19,18,0,0,17,0,1,0,1,0,0,1,0,4,0
1986,CHA,AL,littlbr01,Bryan Little,20,9,20,17,0,0,0,12,1,6,0,0,0,0,0,5,0
1986,NYA,AL,littlbr01,Bryan Little,14,13,14,14,0,0,0,14,0,0,0,0,0,0,0,0,0
1986,BOS,AL,lollati01,Tim Lollar,33,0,1,32,32,0,0,0,0,0,0,0,0,0,0,1,0
1986,NYA,AL,lombaph01,Phil Lombardi,20,9,20,11,0,3,0,0,0,0,8,0,0,8,0,9,0
1986,MIN,AL,lombast01,Steve Lombardozzi,156,140,156,155,0,0,0,155,0,0,0,0,0,0,0,0,1
1986,HOU,NL,lopesda01,Davey Lopes,37,22,37,24,0,0,0,0,5,0,9,10,1,19,0,12,2
1986,CHN,NL,lopesda01,Davey Lopes,59,41,59,50,0,0,0,0,32,0,21,0,2,22,0,8,7
1986,HOU,NL,lopezau01,Aurelio Lopez,45,0,45,45,45,0,0,0,0,0,0,0,0,0,0,0,0
1986,DET,AL,lowrydw01,Dwight Lowry,56,45,56,56,0,55,1,0,0,0,0,0,1,1,0,0,0
1986,TEX,AL,loyndmi01,Mike Loynd,9,0,0,9,9,0,0,0,0,0,0,0,0,0,0,0,
1986,CAL,AL,lucasga01,Gary Lucas,27,0,0,27,27,0,0,0,0,0,0,0,0,0,0,0,
1986,CHN,NL,lynched01,Ed Lynch,23,13,23,23,23,0,0,0,0,0,0,0,0,0,0,0,0
1986,NYN,NL,lynched01,Ed Lynch,1,0,1,1,1,0,0,0,0,0,0,0,0,0,0,0,0
1986,NYN,NL,lyonsba01,Barry Lyons,6,2,6,3,0,3,0,0,0,0,0,0,0,0,0,3,0
1986,BOS,AL,lyonsst01,Steve Lyons,59,31,59,55,0,0,0,0,0,0,0,55,0,55,0,5,8
1986,CHA,AL,lyonsst01,Steve Lyons,42,35,42,39,0,0,1,0,3,0,22,6,7,35,0,2,3
1986,HOU,NL,maddemi01,Mike Madden,13,6,13,13,13,0,0,0,0,0,0,0,0,0,0,0,0
1986,PHI,NL,maddoga01,Garry Maddox,6,1,6,3,0,0,0,0,0,0,0,3,0,3,0,4,1
1986,CHN,NL,maddugr01,Greg Maddux,6,5,6,6,6,0,0,0,0,0,0,0,0,0,0,0,1
1986,PHI,NL,maddumi01,Mike Maddux,16,16,16,16,16,0,0,0,0,0,0,0,0,0,0,0,0
1986,DET,AL,madissc01,Scotti Madison,2,2,2,1,0,0,0,0,1,0,0,0,0,0,1,0,0
1986,LAN,NL,madlobi01,Bill Madlock,111,102,111,102,0,0,2,0,101,0,0,0,0,0,0,9,0
1986,NYN,NL,magadda01,Dave Magadan,10,4,10,9,0,0,9,0,0,0,0,0,0,0,0,1,1
1986,TEX,AL,mahlemi01,Mickey Mahler,29,0,0,29,29,0,0,0,0,0,0,0,0,0,0,0,
1986,TOR,AL,mahlemi01,Mickey Mahler,2,0,0,2,2,0,0,0,0,0,0,0,0,0,0,0,
1986,ATL,NL,mahleri01,Rick Mahler,40,39,40,39,39,0,0,0,0,0,0,0,0,0,0,1,0
1986,SFN,NL,maldoca01,Candy Maldonado,133,88,133,101,0,0,0,0,1,0,47,6,62,101,0,41,0
1986,ML4,AL,manniri01,Rick Manning,89,52,89,83,0,0,0,0,0,0,40,29,18,83,0,4,15
1986,SLN,NL,manrifr01,Fred Manrique,13,3,13,5,0,0,0,1,4,0,0,0,0,0,0,8,0
1986,LAN,NL,marshmi02,Mike Marshall,103,86,103,98,0,0,0,0,0,0,1,0,97,98,0,1,6
1986,TOR,AL,martibu01,Buck Martinez,81,47,81,78,0,78,0,0,0,0,0,0,0,0,0,22,0
1986,SDN,NL,martica01,Carmelo Martinez,113,60,113,76,0,0,27,0,1,0,59,0,0,59,0,42,0
1986,CHN,NL,martida01,Dave Martinez,53,25,53,46,0,0,0,0,0,0,9,39,1,46,0,5,9
1986,MON,NL,martide01,Dennis Martinez,19,15,19,19,19,0,0,0,0,0,0,0,0,0,0,0,0
1986,BAL,AL,martide01,Dennis Martinez,4,0,0,4,4,0,0,0,0,0,0,0,0,0,0,0,
1986,CHN,NL,martimi01,Mike Martin,8,4,8,8,0,8,0,0,0,0,0,0,0,0,0,2,1
1986,BAL,AL,martiti01,Tippy Martinez,14,0,0,14,14,0,0,0,0,0,0,0,0,0,0,0,
1986,TEX,AL,masonmi01,Mike Mason,27,0,0,27,27,0,0,0,0,0,0,0,0,0,0,0,
1986,SFN,NL,masonro01,Roger Mason,11,11,11,11,11,0,0,0,0,0,0,0,0,0,0,0,0
1986,SLN,NL,mathegr01,Greg Mathews,23,22,23,23,23,0,0,0,0,0,0,0,0,0,0,0,0
1986,CHN,NL,matthga01,Gary Matthews,123,104,123,105,0,0,0,0,0,0,105,0,0,105,0,19,0
1986,NYA,AL,mattido01,Don Mattingly,162,162,162,161,0,0,160,0,3,0,0,0,0,0,1,0,0
1986,LAN,NL,matusle01,Len Matuszek,91,52,91,65,0,0,31,0,0,0,35,0,2,37,0,31,0
1986,PIT,NL,mazzile01,Lee Mazzilli,61,15,61,24,0,0,7,0,0,0,16,3,0,18,0,45,0
1986,NYN,NL,mazzile01,Lee Mazzilli,39,10,39,17,0,0,8,0,0,0,8,0,2,10,0,24,1
1986,CAL,AL,mccaski01,Kirk McCaskill,34,0,0,34,34,0,0,0,0,0,0,0,0,0,0,0,
1986,MON,NL,mcclubo01,Bob McClure,52,0,52,52,52,0,0,0,0,0,0,0,0,0,0,0,0
1986,ML4,AL,mcclubo01,Bob McClure,13,0,0,13,13,0,0,0,0,0,0,0,0,0,0,0,
1986,SDN,NL,mcculla01,Lance McCullers,76,7,76,70,70,0,0,0,0,0,0,0,0,0,0,0,6
1986,TEX,AL,mcdowod01,Oddibe McDowell,154,136,154,147,0,0,0,0,0,0,0,147,0,147,0,11,1
1986,NYN,NL,mcdowro01,Roger McDowell,75,0,75,75,75,0,0,0,0,0,1,0,1,1,0,0,0
1986,MON,NL,mcgafan01,Andy McGaffigan,50,14,50,48,48,0,0,0,0,0,0,0,0,0,0,0,2
1986,SLN,NL,mcgeewi01,Willie McGee,124,121,124,122,0,0,0,0,0,0,0,122,0,122,0,2,0
1986,BAL,AL,mcgresc01,Scott McGregor,34,0,0,34,34,0,0,0,0,0,0,0,0,0,0,0,
1986,TOR,AL,mcgrifr01,Fred McGriff,3,2,3,1,0,0,1,0,0,0,0,0,0,0,2,0,0
1986,OAK,AL,mcgwima01,Mark McGwire,18,15,18,16,0,0,0,0,16,0,0,0,0,0,0,3,0
1986,CHA,AL,mckeojo01,Joel McKeon,30,0,0,30,30,0,0,0,0,0,0,0,0,0,0,0,
1986,CAL,AL,mclemma01,Mark McLemore,5,2,5,2,0,0,0,2,0,0,0,0,0,0,0,0,3
1986,ATL,NL,mcmurcr01,Craig McMurtry,40,5,40,37,37,0,0,0,0,0,0,0,0,0,0,0,3
1986,KCA,AL,mcraeha01,Hal McRae,112,58,112,0,0,0,0,0,0,0,0,0,0,0,58,54,0
1986,SDN,NL,mcreyke01,Kevin McReynolds,158,147,158,154,0,0,0,0,0,0,108,109,3,154,0,6,0
1986,PIT,NL,mcwilla01,Larry McWilliams,50,15,50,49,49,0,0,0,0,0,0,0,0,0,0,0,1
1986,NYA,AL,meachbo01,Bob Meacham,56,50,56,56,0,0,0,0,0,56,0,0,0,0,0,1,1
1986,HOU,NL,meadolo01,Louie Meadows,6,0,6,1,0,0,0,0,0,0,0,0,1,1,0,6,0
1986,PHI,NL,melenfr01,Francisco Melendez,9,0,9,2,0,0,2,0,0,0,0,0,0,0,0,7,0
1986,SFN,NL,melvibo01,Bob Melvin,89,77,89,84,0,84,1,0,1,0,0,0,0,0,0,6,0
1986,TEX,AL,mercaor01,Orlando Mercado,46,31,46,45,0,45,0,0,0,0,0,0,0,0,0,2,0
1986,TEX,AL,meridro01,Ron Meridith,5,0,0,5,5,0,0,0,0,0,0,0,0,0,0,0,
1986,CAL,AL,milleda01,Darrell Miller,33,13,33,32,0,10,0,0,0,0,11,3,9,23,1,6,3
1986,CIN,NL,milneed01,Eddie Milner,145,98,145,127,0,0,0,0,0,0,0,127,0,127,0,17,12
1986,SFN,NL,mintogr01,Greg Minton,48,0,48,48,48,0,0,0,0,0,0,0,0,0,0,0,0
1986,SEA,AL,mirabpa01,Paul Mirabella,8,0,0,8,8,0,0,0,0,0,0,0,0,0,0,0,
1986,NYN,NL,mitchjo02,John Mitchell,4,1,4,4,4,0,0,0,0,0,0,0,0,0,0,0,0
1986,NYN,NL,mitchke01,Kevin Mitchell,108,77,108,95,0,0,2,0,7,24,40,6,29,68,0,23,1
1986,HOU,NL,mizerjo01,John Mizerock,44,30,44,42,0,42,0,0,0,0,0,0,0,0,0,3,0
1986,TEX,AL,mohorda01,Dale Mohorcic,58,0,0,58,58,0,0,0,0,0,0,0,0,0,0,0,
1986,ML4,AL,molitpa01,Paul Molitor,105,105,105,95,0,0,0,0,91,0,4,0,0,4,10,0,0
1986,HOU,NL,montara01,Rafael Montalvo,1,0,1,1,1,0,0,0,0,0,0,0,0,0,0,0,0
1986,NYA,AL,montejo01,John Montefusco,4,0,0,4,4,0,0,0,0,0,0,0,0,0,0,0,
1986,OAK,AL,moonebi01,Bill Mooneyham,45,0,0,45,45,0,0,0,0,0,0,0,0,0,0,0,
1986,MON,NL,moorebi03,Bill Moore,6,1,6,4,0,0,3,0,0,0,0,0,1,1,0,3,0
1986,ML4,AL,moorech02,Charlie Moore,80,67,80,76,0,72,0,1,0,0,0,1,3,4,1,3,4
1986,CAL,AL,mooredo01,Donnie Moore,49,0,1,49,49,0,0,0,0,0,0,0,0,0,0,0,0
1986,SEA,AL,mooremi01,Mike Moore,38,0,0,38,38,0,0,0,0,0,0,0,0,0,0,0,
1986,CHN,NL,morelke01,Keith Moreland,156,151,156,155,0,13,12,0,24,0,0,0,121,121,0,4,0
1986,ATL,NL,morenom01,Omar Moreno,118,78,118,97,0,0,0,0,0,0,18,12,71,97,0,29,4
1986,SEA,AL,morgami01,Mike Morgan,37,0,0,37,37,0,0,0,0,0,0,0,0,0,0,0,
1986,CHA,AL,mormaru01,Russ Morman,49,45,49,47,0,0,47,0,0,0,0,0,0,0,0,3,0
1986,DET,AL,morrija02,Jack Morris,35,0,0,35,35,0,0,0,0,0,0,0,0,0,0,0,
1986,PIT,NL,morriji01,Jim Morrison,154,145,154,151,0,0,0,1,151,1,0,0,0,0,0,4,1
1986,SLN,NL,morrijo07,John Morris,39,23,39,31,0,0,0,0,0,0,4,4,26,31,0,11,0
1986,TOR,AL,mosebll01,Lloyd Moseby,152,146,152,147,0,0,0,0,0,0,0,147,0,147,2,5,0
1986,SEA,AL,mosesjo01,John Moses,103,94,103,99,0,0,7,0,0,0,2,91,0,93,2,2,4
1986,KCA,AL,motleda01,Darryl Motley,72,55,72,66,0,0,0,0,0,0,3,1,62,66,0,12,1
1986,ATL,NL,motleda01,Darryl Motley,5,3,5,3,0,0,0,0,0,0,0,0,3,3,0,0,2
1986,CHN,NL,moyerja01,Jamie Moyer,16,16,16,16,16,0,0,0,0,0,0,0,0,0,0,0,0
1986,SFN,NL,mulhote01,Terry Mulholland,15,10,15,15,15,0,0,0,0,0,0,0,0,0,0,0,0
1986,CLE,AL,mullifr01,Fran Mullins,28,8,28,25,0,0,1,13,0,11,0,0,0,0,0,3,2
1986,TOR,AL,mullira01,Rance Mulliniks,117,97,117,111,0,0,0,1,110,0,0,0,0,0,3,19,0
1986,CHN,NL,mumphje01,Jerry Mumphrey,111,70,111,94,0,0,0,0,0,0,39,65,21,94,0,33,0
1986,ATL,NL,murphda05,Dale Murphy,160,159,160,159,0,0,0,0,0,0,0,155,6,159,0,1,0
1986,OAK,AL,murphdw01,Dwayne Murphy,98,93,98,97,0,0,0,0,0,0,0,97,0,97,0,2,2
1986,CIN,NL,murphro01,Rob Murphy,34,0,34,34,34,0,0,0,0,0,0,0,0,0,0,0,0
1986,BAL,AL,murraed02,Eddie Murray,137,135,137,119,0,0,119,0,0,0,0,0,0,0,16,2,0
1986,TOR,AL,musseje01,Jeff Musselman,6,0,0,6,6,0,0,0,0,0,0,0,0,0,0,0,
1986,NYN,NL,myersra01,Randy Myers,10,0,10,10,10,0,0,0,0,0,0,0,0,0,0,0,0
1986,CAL,AL,narroje01,Jerry Narron,57,24,57,51,0,51,0,0,0,0,0,0,0,0,2,12,0
1986,CHA,AL,nelsoge01,Gene Nelson,54,0,0,54,54,0,0,0,0,0,0,0,0,0,0,0,
1986,SEA,AL,nelsori01,Ricky Nelson,10,1,10,1,0,0,0,0,0,0,0,1,0,1,1,4,4
1986,OAK,AL,nelsoro03,Rob Nelson,5,2,5,2,0,0,2,0,0,0,0,0,0,0,1,2,0
1986,SDN,NL,nettlgr01,Graig Nettles,126,99,126,114,0,0,0,0,114,0,0,0,0,0,0,24,0
1986,MON,NL,newmaal01,Al Newman,95,43,95,76,0,0,0,59,0,22,0,0,0,0,0,14,12
1986,BAL,AL,nichoca01,Carl Nichols,5,2,5,5,0,5,0,0,0,0,0,0,0,0,0,0,0
1986,CHA,AL,nichore01,Reid Nichols,74,32,74,54,0,0,0,2,0,0,31,14,11,53,0,22,13
1986,LAN,NL,niedeto01,Tom Niedenfuer,60,0,60,60,60,0,0,0,0,0,0,0,0,0,0,0,0
1986,NYA,AL,niekrjo01,Joe Niekro,25,0,0,25,25,0,0,0,0,0,0,0,0,0,0,0,
1986,CLE,AL,niekrph01,Phil Niekro,34,0,0,34,34,0,0,0,0,0,0,0,0,0,0,0,
1986,NYA,AL,nielssc01,Scott Nielsen,10,0,0,10,10,0,0,0,0,0,0,0,0,0,0,0,
1986,NYN,NL,niemara01,Randy Niemann,31,1,31,31,31,0,0,0,0,0,0,0,0,0,0,0,0
1986,MON,NL,nietoto01,Tom Nieto,30,20,30,30,0,30,0,0,0,0,0,0,0,0,0,1,0
1986,ML4,AL,nieveju01,Juan Nieves,35,0,0,35,35,0,0,0,0,0,0,0,0,0,0,0,
1986,BOS,AL,nippeal01,Al Nipper,26,0,0,26,26,0,0,0,0,0,0,0,0,0,0,0,
1986,CLE,AL,nixonot01,Otis Nixon,105,19,105,95,0,0,0,0,0,0,84,14,0,95,0,4,37
1986,DET,AL,nokesma01,Matt Nokes,7,7,7,7,0,7,0,0,0,0,0,0,0,0,0,0,0
1986,CLE,AL,nolesdi01,Dickie Noles,32,0,0,32,32,0,0,0,0,0,0,0,0,0,0,0,
1986,SEA,AL,nunezed01,Ed Nunez,14,0,0,14,14,0,0,0,0,0,0,0,0,0,0,0,
1986,ATL,NL,oberkke01,Ken Oberkfell,151,138,151,149,0,0,0,41,130,0,0,0,0,0,0,6,0
1986,TEX,AL,obriepe03,Pete O'Brien,156,144,156,155,0,0,155,0,0,0,0,0,0,0,0,4,0
1986,CLE,AL,oelkebr01,Bryan Oelkers,35,0,0,35,35,0,0,0,0,0,0,0,0,0,0,0,
1986,CIN,NL,oestero01,Ron Oester,153,148,153,151,0,0,0,151,0,0,0,0,0,0,0,4,0
1986,ML4,AL,oglivbe01,Ben Oglivie,103,90,103,50,0,0,0,0,0,0,50,0,2,50,41,13,0
1986,NYN,NL,ojedabo01,Bob Ojeda,32,30,32,32,32,0,0,0,0,0,0,0,0,0,0,0,0
1986,ATL,NL,olwined01,Ed Olwine,37,0,37,37,37,0,0,0,0,0,0,0,0,0,0,0,0
1986,BAL,AL,omallto01,Tom O'Malley,56,48,56,55,0,0,0,0,55,0,0,0,0,0,0,5,0
1986,DET,AL,onealra01,Randy O'Neal,37,0,0,37,37,0,0,0,0,0,0,0,0,0,0,0,
1986,CIN,NL,oneilpa01,Paul O'Neill,3,0,3,0,0,0,0,0,0,0,0,0,0,0,0,3,0
1986,OAK,AL,ontivst02,Steve Ontiveros,47,0,1,46,46,0,0,0,0,0,0,0,0,0,0,0,1
1986,SLN,NL,oquenjo01,Jose Oquendo,76,27,76,50,0,0,0,21,1,29,1,0,0,1,0,30,3
1986,NYN,NL,oroscje01,Jesse Orosco,58,0,58,58,58,0,0,0,0,0,0,0,1,1,0,0,0
1986,PIT,NL,orsuljo01,Joe Orsulak,138,91,138,120,0,0,0,0,0,0,9,46,73,120,0,26,6
1986,PIT,NL,ortizju01,Junior Ortiz,49,28,49,36,0,36,0,0,0,0,0,0,0,0,0,14,0
1986,SFN,NL,ouellph01,Phil Ouellette,10,6,10,9,0,9,0,0,0,0,0,0,0,0,0,3,0
1986,MON,NL,owchibo01,Bob Owchinko,3,3,3,3,3,0,0,0,0,0,0,0,0,0,0,0,0
1986,SLN,NL,ownberi01,Rick Ownbey,17,3,17,17,17,0,0,0,0,0,0,0,0,0,0,0,0
1986,DET,AL,paceljo01,John Pacella,5,0,0,5,5,0,0,0,0,0,0,0,0,0,0,0,
1986,TEX,AL,pacioto01,Tom Paciorek,88,51,88,68,0,0,23,0,21,1,22,0,3,25,6,19,0
1986,NYA,AL,paglimi01,Mike Pagliarulo,149,133,149,143,0,0,0,0,143,2,0,0,0,0,0,9,0
1986,ATL,NL,palmeda01,David Palmer,35,35,35,35,35,0,0,0,0,0,0,0,0,0,0,0,0
1986,CHN,NL,palmera01,Rafael Palmeiro,22,18,22,20,0,0,0,0,0,0,19,0,3,20,0,2,1
1986,HOU,NL,pankoji01,Jim Pankovits,70,17,70,32,0,1,0,26,0,0,5,0,0,5,0,44,1
1986,BAL,AL,pardoal01,Al Pardo,16,14,16,14,0,14,0,0,0,0,0,0,0,0,1,1,0
1986,SDN,NL,parenma01,Mark Parent,8,3,8,3,0,3,0,0,0,0,0,0,0,0,0,5,0
1986,BAL,AL,pariske01,Kelly Paris,5,3,5,3,0,0,0,0,3,0,0,0,0,0,0,1,1
1986,CIN,NL,parkeda01,Dave Parker,162,157,162,159,0,0,0,0,0,0,0,0,159,159,0,4,0
1986,MON,NL,parreje01,Jeff Parrett,12,0,12,12,12,0,0,0,0,0,0,0,0,0,0,0,0
1986,TEX,AL,parrila01,Larry Parrish,129,127,129,30,0,0,0,0,30,0,0,0,0,0,97,2,0
1986,DET,AL,parrila02,Lance Parrish,91,87,91,85,0,85,0,0,0,0,0,0,0,0,5,4,0
1986,NYA,AL,pasquda01,Dan Pasqua,102,70,102,85,0,0,5,0,0,0,71,0,12,81,2,25,1
1986,MIN,AL,pastofr01,Frank Pastore,33,0,0,33,33,0,0,0,0,0,0,0,0,0,0,0,
1986,PIT,NL,pattebo01,Bob Patterson,11,5,11,11,11,0,0,0,0,0,0,0,0,0,0,0,0
1986,KCA,AL,pecotbi01,Bill Pecota,12,9,12,12,0,0,0,0,12,2,0,0,0,0,0,1,0
1986,SLN,NL,pendlte01,Terry Pendleton,159,154,159,158,0,0,0,0,157,0,0,0,1,1,0,4,0
1986,CHA,AL,percoja01,Jack Perconte,24,23,24,24,0,0,0,24,0,0,0,0,0,0,0,1,0
1986,CIN,NL,perezto01,Tony Perez,77,49,77,55,0,0,55,0,0,0,0,0,0,0,0,26,0
1986,ATL,NL,perryge01,Gerald Perry,29,17,29,23,0,0,1,0,0,0,21,0,1,22,0,11,0
1986,SLN,NL,perrypa02,Pat Perry,46,0,46,46,46,0,0,0,0,0,0,0,0,0,0,0,0
1986,OAK,AL,peterri01,Rick Peters,44,4,44,28,0,0,0,1,0,0,19,7,1,27,0,12,14
1986,TEX,AL,petrage01,Geno Petralli,69,27,69,57,0,41,0,2,15,0,0,0,0,0,0,23,2
1986,DET,AL,petryda01,Dan Petry,20,0,0,20,20,0,0,0,0,0,0,0,0,0,0,0,
1986,CAL,AL,pettiga01,Gary Pettis,154,150,154,153,0,0,0,0,0,0,0,153,0,153,0,0,3
1986,SEA,AL,phelpke01,Ken Phelps,125,103,125,55,0,0,55,0,0,0,0,0,0,0,50,22,0
1986,OAK,AL,phillto02,Tony Phillips,118,115,118,114,0,0,0,88,31,1,0,4,0,4,1,0,3
1986,MIN,AL,pittach01,Chris Pittaro,11,7,11,11,0,0,0,8,0,4,0,0,0,0,0,0,0
1986,ML4,AL,plesada01,Dan Plesac,51,0,0,51,51,0,0,0,0,0,0,0,0,0,0,0,
1986,OAK,AL,plunker01,Eric Plunk,26,0,0,26,26,0,0,0,0,0,0,0,0,0,0,0,
1986,CAL,AL,polidgu01,Gus Polidor,6,6,6,6,0,0,0,4,1,1,0,0,0,0,0,0,0
1986,TEX,AL,porteda02,Darrell Porter,68,42,68,25,0,25,0,0,0,0,0,0,0,0,19,24,1
1986,MIN,AL,portuma01,Mark Portugal,27,0,0,27,27,0,0,0,0,0,0,0,0,0,0,0,
1986,LAN,NL,powelde01,Dennis Powell,27,6,27,27,27,0,0,0,0,0,0,0,0,0,0,0,0
1986,CIN,NL,powerte01,Ted Power,56,10,56,56,56,0,0,0,0,0,0,0,0,0,0,0,0
1986,SEA,AL,preslji01,Jim Presley,155,154,155,155,0,0,0,0,155,0,0,0,0,0,0,0,0
1986,CIN,NL,pricejo02,Joe Price,25,2,25,25,25,0,0,0,0,0,0,0,0,0,0,0,0
1986,KCA,AL,pryorgr01,Greg Pryor,63,30,63,61,0,0,1,12,35,18,0,0,0,0,0,4,2
1986,MIN,AL,puckeki01,Kirby Puckett,161,157,161,160,0,0,0,0,0,0,0,160,0,160,0,4,0
1986,ATL,NL,puleoch01,Charlie Puleo,5,3,5,5,5,0,0,0,0,0,0,0,0,0,0,0,0
1986,NYA,AL,pulidal01,Alfonso Pulido,10,0,0,10,10,0,0,0,0,0,0,0,0,0,0,0,
1986,SDN,NL,pyznati01,Tim Pyznarski,15,13,15,13,0,0,13,0,0,0,0,0,0,0,0,1,1
1986,SFN,NL,quinolu01,Luis Quinones,71,22,71,68,0,0,0,8,31,33,0,0,0,0,0,9,9
1986,SEA,AL,quinore01,Rey Quinones,36,35,36,36,0,0,0,0,0,36,0,0,0,0,0,0,0
1986,BOS,AL,quinore01,Rey Quinones,62,60,62,62,0,0,0,0,0,62,0,0,0,0,0,1,1
1986,KCA,AL,quirkja01,Jamie Quirk,80,56,80,66,0,41,6,0,24,0,1,0,0,1,0,20,0
1986,KCA,AL,quiseda01,Dan Quisenberry,62,0,0,62,62,0,0,0,0,0,0,0,0,0,0,0,
1986,MON,NL,raineti01,Tim Raines,151,146,151,147,0,0,0,0,0,0,147,0,0,147,0,5,0
1986,ATL,NL,ramirra01,Rafael Ramirez,134,122,134,129,0,0,0,0,58,87,2,0,1,3,0,6,3
1986,SEA,AL,ramosdo01,Domingo Ramos,49,24,49,45,0,0,0,16,8,21,0,0,0,0,0,2,4
1986,NYA,AL,randowi01,Willie Randolph,141,137,141,139,0,0,0,139,0,0,0,0,0,0,0,2,0
1986,NYA,AL,rasmude01,Dennis Rasmussen,31,0,0,31,31,0,0,0,0,0,0,0,0,0,0,0,
1986,PHI,NL,rawlesh01,Shane Rawley,23,23,23,23,23,0,0,0,0,0,0,0,0,0,0,0,0
1986,BAL,AL,rayfofl01,Floyd Rayford,81,63,81,80,0,10,0,0,72,0,0,0,0,0,0,3,0
1986,ML4,AL,readyra01,Randy Ready,23,20,23,21,0,0,0,7,3,0,11,0,0,11,1,2,1
1986,SDN,NL,readyra01,Randy Ready,1,1,1,1,0,0,0,0,1,0,0,0,0,0,0,0,0
1986,MON,NL,reardje01,Jeff Reardon,62,0,62,62,62,0,0,0,0,0,0,0,0,0,0,0,0
1986,PHI,NL,redusga01,Gary Redus,90,85,90,89,0,0,0,0,0,0,89,0,0,89,0,2,2
1986,PIT,NL,renteri01,Rich Renteria,10,1,10,1,0,0,0,0,1,0,0,0,0,0,0,9,0
1986,PIT,NL,reuscri01,Rick Reuschel,43,34,43,35,35,0,0,0,0,0,0,0,0,0,0,1,7
1986,LAN,NL,reussje01,Jerry Reuss,19,13,19,19,19,0,0,0,0,0,0,0,0,0,0,0,0
1986,HOU,NL,reynocr01,Craig Reynolds,114,78,114,107,1,0,5,0,4,98,1,0,1,2,0,25,0
1986,SEA,AL,reynoha01,Harold Reynolds,126,125,126,126,0,0,0,126,0,0,0,0,0,0,0,0,0
1986,PIT,NL,reynorj01,R. J. Reynolds,118,97,118,112,0,0,0,0,0,0,84,12,44,112,0,12,1
1986,PHI,NL,reynoro02,Ronn Reynolds,43,35,43,42,0,42,0,0,0,0,0,0,0,0,0,1,0
1986,PIT,NL,rhoderi01,Rick Rhoden,41,34,41,34,34,0,0,0,0,0,0,0,0,0,0,7,0
1986,NYA,AL,righeda01,Dave Righetti,74,0,0,74,74,0,0,0,0,0,0,0,0,0,0,0,
1986,ML4,AL,rileser01,Ernie Riles,145,138,145,142,0,0,0,0,0,142,0,0,0,0,0,5,0
1986,MON,NL,rileyge01,George Riley,10,0,10,10,10,0,0,0,0,0,0,0,0,0,0,0,0
1986,BAL,AL,ripkeca01,Cal Ripken,162,162,162,162,0,0,0,0,0,162,0,0,0,0,0,0,0
1986,CLE,AL,rittere01,Reggie Ritter,5,0,0,5,5,0,0,0,0,0,0,0,0,0,0,0,
1986,MON,NL,riverlu01,Luis Rivera,55,46,55,55,0,0,0,0,0,55,0,0,0,0,0,3,0
1986,MON,NL,roberbe01,Bert Roberge,21,0,21,21,21,0,0,0,0,0,0,0,0,0,0,0,0
1986,SDN,NL,roberbi01,Bip Roberts,101,65,101,87,0,0,0,87,0,0,0,0,0,0,0,4,24
1986,ML4,AL,robidbi01,Billy Jo Robidoux,56,51,56,43,0,0,43,0,0,0,0,0,0,0,10,4,0
1986,PIT,NL,robindo01,Don Robinson,50,0,50,50,50,0,0,0,0,0,0,0,0,0,0,0,0
1986,SFN,NL,robinje01,Jeff Robinson,65,1,65,65,64,0,0,0,0,0,0,0,1,1,0,0,0
1986,CIN,NL,robinro01,Ron Robinson,70,0,70,70,70,0,0,0,0,0,0,0,0,0,0,0,0
1986,OAK,AL,rodriri01,Rick Rodriguez,3,0,0,3,3,0,0,0,0,0,0,0,0,0,0,0,
1986,PIT,NL,rodriru01,Ruben Rodriguez,2,1,2,2,0,2,0,0,0,0,0,0,0,0,0,0,0
1986,NYA,AL,roeniga01,Gary Roenicke,69,35,69,41,0,0,2,0,3,0,33,3,2,37,8,27,1
1986,PHI,NL,roeniro01,Ron Roenicke,102,69,102,83,0,0,0,0,0,0,24,63,8,83,0,25,1
1986,CLE,AL,romanjo02,Jose Roman,6,0,0,6,6,0,0,0,0,0,0,0,0,0,0,0,
1986,CAL,AL,romanro01,Ron Romanick,18,0,0,18,18,0,0,0,0,0,0,0,0,0,0,0,
1986,BOS,AL,romered01,Ed Romero,100,67,100,94,0,0,0,4,18,75,0,1,0,1,0,0,16
1986,BOS,AL,rominke01,Kevin Romine,35,10,35,33,0,0,0,0,0,0,0,28,5,33,0,1,7
1986,CIN,NL,rowdowa01,Wade Rowdon,38,18,38,22,0,0,0,3,7,6,6,0,0,6,0,17,1
1986,SDN,NL,roystje01,Jerry Royster,118,60,118,100,0,0,0,21,59,24,7,0,0,7,0,39,2
1986,TEX,AL,rozemda01,Dave Rozema,6,0,0,6,6,0,0,0,0,0,0,0,0,0,0,0,
1986,PHI,NL,ruckeda01,Dave Rucker,19,0,19,19,19,0,0,0,0,0,0,0,0,0,0,0,0
1986,PHI,NL,ruffibr01,Bruce Ruffin,21,21,21,21,21,0,0,0,0,0,0,0,0,0,0,0,0
1986,CAL,AL,ruhleve01,Vern Ruhle,16,0,0,16,16,0,0,0,0,0,0,0,0,0,0,0,
1986,ATL,NL,rungepa01,Paul Runge,7,3,7,6,0,0,0,6,0,0,0,0,0,0,0,0,3
1986,CIN,NL,runneto01,Tom Runnells,12,0,12,7,0,0,0,4,3,0,0,0,0,0,0,5,1
1986,LAN,NL,russebi01,Bill Russell,105,42,105,84,0,0,0,8,1,32,28,1,20,48,0,37,9
1986,TEX,AL,russeje01,Jeff Russell,37,0,0,37,37,0,0,0,0,0,0,0,0,0,0,0,
1986,PHI,NL,russejo02,John Russell,93,82,93,89,0,89,0,0,0,0,0,0,0,0,0,5,1
1986,CHN,NL,ruthvdi01,Dick Ruthven,6,0,6,6,6,0,0,0,0,0,0,0,0,0,0,0,0
1986,KCA,AL,saberbr01,Bret Saberhagen,30,0,0,30,30,0,0,0,0,0,0,0,0,0,0,0,
1986,OAK,AL,sakatle01,Lenn Sakata,17,10,17,16,0,0,0,16,0,0,0,0,0,0,0,0,1
1986,MIN,AL,salasma01,Mark Salas,91,64,91,69,0,69,0,0,0,0,0,0,0,0,8,27,0
1986,KCA,AL,salazan01,Angel Salazar,117,98,117,116,0,0,0,1,0,115,0,0,0,0,0,1,7
1986,CHA,AL,salazlu01,Luis Salazar,4,2,4,0,0,0,0,0,0,0,0,0,0,0,2,2,0
1986,BOS,AL,sambijo01,Joe Sambito,53,0,0,53,53,0,0,0,0,0,0,0,0,0,0,0,
1986,ATL,NL,samplbi01,Billy Sample,92,43,92,57,0,0,0,1,0,0,10,0,48,56,0,38,5
1986,PHI,NL,samueju01,Juan Samuel,145,143,145,143,0,0,0,143,0,0,0,0,0,0,0,2,0
1986,MIN,AL,sanchal01,Alejandro Sanchez,8,3,8,1,0,0,0,0,0,0,1,0,0,1,3,4,1
1986,CHN,NL,sandbry01,Ryne Sandberg,154,153,154,153,0,0,0,153,0,0,0,0,0,0,0,1,0
1986,CHN,NL,sandesc01,Scott Sanderson,38,28,38,37,37,0,0,0,0,0,0,0,0,0,0,0,1
1986,NYN,NL,santara01,Rafael Santana,139,111,139,138,0,0,0,1,0,137,0,0,0,0,0,2,0
1986,SDN,NL,santibe01,Benito Santiago,17,15,17,17,0,17,0,0,0,0,0,0,0,0,0,0,1
1986,PIT,NL,sauveri01,Rich Sauveur,3,3,3,3,3,0,0,0,0,0,0,0,0,0,0,0,0
1986,PHI,NL,schatda01,Dan Schatzeder,25,0,25,25,25,0,0,0,0,0,0,0,0,0,0,2,0
1986,MON,NL,schatda01,Dan Schatzeder,33,1,33,30,30,0,0,0,0,0,0,0,0,0,0,12,0
1986,DET,AL,scherbi01,Bill Scherrer,13,0,0,13,13,0,0,0,0,0,0,0,0,0,0,0,
1986,BOS,AL,schirca01,Calvin Schiraldi,25,0,0,25,25,0,0,0,0,0,0,0,0,0,0,0,
1986,CHA,AL,schmida01,Dave Schmidt,49,0,0,49,49,0,0,0,0,0,0,0,0,0,0,0,
1986,PHI,NL,schmimi01,Mike Schmidt,160,152,160,154,0,0,35,0,124,0,0,0,0,0,0,8,0
1986,CAL,AL,schofdi02,Dick Schofield,139,132,139,137,0,0,0,0,0,137,0,0,0,0,0,0,3
1986,ML4,AL,schrobi01,Bill Schroeder,64,58,64,54,0,35,19,0,0,0,0,0,0,0,10,1,0
1986,CLE,AL,schroke01,Ken Schrom,34,0,0,34,34,0,0,0,0,0,0,0,0,0,0,0,
1986,CLE,AL,schuldo01,Don Schulze,19,0,0,19,19,0,0,0,0,0,0,0,0,0,0,0,
1986,LAN,NL,sciosmi01,Mike Scioscia,122,108,122,118,0,118,0,0,0,0,0,0,0,0,0,11,0
1986,HOU,NL,scottmi03,Mike Scott,38,37,38,37,37,0,0,0,0,0,0,0,0,0,0,1,0
1986,NYA,AL,scurrro01,Rod Scurry,31,0,0,31,31,0,0,0,0,0,0,0,0,0,0,0,
1986,CHA,AL,searara01,Ray Searage,29,0,0,29,29,0,0,0,0,0,0,0,0,0,0,0,
1986,ML4,AL,searara01,Ray Searage,17,0,0,17,17,0,0,0,0,0,0,0,0,0,0,0,
1986,BOS,AL,seaveto01,Tom Seaver,16,0,0,16,16,0,0,0,0,0,0,0,0,0,0,0,
1986,CHA,AL,seaveto01,Tom Seaver,12,0,0,12,12,0,0,0,0,0,0,0,0,0,0,0,
1986,MON,NL,sebrabo01,Bob Sebra,18,13,18,17,17,0,0,0,0,0,0,0,0,0,0,1,0
1986,KCA,AL,seitzke01,Kevin Seitzer,28,27,28,28,0,0,22,0,3,0,5,0,0,5,0,1,0
1986,BOS,AL,selleje01,Jeff Sellers,14,0,0,14,14,0,0,0,0,0,0,0,0,0,0,0,
1986,BAL,AL,sheetla01,Larry Sheets,112,95,112,42,0,6,4,0,2,0,21,0,11,32,57,16,0
1986,BAL,AL,shelbjo01,John Shelby,135,90,135,121,0,0,0,0,0,0,48,56,31,121,0,20,8
1986,TOR,AL,shephro01,Ron Shepherd,65,17,65,32,0,0,0,0,0,0,12,10,11,32,1,10,29
1986,DET,AL,sheripa01,Pat Sheridan,98,67,98,90,0,0,0,0,0,0,11,51,32,90,0,5,13
1986,ATL,NL,shielst01,Steve Shields,6,0,6,6,6,0,0,0,0,0,0,0,0,0,0,0,0
1986,KCA,AL,shielst01,Steve Shields,3,0,0,3,3,0,0,0,0,0,0,0,0,0,0,0,
1986,LAN,NL,shiplcr01,Craig Shipley,12,10,12,12,0,0,0,1,1,10,0,0,0,0,0,0,1
1986,NYA,AL,shirlbo01,Bob Shirley,39,0,0,39,39,0,0,0,0,0,0,0,0,0,0,0,
1986,TEX,AL,sierrru01,Ruben Sierra,113,93,113,108,0,0,0,0,0,0,44,21,68,108,0,6,0
1986,ATL,NL,simmote01,Ted Simmons,76,18,76,32,0,10,14,0,9,0,0,0,0,0,0,54,0
1986,NYA,AL,skinnjo01,Joel Skinner,54,52,54,54,0,54,0,0,0,0,0,0,0,0,0,0,0
1986,CHA,AL,skinnjo01,Joel Skinner,60,48,60,60,0,60,0,0,0,0,0,0,0,0,0,0,0
1986,CAL,AL,slatoji01,Jim Slaton,14,0,0,14,14,0,0,0,0,0,0,0,0,0,0,0,
1986,DET,AL,slatoji01,Jim Slaton,22,0,1,22,22,0,0,0,0,0,0,0,0,0,0,0,0
1986,TEX,AL,slaugdo01,Don Slaught,95,87,95,91,0,91,0,0,0,0,0,0,0,0,2,3,1
1986,MIN,AL,smallro02,Roy Smalley,143,116,143,26,0,0,0,0,8,19,0,0,0,0,104,24,1
1986,PIT,NL,smilejo01,John Smiley,12,0,12,12,12,0,0,0,0,0,0,0,0,0,0,0,0
1986,MON,NL,smithbr01,Bryn Smith,30,30,30,30,30,0,0,0,0,0,0,0,0,0,0,0,0
1986,HOU,NL,smithda02,Dave Smith,54,0,54,54,54,0,0,0,0,0,0,0,0,0,0,0,0
1986,CHN,NL,smithle02,Lee Smith,66,0,66,66,66,0,0,0,0,0,0,0,0,0,0,0,0
1986,KCA,AL,smithlo01,Lonnie Smith,134,128,134,118,0,0,0,0,0,0,118,0,0,118,10,4,2
1986,MIN,AL,smithmi03,Mike Smithson,34,0,0,34,34,0,0,0,0,0,0,0,0,0,0,0,
1986,CIN,NL,smithmi04,Mike Smith,2,1,2,2,2,0,0,0,0,0,0,0,0,0,0,0,0
1986,SLN,NL,smithoz01,Ozzie Smith,153,144,153,144,0,0,0,0,0,144,0,0,0,0,0,9,0
1986,MIN,AL,smithro01,Roy Smith,5,0,0,5,5,0,0,0,0,0,0,0,0,0,0,0,
1986,ATL,NL,smithza01,Zane Smith,43,32,43,38,38,0,0,0,0,0,0,0,0,0,0,0,5
1986,BAL,AL,snellna01,Nate Snell,34,0,0,34,34,0,0,0,0,0,0,0,0,0,0,0,
1986,CLE,AL,snydeco02,Cory Snyder,103,103,103,102,0,0,0,0,11,34,6,0,70,74,1,0,0
1986,HOU,NL,solanju01,Julio Solano,16,1,16,16,16,0,0,0,0,0,0,0,0,0,0,0,0
1986,ATL,NL,speckcl01,Cliff Speck,13,1,13,13,13,0,0,0,0,0,0,0,0,0,0,0,0
1986,CHN,NL,speiech01,Chris Speier,95,30,95,81,0,0,0,7,53,23,0,0,0,0,0,18,9
1986,SFN,NL,spilmha01,Harry Spilman,58,16,58,25,0,1,19,1,5,0,1,0,0,1,0,41,0
1986,DET,AL,spilmha01,Harry Spilman,24,11,24,4,0,1,1,0,2,0,0,0,0,0,10,11,1
1986,BOS,AL,stanlbo01,Bob Stanley,66,0,0,66,66,0,0,0,0,0,0,0,0,0,0,0,
1986,TEX,AL,stanlmi02,Mike Stanley,15,7,15,12,0,4,0,0,7,0,1,0,0,1,0,5,1
1986,BOS,AL,staplda01,Dave Stapleton,39,8,39,37,0,0,29,6,2,0,0,0,0,0,0,2,11
1986,MON,NL,stclara01,Randy St. Claire,11,0,11,11,11,0,0,0,0,0,0,0,0,0,0,0,0
1986,BAL,AL,stefejo01,John Stefero,52,39,52,50,0,50,0,0,0,0,0,0,0,0,0,7,1
1986,OAK,AL,steinte01,Terry Steinbach,6,3,6,5,0,5,0,0,0,0,0,0,0,0,0,2,0
1986,BOS,AL,stenhmi01,Mike Stenhouse,21,4,21,7,0,0,3,0,0,0,2,0,2,4,0,16,0
1986,OAK,AL,stewada01,Dave Stewart,29,0,0,29,29,0,0,0,0,0,0,0,0,0,0,0,
1986,PHI,NL,stewada01,Dave Stewart,8,0,8,8,8,0,0,0,0,0,0,0,0,0,0,0,0
1986,BOS,AL,stewasa01,Sammy Stewart,27,0,0,27,27,0,0,0,0,0,0,0,0,0,0,0,
1986,TOR,AL,stiebda01,Dave Stieb,38,0,1,37,37,0,0,0,0,0,0,0,0,0,0,0,1
1986,CIN,NL,stillku01,Kurt Stillwell,104,64,104,80,0,0,0,0,0,80,0,0,0,0,0,25,5
1986,SDN,NL,stoddbo01,Bob Stoddard,18,0,18,18,18,0,0,0,0,0,0,0,0,0,0,0,0
1986,SDN,NL,stoddti01,Tim Stoddard,30,0,30,30,30,0,0,0,0,0,0,0,0,0,0,0,0
1986,NYA,AL,stoddti01,Tim Stoddard,24,0,0,24,24,0,0,0,0,0,0,0,0,0,0,0,
1986,PHI,NL,stoneje01,Jeff Stone,82,58,82,59,0,0,0,0,0,0,37,25,0,59,0,24,0
1986,NYN,NL,strawda01,Darryl Strawberry,136,127,136,131,0,0,0,0,0,0,1,0,130,131,0,8,0
1986,LAN,NL,stubbfr01,Franklin Stubbs,132,111,132,128,0,0,14,0,0,0,108,23,15,124,0,15,0
1986,BOS,AL,sullima02,Marc Sullivan,41,35,41,41,0,41,0,0,0,0,0,0,0,0,0,0,0
1986,KCA,AL,sundbji01,Jim Sundberg,140,124,140,134,0,134,0,0,0,0,0,0,0,0,0,11,0
1986,CHN,NL,sutclri01,Rick Sutcliffe,29,27,29,28,28,0,0,0,0,0,0,0,0,0,0,1,0
1986,ATL,NL,suttebr01,Bruce Sutter,16,0,16,16,16,0,0,0,0,0,0,0,0,0,0,0,0
1986,CAL,AL,suttodo01,Don Sutton,34,0,0,34,34,0,0,0,0,0,0,0,0,0,0,0,
1986,ML4,AL,sveumda01,Dale Sveum,91,88,91,90,0,0,0,13,65,13,0,0,0,0,0,3,0
1986,BAL,AL,swaggbi01,Bill Swaggerty,1,0,0,1,1,0,0,0,0,0,0,0,0,0,0,0,
1986,SEA,AL,swiftbi02,Bill Swift,29,0,0,29,29,0,0,0,0,0,0,0,0,0,0,0,
1986,CLE,AL,swindgr01,Greg Swindell,9,0,0,9,9,0,0,0,0,0,0,0,0,0,0,0,
1986,CLE,AL,tablepa01,Pat Tabler,130,119,130,107,0,0,107,0,0,0,0,0,0,0,18,10,1
1986,DET,AL,tananfr01,Frank Tanana,32,0,0,32,32,0,0,0,0,0,0,0,0,0,0,0,
1986,SEA,AL,tartada01,Danny Tartabull,137,135,137,133,0,0,0,31,1,0,14,0,87,101,3,2,0
1986,BOS,AL,tarvela01,LaSchelle Tarver,13,6,13,9,0,0,0,0,0,0,3,7,0,9,0,2,4
1986,KCA,AL,taylodw01,Dwight Taylor,4,0,4,1,0,0,0,0,0,0,0,1,0,1,0,1,3
1986,MON,NL,tejadwi01,Wilfredo Tejada,10,9,10,10,0,10,0,0,0,0,0,0,0,0,0,0,0
1986,PHI,NL,tekulke01,Kent Tekulve,73,0,73,73,73,0,0,0,0,0,0,0,0,0,0,0,0
1986,SDN,NL,templga01,Garry Templeton,147,134,147,144,0,0,0,0,0,144,0,0,0,0,0,10,0
1986,DET,AL,terrewa01,Walt Terrell,34,0,0,34,34,0,0,0,0,0,0,0,0,0,0,0,
1986,CIN,NL,terrysc01,Scott Terry,30,2,30,28,28,0,0,0,0,0,0,0,0,0,0,0,2
1986,OAK,AL,tettlmi01,Mickey Tettleton,90,77,90,89,0,89,0,0,0,0,0,0,0,0,0,4,0
1986,NYN,NL,teufeti01,Tim Teufel,93,70,93,86,0,0,3,84,1,0,0,0,0,0,0,19,2
1986,NYA,AL,tewksbo01,Bob Tewksbury,23,0,0,23,23,0,0,0,0,0,0,0,0,0,0,0,
1986,CHA,AL,thigpbo01,Bobby Thigpen,20,0,0,20,20,0,0,0,0,0,0,0,0,0,0,0,
1986,ATL,NL,thomaan01,Andres Thomas,102,79,102,97,0,0,0,0,0,97,0,0,0,0,0,6,7
1986,ML4,AL,thomago01,Gorman Thomas,44,42,44,6,0,0,6,0,0,0,0,0,0,0,36,2,0
1986,SEA,AL,thomago01,Gorman Thomas,57,40,57,0,0,0,0,0,0,0,0,0,0,0,40,15,2
1986,MON,NL,thompja01,Jason Thompson,30,14,30,15,0,0,15,0,0,0,0,0,0,0,0,16,0
1986,PHI,NL,thompmi02,Milt Thompson,96,69,96,89,0,0,0,0,0,0,0,89,0,89,0,10,3
1986,SFN,NL,thompro01,Robby Thompson,149,146,149,149,0,0,0,149,0,1,0,0,0,0,0,1,1
1986,CLE,AL,thornan01,Andre Thornton,120,108,120,0,0,0,0,0,0,0,0,0,0,0,108,12,0
1986,DET,AL,thurmma01,Mark Thurmond,25,0,0,25,25,0,0,0,0,0,0,0,0,0,0,0,
1986,SDN,NL,thurmma01,Mark Thurmond,18,15,18,17,17,0,0,0,0,0,0,0,0,0,0,2,0
1986,MON,NL,tibbsja01,Jay Tibbs,36,31,36,35,35,0,0,0,0,0,0,0,0,0,0,0,1
1986,OAK,AL,tillmru01,Rusty Tillman,22,10,22,17,0,0,0,0,0,0,8,0,10,17,0,5,3
1986,PHI,NL,tolivfr01,Freddie Toliver,5,5,5,5,5,0,0,0,0,0,0,0,0,0,0,0,0
1986,NYA,AL,tollewa01,Wayne Tolleson,60,59,60,60,0,0,0,3,7,56,0,0,0,0,0,0,0
1986,CHA,AL,tollewa01,Wayne Tolleson,81,70,81,76,0,0,0,0,65,18,1,1,0,2,0,4,3
1986,DET,AL,tolmati01,Tim Tolman,16,13,16,7,0,0,3,0,0,0,0,0,4,4,7,3,0
1986,MON,NL,tomlida01,Dave Tomlin,7,0,7,7,7,0,0,0,0,0,0,0,0,0,0,0,0
1986,BAL,AL,trabeji01,Jim Traber,65,57,65,37,0,0,29,0,0,0,7,0,1,8,21,7,0
1986,DET,AL,trammal01,Alan Trammell,151,146,151,149,0,0,0,0,0,149,0,0,0,0,1,1,2
1986,LAN,NL,trevial01,Alex Trevino,89,50,89,64,0,63,1,0,0,0,0,0,0,0,0,33,2
1986,CHN,NL,trillma01,Manny Trillo,81,33,81,65,0,0,11,6,53,0,0,0,0,0,0,19,10
1986,CHN,NL,troutst01,Steve Trout,37,25,37,37,37,0,0,0,0,0,0,0,0,0,0,0,0
1986,SEA,AL,trujimi01,Mike Trujillo,11,0,0,11,11,0,0,0,0,0,0,0,0,0,0,0,
1986,BOS,AL,trujimi01,Mike Trujillo,3,0,0,3,3,0,0,0,0,0,0,0,0,0,0,0,
1986,SLN,NL,tudorjo01,John Tudor,30,30,30,30,30,0,0,0,0,0,0,0,0,0,0,0,0
1986,TOR,AL,upshawi01,Willie Upshaw,155,151,155,154,0,0,154,0,0,0,0,0,0,0,0,3,0
1986,SFN,NL,uribejo01,Jose Uribe,157,153,157,156,0,0,0,0,0,156,0,0,0,0,0,2,0
1986,MON,NL,valdese01,Sergio Valdez,5,5,5,5,5,0,0,0,0,0,0,0,0,0,0,0,0
1986,LAN,NL,valenfe01,Fernando Valenzuela,39,34,39,34,34,0,0,0,0,0,0,0,0,0,0,5,0
1986,SEA,AL,valleda01,Dave Valle,22,13,22,16,0,12,4,0,0,0,0,0,0,0,0,8,0
1986,LAN,NL,vandeed01,Ed Vande Berg,60,0,60,60,60,0,0,0,0,0,0,0,0,0,0,0,0
1986,CIN,NL,vangoda01,Dave Van Gorder,9,2,9,7,0,7,0,0,0,0,0,0,0,0,0,2,0
1986,SLN,NL,vanslan01,Andy Van Slyke,137,108,137,133,0,0,38,0,0,0,2,27,86,110,0,14,4
1986,CIN,NL,venabma01,Max Venable,108,19,108,57,0,0,0,0,0,0,49,8,3,57,0,61,6
1986,MIN,AL,violafr01,Frank Viola,37,0,0,37,37,0,0,0,0,0,0,0,0,0,0,0,
1986,ATL,NL,virgioz02,Ozzie Virgil,114,106,114,111,0,111,0,0,0,0,0,0,0,0,0,5,0
1986,OAK,AL,vonohda01,Dave Von Ohlen,24,0,0,24,24,0,0,0,0,0,0,0,0,0,0,0,
1986,SDN,NL,vosbeed01,Ed Vosberg,5,3,5,5,5,0,0,0,0,0,0,0,0,0,0,0,0
1986,ML4,AL,vuckope01,Pete Vuckovich,6,0,0,6,6,0,0,0,0,0,0,0,0,0,0,0,
1986,CHN,NL,walkech01,Chico Walker,28,24,28,26,0,0,0,0,0,0,2,11,22,26,0,2,1
1986,CHA,AL,walkegr01,Greg Walker,78,75,78,77,0,0,77,0,0,0,0,0,0,0,1,3,0
1986,HOU,NL,walketo03,Tony Walker,84,18,84,69,0,0,0,0,0,0,0,69,0,69,0,8,26
1986,MON,NL,wallati01,Tim Wallach,134,127,134,132,0,0,0,0,132,0,0,0,0,0,0,2,0
1986,HOU,NL,wallide01,Denny Walling,130,88,130,111,0,0,4,0,102,0,6,0,5,11,0,37,0
1986,SDN,NL,waltege01,Gene Walter,57,0,57,57,57,0,0,0,0,0,0,0,0,0,0,0,0
1986,NYA,AL,washicl01,Claudell Washington,54,29,54,39,0,0,0,0,0,0,11,20,9,39,0,24,0
1986,ATL,NL,washicl01,Claudell Washington,40,32,40,38,0,0,0,0,0,0,0,0,38,38,0,6,1
1986,MIN,AL,washiro01,Ron Washington,48,16,48,25,0,0,0,16,3,7,0,0,0,0,11,12,13
1986,PIT,NL,washiul01,U. L. Washington,72,27,72,52,0,0,0,3,0,51,0,0,0,0,0,33,5
1986,SDN,NL,wasinma01,Mark Wasinger,3,3,3,3,0,0,0,1,3,0,0,0,0,0,0,0,0
1986,MON,NL,webstmi01,Mitch Webster,151,143,151,146,0,0,0,0,0,0,8,118,44,146,0,6,0
1986,ML4,AL,wegmabi01,Bill Wegman,37,0,2,35,35,0,0,0,0,0,0,0,0,0,0,0,2
1986,LAN,NL,welchbo01,Bob Welch,35,33,35,33,33,0,0,0,0,0,0,0,0,0,0,0,2
1986,SFN,NL,wellmbr01,Brad Wellman,12,0,12,9,0,0,0,1,1,8,0,0,0,0,0,3,1
1986,CIN,NL,welshch01,Chris Welsh,24,24,24,24,24,0,0,0,0,0,0,0,0,0,0,0,0
1986,DET,AL,whitalo01,Lou Whitaker,144,136,144,141,0,0,0,141,0,0,0,0,0,0,0,8,0
1986,CAL,AL,whitede03,Devon White,29,12,29,28,0,0,0,0,0,0,18,7,5,28,0,0,8
1986,KCA,AL,whitefr01,Frank White,151,144,151,151,0,0,0,151,1,1,0,0,0,0,0,7,0
1986,SLN,NL,whiteje01,Jerry White,25,1,25,6,0,0,0,0,0,0,3,0,3,6,0,21,0
1986,LAN,NL,whitfte01,Terry Whitfield,19,1,19,1,0,0,0,0,0,0,1,0,0,1,0,18,0
1986,SDN,NL,whitsed01,Ed Whitson,17,12,17,17,17,0,0,0,0,0,0,0,0,0,0,0,0
1986,NYA,AL,whitsed01,Ed Whitson,14,0,0,14,14,0,0,0,0,0,0,0,0,0,0,0,
1986,TOR,AL,whitter01,Ernie Whitt,131,109,131,129,0,129,0,0,0,0,0,0,0,0,0,11,0
1986,BAL,AL,wiggial01,Alan Wiggins,71,59,71,66,0,0,0,66,0,0,0,0,0,0,0,1,7
1986,SEA,AL,wilcomi01,Milt Wilcox,13,0,0,13,13,0,0,0,0,0,0,0,0,0,0,0,
1986,CAL,AL,wilforo01,Rob Wilfong,92,79,92,90,0,0,0,90,0,0,0,0,0,0,0,8,1
1986,TEX,AL,wilkecu01,Curt Wilkerson,110,63,110,105,0,0,0,60,0,56,0,0,0,0,0,3,12
1986,OAK,AL,willaje01,Jerry Willard,75,49,75,71,0,71,0,0,0,0,0,0,0,0,1,11,0
1986,CIN,NL,willica01,Carl Willis,29,0,29,29,29,0,0,0,0,0,0,0,0,0,0,0,0
1986,CLE,AL,willied01,Eddie Williams,5,0,5,4,0,0,0,0,0,0,4,0,0,4,0,2,0
1986,SFN,NL,willifr01,Frank Williams,36,0,36,36,36,0,0,0,0,0,0,0,0,0,0,0,0
1986,CHA,AL,willike02,Ken Williams,15,8,15,10,0,0,0,0,0,0,1,4,5,10,0,1,5
1986,TEX,AL,willimi02,Mitch Williams,80,0,0,80,80,0,0,0,0,0,0,0,0,0,0,0,
1986,LAN,NL,willire01,Reggie Williams,128,88,128,124,0,0,0,0,0,0,26,79,35,124,0,12,7
1986,CLE,AL,willsfr01,Frank Wills,26,0,0,26,26,0,0,0,0,0,0,0,0,0,0,0,
1986,PHI,NL,wilsogl01,Glenn Wilson,155,150,155,154,0,0,0,0,0,0,1,0,153,154,0,3,0
1986,NYN,NL,wilsomo01,Mookie Wilson,123,80,123,114,0,0,0,0,0,0,78,65,3,114,0,24,3
1986,KCA,AL,wilsowi02,Willie Wilson,156,149,156,155,0,0,0,0,0,0,0,155,0,155,0,6,0
1986,NYA,AL,winfida01,Dave Winfield,154,146,154,145,0,0,0,0,2,0,0,0,145,145,4,8,0
1986,MON,NL,winnihe01,Herm Winningham,90,35,90,66,0,0,0,0,0,1,3,56,7,66,0,27,3
1986,MON,NL,wohlfji01,Jim Wohlford,70,16,70,28,0,0,0,0,6,0,10,0,12,22,0,46,1
1986,SDN,NL,wojnaed01,Ed Wojna,7,7,7,7,7,0,0,0,0,0,0,0,0,0,0,0,0
1986,SFN,NL,woodami01,Mike Woodard,48,12,48,26,0,0,0,23,2,2,0,0,0,0,0,23,6
1986,MIN,AL,woodsal01,Al Woods,23,3,23,1,0,0,0,0,0,0,1,0,0,1,3,18,1
1986,BOS,AL,woodwro01,Rob Woodward,9,0,0,9,9,0,0,0,0,0,0,0,0,0,0,0,
1986,SLN,NL,worreto01,Todd Worrell,74,0,74,74,74,0,0,0,0,0,0,0,2,2,0,0,0
1986,TEX,AL,wrighge03,George Wright,49,21,49,42,0,0,0,0,0,0,10,8,27,42,0,11,4
1986,MON,NL,wrighge03,George Wright,56,24,56,32,0,0,0,0,0,0,10,21,3,32,0,27,0
1986,TEX,AL,wrighri01,Ricky Wright,23,0,2,21,21,0,0,0,0,0,0,0,0,0,0,0,2
1986,NYA,AL,wynegbu01,Butch Wynegar,61,52,61,57,0,57,0,0,0,0,0,0,0,0,0,9,0
1986,SDN,NL,wynnema01,Marvell Wynne,137,59,137,125,0,0,0,0,0,0,0,125,0,125,0,15,19
1986,SEA,AL,yeagest01,Steve Yeager,50,44,50,49,0,49,0,0,0,0,0,0,0,0,0,1,0
1986,MON,NL,youmafl01,Floyd Youmans,33,32,33,33,33,0,0,0,0,0,0,0,0,0,0,0,0
1986,OAK,AL,youngcu01,Curt Young,29,0,0,29,29,0,0,0,0,0,0,0,0,0,0,0,
1986,SFN,NL,youngjo02,Joel Youngblood,97,28,97,55,0,0,7,4,5,1,29,0,17,45,0,62,0
1986,SEA,AL,youngma01,Matt Young,65,0,1,65,65,0,0,0,0,0,0,0,0,0,0,0,0
1986,BAL,AL,youngmi01,Mike Young,117,99,117,69,0,0,0,0,0,0,69,0,0,69,37,14,0
1986,ML4,AL,yountro01,Robin Yount,140,132,140,132,0,0,3,0,0,0,0,131,0,131,3,1,4
1986,NYA,AL,zuvelpa01,Paul Zuvella,21,18,21,21,0,0,0,0,0,21,0,0,0,0,0,1,0
