1989,TOR,AL,keyji01,Jimmy Key,33,0,0,33,33,0,0,0,0,0,0,0,0,0,0,0,
1989,CHN,NL,lawva01,Vance Law,130,115,130,120,0,0,0,0,119,0,1,0,0,1,0,11,0
1989,TOR,AL,leema02,Manuel Lee,99,77,99,81,0,0,0,40,17,28,0,0,1,1,1,18,0
1989,CAL,AL,rayjo01,Johnny Ray,134,130,134,130,0,0,0,130,0,0,0,0,0,0,0,4,0
1989,NYA,AL,saxst01,Steve Sax,158,158,158,158,0,0,0,158,0,0,0,0,0,0,0,0,0
1989,NYN,NL,aasedo01,Don Aase,49,0,49,49,49,0,0,0,0,0,0,0,0,0,0,0,0
1989,PIT,NL,bairdo01,Doug Bair,44,0,44,44,44,0,0,0,0,0,0,0,0,0,0,0,0
1989,HOU,NL,basske01,Kevin Bass,87,81,87,84,0,0,0,0,0,0,31,0,53,84,0,3,2
1989,DET,AL,beanbi01,Bill Bean,9,3,9,8,0,0,2,0,0,0,4,1,2,6,0,1,0
1989,LAN,NL,beanbi01,Bill Bean,51,17,51,44,0,0,0,0,0,0,28,11,7,44,0,7,8
1989,TEX,AL,bellbu01,Buddy Bell,34,22,34,10,0,0,1,0,9,0,0,0,0,0,14,11,0
1989,TOR,AL,bellge02,George Bell,153,153,153,134,0,0,0,0,0,0,134,0,0,134,19,0,0
1989,PIT,NL,bellja01,Jay Bell,78,70,78,78,0,0,0,0,0,78,0,0,0,0,0,3,0
1989,BAL,AL,bellju01,Juan Bell,8,1,8,3,0,0,0,2,0,2,0,0,0,0,0,0,5
1989,BOS,AL,boydoi01,Oil Can Boyd,10,0,0,10,10,0,0,0,0,0,0,0,0,0,0,0,
1989,MIN,AL,bushra01,Randy Bush,141,106,141,126,0,0,25,0,0,0,34,1,88,109,2,25,4
1989,HOU,NL,canojo01,Jose Cano,6,3,6,6,6,0,0,0,0,0,0,0,0,0,0,0,0
1989,NYA,AL,carych01,Chuck Cary,22,0,0,22,22,0,0,0,0,0,0,0,0,0,0,0,
1989,NYN,NL,coneda01,David Cone,34,33,34,34,34,0,0,0,0,0,0,0,0,0,0,0,0
1989,PHI,NL,cookde01,Dennis Cook,22,16,22,21,21,0,0,0,0,0,0,0,0,0,0,0,1
1989,SFN,NL,cookde01,Dennis Cook,2,2,2,2,2,0,0,0,0,0,0,0,0,0,0,0,0
1989,MIN,AL,cookmi01,Mike Cook,15,0,0,15,15,0,0,0,0,0,0,0,0,0,0,0,
1989,SDN,NL,corajo01,Joey Cora,12,3,12,9,0,0,0,1,2,7,0,0,0,0,0,0,6
1989,ML4,AL,crimch01,Chuck Crim,76,0,1,76,76,0,1,0,0,0,0,0,0,0,0,0,0
1989,DET,AL,datzje01,Jeff Datz,7,2,7,6,0,6,0,0,0,0,0,0,0,0,1,0,0
1989,ML4,AL,deerro01,Rob Deer,130,127,130,125,0,0,0,0,0,0,2,1,123,125,4,1,0
1989,CIN,NL,diazbo01,Bo Diaz,43,35,43,43,0,43,0,0,0,0,0,0,0,0,0,5,0
1989,SEA,AL,diazma01,Mario Diaz,52,26,52,52,0,0,0,14,3,37,0,0,0,0,0,3,3
1989,MIN,AL,dyermi01,Mike Dyer,16,0,0,16,16,0,0,0,0,0,0,0,0,0,0,0,
1989,ATL,NL,eavega01,Gary Eave,3,3,3,3,3,0,0,0,0,0,0,0,0,0,0,0,0
1989,TEX,AL,espyce01,Cecil Espy,142,111,142,133,0,0,0,0,0,0,3,131,1,133,2,15,6
1989,KCA,AL,farrst01,Steve Farr,51,0,0,51,51,0,0,0,0,0,0,0,0,0,0,0,
1989,CHA,AL,fiskca01,Carlton Fisk,103,98,103,90,0,90,0,0,0,0,0,0,0,0,13,5,0
1989,PHI,NL,fordcu01,Curt Ford,108,17,108,54,0,0,1,1,0,0,26,2,24,52,0,69,0
1989,MON,NL,freyst01,Steve Frey,20,0,20,20,20,0,0,0,0,0,0,0,0,0,0,0,0
1989,ATL,NL,gantro01,Ron Gant,75,64,75,67,0,0,0,0,53,0,2,14,0,14,0,8,2
1989,PIT,NL,gottji01,Jim Gott,1,0,1,1,1,0,0,0,0,0,0,0,0,0,0,0,0
1989,MIN,AL,halech01,Chip Hale,28,16,28,24,0,0,0,16,9,0,0,0,0,0,2,8,1
1989,PIT,NL,hallal02,Albert Hall,20,6,20,12,0,0,0,0,0,0,5,1,6,12,0,8,0
1989,TEX,AL,halldr01,Drew Hall,38,0,0,38,38,0,0,0,0,0,0,0,0,0,0,0,
1989,NYA,AL,hallme01,Mel Hall,113,92,113,75,0,0,0,0,0,0,46,0,31,75,28,18,1
1989,BOS,AL,heepda01,Danny Heep,113,85,113,93,0,0,19,0,0,0,17,0,59,75,9,22,1
1989,PHI,NL,herrto01,Tom Herr,151,142,151,144,0,0,0,144,0,0,0,0,0,0,0,9,0
1989,TOR,AL,hillgl01,Glenallen Hill,19,15,19,16,0,0,0,0,0,0,3,0,13,16,2,0,1
1989,SLN,NL,hillke01,Ken Hill,33,33,33,33,33,0,0,0,0,0,0,0,0,0,0,0,0
1989,BOS,AL,hornsa01,Sam Horn,33,11,33,2,0,0,2,0,0,0,0,0,0,0,11,21,0
1989,LAN,NL,huffmi01,Mike Huff,12,8,12,9,0,0,0,0,0,0,7,1,2,9,0,3,0
1989,NYA,AL,johnto01,Tommy John,10,0,0,10,10,0,0,0,0,0,0,0,0,0,0,0,
1989,OAK,AL,josefe01,Felix Jose,20,14,20,19,0,0,0,0,0,0,4,0,16,19,0,3,1
1989,CHA,AL,kinger01,Eric King,25,0,0,25,25,0,0,0,0,0,0,0,0,0,0,0,
1989,PIT,NL,kingje01,Jeff King,75,55,75,63,0,0,46,7,13,1,0,0,0,0,0,16,1
1989,PHI,NL,krukjo01,John Kruk,81,74,81,76,0,0,7,0,0,0,62,0,12,72,0,6,0
1989,SDN,NL,krukjo01,John Kruk,31,24,31,27,0,0,0,0,0,0,2,0,25,27,0,5,0
1989,SFN,NL,lagami01,Mike Laga,17,1,17,4,0,0,4,0,0,0,0,0,0,0,0,13,0
1989,PHI,NL,lakest01,Steve Lake,58,47,58,55,0,55,0,0,0,0,0,0,0,0,0,7,0
1989,BOS,AL,lampde01,Dennis Lamp,42,0,0,42,42,0,0,0,0,0,0,0,0,0,0,0,
1989,PIT,NL,lindjo01,Jose Lind,153,143,153,151,0,0,0,151,0,0,0,0,0,0,0,6,1
1989,CHA,AL,longbi01,Bill Long,30,0,0,30,30,0,0,0,0,0,0,0,0,0,0,0,
1989,MON,NL,lugour01,Urbano Lugo,3,0,3,3,3,0,0,0,0,0,0,0,0,0,0,0,0
1989,DET,AL,lynnfr01,Fred Lynn,117,97,117,68,0,0,0,0,0,0,68,0,0,68,34,20,0
1989,ATL,NL,mannke01,Kelly Mann,7,7,7,7,0,7,0,0,0,0,0,0,0,0,0,0,0
1989,CLE,AL,olinst01,Steve Olin,25,0,0,25,25,0,0,0,0,0,0,0,0,0,0,0,
1989,OAK,AL,ottoda01,Dave Otto,1,0,0,1,1,0,0,0,0,0,0,0,0,0,0,0,
1989,MON,NL,owensp01,Spike Owen,142,140,142,142,0,0,0,0,0,142,0,0,0,0,0,1,0
1989,CHA,AL,palldo01,Donn Pall,53,0,0,53,53,0,0,0,0,0,0,0,0,0,0,0,
1989,LAN,NL,penaal01,Alejandro Peña,53,0,53,53,53,0,0,0,0,0,0,0,0,0,0,0,0
1989,DET,AL,penara01,Ramon Peña,8,0,0,8,8,0,0,0,0,0,0,0,0,0,0,0,
1989,SLN,NL,penato01,Tony Peña,141,125,141,134,0,134,0,0,0,0,0,0,1,1,0,9,0
1989,CHN,NL,picoje01,Jeff Pico,53,5,53,53,53,0,0,0,0,0,0,0,0,0,0,0,0
1989,HOU,NL,puhlte01,Terry Puhl,121,99,121,106,0,0,3,0,0,0,37,11,64,104,0,17,0
1989,SEA,AL,reedje01,Jerry Reed,52,0,0,52,52,0,0,0,0,0,0,0,0,0,0,0,
1989,CIN,NL,reedje02,Jeff Reed,102,87,102,99,0,99,0,0,0,0,0,0,0,0,0,6,0
1989,BOS,AL,reedjo01,Jody Reed,146,139,146,144,0,0,0,69,4,78,0,0,1,1,0,4,1
1989,PIT,NL,reedri01,Rick Reed,15,7,15,15,15,0,0,0,0,0,0,0,0,0,0,0,0
1989,BOS,AL,riceji01,Jim Rice,56,53,56,0,0,0,0,0,0,0,0,0,0,0,53,3,0
1989,CIN,NL,rijojo01,Jose Rijo,19,19,19,19,19,0,0,0,0,0,0,0,0,0,0,0,0
1989,DET,AL,ritzke01,Kevin Ritz,12,0,0,12,12,0,0,0,0,0,0,0,0,0,0,0,
1989,CAL,AL,rosebo01,Bobby Rose,14,11,14,13,0,0,0,3,10,0,0,0,0,0,0,1,1
1989,PHI,NL,ryalma01,Mark Ryal,29,2,29,8,0,0,4,0,0,0,2,0,2,4,0,22,0
1989,TEX,AL,ryanno01,Nolan Ryan,32,0,0,32,32,0,0,0,0,0,0,0,0,0,0,0,
1989,CIN,NL,saboch01,Chris Sabo,82,76,82,76,0,0,0,0,76,0,0,0,0,0,0,6,0
1989,BAL,AL,schuri01,Rick Schu,1,0,1,1,0,0,0,1,0,0,0,0,0,0,0,0,0
1989,DET,AL,schuri01,Rick Schu,98,71,98,86,0,0,3,5,83,3,0,0,0,0,7,13,1
1989,SDN,NL,shower01,Eric Show,17,16,17,16,16,0,0,0,0,0,0,0,0,0,0,0,1
1989,CHA,AL,sosasa01,Sammy Sosa,33,29,33,33,0,0,0,0,0,0,1,25,9,33,0,2,1
1989,TEX,AL,sosasa01,Sammy Sosa,25,20,25,19,0,0,0,0,0,0,12,8,1,19,3,3,1
1989,SFN,NL,swanru01,Russ Swan,2,2,2,2,2,0,0,0,0,0,0,0,0,0,0,0,0
1989,SFN,NL,tatest01,Stu Tate,2,0,2,2,2,0,0,0,0,0,0,0,0,0,0,0,0
1989,PHI,NL,thondi01,Dickie Thon,136,118,136,129,0,0,0,0,0,129,0,0,0,0,0,10,1
1989,PIT,NL,walkbo01,Bob Walk,33,31,33,33,33,0,0,0,0,0,0,0,0,0,0,0,0
1989,TOR,AL,warddu01,Duane Ward,66,0,1,66,66,0,0,0,0,0,0,0,0,0,0,0,0
1989,NYA,AL,wardga01,Gary Ward,8,7,8,6,0,0,0,0,0,0,0,0,6,6,1,1,0
1989,DET,AL,wardga01,Gary Ward,105,64,105,74,0,0,26,0,0,0,35,5,14,52,16,38,0
1989,MIN,AL,westda01,David West,10,0,0,10,10,0,0,0,0,0,0,0,0,0,0,0,
1989,NYN,NL,westda01,David West,11,2,11,11,11,0,0,0,0,0,0,0,0,0,0,0,0
1989,TEX,AL,wittbo01,Bobby Witt,31,0,0,31,31,0,0,0,0,0,0,0,0,0,0,0,
1989,CAL,AL,wittmi01,Mike Witt,33,0,0,33,33,0,0,0,0,0,0,0,0,0,0,0,
1989,CLE,AL,yettri01,Rich Yett,32,0,0,32,32,0,0,0,0,0,0,0,0,0,0,0,
1989,CAL,AL,abbotji01,Jim Abbott,29,0,0,29,29,0,0,0,0,0,0,0,0,0,0,0,
1989,SDN,NL,abnersh01,Shawn Abner,57,23,57,51,0,0,0,0,0,0,22,24,6,51,0,8,3
1989,TOR,AL,ackerji01,Jim Acker,14,0,0,14,14,0,0,0,0,0,0,0,0,0,0,0,
1989,ATL,NL,ackerji01,Jim Acker,59,0,59,59,59,0,0,0,0,0,0,0,0,0,0,0,0
1989,PHI,NL,adducji01,Jim Adduci,13,3,13,5,0,0,4,0,0,0,1,0,0,1,0,8,1
1989,HOU,NL,agostju01,Juan Agosto,71,0,71,71,71,0,0,0,0,0,0,0,0,0,0,0,0
1989,CLE,AL,aguaylu01,Luis Aguayo,47,25,47,43,0,0,0,10,19,15,0,0,0,0,0,7,0
1989,NYN,NL,aguilri01,Rick Aguilera,36,0,36,36,36,0,0,0,0,0,0,0,0,0,0,1,0
1989,MIN,AL,aguilri01,Rick Aguilera,11,0,0,11,11,0,0,0,0,0,0,0,0,0,0,0,
1989,TEX,AL,akerfda01,Darrel Akerfelds,6,0,0,6,6,0,0,0,0,0,0,0,0,0,0,0,
1989,MON,NL,aldremi01,Mike Aldrete,76,28,76,45,0,0,10,0,0,0,16,3,19,37,0,33,0
1989,ML4,AL,aldrija01,Jay Aldrich,16,0,0,16,16,0,0,0,0,0,0,0,0,0,0,0,
1989,ATL,NL,aldrija01,Jay Aldrich,8,0,8,8,8,0,0,0,0,0,0,0,0,0,0,0,0
1989,DET,AL,alexado01,Doyle Alexander,33,0,0,33,33,0,0,0,0,0,0,0,0,0,0,0,
1989,CLE,AL,allanan01,Andy Allanson,111,103,111,111,0,111,0,0,0,0,0,0,0,0,0,0,0
1989,CLE,AL,allenne01,Neil Allen,3,0,0,3,3,0,0,0,0,0,0,0,0,0,0,0,
1989,CLE,AL,allrebe01,Beau Allred,13,4,13,5,0,0,0,0,0,0,3,0,2,5,0,9,0
1989,SDN,NL,alomaro01,Roberto Alomar,158,157,158,157,0,0,0,157,0,0,0,0,0,0,0,1,0
1989,SDN,NL,alomasa02,Sandy Alomar,7,4,7,6,0,6,0,0,0,0,0,0,0,0,0,1,0
1989,ATL,NL,alvarjo01,Jose Alvarez,30,0,30,30,30,0,0,0,0,0,0,0,0,0,0,0,0
1989,TEX,AL,alvarwi01,Wilson Alvarez,1,0,0,1,1,0,0,0,0,0,0,0,0,0,0,0,
1989,MIN,AL,anderal02,Allan Anderson,34,0,1,33,33,0,0,0,0,0,0,0,0,0,0,1,0
1989,BAL,AL,anderbr01,Brady Anderson,94,65,94,79,0,0,0,0,0,0,3,75,1,79,0,8,13
1989,LAN,NL,anderda02,Dave Anderson,87,30,87,55,0,0,0,7,18,33,0,0,0,0,0,31,8
1989,CAL,AL,anderke01,Kent Anderson,86,73,86,84,0,0,0,7,5,70,0,0,2,2,1,3,4
1989,HOU,NL,anderla02,Larry Andersen,60,0,60,60,60,0,0,0,0,0,0,0,0,0,0,0,0
1989,HOU,NL,anthoer01,Eric Anthony,25,16,25,21,0,0,0,0,0,0,3,0,18,21,0,7,0
1989,KCA,AL,appieke01,Kevin Appier,6,0,0,6,6,0,0,0,0,0,0,0,0,0,0,0,
1989,KCA,AL,aquinlu01,Luis Aquino,34,0,0,34,34,0,0,0,0,0,0,0,0,0,0,0,
1989,CAL,AL,armasto01,Tony Armas,60,51,60,49,0,0,2,0,0,0,5,1,42,47,4,9,0
1989,CIN,NL,armstja01,Jack Armstrong,10,8,10,9,9,0,0,0,0,0,0,0,0,0,0,0,1
1989,OAK,AL,arndtla01,Larry Arndt,2,2,2,2,0,0,1,0,1,0,0,0,0,0,0,0,0
1989,TEX,AL,arnsbbr01,Brad Arnsberg,16,0,0,16,16,0,0,0,0,0,0,0,0,0,0,0,
1989,HOU,NL,ashbyal01,Alan Ashby,22,17,22,19,0,19,0,0,0,0,0,0,0,0,0,4,0
1989,ATL,NL,assenpa01,Paul Assenmacher,49,0,49,49,49,0,0,0,0,0,0,0,0,0,0,0,0
1989,CHN,NL,assenpa01,Paul Assenmacher,14,0,14,14,14,0,0,0,0,0,0,0,0,0,0,0,0
1989,CLE,AL,atherke01,Keith Atherton,32,0,0,32,32,0,0,0,0,0,0,0,0,0,0,0,
1989,ML4,AL,augusdo01,Don August,31,0,0,31,31,0,0,0,0,0,0,0,0,0,0,0,
1989,MIN,AL,backmwa01,Wally Backman,87,79,87,84,0,0,0,84,0,0,0,0,0,0,0,5,1
1989,CLE,AL,bailesc01,Scott Bailes,34,0,0,34,34,0,0,0,0,0,0,0,0,0,0,0,
1989,TEX,AL,baineha01,Harold Baines,50,45,50,1,0,0,0,0,0,0,0,0,1,1,44,5,0
1989,CHA,AL,baineha01,Harold Baines,96,92,96,24,0,0,0,0,0,0,0,0,24,24,69,4,0
1989,MIN,AL,bakerdo01,Doug Baker,43,20,43,40,0,0,0,25,0,19,0,0,0,0,0,4,4
1989,NYA,AL,balbost01,Steve Balboni,110,77,110,20,0,0,20,0,0,0,0,0,0,0,62,29,1
1989,BAL,AL,ballaje01,Jeff Ballard,35,0,0,35,35,0,0,0,0,0,0,0,0,0,0,0,
1989,OAK,AL,bandoch01,Chris Bando,1,0,1,1,0,1,0,0,0,0,0,0,0,0,0,1,0
1989,SEA,AL,bankhsc01,Scott Bankhead,33,0,0,33,33,0,0,0,0,0,0,0,0,0,0,0,
1989,KCA,AL,bannifl01,Floyd Bannister,14,0,0,14,14,0,0,0,0,0,0,0,0,0,0,0,
1989,TOR,AL,barfije01,Jesse Barfield,21,20,21,21,0,0,0,0,0,0,1,0,20,21,0,1,0
1989,NYA,AL,barfije01,Jesse Barfield,129,126,129,128,0,0,0,0,0,0,0,18,120,128,1,1,1
1989,TEX,AL,barfijo01,John Barfield,4,0,0,4,4,0,0,0,0,0,0,0,0,0,0,0,
1989,CIN,NL,barnesk01,Skeeter Barnes,5,0,5,0,0,0,0,0,0,0,0,0,0,0,0,3,2
1989,BOS,AL,barrema02,Marty Barrett,86,81,86,80,0,0,0,80,0,0,0,0,0,0,4,2,2
1989,PHI,NL,barreto01,Tom Barrett,14,7,14,9,0,0,0,9,0,0,0,0,0,0,0,3,3
1989,ML4,AL,batesbi01,Billy Bates,7,3,7,7,0,0,0,7,0,0,0,0,0,0,0,1,1
1989,SFN,NL,bathebi01,Bill Bathe,30,0,30,7,0,7,0,0,0,0,0,0,0,0,0,27,0
1989,TOR,AL,batiske01,Kevin Batiste,6,2,6,5,0,0,0,0,0,0,2,0,3,5,0,0,2
1989,BAL,AL,bautijo01,Jose Bautista,15,0,0,15,15,0,0,0,0,0,0,0,0,0,0,0,
1989,OAK,AL,beanebi01,Billy Beane,37,21,37,30,0,1,4,0,1,0,4,0,21,25,1,7,5
1989,DET,AL,beardda01,Dave Beard,2,0,0,2,2,0,0,0,0,0,0,0,0,0,0,0,
1989,NYN,NL,beattbl01,Blaine Beatty,2,1,2,2,2,0,0,0,0,0,0,0,0,0,0,0,0
1989,PHI,NL,bedrost01,Steve Bedrosian,28,0,28,28,28,0,0,0,0,0,0,0,0,0,0,0,0
1989,SFN,NL,bedrost01,Steve Bedrosian,40,0,40,40,40,0,0,0,0,0,0,0,0,0,0,0,0
1989,LAN,NL,belchti01,Tim Belcher,39,30,39,39,39,0,0,0,0,0,0,0,0,0,0,0,0
1989,PIT,NL,belinst01,Stan Belinda,8,0,8,8,8,0,0,0,0,0,0,0,0,0,0,0,0
1989,CLE,AL,belleal01,Albert Belle,62,59,62,43,0,0,0,0,0,0,15,0,31,43,17,2,0
1989,PIT,NL,bellira01,Rafael Belliard,67,47,67,64,0,0,0,20,6,40,0,0,0,0,0,1,5
1989,ATL,NL,benedbr01,Bruce Benedict,66,56,66,65,0,65,0,0,0,0,0,0,0,0,0,1,1
1989,SDN,NL,benesan01,Andy Benes,10,10,10,10,10,0,0,0,0,0,0,0,0,0,0,0,0
1989,SFN,NL,benjami01,Mike Benjamin,14,0,14,8,0,0,0,0,0,8,0,0,0,0,0,1,10
1989,CIN,NL,benzito01,Todd Benzinger,161,158,161,158,0,0,158,0,0,0,0,0,0,0,0,3,0
1989,MIN,AL,berenju01,Juan Berenguer,56,0,1,56,56,0,0,0,0,0,0,0,0,0,0,0,0
1989,DET,AL,bergmda01,Dave Bergman,137,109,137,124,0,0,123,0,0,0,1,0,0,1,3,23,0
1989,ATL,NL,berroge01,Geronimo Berroa,81,26,81,34,0,0,0,0,0,0,1,0,33,34,0,51,0
1989,CHN,NL,berryda01,Damon Berryhill,91,84,91,89,0,89,0,0,0,0,0,0,0,0,0,7,0
1989,CAL,AL,bicheda01,Dante Bichette,48,36,48,40,0,0,0,0,0,0,12,6,23,40,0,10,1
1989,CHN,NL,bielemi01,Mike Bielecki,33,33,33,33,33,0,0,0,0,0,0,0,0,0,0,0,0
1989,HOU,NL,biggicr01,Craig Biggio,134,124,134,130,0,125,0,0,0,0,1,4,0,5,0,5,1
1989,PIT,NL,bilarda01,Dann Bilardello,33,25,33,33,0,33,0,0,0,0,0,0,0,0,0,0,1
1989,ML4,AL,birkbmi01,Mike Birkbeck,9,0,0,9,9,0,0,0,0,0,0,0,0,0,0,0,
1989,CIN,NL,birtsti01,Tim Birtsas,42,1,42,42,42,0,0,0,0,0,0,0,0,0,0,0,0
1989,CHA,AL,bittije01,Jeff Bittiger,2,0,0,2,2,0,0,0,0,0,0,0,0,0,0,0,
1989,CLE,AL,blackbu02,Buddy Black,33,0,0,33,33,0,0,0,0,0,0,0,0,0,0,0,
1989,CHN,NL,blankke01,Kevin Blankenship,2,0,2,2,2,0,0,0,0,0,0,0,0,0,0,0,0
1989,OAK,AL,blankla02,Lance Blankenship,58,34,58,45,0,0,0,24,0,0,4,0,21,25,3,7,11
1989,ATL,NL,blausje01,Jeff Blauser,142,113,142,138,0,0,0,39,78,30,0,2,0,2,0,11,2
1989,ATL,NL,blockte01,Terry Blocker,26,1,26,9,1,0,0,0,0,0,2,2,4,8,0,20,0
1989,NYA,AL,blowemi01,Mike Blowers,13,11,13,13,0,0,0,0,13,0,0,0,0,0,0,1,0
1989,CAL,AL,blylebe01,Bert Blyleven,33,0,0,33,33,0,0,0,0,0,0,0,0,0,0,0,
1989,DET,AL,bockura01,Randy Bockus,2,0,0,2,2,0,0,0,0,0,0,0,0,0,0,0,
1989,BOS,AL,boddimi01,Mike Boddicker,34,0,0,34,34,0,0,0,0,0,0,0,0,0,0,0,
1989,ATL,NL,boevejo01,Joe Boever,66,0,66,66,66,0,0,0,0,0,0,0,0,0,0,0,0
1989,BOS,AL,boggswa01,Wade Boggs,156,155,156,152,0,0,0,0,152,0,0,0,0,0,3,1,0
1989,BOS,AL,boltoto01,Tom Bolton,4,0,0,4,4,0,0,0,0,0,0,0,0,0,0,0,
1989,PIT,NL,bondsba01,Barry Bonds,159,146,159,156,0,0,0,0,0,0,156,0,0,156,0,9,0
1989,PIT,NL,bonilbo01,Bobby Bonilla,163,161,163,163,0,0,8,0,156,0,0,0,1,1,0,1,0
1989,SDN,NL,bookegr01,Greg Booker,11,0,11,11,11,0,0,0,0,0,0,0,0,0,0,0,0
1989,MIN,AL,bookegr01,Greg Booker,6,0,1,6,6,0,0,0,0,0,0,0,0,0,0,0,0
1989,SLN,NL,bookero01,Rod Booker,10,1,10,6,0,0,0,5,1,0,0,0,0,0,0,2,2
1989,KCA,AL,boonebo01,Bob Boone,131,127,131,129,0,129,0,0,0,0,0,0,0,0,0,2,1
1989,TOR,AL,bordepa01,Pat Borders,94,58,94,67,0,67,0,0,0,0,0,0,0,0,14,27,0
1989,ML4,AL,bosioch01,Chris Bosio,33,0,0,33,33,0,0,0,0,0,0,0,0,0,0,0,
1989,TEX,AL,bosleth01,Thad Bosley,37,3,37,8,0,0,0,0,0,0,6,0,2,8,1,33,0
1989,CHA,AL,bostoda01,Daryl Boston,101,54,101,75,0,0,0,0,0,0,57,2,21,75,1,22,15
1989,BAL,AL,bradlph01,Phil Bradley,144,139,144,140,0,0,0,0,0,0,140,0,0,140,1,5,0
1989,SEA,AL,bradlsc01,Scott Bradley,103,68,103,72,0,70,2,0,0,0,1,0,0,1,4,31,0
1989,CAL,AL,bradybr01,Brian Brady,2,0,2,1,0,0,0,0,0,0,0,0,1,1,0,2,0
1989,ML4,AL,bragggl01,Glenn Braggs,144,136,144,132,0,0,0,0,0,0,127,0,9,132,13,2,1
1989,SFN,NL,brantje01,Jeff Brantley,59,1,59,59,59,0,0,0,0,0,0,0,0,0,0,0,2
1989,SEA,AL,brantmi01,Mickey Brantley,34,28,34,23,0,0,0,0,0,0,12,0,11,23,6,3,2
1989,PIT,NL,breamsi01,Sid Bream,19,13,19,13,0,0,13,0,0,0,0,0,0,0,0,6,0
1989,SFN,NL,brenlbo01,Bob Brenly,12,6,12,12,0,12,0,0,0,0,0,0,0,0,0,2,0
1989,TOR,AL,brenlbo01,Bob Brenly,48,27,48,18,0,13,5,0,0,0,0,0,0,0,17,17,0
1989,KCA,AL,brettge01,George Brett,124,121,124,105,0,0,105,0,0,0,2,0,0,2,16,3,0
1989,SEA,AL,brilegr01,Greg Briley,115,97,115,112,0,0,0,10,0,0,96,0,10,105,1,13,1
1989,ML4,AL,brockgr01,Greg Brock,107,100,107,100,0,0,100,0,0,0,0,0,0,0,7,3,1
1989,MON,NL,brookhu01,Hubie Brooks,148,139,148,140,0,0,0,0,0,0,0,0,140,140,0,9,0
1989,NYA,AL,brookto01,Tom Brookens,66,42,66,61,0,0,0,5,51,7,0,0,3,3,2,13,0
1989,NYA,AL,browebo01,Bob Brower,26,19,26,25,0,0,0,0,0,0,1,9,15,25,0,3,0
1989,DET,AL,brownch02,Chris Brown,17,17,17,17,0,0,0,0,17,0,0,0,0,0,0,0,0
1989,CLE,AL,brownje01,Jerry Browne,153,148,153,151,0,0,0,151,0,0,0,0,0,0,1,3,0
1989,TEX,AL,brownke01,Kevin Brown,28,0,0,28,28,0,0,0,0,0,0,0,0,0,0,0,
1989,CIN,NL,brownma03,Marty Brown,16,7,16,11,0,0,0,0,11,0,0,0,0,0,0,4,3
1989,CIN,NL,brownto05,Tom Browning,41,37,41,37,37,0,0,0,0,0,0,0,0,0,0,2,2
1989,DET,AL,brumlmi02,Mike Brumley,92,58,92,76,0,0,0,24,11,42,1,1,2,4,1,3,18
1989,SLN,NL,brunato01,Tom Brunansky,158,150,158,155,0,0,1,0,0,0,0,1,155,155,0,6,0
1989,KCA,AL,buchabo01,Bob Buchanan,2,0,0,2,2,0,0,0,0,0,0,0,0,0,0,0,
1989,KCA,AL,bucknbi01,Bill Buckner,79,36,79,25,0,0,25,0,0,0,0,0,0,0,16,42,0
1989,TEX,AL,buechst01,Steve Buechele,155,139,155,153,0,0,0,18,145,1,0,0,0,0,1,2,3
1989,SEA,AL,buhneja01,Jay Buhner,58,57,58,57,0,0,0,0,0,0,0,2,56,57,0,0,1
1989,TOR,AL,buicede01,DeWayne Buice,7,0,0,7,7,0,0,0,0,0,0,0,0,0,0,0,
1989,PHI,NL,bulloer01,Eric Bullock,6,0,6,3,0,0,0,0,0,0,0,1,2,3,0,3,1
1989,MON,NL,burketi01,Tim Burke,68,0,68,68,68,0,0,0,0,0,0,0,0,0,0,0,0
1989,BOS,AL,burksel01,Ellis Burks,97,96,97,96,0,0,0,0,0,0,0,96,0,96,0,0,1
1989,OAK,AL,burnsto02,Todd Burns,50,0,1,50,50,0,0,0,0,0,0,0,0,0,0,0,0
1989,SFN,NL,butlebr01,Brett Butler,154,149,154,152,0,0,0,0,0,0,0,152,0,152,0,1,2
1989,TOR,AL,cabrefr01,Francisco Cabrera,3,3,3,0,0,0,0,0,0,0,0,0,0,0,3,0,0
1989,ATL,NL,cabrefr01,Francisco Cabrera,4,3,4,3,0,1,2,0,0,0,0,0,0,0,0,1,0
1989,OAK,AL,cadargr01,Greg Cadaret,26,0,0,26,26,0,0,0,0,0,0,0,0,0,0,0,
1989,NYA,AL,cadargr01,Greg Cadaret,20,0,1,20,20,0,0,0,0,0,0,0,0,0,0,0,0
1989,CHA,AL,caldeiv01,Ivan Calderon,157,155,157,119,0,0,24,0,0,0,17,0,89,104,36,2,0
1989,SFN,NL,camacer01,Ernie Camacho,13,0,13,13,13,0,0,0,0,0,0,0,0,0,0,0,0
1989,HOU,NL,caminke01,Ken Caminiti,161,159,161,160,0,0,0,0,160,0,0,0,0,0,0,2,0
1989,SEA,AL,campbmi01,Mike Campbell,5,0,0,5,5,0,0,0,0,0,0,0,0,0,0,0,
1989,ML4,AL,canalge01,George Canale,13,7,13,11,0,0,11,0,0,0,0,0,0,0,0,1,3
1989,MON,NL,candejo01,John Candelaria,12,0,12,12,12,0,0,0,0,0,0,0,0,0,0,0,0
1989,NYA,AL,candejo01,John Candelaria,10,0,0,10,10,0,0,0,0,0,0,0,0,0,0,0,
1989,CLE,AL,candito01,Tom Candiotti,31,0,0,31,31,0,0,0,0,0,0,0,0,0,0,0,
1989,PIT,NL,cangejo01,John Cangelosi,112,23,112,46,0,0,0,0,0,0,12,24,10,46,0,83,1
1989,OAK,AL,cansejo01,Jose Canseco,65,60,65,56,0,0,0,0,0,0,0,0,56,56,5,3,1
1989,PHI,NL,carmado01,Don Carman,49,20,49,49,49,0,0,0,0,0,0,0,0,0,0,0,0
1989,SLN,NL,carpecr01,Cris Carpenter,36,5,36,36,36,0,0,0,0,0,0,0,0,0,0,0,0
1989,NYN,NL,carrema01,Mark Carreon,68,26,68,39,0,0,0,0,0,0,18,0,21,39,0,30,2
1989,NYN,NL,cartega01,Gary Carter,50,42,50,48,0,47,1,0,0,0,0,0,0,0,0,5,0
1989,CLE,AL,cartejo01,Joe Carter,162,162,162,155,0,0,11,0,0,0,56,103,1,147,7,0,0
1989,PIT,NL,cartest01,Steve Carter,9,4,9,5,0,0,0,0,0,0,0,0,5,5,0,5,0
1989,MIN,AL,castica01,Carmelo Castillo,94,58,94,67,0,0,0,0,0,0,7,0,61,67,6,31,0
1989,ML4,AL,castiju01,Juan Castillo,3,2,3,3,0,0,0,3,0,0,0,0,0,0,0,0,1
1989,ATL,NL,castito02,Tony Castillo,12,0,12,12,12,0,0,0,0,0,0,0,0,0,0,0,0
1989,TOR,AL,castito02,Tony Castillo,17,0,0,17,17,0,0,0,0,0,0,0,0,0,0,0,
1989,BOS,AL,ceronri01,Rick Cerone,102,86,102,97,0,97,0,0,0,0,0,0,1,1,1,7,0
1989,TOR,AL,cerutjo01,John Cerutti,33,0,0,33,33,0,0,0,0,0,0,0,0,0,0,0,
1989,CIN,NL,charlno01,Norm Charlton,69,0,69,69,69,0,0,0,0,0,0,0,0,0,0,0,0
1989,HOU,NL,clancji01,Jim Clancy,33,26,33,33,33,0,0,0,0,0,0,0,0,0,0,0,0
1989,CLE,AL,clarkda05,Dave Clark,102,63,102,22,0,0,0,0,0,0,12,0,11,22,47,37,0
1989,SDN,NL,clarkja01,Jack Clark,142,141,142,141,0,0,131,0,0,0,0,0,12,12,0,1,0
1989,SDN,NL,clarkje01,Jerald Clark,17,10,17,14,0,0,0,0,0,0,10,0,4,14,0,4,1
1989,KCA,AL,clarkst02,Stan Clarke,2,0,0,2,2,0,0,0,0,0,0,0,0,0,0,0,
1989,CAL,AL,clarkte01,Terry Clark,4,0,0,4,4,0,0,0,0,0,0,0,0,0,0,0,
1989,SFN,NL,clarkwi02,Will Clark,159,157,159,158,0,0,158,0,0,0,0,0,0,0,0,2,0
1989,ATL,NL,claryma01,Marty Clary,18,17,18,18,18,0,0,0,0,0,0,0,0,0,0,0,0
1989,SDN,NL,clemepa01,Pat Clements,23,1,23,23,23,0,0,0,0,0,0,0,0,0,0,0,0
1989,BOS,AL,clemero02,Roger Clemens,35,0,0,35,35,0,0,0,0,0,0,0,0,0,0,0,
1989,ML4,AL,cluttbr01,Bryan Clutterbuck,14,0,0,14,14,0,0,0,0,0,0,0,0,0,0,0,
1989,SEA,AL,cochrda01,Dave Cochrane,54,19,54,49,0,2,9,4,9,29,3,0,0,3,0,21,0
1989,SLN,NL,colemvi01,Vince Coleman,145,134,145,142,0,0,0,0,0,0,142,0,0,142,0,5,1
1989,SEA,AL,colesda01,Darnell Coles,146,134,146,127,0,0,18,0,26,0,7,0,83,89,12,8,1
1989,CIN,NL,collida02,Dave Collins,78,13,78,16,0,0,0,0,0,0,16,0,0,16,0,62,0
1989,PHI,NL,combspa01,Pat Combs,6,6,6,6,6,0,0,0,0,0,0,0,0,0,0,0,0
1989,SEA,AL,comstke01,Keith Comstock,31,0,0,31,31,0,0,0,0,0,0,0,0,0,0,0,
1989,TEX,AL,coolbsc01,Scott Coolbaugh,25,18,25,23,0,0,0,0,23,0,0,0,0,0,2,0,0
1989,CAL,AL,corbesh01,Sherman Corbett,4,0,0,4,4,0,0,0,0,0,0,0,0,0,0,0,
1989,OAK,AL,corsiji01,Jim Corsi,22,0,0,22,22,0,0,0,0,0,0,0,0,0,0,0,
1989,SLN,NL,costejo01,John Costello,48,0,48,48,48,0,0,0,0,0,0,0,0,0,0,0,0
1989,SEA,AL,cottohe01,Henry Cotto,100,66,100,90,0,0,0,0,0,0,57,30,14,90,0,21,4
1989,KCA,AL,crawfst01,Steve Crawford,25,0,0,25,25,0,0,0,0,0,0,0,0,0,0,0,
1989,LAN,NL,crewsti01,Tim Crews,44,0,44,44,44,0,0,0,0,0,0,0,0,0,0,0,0
1989,TOR,AL,cummist01,Steve Cummings,5,0,0,5,5,0,0,0,0,0,0,0,0,0,0,0,
1989,CLE,AL,dalenpe01,Pete Dalena,5,1,5,0,0,0,0,0,0,0,0,0,0,0,1,4,0
1989,CIN,NL,danieka01,Kal Daniels,44,38,44,38,0,0,0,0,0,0,38,0,0,38,0,6,0
1989,LAN,NL,danieka01,Kal Daniels,11,11,11,11,0,0,0,0,0,0,11,0,0,11,0,0,0
1989,NYN,NL,darliro01,Ron Darling,35,33,35,33,33,0,0,0,0,0,0,0,0,0,0,0,2
1989,HOU,NL,darwida01,Danny Darwin,68,0,68,68,68,0,0,0,0,0,0,0,0,0,0,0,0
1989,CHN,NL,dascedo01,Doug Dascenzo,47,31,47,45,0,0,0,0,0,0,8,36,1,45,0,1,3
1989,TEX,AL,daughja01,Jack Daugherty,52,21,52,27,0,0,22,0,0,0,4,0,1,5,5,24,3
1989,PHI,NL,daultda01,Darren Daulton,131,106,131,126,0,126,0,0,0,0,0,0,0,0,0,11,2
1989,NYA,AL,davidbo01,Bob Davidson,1,0,0,1,1,0,0,0,0,0,0,0,0,0,0,0,
1989,HOU,NL,davidma01,Mark Davidson,33,15,33,23,0,0,0,0,0,0,7,3,15,23,0,14,1
1989,SEA,AL,davisal01,Alvin Davis,142,139,142,125,0,0,125,0,0,0,0,0,0,0,14,3,0
1989,BAL,AL,davisbu02,Butch Davis,5,1,5,3,0,0,0,0,0,0,2,0,1,3,0,2,0
1989,CAL,AL,davisch01,Chili Davis,154,152,154,147,0,0,0,0,0,0,147,0,0,147,6,2,0
1989,CIN,NL,daviser01,Eric Davis,131,123,131,125,0,0,0,0,0,0,4,118,3,125,0,6,0
1989,HOU,NL,davisgl01,Glenn Davis,158,153,158,156,0,0,156,0,0,0,0,0,0,0,0,3,0
1989,ATL,NL,davisjo02,Jody Davis,78,62,78,73,0,72,2,0,0,0,0,0,0,0,0,9,0
1989,CHA,AL,davisjo04,John Davis,4,0,0,4,4,0,0,0,0,0,0,0,0,0,0,0,
1989,SDN,NL,davisma01,Mark Davis,70,0,70,70,70,0,0,0,0,0,0,0,0,0,0,0,0
1989,LAN,NL,davismi02,Mike Davis,67,41,67,48,0,0,0,0,0,0,16,0,34,48,0,20,1
1989,OAK,AL,davisst02,Storm Davis,31,0,0,31,31,0,0,0,0,0,0,0,0,0,0,0,
1989,CLE,AL,davisst03,Steve Davis,12,0,0,12,12,0,0,0,0,0,0,0,0,0,0,0,
1989,OAK,AL,dawlebi01,Bill Dawley,4,0,0,4,4,0,0,0,0,0,0,0,0,0,0,0,
1989,CHN,NL,dawsoan01,Andre Dawson,118,110,118,112,0,0,0,0,0,0,0,0,112,112,0,7,0
1989,SLN,NL,dayleke01,Ken Dayley,71,0,71,71,71,0,0,0,0,0,0,0,0,0,0,0,0
1989,KCA,AL,dejesjo01,Jose de Jesus,3,0,0,3,3,0,0,0,0,0,0,0,0,0,0,0,
1989,SLN,NL,deleojo01,Jose DeLeon,36,36,36,36,36,0,0,0,0,0,0,0,0,0,0,0,0
1989,SEA,AL,deleolu01,Luis DeLeon,1,0,0,1,1,0,0,0,0,0,0,0,0,0,0,0,
1989,KCA,AL,deloslu01,Luis de los Santos,28,21,28,27,0,0,27,0,0,0,0,0,0,0,0,2,0
1989,LAN,NL,dempsri01,Rick Dempsey,79,38,79,62,0,62,0,0,0,0,0,0,0,0,0,29,1
1989,ATL,NL,densodr01,Drew Denson,12,9,12,12,0,0,12,0,0,0,0,0,0,0,0,0,0
1989,PHI,NL,dernibo01,Bob Dernier,107,35,107,74,0,0,0,0,0,0,28,29,20,74,0,46,9
1989,HOU,NL,deshaji01,Jim Deshaies,35,34,35,34,34,0,0,0,0,0,0,0,0,0,0,1,0
1989,BAL,AL,devermi01,Mike Devereaux,122,98,122,112,0,0,0,0,0,0,4,80,35,112,1,16,3
1989,CIN,NL,dibblro01,Rob Dibble,74,0,74,74,74,0,0,0,0,0,0,0,0,0,0,0,0
1989,PHI,NL,dillago01,Gordon Dillard,5,0,5,5,5,0,0,0,0,0,0,0,0,0,0,0,0
1989,SLN,NL,dipinfr01,Frank DiPino,67,0,67,67,67,0,0,0,0,0,0,0,0,0,0,0,0
1989,CAL,AL,disarga01,Gary Disarcina,2,0,2,1,0,0,0,0,0,1,0,0,0,0,0,0,1
1989,PIT,NL,distebe01,Benny Distefano,96,31,96,51,0,3,48,0,0,0,0,0,1,1,0,52,1
1989,BOS,AL,dopsojo01,John Dopson,29,0,0,29,29,0,0,0,0,0,0,0,0,0,0,0,
1989,HOU,NL,doranbi02,Bill Doran,142,131,142,138,0,0,0,138,0,0,0,0,0,0,0,9,1
1989,NYA,AL,dorsebr01,Brian Dorsett,8,6,8,8,0,8,0,0,0,0,0,0,0,0,0,0,0
1989,NYA,AL,dotsori01,Richard Dotson,11,0,0,11,11,0,0,0,0,0,0,0,0,0,0,0,
1989,CHA,AL,dotsori01,Richard Dotson,17,0,0,17,17,0,0,0,0,0,0,0,0,0,0,0,
1989,CAL,AL,downibr01,Brian Downing,142,141,142,0,0,0,0,0,0,0,0,0,0,0,141,1,0
1989,SFN,NL,downske01,Kelly Downs,18,15,18,18,18,0,0,0,0,0,0,0,0,0,0,0,0
1989,PIT,NL,drabedo01,Doug Drabek,40,34,40,35,35,0,0,0,0,0,0,0,0,0,0,0,5
1989,SFN,NL,draveda01,Dave Dravecky,2,2,2,2,2,0,0,0,0,0,0,0,0,0,0,0,0
1989,MIN,AL,drummti01,Tim Drummond,8,0,1,8,8,0,0,0,0,0,0,0,0,0,0,0,0
1989,DET,AL,duboibr01,Brian Dubois,6,0,0,6,6,0,0,0,0,0,0,0,0,0,0,0,
1989,TOR,AL,duceyro01,Rob Ducey,41,22,41,35,0,0,0,0,0,0,16,2,18,35,0,6,3
1989,CIN,NL,duncama01,Mariano Duncan,45,43,45,44,0,0,0,5,0,44,0,0,0,0,0,1,0
1989,LAN,NL,duncama01,Mariano Duncan,49,16,49,30,0,0,0,8,0,16,4,0,4,7,0,18,5
1989,PIT,NL,dunnemi01,Mike Dunne,3,3,3,3,3,0,0,0,0,0,0,0,0,0,0,0,0
1989,SEA,AL,dunnemi01,Mike Dunne,15,0,0,15,15,0,0,0,0,0,0,0,0,0,0,0,
1989,CHN,NL,dunstsh01,Shawon Dunston,138,136,138,138,0,0,0,0,0,138,0,0,0,0,0,1,0
1989,SLN,NL,durhale01,Leon Durham,29,2,29,18,0,0,18,0,0,0,0,0,0,0,0,12,5
1989,MON,NL,dwyerji01,Jim Dwyer,13,0,13,0,0,0,0,0,0,0,0,0,0,0,0,13,0
1989,MIN,AL,dwyerji01,Jim Dwyer,88,59,88,1,0,0,0,0,0,0,0,0,1,1,59,27,1
1989,NYN,NL,dykstle01,Lenny Dykstra,56,43,56,51,0,0,0,0,0,0,0,51,0,51,0,6,4
1989,PHI,NL,dykstle01,Lenny Dykstra,90,85,90,89,0,0,0,0,0,0,0,89,0,89,0,4,0
1989,PIT,NL,easlelo01,Logan Easley,10,0,10,10,10,0,0,0,0,0,0,0,0,0,0,0,0
1989,OAK,AL,eckerde01,Dennis Eckersley,51,0,1,51,51,0,0,0,0,0,0,0,0,0,0,0,0
1989,CHA,AL,edwarwa01,Wayne Edwards,7,0,1,7,7,0,0,0,0,0,0,0,0,0,0,0,0
1989,ATL,NL,eichhma01,Mark Eichhorn,45,0,45,45,45,0,0,0,0,0,0,0,0,0,0,0,0
1989,NYA,AL,eilanda01,Dave Eiland,6,0,0,6,6,0,0,0,0,0,0,0,0,0,0,0,
1989,KCA,AL,eisenji01,Jim Eisenreich,134,118,134,123,0,0,0,0,0,0,26,67,58,123,8,8,1
1989,NYN,NL,elsteke01,Kevin Elster,151,134,151,150,0,0,0,0,0,150,0,0,0,0,0,0,3
1989,ML4,AL,engleda01,Dave Engle,27,17,27,21,0,3,18,0,0,0,0,0,0,0,2,7,0
1989,CAL,AL,epparji01,Jim Eppard,12,1,12,4,0,0,4,0,0,0,0,0,0,0,0,9,0
1989,BOS,AL,esaskni01,Nick Esasky,154,147,154,153,0,0,153,0,0,0,1,0,0,1,0,4,0
1989,NYA,AL,espinal01,Alvaro Espinoza,146,144,146,146,0,0,0,0,0,146,0,0,0,0,0,0,0
1989,ATL,NL,evansda01,Darrell Evans,107,70,107,74,0,0,51,0,28,0,0,0,0,0,0,34,0
1989,BOS,AL,evansdw01,Dwight Evans,146,145,146,77,0,0,0,0,0,0,0,0,77,77,69,0,0
1989,CLE,AL,farrejo03,John Farrell,31,0,0,31,31,0,0,0,0,0,0,0,0,0,0,0,
1989,ML4,AL,feldemi01,Mike Felder,117,79,117,97,0,0,0,10,0,0,30,34,38,91,4,7,19
1989,TOR,AL,felixju01,Junior Felix,110,101,110,107,0,0,0,0,0,0,0,24,86,107,1,2,3
1989,CLE,AL,fermife01,Felix Fermin,156,152,156,155,0,0,0,2,0,153,0,0,0,0,0,0,1
1989,NYN,NL,fernasi01,Sid Fernandez,35,32,35,35,35,0,0,0,0,0,0,0,0,0,0,0,0
1989,TOR,AL,fernato01,Tony Fernandez,140,140,140,140,0,0,0,0,0,140,0,0,0,0,0,0,0
1989,CAL,AL,fettemi01,Mike Fetters,1,0,0,1,1,0,0,0,0,0,0,0,0,0,0,0,
1989,SEA,AL,fieldbr01,Bruce Fields,3,0,3,1,0,0,0,0,0,0,0,0,1,1,0,2,1
1989,ML4,AL,filerto01,Tom Filer,14,0,2,13,13,0,0,0,0,0,0,0,0,0,0,0,1
1989,CAL,AL,finlech01,Chuck Finley,29,0,0,29,29,0,0,0,0,0,0,0,0,0,0,0,
1989,BAL,AL,finlest01,Steve Finley,81,54,81,75,0,0,0,0,0,0,14,23,41,75,0,5,10
1989,LAN,NL,fischje01,Jeff Fischer,2,0,2,2,2,0,0,0,0,0,0,0,0,0,0,0,0
1989,PIT,NL,fishebr01,Brian Fisher,9,3,9,9,9,0,0,0,0,0,0,0,0,0,0,0,0
1989,MON,NL,fitzgmi02,Mike Fitzgerald,100,73,100,88,0,77,0,0,8,0,6,0,0,6,0,15,0
1989,TOR,AL,flanami01,Mike Flanagan,30,0,0,30,30,0,0,0,0,0,0,0,0,0,0,0,
1989,SDN,NL,flannti01,Tim Flannery,73,29,73,34,0,0,0,1,33,0,0,0,0,0,0,41,0
1989,LAN,NL,fletcda01,Darrin Fletcher,5,1,5,5,0,5,0,0,0,0,0,0,0,0,0,2,0
1989,CHA,AL,fletcsc01,Scott Fletcher,59,59,59,59,0,0,0,53,0,8,0,0,0,0,0,0,0
1989,TEX,AL,fletcsc01,Scott Fletcher,83,80,83,81,0,0,0,0,0,81,0,0,0,0,1,1,0
1989,MON,NL,foleyto02,Tom Foley,122,99,122,121,1,0,0,108,16,14,0,0,0,0,0,13,0
1989,HOU,NL,forscbo01,Bob Forsch,37,15,37,37,37,0,0,0,0,0,0,0,0,0,0,0,1
1989,ML4,AL,fossato01,Tony Fossas,51,0,2,51,51,0,0,0,0,0,0,0,0,0,0,0,0
1989,CIN,NL,francjo01,John Franco,60,0,60,60,60,0,0,0,0,0,0,0,0,0,0,0,0
1989,TEX,AL,francju01,Julio Franco,150,149,150,140,0,0,0,140,0,0,0,0,0,0,10,1,0
1989,ML4,AL,francte01,Terry Francona,90,58,89,63,1,0,46,0,0,0,0,0,16,16,21,8,4
1989,CAL,AL,frasewi01,Willie Fraser,44,0,0,44,44,0,0,0,0,0,0,0,0,0,0,0,
1989,ML4,AL,freemla01,LaVel Freeman,2,1,2,0,0,0,0,0,0,0,0,0,0,0,1,0,1
1989,PHI,NL,freemma02,Marvin Freeman,1,1,1,1,1,0,0,0,0,0,0,0,0,0,0,0,0
1989,PHI,NL,frohwto01,Todd Frohwirth,45,0,45,45,45,0,0,0,0,0,0,0,0,0,0,0,0
1989,MIN,AL,gaettga01,Gary Gaetti,130,126,130,126,0,0,2,0,125,0,0,0,0,0,1,3,0
1989,MIN,AL,gagnegr01,Greg Gagne,149,130,149,147,0,0,0,0,0,146,0,1,0,1,0,5,2
1989,MON,NL,galaran01,Andres Galarraga,152,142,152,147,0,0,147,0,0,0,0,0,0,0,0,6,0
1989,CHA,AL,gallada01,Dave Gallagher,161,146,161,160,0,0,0,0,0,0,1,138,27,160,0,2,1
1989,OAK,AL,gallemi01,Mike Gallego,133,118,133,131,0,0,0,41,3,94,0,0,0,0,0,2,2
1989,ML4,AL,gantnji01,Jim Gantner,116,111,116,114,0,0,0,114,0,0,0,0,0,0,2,1,0
1989,MON,NL,garcida01,Damaso Garcia,80,46,80,63,0,0,0,62,1,0,0,0,0,0,0,28,0
1989,PIT,NL,garcimi02,Miguel Garcia,11,0,11,11,11,0,0,0,0,0,0,0,0,0,0,0,0
1989,MON,NL,gardnma01,Mark Gardner,7,4,7,7,7,0,0,0,0,0,0,0,0,0,0,0,0
1989,BOS,AL,gardnwe01,Wes Gardner,22,0,0,22,22,0,0,0,0,0,0,0,0,0,0,0,
1989,SFN,NL,garresc01,Scott Garrelts,32,29,32,30,30,0,0,0,0,0,0,0,0,0,0,0,2
1989,BOS,AL,gedmari01,Rich Gedman,93,72,93,91,0,91,0,0,0,0,0,0,0,0,0,7,0
1989,NYA,AL,gerenbo01,Bob Geren,65,56,65,60,0,60,0,0,0,0,0,0,0,0,0,7,0
1989,LAN,NL,gibsoki01,Kirk Gibson,71,66,71,70,0,0,0,0,0,0,62,15,0,70,0,3,0
1989,DET,AL,gibsopa01,Paul Gibson,45,0,0,45,45,0,0,0,0,0,0,0,0,0,0,0,
1989,MON,NL,gideobr01,Brett Gideon,4,0,4,4,4,0,0,0,0,0,0,0,0,0,0,0,0
1989,CHN,NL,girarjo01,Joe Girardi,59,51,59,59,0,59,0,0,0,0,0,0,0,0,0,0,2
1989,MIN,AL,gladdda01,Dan Gladden,121,111,120,118,1,0,0,0,0,0,116,2,0,117,1,2,2
1989,ATL,NL,glavito02,Tom Glavine,30,29,30,29,29,0,0,0,0,0,0,0,0,0,0,0,1
1989,KCA,AL,gleatje01,Jerry Don Gleaton,15,0,0,15,15,0,0,0,0,0,0,0,0,0,0,0,
1989,CLE,AL,gonzade01,Denny Gonzalez,8,4,8,1,0,0,0,0,1,0,0,0,0,0,4,4,0
1989,MIN,AL,gonzage01,German Gonzalez,22,0,0,22,22,0,0,0,0,0,0,0,0,0,0,0,
1989,LAN,NL,gonzajo02,Jose Gonzalez,95,62,95,87,0,0,0,0,0,0,4,55,34,87,0,16,4
1989,TEX,AL,gonzaju03,Juan Gonzalez,24,19,24,24,0,0,0,0,0,0,1,24,0,24,0,1,1
1989,BAL,AL,gonzare01,Rene Gonzales,71,49,71,71,0,0,0,54,17,1,0,0,0,0,0,2,4
1989,NYN,NL,goodedw01,Dwight Gooden,19,17,19,19,19,0,0,0,0,0,0,0,0,0,0,0,0
1989,KCA,AL,gordoto01,Tom Gordon,49,0,0,49,49,0,0,0,0,0,0,0,0,0,0,0,
1989,NYA,AL,gossari01,Rich Gossage,11,0,0,11,11,0,0,0,0,0,0,0,0,0,0,0,
1989,SFN,NL,gossari01,Rich Gossage,31,0,31,31,31,0,0,0,0,0,0,0,0,0,0,0,0
1989,TOR,AL,gozzoma01,Mauro Gozzo,9,0,0,9,9,0,0,0,0,0,0,0,0,0,0,0,
1989,CHN,NL,gracema01,Mark Grace,142,137,142,142,0,0,142,0,0,0,0,0,0,0,0,2,0
1989,SDN,NL,grantma01,Mark Grant,50,0,50,50,50,0,0,0,0,0,0,0,0,0,0,0,0
1989,SDN,NL,greenga01,Gary Green,15,6,15,12,0,0,0,0,1,11,0,0,0,0,0,0,4
1989,BOS,AL,greenmi01,Mike Greenwell,145,144,145,139,0,0,0,0,0,0,139,0,0,139,5,1,0
1989,ATL,NL,greento01,Tommy Greene,4,4,4,4,4,0,0,0,0,0,0,0,0,0,0,0,0
1989,ATL,NL,greggto01,Tommy Gregg,102,60,102,83,0,0,37,0,0,0,7,2,41,48,0,29,1
1989,LAN,NL,griffal01,Alfredo Griffin,136,126,136,131,0,0,0,0,0,131,0,0,0,0,0,5,3
1989,CIN,NL,griffke01,Ken Griffey,106,56,106,65,0,0,9,0,0,0,58,0,1,58,0,45,1
1989,SEA,AL,griffke02,Ken Griffey,127,120,127,127,0,0,0,0,0,0,0,127,0,127,0,3,1
1989,CIN,NL,griffmi02,Mike Griffin,3,0,3,3,3,0,0,0,0,0,0,0,0,0,0,0,0
1989,PHI,NL,grimsja01,Jason Grimsley,4,4,4,4,4,0,0,0,0,0,0,0,0,0,0,0,0
1989,MON,NL,grissma02,Marquis Grissom,26,19,26,23,0,0,0,0,0,0,1,22,1,23,0,3,2
1989,HOU,NL,grossgr01,Greg Gross,60,10,60,18,1,0,6,0,0,0,5,0,7,12,0,46,0
1989,MON,NL,grosske01,Kevin Gross,31,31,31,31,31,0,0,0,0,0,0,0,0,0,0,0,0
1989,TOR,AL,grubeke01,Kelly Gruber,135,133,135,134,0,0,0,0,119,1,3,0,14,16,0,1,0
1989,TEX,AL,guantce01,Cecilio Guante,50,0,1,50,50,0,0,0,0,0,0,0,0,0,0,0,0
1989,KCA,AL,gubicma01,Mark Gubicza,36,0,0,36,36,0,0,0,0,0,0,0,0,0,0,0,
1989,SLN,NL,guerrpe01,Pedro Guerrero,162,160,162,160,0,0,160,0,0,0,0,0,0,0,0,2,0
1989,NYA,AL,guettle01,Lee Guetterman,70,0,2,70,70,0,0,0,0,0,0,0,0,0,0,0,0
1989,CHA,AL,guilloz01,Ozzie Guillen,155,154,155,155,0,0,0,0,0,155,0,0,0,0,0,1,0
1989,MIN,AL,guthrma01,Mark Guthrie,13,0,0,13,13,0,0,0,0,0,0,0,0,0,0,0,
1989,LAN,NL,gwynnch01,Chris Gwynn,32,13,32,19,0,0,0,0,0,0,14,5,2,19,0,15,0
1989,SDN,NL,gwynnto01,Tony Gwynn,158,157,158,158,0,0,0,0,0,0,0,86,73,158,0,0,0
1989,CHA,AL,hairsje01,Jerry Hairston,3,0,3,0,0,0,0,0,0,0,0,0,0,0,0,3,0
1989,LAN,NL,hamilje01,Jeff Hamilton,151,140,151,147,1,0,0,1,147,1,0,0,0,0,0,7,0
1989,SFN,NL,hammaat01,Atlee Hammaker,28,9,28,28,28,0,0,0,0,0,0,0,0,0,0,0,0
1989,SEA,AL,hansoer01,Erik Hanson,17,0,0,17,17,0,0,0,0,0,0,0,0,0,0,0,
1989,CHA,AL,hardyja02,Jack Hardy,5,0,0,5,5,0,0,0,0,0,0,0,0,0,0,0,
1989,BAL,AL,harnipe01,Pete Harnisch,18,0,0,18,18,0,0,0,0,0,0,0,0,0,0,0,
1989,MIN,AL,harpebr01,Brian Harper,126,102,126,106,0,101,2,0,2,0,0,0,3,3,15,9,0
1989,MON,NL,harrige01,Gene Harris,11,0,11,11,11,0,0,0,0,0,0,0,0,0,0,0,0
1989,SEA,AL,harrige01,Gene Harris,11,0,1,10,10,0,0,0,0,0,0,0,0,0,0,0,1
1989,PHI,NL,harrigr01,Greg Harris,44,0,44,44,44,0,0,0,0,0,0,0,0,0,0,0,0
1989,BOS,AL,harrigr01,Greg Harris,15,0,0,15,15,0,0,0,0,0,0,0,0,0,0,0,
1989,SDN,NL,harrigr02,Greg Harris,56,8,56,56,56,0,0,0,0,0,0,0,0,0,0,0,0
1989,CIN,NL,harrile01,Lenny Harris,61,42,61,58,0,0,0,32,16,17,0,0,0,0,0,5,1
1989,LAN,NL,harrile01,Lenny Harris,54,31,54,42,0,0,0,14,8,1,20,0,1,21,0,19,0
1989,LAN,NL,hartlmi01,Mike Hartley,5,0,5,5,5,0,0,0,0,0,0,0,0,0,0,0,0
1989,CAL,AL,harvebr01,Bryan Harvey,51,0,0,51,51,0,0,0,0,0,0,0,0,0,0,0,
1989,OAK,AL,hassero01,Ron Hassey,97,72,97,79,0,78,1,0,0,0,0,0,0,0,2,19,0
1989,PIT,NL,hatchbi01,Billy Hatcher,27,19,27,20,0,0,0,0,0,0,2,10,9,20,0,8,0
1989,HOU,NL,hatchbi01,Billy Hatcher,108,93,108,104,0,0,0,0,0,0,96,11,0,104,0,8,0
1989,LAN,NL,hatchmi01,Mickey Hatcher,94,51,94,65,1,0,5,0,16,0,39,0,10,49,0,40,0
1989,CLE,AL,havenbr01,Brad Havens,7,0,0,7,7,0,0,0,0,0,0,0,0,0,0,0,
1989,DET,AL,havenbr01,Brad Havens,13,0,0,13,13,0,0,0,0,0,0,0,0,0,0,0,
1989,NYA,AL,hawkian01,Andy Hawkins,34,0,1,34,34,0,0,0,0,0,0,0,0,0,0,0,0
1989,SFN,NL,hayesch01,Charlie Hayes,3,1,3,3,0,0,0,0,3,0,0,0,0,0,0,2,0
1989,PHI,NL,hayesch01,Charlie Hayes,84,79,84,82,0,0,0,0,82,0,0,0,0,0,0,3,0
1989,PHI,NL,hayesvo01,Von Hayes,154,150,154,152,0,0,30,0,10,0,0,13,125,128,0,4,0
1989,DET,AL,heathmi02,Mike Heath,122,108,122,119,0,117,0,0,4,0,3,0,0,3,1,12,0
1989,PIT,NL,heatone01,Neal Heaton,44,18,44,42,42,0,0,0,0,0,0,0,0,0,0,2,1
1989,SLN,NL,heinkdo01,Don Heinkel,7,5,7,7,7,0,0,0,0,0,0,0,0,0,0,0,0
1989,OAK,AL,hemonsc01,Scott Hemond,4,0,4,0,0,0,0,0,0,0,0,0,0,0,0,0,4
1989,OAK,AL,hendeda01,Dave Henderson,152,147,152,149,0,0,0,0,0,0,0,149,0,149,2,4,0
1989,OAK,AL,henderi01,Rickey Henderson,85,84,85,82,0,0,0,0,0,0,82,0,0,82,3,1,0
1989,NYA,AL,henderi01,Rickey Henderson,65,64,65,65,0,0,0,0,0,0,65,0,0,65,0,1,0
1989,CLE,AL,hengeda01,Dave Hengel,12,7,12,9,0,0,0,0,0,0,9,0,0,9,0,3,0
1989,TOR,AL,henketo01,Tom Henke,64,0,1,64,64,0,0,0,0,0,0,0,0,0,0,0,0
1989,DET,AL,hennemi01,Mike Henneman,60,0,2,60,60,0,0,0,0,0,0,0,0,0,0,0,0
1989,ATL,NL,henrydw01,Dwayne Henry,12,0,12,12,12,0,0,0,0,0,0,0,0,0,0,0,0
1989,NYN,NL,hernake01,Keith Hernandez,75,55,75,58,0,0,58,0,0,0,0,0,0,0,0,19,0
1989,NYN,NL,hernama01,Manny Hernandez,1,0,1,1,1,0,0,0,0,0,0,0,0,0,0,0,0
1989,DET,AL,hernawi01,Willie Hernandez,32,0,0,32,32,0,0,0,0,0,0,0,0,0,0,0,
1989,TOR,AL,hernaxa01,Xavier Hernandez,7,0,0,7,7,0,0,0,0,0,0,0,0,0,0,0,
1989,LAN,NL,hershor01,Orel Hershiser,35,33,35,35,35,0,0,0,0,0,0,0,0,0,0,0,0
1989,MON,NL,heskejo01,Joe Hesketh,43,0,43,43,43,0,0,0,0,0,0,0,0,0,0,0,0
1989,BOS,AL,hetzeer01,Eric Hetzel,12,0,0,12,12,0,0,0,0,0,0,0,0,0,0,0,
1989,CHA,AL,hibbagr01,Greg Hibbard,23,0,0,23,23,0,0,0,0,0,0,0,0,0,0,0,
1989,BAL,AL,hickeke01,Kevin Hickey,51,0,2,51,51,0,0,0,0,0,0,0,0,0,0,0,0
1989,CLE,AL,higgima01,Mark Higgins,6,3,6,5,0,0,5,0,0,0,0,0,0,0,0,1,0
1989,ML4,AL,higuete01,Teddy Higuera,22,0,0,22,22,0,0,0,0,0,0,0,0,0,0,0,
1989,CHA,AL,hillesh01,Shawn Hillegas,50,0,0,50,50,0,0,0,0,0,0,0,0,0,0,0,
1989,CLE,AL,hinzoto01,Tommy Hinzo,18,5,18,7,0,0,0,6,0,1,0,0,0,0,0,1,11
1989,CAL,AL,hoffmgl01,Glenn Hoffman,48,29,48,46,0,0,1,4,18,23,0,0,0,0,1,1,1
1989,BAL,AL,hoilech01,Chris Hoiles,6,2,6,3,0,3,0,0,0,0,0,0,0,0,1,2,0
1989,MON,NL,holmabr01,Brian Holman,10,3,10,10,10,0,0,0,0,0,0,0,0,0,0,0,0
1989,SEA,AL,holmabr01,Brian Holman,23,0,0,23,23,0,0,0,0,0,0,0,0,0,0,0,
1989,DET,AL,holmash01,Shawn Holman,5,0,0,5,5,0,0,0,0,0,0,0,0,0,0,0,
1989,BAL,AL,holtobr01,Brian Holton,39,0,0,39,39,0,0,0,0,0,0,0,0,0,0,0,
1989,OAK,AL,honeyri01,Rick Honeycutt,64,0,0,64,64,0,0,0,0,0,0,0,0,0,0,0,
1989,SLN,NL,hortori01,Ricky Horton,11,8,11,11,11,0,0,0,0,0,0,0,0,0,0,0,0
1989,LAN,NL,hortori01,Ricky Horton,23,0,23,23,23,0,0,0,0,0,0,0,0,0,0,0,0
1989,TEX,AL,houghch01,Charlie Hough,30,0,0,30,30,0,0,0,0,0,0,0,0,0,0,0,
1989,LAN,NL,howelja01,Jay Howell,56,0,56,56,56,0,0,0,0,0,0,0,0,0,0,0,0
1989,CAL,AL,howelja02,Jack Howell,144,137,144,144,0,0,0,0,142,0,1,0,3,4,0,4,0
1989,PHI,NL,howelke01,Ken Howell,33,32,33,33,33,0,0,0,0,0,0,0,0,0,0,0,0
1989,OAK,AL,howitda01,Dann Howitt,3,0,3,2,0,0,1,0,0,0,0,0,1,1,0,1,0
1989,MIN,AL,hrbekke01,Kent Hrbek,109,103,109,89,0,0,89,0,0,0,0,0,0,0,17,5,0
1989,OAK,AL,hubbagl01,Glenn Hubbard,53,41,53,48,0,0,0,48,0,0,0,0,0,0,2,4,2
1989,MON,NL,hudlere01,Rex Hudler,92,27,92,71,0,0,0,38,0,18,14,5,4,23,0,29,21
1989,DET,AL,hudsoch02,Charles Hudson,19,0,1,18,18,0,0,0,0,0,0,0,0,0,0,0,1
1989,BAL,AL,huismma01,Mark Huismann,8,0,0,8,8,0,0,0,0,0,0,0,0,0,0,0,
1989,BAL,AL,huletti01,Tim Hulett,33,30,33,33,0,0,0,23,11,0,0,0,0,0,0,1,0
1989,SDN,NL,hurstbr01,Bruce Hurst,33,33,33,33,33,0,0,0,0,0,0,0,0,0,0,0,0
1989,MON,NL,husonje01,Jeff Huson,32,21,32,30,0,0,0,9,1,20,0,0,0,0,0,4,2
1989,TEX,AL,incavpe01,Pete Incaviglia,133,120,133,124,0,0,1,0,0,0,120,10,0,124,4,5,4
1989,TOR,AL,infanal01,Alexis Infante,20,2,20,13,0,0,0,1,4,9,0,0,0,0,0,1,7
1989,NYN,NL,innisje01,Jeff Innis,29,0,29,29,29,0,0,0,0,0,0,0,0,0,0,0,0
1989,KCA,AL,jacksbo01,Bo Jackson,135,133,135,110,0,0,0,0,0,0,110,1,0,110,24,2,0
1989,CIN,NL,jacksda02,Danny Jackson,21,20,21,20,20,0,0,0,0,0,0,0,0,0,0,0,1
1989,CHN,NL,jacksda03,Darrin Jackson,45,17,45,39,0,0,0,0,0,0,10,9,21,39,0,13,4
1989,SDN,NL,jacksda03,Darrin Jackson,25,23,25,24,0,0,0,0,0,0,0,24,0,24,0,1,0
1989,SEA,AL,jacksmi02,Michael Jackson,65,0,0,65,65,0,0,0,0,0,0,0,0,0,0,0,
1989,CLE,AL,jacobbr01,Brook Jacoby,147,147,147,144,0,0,0,0,144,0,0,0,0,0,3,0,0
1989,SDN,NL,jamesch02,Chris James,87,78,87,82,0,0,0,0,6,0,52,0,28,79,0,8,0
1989,PHI,NL,jamesch02,Chris James,45,44,45,44,0,0,0,0,11,0,37,0,0,37,0,1,0
1989,CLE,AL,jamesdi01,Dion James,71,59,71,36,0,0,2,0,0,0,26,10,0,36,27,12,0
1989,ATL,NL,jamesdi01,Dion James,63,46,63,54,0,0,8,0,0,0,26,1,23,47,0,17,0
1989,OAK,AL,javiest01,Stan Javier,112,80,112,108,0,0,1,1,0,0,23,28,72,107,0,15,6
1989,TEX,AL,jeffcmi01,Mike Jeffcoat,22,0,0,22,22,0,0,0,0,0,0,0,0,0,0,0,
1989,NYN,NL,jeffegr01,Gregg Jefferies,141,127,141,140,0,0,0,123,20,0,0,0,0,0,0,9,0
1989,BAL,AL,jeffest01,Stan Jefferson,35,32,35,32,0,0,0,0,0,0,1,8,26,32,0,2,1
1989,NYA,AL,jeffest01,Stan Jefferson,10,2,10,7,0,0,0,0,0,0,0,2,6,7,0,4,3
1989,PHI,NL,jeltzst01,Steve Jeltz,116,69,116,105,0,0,0,24,30,63,0,1,0,1,0,16,3
1989,OAK,AL,jennido01,Doug Jennings,4,1,4,3,0,0,0,0,0,0,3,0,0,3,0,1,0
1989,BAL,AL,johnsda04,Dave Johnson,14,0,0,14,14,0,0,0,0,0,0,0,0,0,0,0,
1989,NYN,NL,johnsho01,Howard Johnson,153,151,153,153,0,0,0,0,143,31,0,0,0,0,0,0,0
1989,CHA,AL,johnsla03,Lance Johnson,50,42,50,45,0,0,0,0,0,0,42,8,0,45,0,4,3
1989,SEA,AL,johnsra05,Randy Johnson,22,0,0,22,22,0,0,0,0,0,0,0,0,0,0,0,
1989,MON,NL,johnsra05,Randy Johnson,7,6,7,7,7,0,0,0,0,0,0,0,0,0,0,0,0
1989,MON,NL,johnswa03,Wallace Johnson,85,13,85,18,0,0,18,0,0,0,0,0,0,0,0,67,0
1989,CHA,AL,jonesba01,Barry Jones,22,0,0,22,22,0,0,0,0,0,0,0,0,0,0,0,
1989,CLE,AL,jonesdo01,Doug Jones,59,0,0,59,59,0,0,0,0,0,0,0,0,0,0,0,
1989,NYA,AL,jonesji02,Jimmy Jones,11,0,0,11,11,0,0,0,0,0,0,0,0,0,0,0,
1989,PHI,NL,jonesro02,Ron Jones,12,9,12,12,0,0,0,0,0,0,3,0,10,12,0,1,0
1989,SLN,NL,jonesti02,Tim Jones,42,14,42,31,0,1,0,12,5,12,1,0,0,1,0,11,6
1989,DET,AL,jonestr01,Tracy Jones,46,38,46,36,0,0,0,0,0,0,34,0,3,36,5,8,0
1989,SFN,NL,jonestr01,Tracy Jones,40,20,40,30,0,0,0,0,0,0,9,5,22,30,0,12,0
1989,PHI,NL,jordari02,Ricky Jordan,144,132,144,140,0,0,140,0,0,0,0,0,0,0,0,12,0
1989,MIN,AL,jorgete01,Terry Jorgensen,10,8,10,9,0,0,0,0,9,0,0,0,0,0,0,1,0
1989,CAL,AL,joynewa01,Wally Joyner,159,150,159,159,0,0,159,0,0,0,0,0,0,0,0,2,1
1989,SFN,NL,juraked01,Ed Jurak,30,6,30,18,0,0,1,4,5,6,1,0,1,2,0,19,1
1989,ATL,NL,justida01,David Justice,16,14,16,16,0,0,0,0,0,0,3,0,13,16,0,0,1
1989,CLE,AL,kaiseje01,Jeff Kaiser,6,0,0,6,6,0,0,0,0,0,0,0,0,0,0,0,
1989,CHA,AL,karkoro01,Ron Karkovice,71,57,71,68,0,68,0,0,0,0,0,0,0,0,2,0,1
1989,CLE,AL,keedypa01,Pat Keedy,9,4,9,7,0,0,1,0,2,1,3,0,0,3,1,3,1
1989,NYA,AL,kellyro01,Roberto Kelly,137,133,137,137,0,0,0,0,0,0,0,137,0,137,0,2,1
1989,SFN,NL,kennete02,Terry Kennedy,125,102,125,122,0,121,2,0,0,0,0,0,0,0,0,16,0
1989,NYA,AL,kiefest01,Steve Kiefer,5,2,5,5,0,0,0,0,5,0,0,0,0,0,0,0,0
1989,CHN,NL,kilgupa01,Paul Kilgus,35,23,35,35,35,0,0,0,0,0,0,0,0,0,0,0,0
1989,SEA,AL,kingemi01,Mike Kingery,31,19,31,23,0,0,0,0,0,0,2,20,1,23,0,6,4
1989,SLN,NL,kinzema01,Matt Kinzer,8,1,8,8,8,0,0,0,0,0,0,0,0,0,0,0,0
1989,PIT,NL,kippebo01,Bob Kipper,52,0,52,52,52,0,0,0,0,0,0,0,0,0,0,0,0
1989,CHA,AL,kittlro01,Ron Kittle,51,47,51,31,0,0,27,0,0,0,5,0,0,5,17,4,0
1989,HOU,NL,kneppbo01,Bob Knepper,22,20,22,22,22,0,0,0,0,0,0,0,0,0,0,0,0
1989,SFN,NL,kneppbo01,Bob Knepper,13,6,13,13,13,0,0,0,0,0,0,0,0,0,0,1,0
1989,ML4,AL,knudsma01,Mark Knudson,40,0,2,40,40,0,0,0,0,0,0,0,0,0,0,0,0
1989,CLE,AL,kommibr01,Brad Komminsk,71,55,71,68,0,0,0,0,0,0,2,66,2,68,0,6,7
1989,CHN,NL,kraemjo01,Joe Kraemer,1,1,1,1,1,0,0,0,0,0,0,0,0,0,0,0,0
1989,PIT,NL,kramera01,Randy Kramer,36,15,36,35,35,0,0,0,0,0,0,0,0,0,0,0,1
1989,ML4,AL,krawcra01,Ray Krawczyk,1,0,0,1,1,0,0,0,0,0,0,0,0,0,0,0,
1989,TEX,AL,kreutch01,Chad Kreuter,87,58,87,85,0,85,0,0,0,0,0,0,0,0,0,1,6
1989,ML4,AL,kruegbi01,Bill Krueger,34,0,1,34,34,0,0,0,0,0,0,0,0,0,0,0,0
1989,SFN,NL,krukomi01,Mike Krukow,8,8,8,8,8,0,0,0,0,0,0,0,0,0,0,0,0
1989,TEX,AL,kunkeje01,Jeff Kunkel,108,82,108,97,1,0,0,8,4,59,5,24,2,31,1,7,6
1989,BOS,AL,kutchra01,Randy Kutcher,77,36,77,64,0,1,0,0,6,0,11,21,25,57,0,8,15
1989,SFN,NL,lacosmi01,Mike LaCoss,45,18,45,45,45,0,0,0,0,0,0,0,0,0,0,0,0
1989,CHN,NL,lancale01,Les Lancaster,42,0,42,42,42,0,0,0,0,0,0,0,0,0,0,0,0
1989,PIT,NL,landrbi01,Bill Landrum,56,0,56,56,56,0,0,0,0,0,0,0,0,0,0,0,0
1989,SEA,AL,langsma01,Mark Langston,10,0,0,10,10,0,0,0,0,0,0,0,0,0,0,0,
1989,MON,NL,langsma01,Mark Langston,24,24,24,24,24,0,0,0,0,0,0,0,0,0,0,0,0
1989,OAK,AL,lansfca01,Carney Lansford,148,144,148,146,0,0,15,0,136,0,0,0,0,0,3,1,1
1989,NYA,AL,lapoida01,Dave LaPoint,20,0,0,20,20,0,0,0,0,0,0,0,0,0,0,0,
1989,CIN,NL,larkiba01,Barry Larkin,97,82,97,82,0,0,0,0,0,82,0,0,0,0,0,15,0
1989,MIN,AL,larkige01,Gene Larkin,136,124,136,91,0,0,67,0,0,0,1,0,31,32,39,11,0
1989,MIN,AL,laudnti01,Tim Laudner,100,72,100,77,0,68,11,0,0,0,0,0,0,0,15,15,1
1989,PIT,NL,lavalmi01,Mike LaValliere,68,59,68,65,0,65,0,0,0,0,0,0,0,0,0,4,0
1989,TOR,AL,lawleto01,Tom Lawless,59,16,59,36,0,1,0,7,12,0,7,0,9,16,0,9,26
1989,NYA,AL,lawtoma01,Marcus Lawton,10,3,10,8,0,0,0,0,0,0,7,0,1,8,0,2,2
1989,TEX,AL,leachri01,Rick Leach,110,66,110,43,0,0,4,0,0,0,37,0,3,40,33,41,0
1989,KCA,AL,leachte01,Terry Leach,30,0,0,30,30,0,0,0,0,0,0,0,0,0,0,0,
1989,NYN,NL,leachte01,Terry Leach,10,0,10,10,10,0,0,0,0,0,0,0,0,0,0,0,0
1989,LAN,NL,learyti01,Tim Leary,19,17,19,19,19,0,0,0,0,0,0,0,0,0,0,0,0
1989,CIN,NL,learyti01,Tim Leary,14,14,14,14,14,0,0,0,0,0,0,0,0,0,0,0,0
1989,SFN,NL,leffecr01,Craig Lefferts,70,0,70,70,70,0,0,0,0,0,0,0,0,0,0,0,1
1989,KCA,AL,leibrch01,Charlie Leibrandt,33,0,0,33,33,0,0,0,0,0,0,0,0,0,0,0,
1989,SDN,NL,leipeda01,Dave Leiper,22,0,22,22,22,0,0,0,0,0,0,0,0,0,0,0,0
1989,NYA,AL,leiteal01,Al Leiter,4,0,0,4,4,0,0,0,0,0,0,0,0,0,0,0,
1989,TOR,AL,leiteal01,Al Leiter,1,0,0,1,1,0,0,0,0,0,0,0,0,0,0,0,
1989,ATL,NL,lemkema01,Mark Lemke,14,13,14,14,0,0,0,14,0,0,0,0,0,0,0,1,0
1989,DET,AL,lemonch01,Chet Lemon,127,113,127,111,0,0,0,0,0,0,0,0,111,111,10,14,0
1989,SEA,AL,leonaje01,Jeffrey Leonard,150,147,150,26,0,0,0,0,0,0,25,0,1,26,122,2,1
1989,ATL,NL,lillide01,Derek Lilliquist,36,30,36,32,32,0,0,0,0,0,0,0,0,0,0,4,0
1989,SLN,NL,lindeji01,Jim Lindeman,73,1,73,45,0,0,42,0,0,0,3,0,2,5,0,31,15
1989,TOR,AL,liriane01,Nelson Liriano,132,119,132,122,0,0,0,122,0,0,0,0,0,0,2,9,1
1989,PIT,NL,littlsc01,Scott Little,3,0,3,1,0,0,0,0,0,0,0,0,1,1,0,2,0
1989,SFN,NL,littogr01,Greg Litton,71,26,71,60,0,2,0,15,34,9,4,0,2,6,0,29,1
1989,NYN,NL,lombaph01,Phil Lombardi,18,11,18,17,0,16,1,0,0,0,0,0,0,0,0,4,1
1989,HOU,NL,lombast01,Steve Lombardozzi,21,10,21,19,0,0,0,18,1,0,0,0,0,0,0,3,0
1989,CAL,AL,lovelva01,Vance Lovelace,1,0,0,1,1,0,0,0,0,0,0,0,0,0,0,0,
1989,DET,AL,lovulto01,Torey Lovullo,29,25,29,28,0,0,18,0,11,0,0,0,0,0,0,4,0
1989,KCA,AL,lueckri01,Rick Luecken,19,0,0,19,19,0,0,0,0,0,0,0,0,0,0,0,
1989,DET,AL,lusadsc01,Scott Lusader,40,25,40,33,0,0,0,0,0,0,4,8,24,33,0,10,0
1989,NYN,NL,lyonsba01,Barry Lyons,79,61,79,76,0,76,0,0,0,0,0,0,0,0,0,9,0
1989,CHA,AL,lyonsst01,Steve Lyons,140,110,140,134,0,1,40,70,28,3,10,1,9,20,0,17,3
1989,KCA,AL,macfami01,Mike Macfarlane,69,37,69,59,0,59,0,0,0,0,0,0,0,0,3,12,0
1989,NYN,NL,machaju01,Julio Machado,10,0,10,10,10,0,0,0,0,0,0,0,0,0,0,0,0
1989,PIT,NL,maddemo01,Morris Madden,10,3,10,9,9,0,0,0,0,0,0,0,0,0,0,0,1
1989,CHN,NL,maddugr01,Greg Maddux,35,35,35,35,35,0,0,0,0,0,0,0,0,0,0,0,0
1989,PHI,NL,maddumi01,Mike Maddux,16,4,16,16,16,0,0,0,0,0,0,0,0,0,0,0,0
1989,CIN,NL,madissc01,Scotti Madison,40,21,40,26,0,0,0,0,26,0,0,0,0,0,0,17,0
1989,PHI,NL,madrial01,Alex Madrid,6,3,6,6,6,0,0,0,0,0,0,0,0,0,0,0,0
1989,NYN,NL,magadda01,Dave Magadan,127,93,127,112,0,0,87,0,28,0,0,0,0,0,0,26,0
1989,SLN,NL,magrajo01,Joe Magrane,38,33,38,34,34,0,0,0,0,0,0,0,0,0,0,1,3
1989,CLE,AL,magrato01,Tom Magrann,9,2,9,9,0,9,0,0,0,0,0,0,0,0,0,0,0
1989,CIN,NL,mahleri01,Rick Mahler,40,31,40,40,40,0,0,0,0,0,0,0,0,0,0,0,0
1989,SFN,NL,maldoca01,Candy Maldonado,129,83,129,116,0,0,0,0,0,0,0,0,116,116,0,35,0
1989,CHA,AL,manrifr01,Fred Manrique,65,49,65,59,0,0,0,57,1,2,0,0,0,0,0,8,4
1989,TEX,AL,manrifr01,Fred Manrique,54,47,54,54,0,0,0,17,6,37,0,0,0,0,0,3,0
1989,SFN,NL,manwaki01,Kirt Manwaring,85,54,85,81,0,81,0,0,0,0,0,0,0,0,0,9,0
1989,LAN,NL,marshmi02,Mike Marshall,105,98,105,102,0,0,0,0,0,0,0,0,102,102,0,6,0
1989,SDN,NL,martica01,Carmelo Martinez,111,62,111,86,0,0,32,0,0,0,65,0,0,65,0,36,0
1989,CHA,AL,martica02,Carlos Martinez,109,95,109,105,0,0,34,0,68,0,10,0,0,10,0,6,4
1989,MON,NL,martida01,Dave Martinez,126,91,126,119,0,0,0,0,0,0,0,104,38,119,0,11,5
1989,MON,NL,martide01,Dennis Martinez,34,33,34,34,34,0,0,0,0,0,0,0,0,0,0,0,0
1989,SEA,AL,martied01,Edgar Martinez,65,45,65,60,0,0,0,0,60,0,0,0,0,0,0,9,0
1989,LAN,NL,martira02,Ramon Martinez,16,15,16,15,15,0,0,0,0,0,0,0,0,0,0,0,1
1989,BOS,AL,marzajo01,John Marzano,7,5,7,7,0,7,0,0,0,0,0,0,0,0,0,1,0
1989,HOU,NL,masonro01,Roger Mason,2,0,2,2,2,0,0,0,0,0,0,0,0,0,0,0,0
1989,NYA,AL,mattido01,Don Mattingly,158,158,158,147,0,0,146,0,0,0,0,0,1,1,16,0,0
1989,NYN,NL,mazzile01,Lee Mazzilli,48,8,48,18,0,0,8,0,0,0,4,1,5,10,0,35,2
1989,TOR,AL,mazzile01,Lee Mazzilli,28,20,28,4,0,0,2,0,0,0,0,0,2,2,17,7,0
1989,SFN,NL,mccamra01,Randy McCament,25,0,25,25,25,0,0,0,0,0,0,0,0,0,0,0,0
1989,CHA,AL,mccarto03,Tom McCarthy,31,0,0,31,31,0,0,0,0,0,0,0,0,0,0,0,
1989,CAL,AL,mccaski01,Kirk McCaskill,32,0,0,32,32,0,0,0,0,0,0,0,0,0,0,0,
1989,CHN,NL,mcclell01,Lloyd McClendon,92,70,92,80,0,5,28,0,6,0,45,0,0,45,0,18,0
1989,CAL,AL,mcclubo01,Bob McClure,48,0,0,48,48,0,0,0,0,0,0,0,0,0,0,0,
1989,NYA,AL,mcculla01,Lance McCullers,52,0,4,52,52,0,0,0,0,0,0,0,0,0,0,0,0
1989,BAL,AL,mcdonbe01,Ben McDonald,6,0,0,6,6,0,0,0,0,0,0,0,0,0,0,0,
1989,ATL,NL,mcdowod01,Oddibe McDowell,76,66,76,68,0,0,0,0,0,0,0,68,0,68,0,8,2
1989,CLE,AL,mcdowod01,Oddibe McDowell,69,61,69,64,0,0,0,0,0,0,63,1,0,64,0,4,3
1989,PHI,NL,mcdowro01,Roger McDowell,44,0,44,44,44,0,0,0,0,0,0,0,0,0,0,0,0
1989,NYN,NL,mcdowro01,Roger McDowell,25,0,25,25,25,0,0,0,0,0,0,0,0,0,0,0,0
1989,PHI,NL,mcelrch01,Chuck McElroy,11,0,11,11,11,0,0,0,0,0,0,0,0,0,0,0,0
1989,MON,NL,mcgafan01,Andy McGaffigan,57,0,57,57,57,0,0,0,0,0,0,0,0,0,0,0,0
1989,SLN,NL,mcgeewi01,Willie McGee,58,47,58,47,0,0,0,0,0,0,0,47,0,47,0,10,1
1989,TOR,AL,mcgrifr01,Fred McGriff,161,159,161,159,0,0,159,0,0,0,0,0,0,0,2,1,0
1989,CIN,NL,mcgrite01,Terry McGriff,6,3,6,6,0,6,0,0,0,0,0,0,0,0,0,0,0
1989,SEA,AL,mcguibi01,Bill McGuire,14,10,14,14,0,14,0,0,0,0,0,0,0,0,0,0,0
1989,OAK,AL,mcgwima01,Mark McGwire,143,140,143,141,0,0,141,0,0,0,0,0,0,0,1,1,0
1989,NYN,NL,mcknije01,Jeff McKnight,6,2,6,5,0,0,1,4,1,1,0,0,0,0,0,3,0
1989,CAL,AL,mclemma01,Mark McLemore,32,25,32,27,0,0,0,27,0,0,0,0,0,0,0,2,3
1989,TEX,AL,mcmurcr01,Craig McMurtry,19,0,0,19,19,0,0,0,0,0,0,0,0,0,0,0,
1989,NYN,NL,mcreyke01,Kevin McReynolds,148,143,148,145,0,0,0,0,0,0,145,0,0,145,0,3,0
1989,KCA,AL,mcwilla01,Larry McWilliams,8,0,0,8,8,0,0,0,0,0,0,0,0,0,0,0,
1989,PHI,NL,mcwilla01,Larry McWilliams,41,16,41,40,40,0,0,0,0,0,0,0,0,0,0,0,1
1989,HOU,NL,meadolo01,Louie Meadows,31,6,31,15,0,0,1,0,0,0,12,0,4,14,0,21,0
1989,CLE,AL,medinlu01,Luis Medina,30,23,30,4,0,0,1,0,0,0,1,0,2,3,21,6,0
1989,PIT,NL,medvisc01,Scott Medvin,6,0,6,6,6,0,0,0,0,0,0,0,0,0,0,0,0
1989,BAL,AL,melenfr01,Francisco Melendez,9,2,9,5,0,0,5,0,0,0,0,0,0,0,0,4,0
1989,BAL,AL,melvibo01,Bob Melvin,85,77,85,75,0,75,0,0,0,0,0,0,0,0,5,6,0
1989,MIN,AL,mercaor01,Orlando Mercado,19,14,19,19,0,19,0,0,0,0,0,0,0,0,0,0,0
1989,ATL,NL,merckke01,Kent Mercker,2,1,2,2,2,0,0,0,0,0,0,0,0,0,0,0,0
1989,CHA,AL,merulma01,Matt Merullo,31,21,31,27,0,27,0,0,0,0,0,0,0,0,0,8,1
1989,NYA,AL,meulehe01,Hensley Meulens,8,8,8,8,0,0,0,0,8,0,0,0,0,0,0,0,0
1989,HOU,NL,meyerbr01,Brian Meyer,12,0,12,12,12,0,0,0,0,0,0,0,0,0,0,0,0
1989,ML4,AL,meyerjo01,Joey Meyer,53,44,53,18,0,0,18,0,0,0,0,0,0,0,30,7,0
1989,TEX,AL,mielkga01,Gary Mielke,43,0,0,43,43,0,0,0,0,0,0,0,0,0,0,0,
1989,BAL,AL,milacbo01,Bob Milacki,37,0,0,37,37,0,0,0,0,0,0,0,0,0,0,0,
1989,NYN,NL,milleke01,Keith Miller,57,32,57,45,0,0,0,23,2,8,0,10,4,14,0,7,11
1989,PHI,NL,milleke02,Keith Miller,8,1,8,2,0,0,0,0,0,0,0,2,0,2,0,6,0
1989,BAL,AL,millira01,Randy Milligan,124,106,124,117,0,0,117,0,0,0,0,0,0,0,0,15,2
1989,CAL,AL,mintogr01,Greg Minton,62,0,0,62,62,0,0,0,0,0,0,0,0,0,0,0,
1989,ML4,AL,mirabpa01,Paul Mirabella,13,0,0,13,13,0,0,0,0,0,0,0,0,0,0,0,
1989,NYN,NL,mitchjo02,John Mitchell,2,0,2,2,2,0,0,0,0,0,0,0,0,0,0,0,0
1989,SFN,NL,mitchke01,Kevin Mitchell,154,148,154,148,0,0,0,0,2,0,147,0,0,147,0,6,0
1989,ATL,NL,mizerjo01,John Mizerock,11,7,11,11,0,11,0,0,0,0,0,0,0,0,0,0,0
1989,NYA,AL,mmahake01,Kevin Mmahat,4,0,0,4,4,0,0,0,0,0,0,0,0,0,0,0,
1989,NYA,AL,mohorda01,Dale Mohorcic,32,0,2,32,32,0,0,0,0,0,0,0,0,0,0,0,0
1989,ML4,AL,molitpa01,Paul Molitor,155,155,155,127,0,0,0,16,112,0,0,0,0,0,28,0,0
1989,CAL,AL,monteri01,Rich Monteleone,24,0,0,24,24,0,0,0,0,0,0,0,0,0,0,0,
1989,KCA,AL,montgje01,Jeff Montgomery,63,0,1,63,63,0,0,0,0,0,0,0,0,0,0,0,0
1989,OAK,AL,mooremi01,Mike Moore,35,0,0,35,35,0,0,0,0,0,0,0,0,0,0,0,
1989,DET,AL,morelke01,Keith Moreland,90,81,90,39,0,1,31,0,12,0,0,0,0,0,45,9,0
1989,BAL,AL,morelke01,Keith Moreland,33,24,33,0,0,0,0,0,0,0,0,0,0,0,24,9,0
1989,LAN,NL,morgami01,Mike Morgan,40,19,40,40,40,0,0,0,0,0,0,0,0,0,0,0,0
1989,CHA,AL,mormaru01,Russ Morman,37,22,37,35,0,0,35,0,0,0,0,0,0,0,0,3,5
1989,NYA,AL,morriha02,Hal Morris,15,3,15,7,0,0,2,0,0,0,2,0,3,5,1,9,0
1989,DET,AL,morrija02,Jack Morris,24,0,0,24,24,0,0,0,0,0,0,0,0,0,0,0,
1989,SLN,NL,morrijo07,John Morris,96,16,96,51,0,0,0,0,0,0,10,11,32,51,0,52,3
1989,TOR,AL,mosebll01,Lloyd Moseby,135,130,135,120,0,0,0,0,0,0,0,120,0,120,12,5,0
1989,MIN,AL,mosesjo01,John Moses,129,49,129,108,1,0,2,0,0,0,39,26,63,108,0,33,12
1989,TEX,AL,moyerja01,Jamie Moyer,15,0,0,15,15,0,0,0,0,0,0,0,0,0,0,0,
1989,SFN,NL,mulhote01,Terry Mulholland,5,1,5,5,5,0,0,0,0,0,0,0,0,0,0,0,0
1989,PHI,NL,mulhote01,Terry Mulholland,20,17,20,20,20,0,0,0,0,0,0,0,0,0,0,0,0
1989,TOR,AL,mullira01,Rance Mulliniks,103,79,103,29,0,0,0,0,29,0,0,0,0,0,56,23,0
1989,LAN,NL,munozmi01,Mike Munoz,3,0,3,3,3,0,0,0,0,0,0,0,0,0,0,0,0
1989,ATL,NL,murphda05,Dale Murphy,154,151,154,151,0,0,0,0,0,0,0,82,70,151,0,3,0
1989,SDN,NL,murphda06,Dan Murphy,7,0,7,7,7,0,0,0,0,0,0,0,0,0,0,0,0
1989,PHI,NL,murphdw01,Dwayne Murphy,98,36,98,52,0,0,0,0,0,0,31,5,18,52,0,52,0
1989,BOS,AL,murphro01,Rob Murphy,74,0,0,74,74,0,0,0,0,0,0,0,0,0,0,0,
1989,LAN,NL,murraed02,Eddie Murray,160,159,160,160,0,0,159,0,2,0,0,0,0,0,0,1,0
1989,NYN,NL,musseje01,Jeff Musselman,20,0,20,20,20,0,0,0,0,0,0,0,0,0,0,0,0
1989,TOR,AL,musseje01,Jeff Musselman,5,0,0,5,5,0,0,0,0,0,0,0,0,0,0,0,
1989,TOR,AL,myersgr01,Greg Myers,17,14,17,10,0,10,0,0,0,0,0,0,0,0,7,1,0
1989,NYN,NL,myersra01,Randy Myers,65,0,65,65,65,0,0,0,0,0,0,0,0,0,0,0,0
1989,ML4,AL,navarja01,Jaime Navarro,19,0,0,19,19,0,0,0,0,0,0,0,0,0,0,0,
1989,OAK,AL,nelsoge01,Gene Nelson,51,0,3,50,50,0,0,0,0,0,0,0,0,0,0,0,1
1989,SDN,NL,nelsoro03,Rob Nelson,42,21,42,31,0,0,31,0,0,0,0,0,0,0,0,13,0
1989,MIN,AL,newmaal01,Al Newman,141,114,141,134,0,0,0,84,37,31,4,1,0,4,0,12,2
1989,HOU,NL,nichoca01,Carl Nichols,8,2,8,6,0,6,0,0,0,0,0,0,0,0,0,4,0
1989,CLE,AL,nichoro02,Rod Nichols,15,0,0,15,15,0,0,0,0,0,0,0,0,0,0,0,
1989,SEA,AL,niedeto01,Tom Niedenfuer,25,0,0,25,25,0,0,0,0,0,0,0,0,0,0,0,
1989,NYA,AL,nielssc01,Scott Nielsen,2,0,1,2,2,0,0,0,0,0,0,0,0,0,0,0,0
1989,PHI,NL,nietoto01,Tom Nieto,11,10,11,11,0,11,0,0,0,0,0,0,0,0,0,0,0
1989,SFN,NL,nixondo01,Donell Nixon,95,31,95,64,0,0,0,0,0,0,15,29,26,64,0,27,18
1989,MON,NL,nixonot01,Otis Nixon,126,52,126,98,0,0,0,0,0,0,13,92,1,98,0,26,24
1989,MON,NL,noboaju01,Junior Noboa,21,10,21,17,0,0,0,13,1,4,0,0,0,0,0,5,0
1989,DET,AL,nokesma01,Matt Nokes,87,72,87,51,0,51,0,0,0,0,0,0,0,0,27,15,0
1989,SDN,NL,nolteer01,Eric Nolte,3,1,3,3,3,0,0,0,0,0,0,0,0,0,0,0,0
1989,DET,AL,nosekra01,Randy Nosek,2,0,0,2,2,0,0,0,0,0,0,0,0,0,0,0,
1989,DET,AL,nunezed01,Ed Nunez,27,0,1,27,27,0,0,0,0,0,0,0,0,0,0,0,0
1989,TOR,AL,nunezjo01,Jose Nunez,6,0,0,6,6,0,0,0,0,0,0,0,0,0,0,0,
1989,SFN,NL,oberkke01,Ken Oberkfell,83,14,83,49,0,0,7,7,38,0,0,0,0,0,0,54,1
1989,PIT,NL,oberkke01,Ken Oberkfell,14,11,14,12,0,0,9,3,0,0,0,0,0,0,0,3,0
1989,ML4,AL,obriech01,Charlie O'Brien,62,61,62,62,0,62,0,0,0,0,0,0,0,0,0,0,0
1989,CLE,AL,obriepe03,Pete O'Brien,155,148,155,154,0,0,154,0,0,0,0,0,0,0,0,5,0
1989,CIN,NL,oestero01,Ron Oester,109,87,109,104,0,0,0,102,0,2,0,0,0,0,0,8,2
1989,NYN,NL,ojedabo01,Bob Ojeda,32,31,32,31,31,0,0,0,0,0,0,0,0,0,0,0,1
1989,TOR,AL,olerujo01,John Olerud,6,1,6,5,0,0,5,0,0,0,0,0,0,0,0,1,0
1989,MIN,AL,olivefr01,Francisco Oliveras,12,0,1,12,12,0,0,0,0,0,0,0,0,0,0,0,0
1989,CIN,NL,olivejo01,Joe Oliver,49,37,49,47,0,47,0,0,0,0,0,0,0,0,0,7,0
1989,BAL,AL,olsongr01,Gregg Olson,64,0,1,64,64,0,0,0,0,0,0,0,0,0,0,0,0
1989,MIN,AL,olsongr02,Greg Olson,3,0,3,3,0,3,0,0,0,0,0,0,0,0,0,0,0
1989,NYN,NL,omallto01,Tom O'Malley,9,0,9,3,0,0,0,0,3,0,0,0,0,0,0,7,0
1989,PHI,NL,onealra01,Randy O'Neal,20,1,20,20,20,0,0,0,0,0,0,0,0,0,0,0,0
1989,CIN,NL,oneilpa01,Paul O'Neill,117,112,117,115,0,0,0,0,0,0,0,4,115,115,0,4,0
1989,PHI,NL,ontivst02,Steve Ontiveros,6,5,6,6,6,0,0,0,0,0,0,0,0,0,0,0,0
1989,SLN,NL,oquenjo01,Jose Oquendo,163,162,163,163,0,0,1,156,0,7,0,0,0,0,0,1,0
1989,CLE,AL,oroscje01,Jesse Orosco,69,0,0,69,69,0,0,0,0,0,0,0,0,0,0,0,
1989,BAL,AL,orsuljo01,Joe Orsulak,123,102,123,110,0,0,0,0,0,0,20,0,91,110,3,20,0
1989,PIT,NL,ortizju01,Junior Ortiz,91,65,91,84,0,84,0,0,0,0,0,0,0,0,0,16,0
1989,CAL,AL,ortonjo01,John Orton,16,13,16,16,0,16,0,0,0,0,0,0,0,0,0,0,0
1989,NYA,AL,paglimi01,Mike Pagliarulo,74,59,74,69,0,0,0,0,69,0,0,0,0,0,0,12,0
1989,SDN,NL,paglimi01,Mike Pagliarulo,50,42,50,49,0,0,0,0,49,0,0,0,0,0,0,1,0
1989,SLN,NL,pagnoto01,Tom Pagnozzi,52,18,52,41,0,38,2,0,1,0,0,0,0,0,0,17,0
1989,KCA,AL,palacre01,Rey Palacios,55,8,55,50,0,13,18,0,21,0,0,0,1,1,0,1,24
1989,DET,AL,palmeda01,David Palmer,5,0,0,5,5,0,0,0,0,0,0,0,0,0,0,0,
1989,TEX,AL,palmede01,Dean Palmer,16,4,16,6,0,0,0,0,5,1,0,0,0,0,2,6,2
1989,TEX,AL,palmera01,Rafael Palmeiro,156,144,156,148,0,0,147,0,0,0,1,0,0,1,1,7,0
1989,PHI,NL,pardoal01,Al Pardo,1,0,1,1,0,1,0,0,0,0,0,0,0,0,0,0,0
1989,SDN,NL,parenma01,Mark Parent,52,36,52,42,0,41,1,0,0,0,0,0,0,0,0,10,1
1989,NYA,AL,parkecl01,Clay Parker,22,0,0,22,22,0,0,0,0,0,0,0,0,0,0,0,
1989,OAK,AL,parkeda01,Dave Parker,144,137,144,1,0,0,0,0,0,0,0,0,1,1,136,7,0
1989,PHI,NL,parreje01,Jeff Parrett,72,0,72,72,72,0,0,0,0,0,0,0,0,0,0,0,0
1989,CAL,AL,parrila02,Lance Parrish,124,120,124,122,0,122,0,0,0,0,0,0,0,0,2,2,0
1989,CHA,AL,pasquda01,Dan Pasqua,73,68,73,66,0,0,0,0,0,0,52,0,20,66,3,4,1
1989,PIT,NL,pattebo01,Bob Patterson,12,3,12,12,12,0,0,0,0,0,0,0,0,0,0,0,0
1989,CHA,AL,patteke01,Ken Patterson,50,0,0,50,50,0,0,0,0,0,0,0,0,0,0,0,
1989,KCA,AL,pecotbi01,Bill Pecota,65,25,65,61,0,0,4,13,7,28,4,2,9,15,0,0,20
1989,DET,AL,pedrial01,Al Pedrique,31,20,31,31,0,0,0,8,12,12,0,0,0,0,0,2,0
1989,SLN,NL,pendlte01,Terry Pendleton,162,159,162,161,0,0,0,0,161,0,0,0,0,0,0,3,0
1989,CHA,AL,perezme01,Melido Perez,31,0,0,31,31,0,0,0,0,0,0,0,0,0,0,0,
1989,MON,NL,perezpa01,Pascual Perez,35,28,35,33,33,0,0,0,0,0,0,0,0,0,0,0,2
1989,ATL,NL,perryge01,Gerald Perry,72,70,72,72,0,0,72,0,0,0,0,0,0,0,0,1,0
1989,CHN,NL,perrypa02,Pat Perry,19,0,19,19,19,0,0,0,0,0,0,0,0,0,0,0,0
1989,CHA,AL,peterad01,Adam Peterson,3,0,0,3,3,0,0,0,0,0,0,0,0,0,0,0,
1989,ML4,AL,peterje01,Jeff Peterek,7,0,0,7,7,0,0,0,0,0,0,0,0,0,0,0,
1989,TEX,AL,petrage01,Geno Petralli,70,50,70,49,0,49,0,0,0,0,0,0,0,0,14,18,0
1989,CAL,AL,petryda01,Dan Petry,19,0,0,19,19,0,0,0,0,0,0,0,0,0,0,0,
1989,DET,AL,pettiga01,Gary Pettis,119,116,119,119,0,0,0,0,0,0,0,119,0,119,0,1,1
1989,MON,NL,peveyma01,Marty Pevey,13,11,13,12,0,11,0,0,0,0,0,0,1,1,0,2,0
1989,OAK,AL,phelpke01,Ken Phelps,11,1,11,1,0,0,1,0,0,0,0,0,0,0,0,10,0
1989,NYA,AL,phelpke01,Ken Phelps,86,46,86,8,0,0,7,0,0,0,0,0,1,1,41,38,0
1989,OAK,AL,phillto02,Tony Phillips,143,124,143,139,0,0,1,84,49,17,13,0,4,17,0,12,1
1989,ML4,AL,plesada01,Dan Plesac,52,0,0,52,52,0,0,0,0,0,0,0,0,0,0,0,
1989,OAK,AL,plunker01,Eric Plunk,23,0,1,23,23,0,0,0,0,0,0,0,0,0,0,0,0
1989,NYA,AL,plunker01,Eric Plunk,27,0,3,27,27,0,0,0,0,0,0,0,0,0,0,0,0
1989,ML4,AL,polidgu01,Gus Polidor,79,46,79,74,0,0,0,30,29,21,0,0,0,0,2,3,1
1989,OAK,AL,polonlu01,Luis Polonia,59,48,59,55,0,0,0,0,0,0,55,0,0,55,0,10,1
1989,NYA,AL,polonlu01,Luis Polonia,66,58,66,53,0,0,0,0,0,0,53,0,0,53,8,5,0
1989,HOU,NL,portuma01,Mark Portugal,20,15,20,20,20,0,0,0,0,0,0,0,0,0,0,0,0
1989,SEA,AL,powelde01,Dennis Powell,43,0,0,43,43,0,0,0,0,0,0,0,0,0,0,0,
1989,SLN,NL,powerte01,Ted Power,23,15,23,23,23,0,0,0,0,0,0,0,0,0,0,0,0
1989,SEA,AL,preslji01,Jim Presley,117,105,117,110,0,0,30,0,90,0,0,0,0,0,1,8,0
1989,SFN,NL,pricejo02,Joe Price,7,1,7,7,7,0,0,0,0,0,0,0,0,0,0,0,0
1989,BOS,AL,pricejo02,Joe Price,31,0,0,31,31,0,0,0,0,0,0,0,0,0,0,0,
1989,PIT,NL,princto01,Tom Prince,21,15,21,21,0,21,0,0,0,0,0,0,0,0,0,0,0
1989,MIN,AL,puckeki01,Kirby Puckett,159,155,159,157,0,0,0,0,0,0,0,157,0,157,1,3,0
1989,ATL,NL,puleoch01,Charlie Puleo,15,1,15,15,15,0,0,0,0,0,0,0,0,0,0,0,0
1989,CIN,NL,quinolu01,Luis Quinones,97,84,97,94,0,0,0,53,50,5,0,0,0,0,0,5,1
1989,SEA,AL,quinore01,Rey Quinones,7,6,7,7,0,0,0,0,0,7,0,0,0,0,0,0,0
1989,PIT,NL,quinore01,Rey Quinones,71,62,71,69,0,0,0,0,0,69,0,0,0,0,0,4,0
1989,BOS,AL,quintca01,Carlos Quintana,34,20,34,22,0,0,1,0,0,0,4,1,17,21,5,8,3
1989,OAK,AL,quirkja01,Jamie Quirk,9,1,9,7,0,2,1,0,3,0,0,0,1,1,0,7,0
1989,NYA,AL,quirkja01,Jamie Quirk,13,6,13,7,0,6,0,0,0,1,0,0,0,0,0,7,0
1989,BAL,AL,quirkja01,Jamie Quirk,25,17,25,24,0,24,0,0,0,0,0,0,0,0,0,1,2
1989,SLN,NL,quiseda01,Dan Quisenberry,63,0,63,63,63,0,0,0,0,0,0,0,0,0,0,0,0
1989,MON,NL,raineti01,Tim Raines,145,138,145,140,0,0,0,0,0,0,140,0,0,140,0,6,0
1989,HOU,NL,ramirra01,Rafael Ramirez,151,137,151,149,0,0,0,0,0,149,0,0,0,0,0,6,0
1989,CHN,NL,ramosdo01,Domingo Ramos,85,38,85,69,0,0,0,0,30,42,0,0,0,0,0,17,0
1989,LAN,NL,randowi01,Willie Randolph,145,139,145,140,0,0,0,140,0,0,0,0,0,0,0,5,0
1989,SDN,NL,rasmude01,Dennis Rasmussen,33,33,33,33,33,0,0,0,0,0,0,0,0,0,0,0,0
1989,MIN,AL,rawlesh01,Shane Rawley,27,0,0,27,27,0,0,0,0,0,0,0,0,0,0,0,
1989,SDN,NL,readyra01,Randy Ready,28,16,28,21,0,0,0,2,18,0,1,0,0,1,0,11,0
1989,PHI,NL,readyra01,Randy Ready,72,46,72,56,0,0,0,7,14,0,36,0,0,36,0,23,0
1989,MIN,AL,reardje01,Jeff Reardon,65,0,3,65,65,0,0,0,0,0,0,0,0,0,0,0,0
1989,PIT,NL,redusga01,Gary Redus,98,73,98,85,0,0,72,0,0,0,2,2,12,16,0,16,4
1989,TEX,AL,reimeke01,Kevin Reimer,3,1,3,0,0,0,0,0,0,0,0,0,0,0,1,2,0
1989,SFN,NL,reuscri01,Rick Reuschel,32,32,32,32,32,0,0,0,0,0,0,0,0,0,0,0,0
1989,CHA,AL,reussje01,Jerry Reuss,23,0,0,23,23,0,0,0,0,0,0,0,0,0,0,0,
1989,ML4,AL,reussje01,Jerry Reuss,7,0,0,7,7,0,0,0,0,0,0,0,0,0,0,0,
1989,MON,NL,reyesgi01,Gil Reyes,4,1,4,4,0,4,0,0,0,0,0,0,0,0,0,0,0
1989,HOU,NL,reynocr01,Craig Reynolds,101,38,101,67,1,0,5,29,10,26,1,0,0,1,0,42,1
1989,SEA,AL,reynoha01,Harold Reynolds,153,149,153,151,0,0,0,151,0,0,0,0,0,0,1,2,0
1989,PIT,NL,reynorj01,R. J. Reynolds,125,83,125,98,0,0,0,0,0,0,5,30,72,98,0,33,0
1989,HOU,NL,rhoderi01,Rick Rhoden,20,17,20,20,20,0,0,0,0,0,0,0,0,0,0,0,0
1989,CIN,NL,richaje01,Jeff Richardson,53,35,53,47,0,0,0,0,8,39,0,0,0,0,0,7,3
1989,ATL,NL,richaru01,Rusty Richards,2,2,2,2,2,0,0,0,0,0,0,0,0,0,0,0,0
1989,DET,AL,richiro01,Rob Richie,19,13,19,13,0,0,0,0,0,0,11,0,2,13,1,5,1
1989,NYA,AL,righeda01,Dave Righetti,55,0,4,55,55,0,0,0,0,0,0,0,0,0,0,0,0
1989,SFN,NL,rileser01,Ernie Riles,122,75,122,104,0,0,0,18,83,7,2,0,3,5,0,41,0
1989,BAL,AL,ripkebi01,Billy Ripken,115,100,115,114,0,0,0,114,0,0,0,0,0,0,0,0,3
1989,BAL,AL,ripkeca01,Cal Ripken,162,162,162,162,0,0,0,0,0,162,0,0,0,0,0,0,0
1989,BOS,AL,riverlu01,Luis Rivera,93,86,93,91,0,0,0,2,0,89,0,0,0,0,0,1,3
1989,SDN,NL,roberbi01,Bip Roberts,117,79,117,103,0,0,0,9,37,14,35,1,20,54,0,18,13
1989,CHA,AL,robidbi01,Billy Jo Robidoux,16,8,16,16,0,0,15,0,0,0,1,0,0,1,0,1,0
1989,SFN,NL,robindo01,Don Robinson,40,32,40,34,34,0,0,0,0,0,0,0,0,0,0,6,0
1989,PIT,NL,robinje01,Jeff Robinson,50,19,50,50,50,0,0,0,0,0,0,0,0,0,0,0,0
1989,DET,AL,robinje02,Jeff Robinson,16,0,1,16,16,0,0,0,0,0,0,0,0,0,0,0,0
1989,CIN,NL,robinro01,Ron Robinson,15,15,15,15,15,0,0,0,0,0,0,0,0,0,0,0,0
1989,BOS,AL,rochfmi01,Mike Rochford,4,0,0,4,4,0,0,0,0,0,0,0,0,0,0,0,
1989,CIN,NL,rodriro02,Rosario Rodriguez,7,0,7,7,7,0,0,0,0,0,0,0,0,0,0,0,0
1989,MIN,AL,rodrivi01,Vic Rodriguez,6,2,6,5,0,0,0,0,5,0,0,0,0,0,0,0,3
1989,CIN,NL,roeslmi01,Mike Roesler,17,0,17,17,17,0,0,0,0,0,0,0,0,0,0,0,0
1989,TEX,AL,rogerke01,Kenny Rogers,73,0,0,73,73,0,0,0,0,0,0,0,0,0,0,0,
1989,ATL,NL,romered01,Ed Romero,7,5,7,7,0,0,0,4,1,2,0,0,0,0,0,1,0
1989,ML4,AL,romered01,Ed Romero,15,13,15,15,0,0,0,11,4,1,0,0,0,0,0,0,0
1989,BOS,AL,romered01,Ed Romero,46,29,46,42,0,0,0,22,14,10,0,0,0,0,0,1,6
1989,BOS,AL,rominke01,Kevin Romine,92,66,92,89,0,0,0,0,0,0,9,48,32,89,1,9,3
1989,CIN,NL,roomero01,Rolando Roomes,107,74,107,100,0,0,0,0,0,0,45,29,37,100,0,13,8
1989,CHA,AL,rosenst01,Steve Rosenberg,38,0,0,38,38,0,0,0,0,0,0,0,0,0,0,0,
1989,PHI,NL,ruffibr01,Bruce Ruffin,24,23,24,24,24,0,0,0,0,0,0,0,0,0,0,0,0
1989,TEX,AL,russeje01,Jeff Russell,71,0,0,71,71,0,0,0,0,0,0,0,0,0,0,0,
1989,ATL,NL,russejo02,John Russell,74,37,74,63,1,45,2,0,2,0,1,0,14,14,0,19,5
1989,KCA,AL,saberbr01,Bret Saberhagen,39,0,3,36,36,0,0,0,0,0,0,0,0,0,0,0,3
1989,CLE,AL,salasma01,Mark Salas,30,19,30,5,0,5,0,0,0,0,0,0,0,0,19,11,0
1989,SDN,NL,salazlu01,Luis Salazar,95,56,95,90,0,0,2,0,72,9,2,2,10,14,0,14,8
1989,CHN,NL,salazlu01,Luis Salazar,26,18,26,26,0,0,0,0,25,0,2,0,0,2,0,1,0
1989,NYN,NL,samueju01,Juan Samuel,86,83,86,84,0,0,0,0,0,0,0,84,0,84,0,1,1
1989,PHI,NL,samueju01,Juan Samuel,51,50,51,50,0,0,0,0,0,0,0,50,0,50,0,1,0
1989,PIT,NL,samuero01,Roger Samuels,5,0,5,5,5,0,0,0,0,0,0,0,0,0,0,0,0
1989,TOR,AL,sanchal02,Alex Sanchez,4,0,0,4,4,0,0,0,0,0,0,0,0,0,0,0,
1989,CHN,NL,sandbry01,Ryne Sandberg,157,154,157,155,0,0,0,155,0,0,0,0,0,0,0,2,1
1989,NYA,AL,sandede02,Deion Sanders,14,12,14,14,0,0,0,0,0,0,3,11,0,14,0,1,0
1989,CHN,NL,sandesc01,Scott Sanderson,37,23,37,37,37,0,0,0,0,0,0,0,0,0,0,0,0
1989,SDN,NL,santibe01,Benito Santiago,129,122,129,127,0,127,0,0,0,0,0,0,0,0,0,2,2
1989,MON,NL,santone01,Nelson Santovenia,97,83,97,90,0,89,1,0,0,0,0,0,0,0,0,8,0
1989,NYN,NL,sassema01,Mackey Sasser,72,48,72,62,0,62,0,0,1,0,0,0,0,0,0,19,0
1989,CHA,AL,schaeje01,Jeff Schaefer,15,1,15,12,0,0,0,4,4,4,0,0,0,0,0,1,6
1989,HOU,NL,schatda01,Dan Schatzeder,36,0,36,36,36,0,0,0,0,0,0,0,0,0,0,0,0
1989,BAL,AL,schilcu01,Curt Schilling,5,0,0,5,5,0,0,0,0,0,0,0,0,0,0,0,
1989,CHN,NL,schirca01,Calvin Schiraldi,54,0,54,54,54,0,0,0,0,0,0,0,0,0,0,0,0
1989,SDN,NL,schirca01,Calvin Schiraldi,5,4,5,5,5,0,0,0,0,0,0,0,0,0,0,0,0
1989,BAL,AL,schmida01,Dave Schmidt,38,0,0,38,38,0,0,0,0,0,0,0,0,0,0,0,
1989,PHI,NL,schmimi01,Mike Schmidt,42,42,42,42,0,0,0,0,42,0,0,0,0,0,0,0,0
1989,CAL,AL,schofdi02,Dick Schofield,91,87,91,90,0,0,0,0,0,90,0,0,0,0,0,1,0
1989,SEA,AL,schoomi01,Mike Schooler,67,0,0,67,67,0,0,0,0,0,0,0,0,0,0,0,
1989,CAL,AL,schrobi01,Bill Schroeder,41,38,41,41,0,33,8,0,0,0,0,0,0,0,0,0,0
1989,NYA,AL,schuldo01,Don Schulze,2,0,0,2,2,0,0,0,0,0,0,0,0,0,0,0,
1989,SDN,NL,schuldo01,Don Schulze,7,4,7,7,7,0,0,0,0,0,0,0,0,0,0,0,0
1989,KCA,AL,schulje01,Jeff Schulz,7,1,7,4,0,0,0,0,0,0,4,0,0,4,0,3,1
1989,DET,AL,schwami01,Mike Schwabe,13,0,1,13,13,0,0,0,0,0,0,0,0,0,0,0,0
1989,LAN,NL,sciosmi01,Mike Scioscia,133,121,133,130,0,130,0,0,0,0,0,0,0,0,0,8,0
1989,OAK,AL,scottdi03,Dick Scott,3,0,3,3,0,0,0,0,0,3,0,0,0,0,0,0,0
1989,HOU,NL,scottmi03,Mike Scott,33,32,33,33,33,0,0,0,0,0,0,0,0,0,0,0,0
1989,CIN,NL,scuddsc01,Scott Scudder,23,17,23,23,23,0,0,0,0,0,0,0,0,0,0,0,0
1989,CLE,AL,seaneru01,Rudy Seanez,5,0,0,5,5,0,0,0,0,0,0,0,0,0,0,0,
1989,LAN,NL,searara01,Ray Searage,41,0,41,41,41,0,0,0,0,0,0,0,0,0,0,0,0
1989,DET,AL,searcst01,Steve Searcy,8,0,0,8,8,0,0,0,0,0,0,0,0,0,0,0,
1989,PHI,NL,sebrabo01,Bob Sebra,6,5,6,6,6,0,0,0,0,0,0,0,0,0,0,0,0
1989,CIN,NL,sebrabo01,Bob Sebra,15,0,15,15,15,0,0,0,0,0,0,0,0,0,0,0,0
1989,CHA,AL,segurjo01,Jose Segura,7,0,0,7,7,0,0,0,0,0,0,0,0,0,0,0,
1989,KCA,AL,seitzke01,Kevin Seitzer,160,159,160,160,0,0,2,0,159,6,2,1,0,3,0,1,0
1989,LAN,NL,sharpmi01,Mike Sharperson,27,2,27,8,0,0,2,4,2,1,0,0,0,0,0,19,1
1989,CLE,AL,sheafda01,Danny Sheaffer,7,4,7,3,0,0,0,0,2,0,1,0,0,1,3,1,1
1989,BAL,AL,sheetla01,Larry Sheets,102,82,102,0,0,0,0,0,0,0,0,0,0,0,82,20,0
1989,ML4,AL,sheffga01,Gary Sheffield,95,95,95,91,0,0,0,0,21,70,0,0,0,0,4,0,0
1989,LAN,NL,shelbjo01,John Shelby,108,86,108,98,0,0,0,0,0,0,0,98,0,98,0,11,3
1989,SFN,NL,sheripa01,Pat Sheridan,70,49,70,66,0,0,0,0,0,0,8,3,58,66,0,12,1
1989,DET,AL,sheripa01,Pat Sheridan,50,33,50,35,0,0,0,0,0,0,19,7,9,35,8,11,1
1989,MIN,AL,shielst01,Steve Shields,11,0,0,11,11,0,0,0,0,0,0,0,0,0,0,0,
1989,NYN,NL,shiplcr01,Craig Shipley,4,1,4,3,0,0,0,0,2,3,0,0,0,0,0,0,2
1989,TEX,AL,sierrru01,Ruben Sierra,162,162,162,162,0,0,0,0,0,0,0,2,161,162,0,0,0
1989,DET,AL,sinatma01,Matt Sinatro,13,9,13,13,0,13,0,0,0,0,0,0,0,0,0,0,0
1989,CLE,AL,skalsjo01,Joe Skalski,2,0,0,2,2,0,0,0,0,0,0,0,0,0,0,0,
1989,CLE,AL,skinnjo01,Joel Skinner,79,57,79,79,0,79,0,0,0,0,0,0,0,0,0,0,0
1989,NYA,AL,slaugdo01,Don Slaught,117,94,117,105,0,105,0,0,0,0,0,0,0,0,1,16,0
1989,PIT,NL,smilejo01,John Smiley,28,28,28,28,28,0,0,0,0,0,0,0,0,0,0,0,0
1989,MON,NL,smithbr01,Bryn Smith,33,32,33,33,33,0,0,0,0,0,0,0,0,0,0,0,0
1989,HOU,NL,smithda02,Dave Smith,52,0,52,52,52,0,0,0,0,0,0,0,0,0,0,0,0
1989,CHN,NL,smithdw01,Dwight Smith,109,86,109,102,0,0,0,0,0,0,75,0,32,102,0,16,0
1989,CHN,NL,smithgr01,Greg Smith,4,0,4,2,0,0,0,2,0,0,0,0,0,0,0,1,1
1989,BOS,AL,smithle02,Lee Smith,64,0,0,64,64,0,0,0,0,0,0,0,0,0,0,0,
1989,ATL,NL,smithlo01,Lonnie Smith,134,129,134,132,0,0,0,0,0,0,132,0,0,132,0,4,0
1989,BOS,AL,smithmi03,Mike Smithson,40,0,0,40,40,0,0,0,0,0,0,0,0,0,0,0,
1989,PIT,NL,smithmi04,Mike Smith,16,0,16,16,16,0,0,0,0,0,0,0,0,0,0,0,0
1989,BAL,AL,smithmi05,Mike Smith,13,0,0,13,13,0,0,0,0,0,0,0,0,0,0,0,
1989,SLN,NL,smithoz01,Ozzie Smith,155,152,155,153,0,0,0,0,0,153,0,0,0,0,0,2,0
1989,ATL,NL,smithpe02,Pete Smith,29,27,29,28,28,0,0,0,0,0,0,0,0,0,0,0,1
1989,MIN,AL,smithro01,Roy Smith,32,0,1,32,32,0,0,0,0,0,0,0,0,0,0,0,0
1989,MON,NL,smithza01,Zane Smith,32,0,32,31,31,0,0,0,0,0,0,0,0,0,0,1,0
1989,ATL,NL,smithza01,Zane Smith,21,17,21,17,17,0,0,0,0,0,0,0,0,0,0,1,3
1989,ATL,NL,smoltjo01,John Smoltz,33,29,33,29,29,0,0,0,0,0,0,0,0,0,0,1,3
1989,CIN,NL,snideva01,Van Snider,8,1,8,6,0,0,0,0,0,0,5,0,2,6,0,2,1
1989,OAK,AL,snydebr01,Brian Snyder,2,0,0,2,2,0,0,0,0,0,0,0,0,0,0,0,
1989,CLE,AL,snydeco02,Cory Snyder,132,122,132,127,0,0,0,0,0,7,0,0,125,125,0,8,0
1989,SEA,AL,solanju01,Julio Solano,7,0,0,7,7,0,0,0,0,0,0,0,0,0,0,0,
1989,MIN,AL,sorrepa01,Paul Sorrento,14,5,14,5,0,0,5,0,0,0,0,0,0,0,4,7,1
1989,SFN,NL,speiech01,Chris Speier,28,4,28,22,0,0,1,4,9,9,0,0,0,0,0,12,0
1989,ML4,AL,spierbi01,Bill Spiers,114,94,114,106,0,0,2,3,12,89,0,0,0,0,4,5,8
1989,HOU,NL,spilmha01,Harry Spilman,32,4,32,9,0,1,9,0,0,0,0,0,0,0,0,23,0
1989,PHI,NL,stanist01,Steve Stanicek,9,0,9,0,0,0,0,0,0,0,0,0,0,0,0,9,0
1989,BOS,AL,stanlbo01,Bob Stanley,43,0,0,43,43,0,0,0,0,0,0,0,0,0,0,0,
1989,TEX,AL,stanlmi02,Mike Stanley,67,34,67,34,0,25,7,0,3,0,0,0,0,0,14,27,0
1989,ATL,NL,stantmi02,Mike Stanton,20,0,20,20,20,0,0,0,0,0,0,0,0,0,0,0,0
1989,MIN,AL,stclara01,Randy St. Claire,14,0,0,14,14,0,0,0,0,0,0,0,0,0,0,0,
1989,SFN,NL,steelji01,Jim Steels,13,0,13,4,0,0,3,0,0,0,0,0,1,1,0,9,1
1989,OAK,AL,steinte01,Terry Steinbach,130,118,130,122,0,102,10,0,3,0,6,0,8,14,4,11,0
1989,CHN,NL,stephph01,Phil Stephenson,17,3,17,3,0,0,0,0,0,0,3,0,0,3,0,14,0
1989,SDN,NL,stephph01,Phil Stephenson,10,3,10,8,0,0,8,0,0,0,0,0,0,0,0,2,1
1989,OAK,AL,stewada01,Dave Stewart,36,0,0,36,36,0,0,0,0,0,0,0,0,0,0,0,
1989,TOR,AL,stiebda01,Dave Stieb,33,0,0,33,33,0,0,0,0,0,0,0,0,0,0,0,
1989,KCA,AL,stillku01,Kurt Stillwell,130,124,130,130,0,0,0,0,0,130,0,0,0,0,0,5,0
1989,CLE,AL,stoddti01,Tim Stoddard,14,0,0,14,14,0,0,0,0,0,0,0,0,0,0,0,
1989,BOS,AL,stoneje01,Jeff Stone,18,1,18,11,0,0,0,0,0,0,0,4,7,11,0,6,6
1989,TEX,AL,stoneje01,Jeff Stone,22,10,22,3,0,0,0,0,0,0,1,1,1,3,9,8,3
1989,TOR,AL,stottto01,Todd Stottlemyre,27,0,0,27,27,0,0,0,0,0,0,0,0,0,0,0,
1989,DET,AL,strando01,Doug Strange,64,56,64,62,0,0,0,9,54,9,0,0,0,0,1,3,1
1989,NYN,NL,strawda01,Darryl Strawberry,134,128,134,131,0,0,0,0,0,0,0,0,131,131,0,6,0
1989,LAN,NL,stubbfr01,Franklin Stubbs,69,22,69,34,0,0,7,0,0,0,22,5,3,28,0,35,4
1989,TEX,AL,sundbji01,Jim Sundberg,76,53,76,73,0,73,0,0,0,0,0,0,0,0,0,6,0
1989,ML4,AL,surhobj01,B. J. Surhoff,126,116,126,112,0,106,0,0,6,0,0,0,0,0,12,5,2
1989,CHN,NL,sutclri01,Rick Sutcliffe,37,34,37,35,35,0,0,0,0,0,0,0,0,0,0,2,0
1989,SEA,AL,swiftbi02,Bill Swift,37,0,0,37,37,0,0,0,0,0,0,0,0,0,0,0,
1989,CLE,AL,swindgr01,Greg Swindell,28,0,0,28,28,0,0,0,0,0,0,0,0,0,0,0,
1989,KCA,AL,tablepa01,Pat Tabler,123,103,123,71,0,0,18,3,1,0,26,0,28,53,40,17,0
1989,DET,AL,tananfr01,Frank Tanana,33,0,0,33,33,0,0,0,0,0,0,0,0,0,0,0,
1989,MIN,AL,tapanke01,Kevin Tapani,5,0,0,5,5,0,0,0,0,0,0,0,0,0,0,0,
1989,NYN,NL,tapanke01,Kevin Tapani,3,0,3,3,3,0,0,0,0,0,0,0,0,0,0,0,0
1989,KCA,AL,tartada01,Danny Tartabull,133,126,133,73,0,0,0,0,0,0,0,0,73,73,53,7,0
1989,PIT,NL,taylodo01,Dorn Taylor,10,0,10,9,9,0,0,0,0,0,0,0,0,0,0,0,1
1989,CIN,NL,tekulke01,Kent Tekulve,37,0,37,37,37,0,0,0,0,0,0,0,0,0,0,0,0
1989,SDN,NL,templga01,Garry Templeton,142,136,142,140,0,0,0,0,0,140,0,0,0,0,0,3,0
1989,SDN,NL,terrewa01,Walt Terrell,19,19,19,19,19,0,0,0,0,0,0,0,0,0,0,0,0
1989,NYA,AL,terrewa01,Walt Terrell,13,0,0,13,13,0,0,0,0,0,0,0,0,0,0,0,
1989,SLN,NL,terrysc01,Scott Terry,35,24,35,31,31,0,0,0,0,0,0,0,0,0,0,1,3
1989,BAL,AL,tettlmi01,Mickey Tettleton,117,112,117,75,0,75,0,0,0,0,0,0,0,0,40,4,0
1989,NYN,NL,teufeti01,Tim Teufel,83,58,83,70,0,0,33,40,0,0,0,0,0,0,0,16,0
1989,SLN,NL,tewksbo01,Bob Tewksbury,7,4,7,7,7,0,0,0,0,0,0,0,0,0,0,0,0
1989,CHA,AL,thigpbo01,Bobby Thigpen,61,0,0,61,61,0,0,0,0,0,0,0,0,0,0,0,
1989,ATL,NL,thomaan01,Andres Thomas,141,137,141,138,0,0,0,0,0,138,0,0,0,0,0,3,0
1989,SLN,NL,thompmi02,Milt Thompson,155,139,155,147,0,0,0,0,0,0,23,123,3,147,0,10,0
1989,MON,NL,thompri01,Rich Thompson,19,1,19,19,19,0,0,0,0,0,0,0,0,0,0,0,0
1989,SFN,NL,thompro01,Robby Thompson,148,144,148,148,0,0,0,148,0,0,0,0,0,0,0,1,2
1989,NYN,NL,thornlo01,Lou Thornton,13,2,13,6,0,0,0,0,0,0,3,1,2,6,0,2,7
1989,KCA,AL,thurmga01,Gary Thurman,72,21,72,60,0,0,0,0,0,0,12,29,24,60,0,1,23
1989,BAL,AL,thurmma01,Mark Thurmond,49,0,0,49,49,0,0,0,0,0,0,0,0,0,0,0,
1989,BAL,AL,tibbsja01,Jay Tibbs,10,0,0,10,10,0,0,0,0,0,0,0,0,0,0,0,
1989,CAL,AL,tinglro01,Ron Tingley,4,1,4,4,0,4,0,0,0,0,0,0,0,0,0,0,0
1989,SDN,NL,tolivfr01,Freddie Toliver,9,0,9,9,9,0,0,0,0,0,0,0,0,0,0,0,0
1989,MIN,AL,tolivfr01,Freddie Toliver,8,0,1,7,7,0,0,0,0,0,0,0,0,0,0,0,1
1989,NYA,AL,tollewa01,Wayne Tolleson,80,34,80,66,0,0,0,13,28,28,0,0,0,0,0,12,16
1989,BAL,AL,trabeji01,Jim Traber,86,59,86,69,0,0,69,0,0,0,0,0,0,0,5,20,1
1989,DET,AL,trammal01,Alan Trammell,121,119,121,118,0,0,0,0,0,118,0,0,0,0,1,2,0
1989,ATL,NL,treadje01,Jeff Treadway,134,121,134,127,0,0,0,123,6,0,0,0,0,0,0,11,0
1989,HOU,NL,trevial01,Alex Trevino,59,25,59,35,0,32,2,0,2,0,0,0,0,0,0,26,0
1989,CIN,NL,trillma01,Manny Trillo,17,9,17,13,0,0,3,10,0,1,0,0,0,0,0,4,0
1989,SEA,AL,troutst01,Steve Trout,19,0,0,19,19,0,0,0,0,0,0,0,0,0,0,0,
1989,DET,AL,trujimi01,Mike Trujillo,8,0,0,8,8,0,0,0,0,0,0,0,0,0,0,0,
1989,LAN,NL,tudorjo01,John Tudor,6,3,6,6,6,0,0,0,0,0,0,0,0,0,0,0,0
1989,MIN,AL,tunnele01,Lee Tunnell,10,0,0,10,10,0,0,0,0,0,0,0,0,0,0,0,
1989,SFN,NL,uribejo01,Jose Uribe,151,146,151,150,0,0,0,0,0,150,0,0,0,0,0,0,4
1989,ATL,NL,valdese01,Sergio Valdez,19,1,19,19,19,0,0,0,0,0,0,0,0,0,0,0,0
1989,LAN,NL,valenfe01,Fernando Valenzuela,34,31,34,32,31,0,1,0,0,0,0,0,0,0,0,2,0
1989,SEA,AL,valleda01,Dave Valle,94,91,94,93,0,93,0,0,0,0,0,0,0,0,0,3,0
1989,PIT,NL,vanslan01,Andy Van Slyke,130,118,130,124,0,0,2,0,0,0,0,123,0,123,0,11,0
1989,CHN,NL,varshga01,Gary Varsho,61,11,61,21,0,0,0,0,0,0,17,0,4,21,0,42,4
1989,ML4,AL,vaughgr01,Greg Vaughn,38,33,38,23,0,0,0,0,0,0,23,0,0,23,12,2,2
1989,NYA,AL,velarra01,Randy Velarde,33,29,33,32,0,0,0,0,27,9,0,0,0,0,0,3,1
1989,CAL,AL,venabma01,Max Venable,20,11,20,13,0,0,0,0,0,0,4,4,7,13,0,6,2
1989,CHA,AL,venturo01,Robin Ventura,16,15,16,16,0,0,0,0,16,0,0,0,0,0,0,1,0
1989,ML4,AL,veresra01,Randy Veres,3,0,0,3,3,0,0,0,0,0,0,0,0,0,0,0,
1989,MIN,AL,violafr01,Frank Viola,24,0,1,24,24,0,0,0,0,0,0,0,0,0,0,0,0
1989,NYN,NL,violafr01,Frank Viola,12,12,12,12,12,0,0,0,0,0,0,0,0,0,0,0,0
1989,TOR,AL,virgioz02,Ozzie Virgil,9,3,9,1,0,1,0,0,0,0,0,0,0,0,3,5,0
1989,LAN,NL,vizcajo01,Jose Vizcaino,7,1,7,5,0,0,0,0,0,5,0,0,0,0,0,1,2
1989,SEA,AL,vizquom01,Omar Vizquel,143,131,143,143,0,0,0,0,0,143,0,0,0,0,0,3,0
1989,CHA,AL,walkegr01,Greg Walker,77,66,77,50,0,0,50,0,0,0,0,0,0,0,20,9,0
1989,MON,NL,walkela01,Larry Walker,20,11,20,15,0,0,0,0,0,0,2,0,13,15,0,8,0
1989,MON,NL,wallati01,Tim Wallach,154,152,154,153,1,0,0,0,153,0,0,0,0,0,0,1,0
1989,SLN,NL,wallide01,Denny Walling,69,11,69,35,0,0,20,0,9,0,3,0,3,6,0,42,2
1989,CHN,NL,waltoje01,Jerome Walton,116,114,116,115,0,0,0,0,0,0,0,115,0,115,0,1,0
1989,CAL,AL,washicl01,Claudell Washington,110,100,110,100,0,0,0,0,0,0,0,2,99,100,7,6,0
1989,HOU,NL,washiro01,Ron Washington,7,0,7,2,0,0,0,1,1,0,0,0,0,0,0,5,0
1989,MIN,AL,waynega01,Gary Wayne,60,0,1,60,60,0,0,0,0,0,0,0,0,0,0,0,0
1989,SFN,NL,weaveji03,Jim Weaver,12,4,12,8,0,0,0,0,0,0,1,0,7,8,0,2,3
1989,MIN,AL,webstle01,Lenny Webster,14,5,14,14,0,14,0,0,0,0,0,0,0,0,0,1,0
1989,CHN,NL,webstmi01,Mitch Webster,98,59,98,74,0,0,0,0,0,0,52,13,21,74,0,34,0
1989,ML4,AL,wegmabi01,Bill Wegman,11,0,0,11,11,0,0,0,0,0,0,0,0,0,0,0,
1989,OAK,AL,weisswa01,Walt Weiss,84,71,84,84,0,0,0,0,0,84,0,0,0,0,0,1,2
1989,OAK,AL,welchbo01,Bob Welch,33,0,0,33,33,0,0,0,0,0,0,0,0,0,0,0,
1989,KCA,AL,wellmbr01,Brad Wellman,103,52,103,99,0,0,0,62,3,35,0,1,0,1,0,1,17
1989,TOR,AL,wellsda01,David Wells,54,0,0,54,54,0,0,0,0,0,0,0,0,0,0,0,
1989,BAL,AL,westomi01,Mickey Weston,7,0,0,7,7,0,0,0,0,0,0,0,0,0,0,0,
1989,ATL,NL,wetheje01,Jeff Wetherby,52,2,52,9,0,0,0,0,0,0,7,0,2,9,0,45,0
1989,LAN,NL,wettejo01,John Wetteland,31,12,31,31,31,0,0,0,0,0,0,0,0,0,0,0,0
1989,DET,AL,whitalo01,Lou Whitaker,148,138,148,145,0,0,0,145,0,0,0,0,0,0,1,9,0
1989,CAL,AL,whitede03,Devon White,156,152,156,154,0,0,0,0,0,0,0,154,0,154,0,1,1
1989,ATL,NL,whiteed02,Ed Whited,36,19,36,31,0,0,3,0,29,0,0,0,0,0,0,4,3
1989,KCA,AL,whitefr01,Frank White,135,126,135,132,0,0,0,132,0,0,0,0,0,0,0,5,2
1989,NYN,NL,whitewa02,Wally Whitehurst,9,1,9,9,9,0,0,0,0,0,0,0,0,0,0,0,0
1989,SDN,NL,whitsed01,Ed Whitson,36,33,36,33,33,0,0,0,0,0,0,0,0,0,0,1,2
1989,TOR,AL,whitter01,Ernie Whitt,129,110,129,116,0,116,0,0,0,0,0,0,0,0,6,17,0
1989,CLE,AL,wickake01,Kevin Wickander,2,0,0,2,2,0,0,0,0,0,0,0,0,0,0,0,
1989,CHN,NL,wilkecu01,Curt Wilkerson,77,25,77,49,0,0,0,15,26,7,1,0,0,1,0,32,6
1989,CHN,NL,wilkide01,Dean Wilkins,11,0,11,11,11,0,0,0,0,0,0,0,0,0,0,0,0
1989,BOS,AL,willida06,Dana Williams,8,1,8,1,0,0,0,0,0,0,1,0,0,1,1,2,4
1989,CHA,AL,willied01,Eddie Williams,66,61,66,65,0,0,0,0,65,0,0,0,0,0,0,1,0
1989,DET,AL,willifr01,Frank Williams,43,0,2,43,42,0,0,0,0,0,1,0,1,1,0,0,0
1989,DET,AL,willike02,Ken Williams,94,71,94,88,0,0,1,0,0,0,28,35,27,87,0,10,4
1989,SFN,NL,willima04,Matt Williams,84,76,84,82,0,0,0,0,73,30,0,0,0,0,0,3,0
1989,BAL,AL,willima05,Mark Williamson,65,0,1,65,65,0,0,0,0,0,0,0,0,0,0,0,0
1989,CHN,NL,willimi02,Mitch Williams,76,0,76,76,76,0,0,0,0,0,0,0,0,0,0,0,0
1989,TOR,AL,willsfr01,Frank Wills,24,0,0,24,24,0,0,0,0,0,0,0,0,0,0,0,
1989,TEX,AL,wilmepa01,Paul Wilmet,3,0,0,3,3,0,0,0,0,0,0,0,0,0,0,0,
1989,SLN,NL,wilsocr01,Craig Wilson,6,0,6,2,0,0,0,0,2,0,0,0,0,0,0,5,0
1989,PIT,NL,wilsogl01,Glenn Wilson,100,83,100,88,0,0,10,0,0,0,0,1,85,85,0,16,0
1989,HOU,NL,wilsogl01,Glenn Wilson,28,25,28,25,0,0,0,0,0,0,0,0,25,25,0,3,0
1989,SEA,AL,wilsoji03,Jim Wilson,5,1,5,0,0,0,0,0,0,0,0,0,0,0,1,4,0
1989,NYN,NL,wilsomo01,Mookie Wilson,80,48,80,71,0,0,0,0,0,0,13,44,25,71,0,25,2
1989,TOR,AL,wilsomo01,Mookie Wilson,54,54,54,54,0,0,0,0,0,0,16,22,20,54,0,0,0
1989,CHN,NL,wilsost01,Steve Wilson,53,8,53,53,53,0,0,0,0,0,0,0,0,0,0,0,0
1989,SFN,NL,wilsotr01,Trevor Wilson,14,4,14,14,14,0,0,0,0,0,0,0,0,0,0,0,1
1989,KCA,AL,wilsowi02,Willie Wilson,112,95,112,108,0,0,0,0,0,0,0,108,0,108,0,4,5
1989,CIN,NL,winnihe01,Herm Winningham,115,51,115,85,0,0,0,0,0,0,34,41,13,85,0,34,6
1989,KCA,AL,wintema01,Matt Winters,42,25,42,31,0,0,0,0,0,0,0,0,31,31,2,9,1
1989,CLE,AL,wojnaed01,Ed Wojna,9,0,0,9,9,0,0,0,0,0,0,0,0,0,0,0,
1989,LAN,NL,woodstr01,Tracy Woodson,4,1,4,1,0,0,0,0,1,0,0,0,0,0,0,3,0
1989,SLN,NL,worreto01,Todd Worrell,47,0,47,47,47,0,0,0,0,0,0,0,1,1,0,0,0
1989,BAL,AL,worthcr01,Craig Worthington,145,144,145,145,0,0,0,0,145,0,0,0,0,0,0,0,0
1989,CHN,NL,wronari01,Rick Wrona,38,27,38,37,0,37,0,0,0,0,0,0,0,0,0,3,0
1989,SDN,NL,wynnema01,Marvell Wynne,105,68,105,96,0,0,0,0,0,0,38,41,27,96,0,14,3
1989,CHN,NL,wynnema01,Marvell Wynne,20,10,20,13,0,0,0,0,0,0,4,6,3,13,0,7,0
1989,HOU,NL,yeldier01,Eric Yelding,70,15,70,35,0,0,0,13,0,15,1,4,3,8,0,20,24
1989,PHI,NL,youmafl01,Floyd Youmans,10,10,10,10,10,0,0,0,0,0,0,0,0,0,0,0,0
1989,OAK,AL,youngcu01,Curt Young,25,0,0,25,25,0,0,0,0,0,0,0,0,0,0,0,
1989,HOU,NL,youngge02,Gerald Young,146,136,146,143,0,0,0,0,0,0,0,143,0,143,0,3,2
1989,CIN,NL,youngjo02,Joel Youngblood,76,22,76,45,0,0,0,0,0,0,35,0,10,45,0,42,0
1989,OAK,AL,youngma01,Matt Young,26,0,0,26,26,0,0,0,0,0,0,0,0,0,0,0,
1989,CLE,AL,youngmi01,Mike Young,32,9,32,1,0,0,0,0,0,0,1,0,0,1,9,22,0
1989,ML4,AL,yountro01,Robin Yount,160,160,160,144,0,0,0,0,0,0,0,144,0,144,16,0,0
1989,SEA,AL,zavarcl01,Clint Zavaras,10,0,0,10,10,0,0,0,0,0,0,0,0,0,0,0,
1989,SLN,NL,zeileto01,Todd Zeile,28,21,28,23,0,23,0,0,0,0,0,0,0,0,0,7,0
1989,CLE,AL,zuvelpa01,Paul Zuvella,24,12,24,20,0,0,0,0,5,15,0,0,0,0,2,3,2
