1991,PHI,NL,coxda01,Danny Cox,23,17,23,23,23,0,0,0,0,0,0,0,0,0,0,0,0
1991,TOR,AL,keyji01,Jimmy Key,33,0,0,33,33,0,0,0,0,0,0,0,0,0,0,0,
1991,OAK,AL,lawva01,Vance Law,74,37,74,72,1,0,1,0,67,3,3,0,0,3,0,11,1
1991,TOR,AL,leema02,Manuel Lee,138,134,138,138,0,0,0,0,0,138,0,0,0,0,0,0,0
1991,ML4,AL,leema03,Mark Lee,62,0,0,62,62,0,0,0,0,0,0,0,0,0,0,0,
1991,CIN,NL,leete01,Terry Lee,3,2,3,2,0,0,2,0,0,0,0,0,0,0,0,1,0
1991,CHN,NL,mayde01,Derrick May,15,4,15,7,0,0,0,0,0,0,7,0,0,7,0,8,1
1991,CHN,NL,maysc01,Scott May,2,0,2,2,2,0,0,0,0,0,0,0,0,0,0,0,0
1991,NYA,AL,saxst01,Steve Sax,158,157,158,154,0,0,0,149,5,0,0,0,0,0,4,0,1
1991,SFN,NL,basske01,Kevin Bass,124,90,124,101,0,0,0,0,0,0,23,0,79,101,0,28,0
1991,SFN,NL,beckro01,Rod Beck,31,0,31,31,31,0,0,0,0,0,0,0,0,0,0,0,0
1991,TOR,AL,bellde01,Derek Bell,18,7,18,13,0,0,0,0,0,0,7,6,0,13,0,0,5
1991,CLE,AL,beller01,Eric Bell,10,0,0,10,10,0,0,0,0,0,0,0,0,0,0,0,
1991,CHN,NL,bellge02,George Bell,149,145,149,146,0,0,0,0,0,0,146,0,0,146,0,4,0
1991,PIT,NL,bellja01,Jay Bell,157,153,157,156,0,0,0,0,0,156,0,0,0,0,0,2,0
1991,BAL,AL,bellju01,Juan Bell,100,54,100,88,0,0,0,77,0,15,1,0,0,1,0,5,18
1991,ATL,NL,bellmi01,Mike Bell,17,6,17,14,0,0,14,0,0,0,0,0,0,0,0,4,2
1991,MON,NL,boydoi01,Oil Can Boyd,19,19,19,19,19,0,0,0,0,0,0,0,0,0,0,0,0
1991,TEX,AL,boydoi01,Oil Can Boyd,12,0,0,12,12,0,0,0,0,0,0,0,0,0,0,0,
1991,MIN,AL,bushra01,Randy Bush,93,38,93,49,0,0,12,0,0,0,7,0,33,38,6,47,1
1991,NYN,NL,carrch02,Chuck Carr,12,1,12,9,0,0,0,0,0,0,0,9,0,9,0,3,3
1991,NYA,AL,carych01,Chuck Cary,10,0,0,10,10,0,0,0,0,0,0,0,0,0,0,0,
1991,CLE,AL,coleal01,Alex Cole,122,99,122,107,0,0,0,0,0,0,8,101,0,107,4,9,6
1991,KCA,AL,colest01,Stu Cole,9,1,9,6,0,0,0,5,0,1,0,0,0,0,0,2,3
1991,NYN,NL,coneda01,David Cone,34,34,34,34,34,0,0,0,0,0,0,0,0,0,0,0,0
1991,LAN,NL,cookde01,Dennis Cook,20,1,20,20,20,0,0,0,0,0,0,0,0,0,0,0,0
1991,CHA,AL,corajo01,Joey Cora,100,65,100,83,0,0,0,80,0,5,0,0,0,0,0,9,20
1991,ML4,AL,crimch01,Chuck Crim,66,0,0,66,66,0,0,0,0,0,0,0,0,0,0,0,
1991,CAL,AL,cronch01,Chris Cron,6,5,6,5,0,0,5,0,0,0,0,0,0,0,0,1,0
1991,DET,AL,deerro01,Rob Deer,134,129,134,132,0,0,0,0,0,0,0,0,132,132,0,3,0
1991,TEX,AL,diazma01,Mario Diaz,96,42,96,89,0,0,0,20,8,65,0,0,0,0,0,16,15
1991,PIT,NL,espyce01,Cecil Espy,43,17,43,35,0,0,0,0,0,0,2,25,11,35,0,8,4
1991,NYA,AL,farrst01,Steve Farr,60,0,0,60,60,0,0,0,0,0,0,0,0,0,0,0,
1991,CHA,AL,fiskca01,Carlton Fisk,134,115,134,112,0,106,12,0,0,0,0,0,0,0,12,17,0
1991,MON,NL,freyst01,Steve Frey,31,0,31,31,31,0,0,0,0,0,0,0,0,0,0,0,0
1991,ATL,NL,gantro01,Ron Gant,154,145,154,148,0,0,0,0,0,0,0,148,0,148,0,8,1
1991,LAN,NL,gottji01,Jim Gott,55,0,55,55,55,0,0,0,0,0,0,0,0,0,0,0,0
1991,BOS,AL,grayje01,Jeff Gray,50,0,0,50,50,0,0,0,0,0,0,0,0,0,0,0,
1991,DET,AL,haasda01,Dave Haas,11,0,0,11,11,0,0,0,0,0,0,0,0,0,0,0,
1991,NYA,AL,hallme01,Mel Hall,141,123,141,119,0,0,0,0,0,0,63,0,64,119,11,17,0
1991,DET,AL,haresh01,Shawn Hare,9,5,9,6,0,0,0,0,0,0,0,0,6,6,1,3,0
1991,ATL,NL,heepda01,Danny Heep,14,0,14,2,0,0,1,0,0,0,1,0,0,1,0,13,1
1991,SFN,NL,herrto01,Tom Herr,32,11,32,18,0,0,0,15,3,0,0,0,0,0,0,17,0
1991,NYN,NL,herrto01,Tom Herr,70,40,70,58,0,0,0,57,0,0,0,1,0,1,0,17,0
1991,CAL,AL,hilldo01,Donnie Hill,77,54,77,65,0,0,3,39,0,29,0,0,0,0,0,19,2
1991,TOR,AL,hillgl01,Glenallen Hill,35,29,35,12,0,0,0,0,0,0,9,0,4,12,17,0,6
1991,CLE,AL,hillgl01,Glenallen Hill,37,31,37,33,0,0,0,0,0,0,12,26,1,33,1,2,2
1991,SLN,NL,hillke01,Ken Hill,30,30,30,30,30,0,0,0,0,0,0,0,0,0,0,0,0
1991,CIN,NL,hillmi01,Milt Hill,22,0,22,22,22,0,0,0,0,0,0,0,0,0,0,0,0
1991,BAL,AL,hornsa01,Sam Horn,121,92,121,0,0,0,0,0,0,0,0,0,0,0,92,29,0
1991,NYA,AL,howest01,Steve Howe,37,0,0,37,37,0,0,0,0,0,0,0,0,0,0,0,
1991,CHA,AL,huffmi01,Mike Huff,51,23,51,48,0,0,0,2,0,0,9,13,36,48,0,7,11
1991,CLE,AL,huffmi01,Mike Huff,51,35,51,49,0,0,0,2,0,0,7,39,6,48,0,9,2
1991,SLN,NL,josefe01,Felix Jose,154,152,154,153,0,0,0,0,0,0,0,0,153,153,0,1,0
1991,HOU,NL,kileda01,Darryl Kile,37,22,37,37,37,0,0,0,0,0,0,0,0,0,0,0,0
1991,CLE,AL,kinger01,Eric King,25,0,0,25,25,0,0,0,0,0,0,0,0,0,0,0,
1991,PIT,NL,kingje01,Jeff King,33,32,33,33,0,0,0,0,33,0,0,0,0,0,0,0,0
1991,PHI,NL,krukjo01,John Kruk,152,140,152,144,0,0,103,0,0,0,36,11,6,52,0,10,0
1991,PHI,NL,lakest01,Steve Lake,58,45,58,58,0,58,0,0,0,0,0,0,0,0,0,0,0
1991,BOS,AL,lampde01,Dennis Lamp,51,0,0,51,51,0,0,0,0,0,0,0,0,0,0,0,
1991,PIT,NL,lindjo01,Jose Lind,150,139,150,149,0,0,0,149,0,0,0,0,0,0,0,2,1
1991,MON,NL,longbi01,Bill Long,3,0,3,3,3,0,0,0,0,0,0,0,0,0,0,0,0
1991,NYA,AL,maaske01,Kevin Maas,148,138,148,36,0,0,36,0,0,0,0,0,0,0,103,9,0
1991,MIN,AL,macksh01,Shane Mack,143,115,143,140,0,0,0,0,0,0,49,37,80,140,0,8,5
1991,BAL,AL,mesajo01,Jose Mesa,24,0,1,23,23,0,0,0,0,0,0,0,0,0,0,0,1
1991,HOU,NL,motaan01,Andy Mota,27,26,27,27,0,0,0,27,0,0,0,0,0,0,0,0,1
1991,SDN,NL,motajo01,Jose Mota,17,10,17,16,0,0,0,13,0,3,0,0,0,0,0,1,4
1991,CLE,AL,nagych01,Charles Nagy,33,0,0,33,33,0,0,0,0,0,0,0,0,0,0,0,
1991,CLE,AL,olinst01,Steve Olin,48,0,0,48,48,0,0,0,0,0,0,0,0,0,0,0,
1991,CLE,AL,ottoda01,Dave Otto,18,0,0,18,18,0,0,0,0,0,0,0,0,0,0,0,
1991,MON,NL,owensp01,Spike Owen,139,119,139,133,0,0,0,0,0,133,0,0,0,0,0,9,3
1991,CHA,AL,palldo01,Donn Pall,51,0,0,51,51,0,0,0,0,0,0,0,0,0,0,0,
1991,NYN,NL,penaal01,Alejandro Pe単a,44,0,44,44,44,0,0,0,0,0,0,0,0,0,0,0,0
1991,ATL,NL,penaal01,Alejandro Pe単a,15,0,15,15,15,0,0,0,0,0,0,0,0,0,0,0,0
1991,SLN,NL,penage01,Geronimo Pe単a,104,41,104,85,0,0,0,83,0,0,4,0,0,4,0,13,31
1991,BOS,AL,penato01,Tony Pe単a,141,132,141,140,0,140,0,0,0,0,0,0,0,0,0,1,0
1991,KCA,AL,puhlte01,Terry Puhl,15,2,15,1,0,0,0,0,0,0,1,0,0,1,2,13,0
1991,CIN,NL,reedje02,Jeff Reed,91,77,91,89,0,89,0,0,0,0,0,0,0,0,0,4,0
1991,BOS,AL,reedjo01,Jody Reed,153,151,153,153,0,0,0,152,0,6,0,0,0,0,0,0,1
1991,PIT,NL,reedri01,Rick Reed,1,1,1,1,1,0,0,0,0,0,0,0,0,0,0,0,0
1991,SEA,AL,ricepa01,Pat Rice,7,0,0,7,7,0,0,0,0,0,0,0,0,0,0,0,
1991,CIN,NL,rijojo01,Jose Rijo,31,30,31,30,30,0,0,0,0,0,0,0,0,0,0,1,0
1991,DET,AL,ritzke01,Kevin Ritz,11,0,0,11,11,0,0,0,0,0,0,0,0,0,0,0,
1991,CAL,AL,rosebo01,Bobby Rose,22,17,22,20,0,0,3,8,4,0,6,0,1,7,0,3,1
1991,TEX,AL,ryanno01,Nolan Ryan,27,0,0,27,27,0,0,0,0,0,0,0,0,0,0,0,
1991,CIN,NL,saboch01,Chris Sabo,153,149,153,151,0,0,0,0,151,0,0,0,0,0,0,2,0
1991,PHI,NL,schuri01,Rick Schu,17,3,17,4,0,0,1,0,3,0,0,0,0,0,0,13,0
1991,CLE,AL,shawje01,Jeff Shaw,29,0,0,29,29,0,0,0,0,0,0,0,0,0,0,0,
1991,OAK,AL,shower01,Eric Show,23,0,1,23,23,0,0,0,0,0,0,0,0,0,0,0,0
1991,ATL,NL,siskdo01,Doug Sisk,14,0,14,14,14,0,0,0,0,0,0,0,0,0,0,0,0
1991,CAL,AL,sojolu01,Luis Sojo,113,106,113,111,0,0,0,107,1,2,1,0,0,1,0,1,1
1991,CHA,AL,sosasa01,Sammy Sosa,116,76,116,111,0,0,0,0,0,0,1,14,102,111,0,10,10
1991,SEA,AL,swanru01,Russ Swan,63,0,0,63,63,0,0,0,0,0,0,0,0,0,0,0,
1991,PHI,NL,thondi01,Dickie Thon,146,143,146,146,0,0,0,0,0,146,0,0,0,0,0,1,0
1991,PIT,NL,walkbo01,Bob Walk,25,20,25,25,25,0,0,0,0,0,0,0,0,0,0,0,0
1991,TOR,AL,warddu01,Duane Ward,81,0,0,81,81,0,0,0,0,0,0,0,0,0,0,0,
1991,SDN,NL,wardke01,Kevin Ward,44,24,44,33,0,0,0,0,0,0,31,0,2,33,0,13,1
1991,CLE,AL,wardtu01,Turner Ward,40,29,40,38,0,0,0,0,0,0,0,2,36,38,0,1,2
1991,TOR,AL,wardtu01,Turner Ward,8,1,8,6,0,0,0,0,0,0,1,0,5,6,0,2,0
1991,MIN,AL,westda01,David West,15,0,0,15,15,0,0,0,0,0,0,0,0,0,0,0,
1991,TEX,AL,wittbo01,Bobby Witt,17,0,0,17,17,0,0,0,0,0,0,0,0,0,0,0,
1991,NYA,AL,wittmi01,Mike Witt,2,0,0,2,2,0,0,0,0,0,0,0,0,0,0,0,
1991,SFN,NL,woodte01,Ted Wood,10,7,10,8,0,0,0,0,0,0,0,0,8,8,0,3,0
1991,CLE,AL,yorkmi01,Mike York,14,0,0,14,14,0,0,0,0,0,0,0,0,0,0,0,
1991,CAL,AL,abbotji01,Jim Abbott,34,0,0,34,34,0,0,0,0,0,0,0,0,0,0,0,
1991,CAL,AL,abbotky01,Kyle Abbott,5,0,0,5,5,0,0,0,0,0,0,0,0,0,0,0,
1991,MIN,AL,abbotpa01,Paul Abbott,15,0,1,15,15,0,0,0,0,0,0,0,0,0,0,0,0
1991,CAL,AL,abnersh01,Shawn Abner,41,27,41,38,0,0,0,0,0,0,0,31,7,38,0,2,7
1991,SDN,NL,abnersh01,Shawn Abner,53,27,53,39,0,0,0,0,0,0,0,36,3,39,0,13,4
1991,TOR,AL,ackerji01,Jim Acker,54,0,0,54,54,0,0,0,0,0,0,0,0,0,0,0,
1991,OAK,AL,afenitr01,Troy Afenir,5,3,5,4,0,4,0,0,0,0,0,0,0,0,0,1,0
1991,SLN,NL,agostju01,Juan Agosto,72,0,72,72,72,0,0,0,0,0,0,0,0,0,0,0,0
1991,MIN,AL,aguilri01,Rick Aguilera,63,0,1,63,63,0,0,0,0,0,0,0,0,0,0,0,0
1991,PHI,NL,akerfda01,Darrel Akerfelds,30,0,30,30,30,0,0,0,0,0,0,0,0,0,0,0,0
1991,SDN,NL,aldremi01,Mike Aldrete,12,2,12,5,0,0,0,0,0,0,5,0,0,5,0,7,0
1991,CLE,AL,aldremi01,Mike Aldrete,85,53,85,61,0,0,47,0,0,0,16,0,0,16,6,19,2
1991,DET,AL,aldresc01,Scott Aldred,11,0,0,11,11,0,0,0,0,0,0,0,0,0,0,0,
1991,TEX,AL,alexage01,Gerald Alexander,30,0,0,30,30,0,0,0,0,0,0,0,0,0,0,0,
1991,SLN,NL,alicelu01,Luis Alicea,56,6,56,13,0,0,0,11,2,1,0,0,0,0,0,46,1
1991,DET,AL,allanan01,Andy Allanson,60,44,60,58,0,56,2,0,0,0,0,0,0,0,0,3,1
1991,OAK,AL,allisda01,Dana Allison,11,0,1,11,11,0,0,0,0,0,0,0,0,0,0,0,0
1991,CLE,AL,allrebe01,Beau Allred,48,38,48,42,0,0,0,0,0,0,20,0,27,42,0,8,0
1991,TOR,AL,alomaro01,Roberto Alomar,161,159,161,160,0,0,0,160,0,0,0,0,0,0,0,1,1
1991,CLE,AL,alomasa02,Sandy Alomar,51,49,51,46,0,46,0,0,0,0,0,0,0,0,4,1,1
1991,CHA,AL,alvarwi01,Wilson Alvarez,10,0,0,10,10,0,0,0,0,0,0,0,0,0,0,0,
1991,SEA,AL,amarari01,Rich Amaral,14,3,14,10,0,0,1,5,2,2,0,0,0,0,0,2,6
1991,CAL,AL,amaroru02,Ruben Amaro,10,5,10,8,0,0,0,4,0,0,3,0,2,5,0,2,1
1991,MIN,AL,anderal02,Allan Anderson,29,0,1,29,29,0,0,0,0,0,0,0,0,0,0,0,0
1991,BAL,AL,anderbr01,Brady Anderson,113,60,113,101,0,0,0,0,0,0,75,26,9,101,0,16,18
1991,SFN,NL,anderda02,Dave Anderson,100,46,100,87,0,0,16,6,11,63,0,0,0,0,0,32,4
1991,SDN,NL,anderla02,Larry Andersen,38,0,38,38,38,0,0,0,0,0,0,0,0,0,0,0,0
1991,HOU,NL,anthoer01,Eric Anthony,39,36,39,37,0,0,0,0,0,0,0,0,37,37,0,3,0
1991,KCA,AL,appieke01,Kevin Appier,34,0,0,34,34,0,0,0,0,0,0,0,0,0,0,0,
1991,KCA,AL,aquinlu01,Luis Aquino,38,0,0,38,38,0,0,0,0,0,0,0,0,0,0,0,
1991,CIN,NL,armstja01,Jack Armstrong,27,24,27,27,27,0,0,0,0,0,0,0,0,0,0,0,0
1991,TEX,AL,arnsbbr01,Brad Arnsberg,9,0,0,9,9,0,0,0,0,0,0,0,0,0,0,0,
1991,PHI,NL,ashbyan01,Andy Ashby,8,8,8,8,8,0,0,0,0,0,0,0,0,0,0,0,0
1991,CHN,NL,assenpa01,Paul Assenmacher,75,0,75,75,75,0,0,0,0,0,0,0,0,0,0,0,0
1991,ML4,AL,augusdo01,Don August,28,0,0,28,28,0,0,0,0,0,0,0,0,0,0,0,
1991,ML4,AL,austiji02,Jim Austin,5,0,0,5,5,0,0,0,0,0,0,0,0,0,0,0,
1991,ATL,NL,averyst01,Steve Avery,37,35,37,35,35,0,0,0,0,0,0,0,0,0,0,1,1
1991,SDN,NL,azocaos01,Oscar Azocar,38,9,38,14,0,0,1,0,0,0,12,0,1,13,0,28,1
1991,PHI,NL,backmwa01,Wally Backman,94,40,94,55,0,0,0,36,20,0,0,0,0,0,0,49,1
1991,CLE,AL,baergca01,Carlos Baerga,158,151,158,157,0,0,0,75,89,2,0,0,0,0,0,5,1
1991,HOU,NL,bagweje01,Jeff Bagwell,156,151,156,155,0,0,155,0,0,0,0,0,0,0,0,4,0
1991,CAL,AL,bailesc01,Scott Bailes,42,0,0,42,42,0,0,0,0,0,0,0,0,0,0,0,
1991,OAK,AL,baineha01,Harold Baines,141,130,141,12,0,0,0,0,0,0,1,0,11,12,122,11,0
1991,BAL,AL,ballaje01,Jeff Ballard,26,0,0,26,26,0,0,0,0,0,0,0,0,0,0,0,
1991,PIT,NL,banisje01,Jeff Banister,1,0,1,0,0,0,0,0,0,0,0,0,0,0,0,1,0
1991,SEA,AL,bankhsc01,Scott Bankhead,17,0,0,17,17,0,0,0,0,0,0,0,0,0,0,0,
1991,MIN,AL,bankswi01,Willie Banks,5,0,0,5,5,0,0,0,0,0,0,0,0,0,0,0,
1991,CAL,AL,bannifl01,Floyd Bannister,16,0,0,16,16,0,0,0,0,0,0,0,0,0,0,0,
1991,MON,NL,barbebr01,Bret Barberie,57,34,57,38,0,0,1,10,10,19,0,0,0,0,0,22,0
1991,NYA,AL,barfije01,Jesse Barfield,84,76,84,81,0,0,0,0,0,0,0,0,81,81,0,8,0
1991,TEX,AL,barfijo01,John Barfield,28,0,0,28,28,0,0,0,0,0,0,0,0,0,0,0,
1991,MON,NL,barnebr01,Brian Barnes,28,27,28,28,28,0,0,0,0,0,0,0,0,0,0,0,0
1991,DET,AL,barnesk01,Skeeter Barnes,75,36,75,63,0,0,9,7,17,0,13,5,17,33,1,15,15
1991,SDN,NL,barrema02,Marty Barrett,12,4,12,4,0,0,0,2,2,0,0,0,0,0,0,8,0
1991,PHI,NL,batiski01,Kim Batiste,10,7,10,7,0,0,0,0,0,7,0,0,0,0,0,2,1
1991,BAL,AL,bautijo01,Jose Bautista,5,0,0,5,5,0,0,0,0,0,0,0,0,0,0,0,
1991,CAL,AL,beaslch01,Chris Beasley,22,0,0,22,22,0,0,0,0,0,0,0,0,0,0,0,
1991,NYN,NL,beattbl01,Blaine Beatty,5,0,5,5,5,0,0,0,0,0,0,0,0,0,0,0,0
1991,MIN,AL,bedrost01,Steve Bedrosian,56,0,0,56,56,0,0,0,0,0,0,0,0,0,0,0,
1991,LAN,NL,belchti01,Tim Belcher,33,33,33,33,33,0,0,0,0,0,0,0,0,0,0,0,0
1991,PIT,NL,belinst01,Stan Belinda,60,0,60,60,60,0,0,0,0,0,0,0,0,0,0,0,0
1991,CLE,AL,belleal01,Albert Belle,123,119,123,89,0,0,0,0,0,0,88,0,2,89,31,4,0
1991,ATL,NL,bellira01,Rafael Belliard,149,110,149,145,0,0,0,0,0,145,0,0,0,0,0,4,1
1991,CHA,AL,beltres01,Esteban Beltre,8,1,8,8,0,0,0,0,0,8,0,0,0,0,0,0,1
1991,CIN,NL,benavfr01,Freddie Benavides,24,18,24,23,0,0,0,3,0,20,0,0,0,0,0,2,1
1991,SDN,NL,benesan01,Andy Benes,33,33,33,33,33,0,0,0,0,0,0,0,0,0,0,0,0
1991,SFN,NL,benjami01,Mike Benjamin,54,34,54,52,0,0,0,0,1,51,0,0,0,0,0,3,7
1991,CIN,NL,benzito01,Todd Benzinger,51,27,51,34,0,0,21,0,0,0,15,0,0,15,0,20,0
1991,KCA,AL,benzito01,Todd Benzinger,78,71,78,75,0,0,75,0,0,0,0,0,0,0,1,4,0
1991,ATL,NL,berenju01,Juan Berenguer,49,0,49,49,49,0,0,0,0,0,0,0,0,0,0,0,0
1991,DET,AL,bergmda01,Dave Bergman,86,51,86,53,0,0,49,0,0,0,4,0,0,4,9,29,0
1991,DET,AL,bernato01,Tony Bernazard,6,1,6,2,0,0,0,2,0,0,0,0,0,0,1,3,0
1991,CHN,NL,berryda01,Damon Berryhill,62,37,62,48,0,48,0,0,0,0,0,0,0,0,0,17,0
1991,ATL,NL,berryda01,Damon Berryhill,1,0,1,1,0,1,0,0,0,0,0,0,0,0,0,0,0
1991,KCA,AL,berryse01,Sean Berry,31,19,31,30,0,0,0,0,30,0,0,0,0,0,0,1,4
1991,ML4,AL,bicheda01,Dante Bichette,134,109,134,128,0,0,0,0,1,0,0,7,121,127,0,14,2
1991,CHN,NL,bielemi01,Mike Bielecki,39,25,39,39,39,0,0,0,0,0,0,0,0,0,0,0,0
1991,ATL,NL,bielemi01,Mike Bielecki,2,0,2,2,2,0,0,0,0,0,0,0,0,0,0,0,0
1991,HOU,NL,biggicr01,Craig Biggio,149,134,149,142,0,139,0,3,0,0,1,1,0,2,0,11,1
1991,SDN,NL,bilarda01,Dann Bilardello,15,6,15,13,0,13,0,0,0,0,0,0,0,0,0,2,0
1991,TEX,AL,bitkejo01,Joe Bitker,9,0,0,9,9,0,0,0,0,0,0,0,0,0,0,0,
1991,SFN,NL,blackbu02,Buddy Black,35,34,35,34,34,0,0,0,0,0,0,0,0,0,0,1,0
1991,CLE,AL,blairwi01,Willie Blair,11,0,0,11,11,0,0,0,0,0,0,0,0,0,0,0,
1991,OAK,AL,blankla02,Lance Blankenship,90,47,90,80,0,0,0,45,14,0,18,0,11,28,1,11,13
1991,ATL,NL,blausje01,Jeff Blauser,129,90,129,122,0,0,0,33,18,85,0,0,0,0,0,29,2
1991,NYA,AL,blowemi01,Mike Blowers,15,10,15,14,0,0,0,0,14,0,0,0,0,0,0,2,0
1991,KCA,AL,boddimi01,Mike Boddicker,30,0,0,30,30,0,0,0,0,0,0,0,0,0,0,0,
1991,PHI,NL,boevejo01,Joe Boever,68,0,68,68,68,0,0,0,0,0,0,0,0,0,0,0,0
1991,BOS,AL,boggswa01,Wade Boggs,144,140,144,141,0,0,0,0,141,0,0,0,0,0,0,4,0
1991,TEX,AL,bohanbr01,Brian Bohanon,11,0,1,11,11,0,0,0,0,0,0,0,0,0,0,0,0
1991,BOS,AL,boltoto01,Tom Bolton,25,0,0,25,25,0,0,0,0,0,0,0,0,0,0,0,
1991,PIT,NL,bondsba01,Barry Bonds,153,147,153,150,0,0,0,0,0,0,150,4,0,150,0,5,0
1991,SDN,NL,bonesri01,Ricky Bones,11,11,11,11,11,0,0,0,0,0,0,0,0,0,0,0,0
1991,PIT,NL,bonilbo01,Bobby Bonilla,157,155,157,155,0,0,4,0,67,0,0,0,104,104,0,2,0
1991,PHI,NL,bookero01,Rod Booker,28,12,28,23,0,0,0,0,3,20,0,0,0,0,0,5,4
1991,TOR,AL,bordepa01,Pat Borders,105,71,105,102,0,102,0,0,0,0,0,0,0,0,0,21,0
1991,OAK,AL,bordimi01,Mike Bordick,90,83,90,90,0,0,0,5,1,84,0,0,0,0,0,2,0
1991,ML4,AL,bosioch01,Chris Bosio,32,0,0,32,32,0,0,0,0,0,0,0,0,0,0,0,
1991,CHN,NL,boskish01,Shawn Boskie,30,20,30,28,28,0,0,0,0,0,0,0,0,0,0,1,1
1991,NYN,NL,bostoda01,Daryl Boston,137,57,137,115,0,0,0,0,0,0,9,74,37,115,0,30,10
1991,CLE,AL,bouchde01,Denis Boucher,5,0,0,5,5,0,0,0,0,0,0,0,0,0,0,0,
1991,TOR,AL,bouchde01,Denis Boucher,7,0,0,7,7,0,0,0,0,0,0,0,0,0,0,0,
1991,HOU,NL,bowenry01,Ryan Bowen,17,13,17,14,14,0,0,0,0,0,0,0,0,0,0,0,3
1991,SEA,AL,bradlsc01,Scott Bradley,83,49,83,67,0,65,1,0,4,0,0,0,0,0,0,27,1
1991,CIN,NL,bragggl01,Glenn Braggs,85,61,85,74,0,0,0,0,0,0,55,0,26,74,0,16,0
1991,PHI,NL,brantcl01,Cliff Brantley,6,5,6,6,6,0,0,0,0,0,0,0,0,0,0,0,0
1991,SFN,NL,brantje01,Jeff Brantley,67,0,67,67,67,0,0,0,0,0,0,0,0,0,0,0,0
1991,ATL,NL,breamsi01,Sid Bream,91,72,91,85,0,0,85,0,0,0,0,0,0,0,0,11,0
1991,KCA,AL,brettge01,George Brett,131,128,131,10,0,0,10,0,0,0,0,0,0,0,118,3,0
1991,SLN,NL,brewero01,Rod Brewer,19,1,19,18,0,0,15,0,0,0,0,0,3,3,0,1,1
1991,SEA,AL,brilegr01,Greg Briley,139,91,139,126,0,0,0,1,1,0,95,4,46,125,0,26,7
1991,OAK,AL,briscjo01,John Briscoe,11,0,0,11,11,0,0,0,0,0,0,0,0,0,0,0,
1991,ML4,AL,brockgr01,Greg Brock,31,16,31,25,0,0,25,0,0,0,0,0,0,0,0,6,2
1991,NYN,NL,brookhu01,Hubie Brooks,103,97,103,100,0,0,0,0,0,0,0,0,100,100,0,5,0
1991,OAK,AL,brosisc01,Scott Brosius,36,18,36,34,0,0,0,18,7,0,5,0,10,13,1,4,3
1991,NYN,NL,brosste01,Terry Bross,8,0,8,8,8,0,0,0,0,0,0,0,0,0,0,0,0
1991,MIN,AL,brownja03,Jarvis Brown,38,4,38,32,0,0,0,0,0,0,3,11,19,32,0,2,20
1991,CLE,AL,brownje01,Jerry Browne,107,68,107,78,0,0,0,47,15,0,17,0,0,17,4,37,1
1991,TEX,AL,brownke01,Kevin Brown,33,0,0,33,33,0,0,0,0,0,0,0,0,0,0,0,
1991,CIN,NL,brownke02,Keith Brown,11,0,11,11,11,0,0,0,0,0,0,0,0,0,0,0,0
1991,ML4,AL,brownke03,Kevin Brown,15,0,0,15,15,0,0,0,0,0,0,0,0,0,0,0,
1991,CIN,NL,brownto05,Tom Browning,36,36,36,36,36,0,0,0,0,0,0,0,0,0,0,0,0
1991,BOS,AL,brumlmi02,Mike Brumley,63,31,63,58,0,0,0,7,17,31,0,4,0,4,0,5,9
1991,BOS,AL,brunato01,Tom Brunansky,142,122,142,137,0,0,0,0,0,0,0,1,136,137,0,7,1
1991,TEX,AL,buechst01,Steve Buechele,121,113,121,121,0,0,0,13,111,4,0,0,0,0,0,5,1
1991,PIT,NL,buechst01,Steve Buechele,31,31,31,31,0,0,0,0,31,0,0,0,0,0,0,0,0
1991,SEA,AL,buhneja01,Jay Buhner,137,110,137,131,0,0,0,0,0,0,0,3,131,131,0,12,4
1991,PIT,NL,bullesc01,Scott Bullett,11,1,11,3,0,0,0,0,0,0,1,1,1,3,0,1,8
1991,MON,NL,bulloer01,Eric Bullock,73,6,73,12,0,0,3,0,0,0,6,0,3,9,0,57,5
1991,SEA,AL,burbada01,Dave Burba,22,0,0,22,22,0,0,0,0,0,0,0,0,0,0,0,
1991,SFN,NL,burkejo03,John Burkett,36,34,36,36,36,0,0,0,0,0,0,0,0,0,0,0,0
1991,NYN,NL,burketi01,Tim Burke,35,0,35,35,35,0,0,0,0,0,0,0,0,0,0,0,0
1991,MON,NL,burketi01,Tim Burke,37,0,37,37,37,0,0,0,0,0,0,0,0,0,0,0,0
1991,BOS,AL,burksel01,Ellis Burks,130,124,130,126,0,0,0,0,0,0,0,126,0,126,1,2,1
1991,OAK,AL,burnsto02,Todd Burns,9,0,0,9,9,0,0,0,0,0,0,0,0,0,0,0,
1991,LAN,NL,butlebr01,Brett Butler,161,160,161,161,0,0,0,0,0,0,0,161,0,161,0,1,0
1991,ATL,NL,cabrefr01,Francisco Cabrera,44,20,44,31,0,17,14,0,0,0,0,0,0,0,0,18,0
1991,NYA,AL,cadargr01,Greg Cadaret,68,0,0,68,68,0,0,0,0,0,0,0,0,0,0,0,
1991,MON,NL,caldeiv01,Ivan Calderon,134,122,134,125,0,0,4,0,0,0,122,0,0,122,0,11,0
1991,HOU,NL,caminke01,Ken Caminiti,152,150,152,152,0,0,0,0,152,0,0,0,0,0,0,2,0
1991,OAK,AL,campbke01,Kevin Campbell,14,0,0,14,14,0,0,0,0,0,0,0,0,0,0,0,
1991,PHI,NL,campusi01,Sil Campusano,15,8,15,15,0,0,0,0,0,0,0,15,0,15,0,3,1
1991,ML4,AL,canalge01,George Canale,21,12,21,19,0,0,19,0,0,0,0,0,0,0,0,1,4
1991,HOU,NL,candaca01,Casey Candaele,151,118,151,139,0,0,0,109,11,0,18,5,4,26,0,21,0
1991,LAN,NL,candejo01,John Candelaria,59,0,59,59,59,0,0,0,0,0,0,0,0,0,0,0,0
1991,CLE,AL,candito01,Tom Candiotti,15,0,0,15,15,0,0,0,0,0,0,0,0,0,0,0,
1991,TOR,AL,candito01,Tom Candiotti,19,0,0,19,19,0,0,0,0,0,0,0,0,0,0,0,
1991,OAK,AL,cansejo01,Jose Canseco,154,148,154,131,0,0,0,0,0,0,0,0,131,131,23,6,0
1991,HOU,NL,capelmi01,Mike Capel,25,0,25,25,25,0,0,0,0,0,0,0,0,0,0,0,0
1991,TEX,AL,caprani01,Nick Capra,2,0,2,2,0,0,0,0,0,0,1,1,0,2,0,0,1
1991,CIN,NL,carmado01,Don Carman,28,0,28,28,28,0,0,0,0,0,0,0,0,0,0,0,0
1991,SLN,NL,carpecr01,Cris Carpenter,59,0,59,59,59,0,0,0,0,0,0,0,0,0,0,0,0
1991,PHI,NL,carream01,Amalio Carreno,3,0,3,3,3,0,0,0,0,0,0,0,0,0,0,0,0
1991,NYN,NL,carrema01,Mark Carreon,106,53,106,77,0,0,0,0,0,0,43,22,22,77,0,40,1
1991,ML4,AL,carrima01,Matias Carrillo,3,0,3,3,0,0,0,0,0,0,3,0,0,3,0,0,0
1991,LAN,NL,cartega01,Gary Carter,101,59,101,78,0,68,10,0,0,0,0,0,0,0,0,31,0
1991,CHA,AL,carteje01,Jeff Carter,5,0,0,5,5,0,0,0,0,0,0,0,0,0,0,0,
1991,TOR,AL,cartejo01,Joe Carter,162,162,162,152,0,0,0,0,0,0,56,0,101,152,10,0,0
1991,MIN,AL,casiala01,Larry Casian,15,0,0,15,15,0,0,0,0,0,0,0,0,0,0,0,
1991,PHI,NL,castibr01,Braulio Castillo,28,15,28,26,0,0,0,0,0,0,0,24,2,26,0,1,5
1991,MIN,AL,castica01,Carmelo Castillo,9,2,9,4,0,0,0,0,0,0,1,0,3,4,1,7,0
1991,CHN,NL,castifr01,Frank Castillo,18,18,18,18,18,0,0,0,0,0,0,0,0,0,0,0,0
1991,NYN,NL,castito02,Tony Castillo,10,3,10,10,10,0,0,0,0,0,0,0,0,0,0,0,0
1991,ATL,NL,castito02,Tony Castillo,7,0,7,7,7,0,0,0,0,0,0,0,0,0,0,0,0
1991,ATL,NL,castivi02,Vinny Castilla,12,1,12,12,0,0,0,0,0,12,0,0,0,0,0,0,0
1991,HOU,NL,cedenan01,Andujar Cedeno,67,66,67,66,0,0,0,0,0,66,0,0,0,0,0,1,0
1991,NYN,NL,ceronri01,Rick Cerone,90,63,90,81,0,81,0,0,0,0,0,0,0,0,0,17,0
1991,DET,AL,cerutjo01,John Cerutti,38,0,0,38,38,0,0,0,0,0,0,0,0,0,0,0,
1991,PHI,NL,chambwe01,Wes Chamberlain,101,96,101,98,0,0,0,0,0,0,95,0,3,98,0,3,1
1991,NYA,AL,chapida01,Darrin Chapin,3,0,0,3,3,0,0,0,0,0,0,0,0,0,0,0,
1991,CIN,NL,charlno01,Norm Charlton,41,11,41,39,39,0,0,0,0,0,0,0,0,0,0,0,2
1991,TEX,AL,chiamsc01,Scott Chiamparino,5,0,0,5,5,0,0,0,0,0,0,0,0,0,0,0,
1991,OAK,AL,chitrst01,Steve Chitren,56,0,0,56,56,0,0,0,0,0,0,0,0,0,0,0,
1991,LAN,NL,chrismi02,Mike Christopher,3,0,3,3,3,0,0,0,0,0,0,0,0,0,0,0,0
1991,HOU,NL,clancji01,Jim Clancy,30,0,30,30,30,0,0,0,0,0,0,0,0,0,0,0,0
1991,ATL,NL,clancji01,Jim Clancy,24,0,24,24,24,0,0,0,0,0,0,0,0,0,0,0,0
1991,KCA,AL,clarkda05,Dave Clark,11,0,11,1,0,0,0,0,0,0,0,0,1,1,0,11,0
1991,BOS,AL,clarkja01,Jack Clark,140,134,140,0,0,0,0,0,0,0,0,0,0,0,134,6,0
1991,SDN,NL,clarkje01,Jerald Clark,118,104,118,108,0,0,16,0,0,0,85,0,13,96,0,10,0
1991,SLN,NL,clarkma01,Mark Clark,7,2,7,7,7,0,0,0,0,0,0,0,0,0,0,0,0
1991,SFN,NL,clarkwi02,Will Clark,148,143,148,144,0,0,144,0,0,0,0,0,0,0,0,5,0
1991,SFN,NL,claytro01,Royce Clayton,9,8,9,8,0,0,0,0,0,8,0,0,0,0,0,0,1
1991,SDN,NL,clemepa01,Pat Clements,12,0,12,12,12,0,0,0,0,0,0,0,0,0,0,0,0
1991,BOS,AL,clemero02,Roger Clemens,35,0,0,35,35,0,0,0,0,0,0,0,0,0,0,0,
1991,SEA,AL,cochrda01,Dave Cochrane,65,40,65,58,0,19,4,0,13,0,23,0,3,26,1,17,1
1991,NYN,NL,colemvi01,Vince Coleman,72,70,72,70,0,0,0,0,0,0,0,70,0,70,0,2,0
1991,SFN,NL,colesda01,Darnell Coles,11,1,11,4,0,0,1,0,0,0,0,0,3,3,0,7,1
1991,PHI,NL,combspa01,Pat Combs,14,13,14,14,14,0,0,0,0,0,0,0,0,0,0,0,0
1991,SEA,AL,comstke01,Keith Comstock,1,0,0,1,1,0,0,0,0,0,0,0,0,0,0,0,
1991,SDN,NL,coolbsc01,Scott Coolbaugh,60,51,60,54,0,0,0,0,54,0,0,0,0,0,0,6,0
1991,HOU,NL,coopega02,Gary Cooper,9,3,9,4,0,0,0,0,4,0,0,0,0,0,0,5,0
1991,BOS,AL,coopesc01,Scott Cooper,14,8,14,13,0,0,0,0,13,0,0,0,0,0,0,2,0
1991,KCA,AL,corbiar01,Archie Corbin,2,0,0,2,2,0,0,0,0,0,0,0,0,0,0,0,
1991,SLN,NL,cormirh01,Rheal Cormier,11,10,11,11,11,0,0,0,0,0,0,0,0,0,0,0,0
1991,HOU,NL,corsiji01,Jim Corsi,47,0,47,47,47,0,0,0,0,0,0,0,0,0,0,0,0
1991,SDN,NL,costejo01,John Costello,27,0,27,27,27,0,0,0,0,0,0,0,0,0,0,0,0
1991,SEA,AL,cottohe01,Henry Cotto,66,39,66,57,0,0,0,0,0,0,38,19,8,57,1,16,6
1991,KCA,AL,crawfst01,Steve Crawford,33,0,0,33,33,0,0,0,0,0,0,0,0,0,0,0,
1991,LAN,NL,crewsti01,Tim Crews,60,0,60,60,60,0,0,0,0,0,0,0,0,0,0,0,0
1991,KCA,AL,cromawa01,Warren Cromartie,69,27,69,35,0,0,29,0,0,0,5,0,1,6,0,41,0
1991,DET,AL,cuylemi01,Milt Cuyler,154,136,154,151,0,0,0,0,0,0,0,151,0,151,0,1,4
1991,DET,AL,daltomi01,Mike Dalton,4,0,1,4,4,0,0,0,0,0,0,0,0,0,0,0,0
1991,LAN,NL,danieka01,Kal Daniels,137,132,137,132,0,0,0,0,0,0,132,0,0,132,0,5,0
1991,OAK,AL,darliro01,Ron Darling,12,0,0,12,12,0,0,0,0,0,0,0,0,0,0,0,
1991,MON,NL,darliro01,Ron Darling,3,3,3,3,3,0,0,0,0,0,0,0,0,0,0,0,0
1991,NYN,NL,darliro01,Ron Darling,17,17,17,17,17,0,0,0,0,0,0,0,0,0,0,0,0
1991,BOS,AL,darwida01,Danny Darwin,12,0,0,12,12,0,0,0,0,0,0,0,0,0,0,0,
1991,CHN,NL,dascedo01,Doug Dascenzo,118,47,118,86,3,0,0,0,0,0,32,59,15,86,0,31,17
1991,TEX,AL,daughja01,Jack Daugherty,58,30,58,47,0,0,11,0,0,0,34,0,3,37,0,20,2
1991,PHI,NL,daultda01,Darren Daulton,89,80,89,88,0,88,0,0,0,0,0,0,0,0,0,6,0
1991,HOU,NL,davidma01,Mark Davidson,85,27,85,63,0,0,0,0,0,0,32,4,32,63,0,35,0
1991,SEA,AL,davisal01,Alvin Davis,145,127,145,14,0,0,14,0,0,0,0,0,0,0,114,17,0
1991,LAN,NL,davisbu02,Butch Davis,1,0,1,0,0,0,0,0,0,0,0,0,0,0,0,1,0
1991,MIN,AL,davisch01,Chili Davis,153,149,153,2,0,0,0,0,0,0,2,0,0,2,149,4,0
1991,CIN,NL,daviser01,Eric Davis,89,79,89,82,0,0,0,0,0,0,6,77,0,82,0,9,1
1991,BAL,AL,davisgl01,Glenn Davis,49,46,49,36,0,0,36,0,0,0,0,0,0,0,10,3,0
1991,KCA,AL,davisma01,Mark Davis,29,0,0,29,29,0,0,0,0,0,0,0,0,0,0,0,
1991,CAL,AL,davisma02,Mark Davis,3,0,3,3,0,0,0,0,0,0,0,0,3,3,0,0,0
1991,KCA,AL,davisst02,Storm Davis,51,0,0,51,51,0,0,0,0,0,0,0,0,0,0,0,
1991,CHN,NL,dawsoan01,Andre Dawson,149,137,149,138,0,0,0,0,0,0,0,0,138,138,0,12,0
1991,TOR,AL,dayleke01,Ken Dayley,8,0,0,8,8,0,0,0,0,0,0,0,0,0,0,0,
1991,SFN,NL,deckest01,Steve Decker,79,65,79,78,0,78,0,0,0,0,0,0,0,0,0,4,0
1991,PHI,NL,dejesjo01,Jose de Jesus,31,29,31,31,31,0,0,0,0,0,0,0,0,0,0,0,0
1991,BAL,AL,delarfr01,Francisco de la Rosa,2,0,0,2,2,0,0,0,0,0,0,0,0,0,0,0,
1991,SLN,NL,deleojo01,Jose DeLeon,28,28,28,28,28,0,0,0,0,0,0,0,0,0,0,0,0
1991,DET,AL,deloslu01,Luis de los Santos,16,8,16,7,0,0,2,0,2,0,3,0,0,3,6,5,0
1991,SEA,AL,delucri01,Rich DeLucia,32,0,0,32,32,0,0,0,0,0,0,0,0,0,0,0,
1991,ML4,AL,dempsri01,Rick Dempsey,61,44,60,57,2,56,1,0,0,0,0,0,0,0,0,5,0
1991,HOU,NL,deshaji01,Jim Deshaies,28,28,28,28,28,0,0,0,0,0,0,0,0,0,0,0,0
1991,MON,NL,deshide01,Delino DeShields,151,145,151,148,0,0,0,148,0,0,0,0,0,0,0,6,0
1991,BAL,AL,devermi01,Mike Devereaux,149,138,149,149,0,0,0,0,0,0,0,148,1,149,0,8,1
1991,CIN,NL,dibblro01,Rob Dibble,67,0,67,67,67,0,0,0,0,0,0,0,0,0,0,0,0
1991,CAL,AL,disarga01,Gary Disarcina,18,18,18,18,0,0,0,7,2,10,0,0,0,0,0,0,0
1991,NYN,NL,donnech01,Chris Donnels,37,22,37,24,0,0,15,0,11,0,0,0,0,0,0,15,0
1991,BOS,AL,dopsojo01,John Dopson,1,0,0,1,1,0,0,0,0,0,0,0,0,0,0,0,
1991,CIN,NL,doranbi02,Bill Doran,111,85,111,95,0,0,4,88,0,0,6,0,0,6,0,20,0
1991,SDN,NL,dorsebr01,Brian Dorsett,11,0,11,2,0,0,2,0,0,0,0,0,0,0,0,10,0
1991,TEX,AL,downibr01,Brian Downing,123,98,123,0,0,0,0,0,0,0,0,0,0,0,98,25,0
1991,SFN,NL,downske01,Kelly Downs,45,11,45,45,45,0,0,0,0,0,0,0,0,0,0,0,0
1991,PIT,NL,drabedo01,Doug Drabek,36,35,36,35,35,0,0,0,0,0,0,0,0,0,0,0,1
1991,CHA,AL,drahmbr01,Brian Drahman,28,0,0,28,28,0,0,0,0,0,0,0,0,0,0,0,
1991,CHA,AL,dreesto01,Tom Drees,4,0,0,4,4,0,0,0,0,0,0,0,0,0,0,0,
1991,OAK,AL,dresski01,Kirk Dressendorfer,7,0,0,7,7,0,0,0,0,0,0,0,0,0,0,0,
1991,TOR,AL,duceyro01,Rob Ducey,39,14,39,24,0,0,0,0,0,0,19,1,5,24,1,14,4
1991,CIN,NL,duncama01,Mariano Duncan,100,85,100,93,0,0,0,63,0,32,6,2,0,7,0,8,2
1991,CHN,NL,dunstsh01,Shawon Dunston,142,131,142,142,0,0,0,0,0,142,0,0,0,0,0,2,1
1991,PHI,NL,dykstle01,Lenny Dykstra,63,62,63,63,0,0,0,0,0,0,0,63,0,63,0,1,0
1991,OAK,AL,eckerde01,Dennis Eckersley,67,0,3,67,67,0,0,0,0,0,0,0,0,0,0,0,0
1991,MIN,AL,edensto01,Tom Edens,8,0,0,8,8,0,0,0,0,0,0,0,0,0,0,0,
1991,CHA,AL,edwarwa01,Wayne Edwards,13,0,0,13,13,0,0,0,0,0,0,0,0,0,0,0,
1991,CLE,AL,eglofbr01,Bruce Egloff,6,0,0,6,6,0,0,0,0,0,0,0,0,0,0,0,
1991,CAL,AL,eichhma01,Mark Eichhorn,70,0,0,70,70,0,0,0,0,0,0,0,0,0,0,0,
1991,NYA,AL,eilanda01,Dave Eiland,18,0,0,18,18,0,0,0,0,0,0,0,0,0,0,0,
1991,KCA,AL,eisenji01,Jim Eisenreich,135,83,135,119,0,0,15,0,0,0,59,14,42,105,1,34,0
1991,ML4,AL,eldreca01,Cal Eldred,3,0,0,3,3,0,0,0,0,0,0,0,0,0,0,0,
1991,NYN,NL,elsteke01,Kevin Elster,115,98,115,107,0,0,0,0,0,107,0,0,0,0,0,11,1
1991,MIN,AL,ericksc01,Scott Erickson,32,0,0,32,32,0,0,0,0,0,0,0,0,0,0,0,
1991,CLE,AL,escobjo01,Jose Escobar,10,4,10,10,0,0,0,4,1,5,0,0,0,0,0,0,0
1991,NYA,AL,espinal01,Alvaro Espinoza,148,138,148,148,1,0,0,0,2,147,0,0,0,0,0,1,1
1991,HOU,NL,eusebto01,Tony Eusebio,10,7,10,9,0,9,0,0,0,0,0,0,0,0,0,1,0
1991,BAL,AL,evansdw01,Dwight Evans,101,68,101,67,0,0,0,0,0,0,0,0,67,67,9,32,0
1991,TEX,AL,fajarhe01,Hector Fajardo,4,0,0,4,4,0,0,0,0,0,0,0,0,0,0,0,
1991,PIT,NL,fajarhe01,Hector Fajardo,2,2,2,2,2,0,0,0,0,0,0,0,0,0,0,0,0
1991,SDN,NL,fariepa01,Paul Faries,57,38,57,53,0,0,0,36,12,8,0,0,0,0,0,2,6
1991,TEX,AL,farismo01,Monty Fariss,19,11,19,12,0,0,0,4,0,0,8,0,0,8,1,8,0
1991,MON,NL,fasseje01,Jeff Fassero,51,0,51,51,51,0,0,0,0,0,0,0,0,0,0,0,0
1991,SFN,NL,feldemi01,Mike Felder,132,70,132,108,0,0,0,1,3,0,44,38,44,107,0,42,3
1991,CAL,AL,felixju01,Junior Felix,66,64,66,65,0,0,0,0,0,0,0,63,2,65,0,1,0
1991,CLE,AL,fermife01,Felix Fermin,129,127,129,129,0,0,0,0,0,129,0,0,0,0,0,0,0
1991,CHA,AL,fernaal01,Alex Fernandez,34,0,0,34,34,0,0,0,0,0,0,0,0,0,0,0,
1991,NYN,NL,fernasi01,Sid Fernandez,8,8,8,8,8,0,0,0,0,0,0,0,0,0,0,0,0
1991,SDN,NL,fernato01,Tony Fernandez,145,143,145,145,0,0,0,0,0,145,0,0,0,0,0,2,0
1991,CAL,AL,fettemi01,Mike Fetters,19,0,0,19,19,0,0,0,0,0,0,0,0,0,0,0,
1991,DET,AL,fieldce01,Cecil Fielder,162,162,162,122,0,0,122,0,0,0,0,0,0,0,42,0,0
1991,CAL,AL,finlech01,Chuck Finley,34,0,0,34,34,0,0,0,0,0,0,0,0,0,0,0,
1991,HOU,NL,finlest01,Steve Finley,159,145,159,153,0,0,0,0,0,0,1,124,72,153,0,9,1
1991,MON,NL,fitzgmi02,Mike Fitzgerald,71,52,71,60,0,54,3,0,0,0,0,0,3,3,0,12,0
1991,BAL,AL,flanami01,Mike Flanagan,64,0,1,64,64,0,0,0,0,0,0,0,0,0,0,0,0
1991,SEA,AL,flemida01,Dave Fleming,9,0,0,9,9,0,0,0,0,0,0,0,0,0,0,0,
1991,PHI,NL,fletcda01,Darrin Fletcher,46,36,46,45,0,45,0,0,0,0,0,0,0,0,0,1,0
1991,CHA,AL,fletcsc01,Scott Fletcher,90,68,90,88,0,0,0,86,4,0,0,0,0,0,0,6,0
1991,CAL,AL,florake01,Kevin Flora,3,3,3,3,0,0,0,3,0,0,0,0,0,0,0,0,0
1991,MON,NL,foleyto02,Tom Foley,86,41,86,75,0,0,31,2,6,43,0,0,0,0,0,15,1
1991,BOS,AL,fossato01,Tony Fossas,64,0,0,64,64,0,0,0,0,0,0,0,0,0,0,0,
1991,CIN,NL,fostest01,Steve Foster,11,0,11,11,11,0,0,0,0,0,0,0,0,0,0,0,0
1991,NYN,NL,francjo01,John Franco,52,0,52,52,52,0,0,0,0,0,0,0,0,0,0,0,0
1991,TEX,AL,francju01,Julio Franco,146,144,146,146,0,0,0,146,0,0,0,0,0,0,0,2,0
1991,TOR,AL,frasewi01,Willie Fraser,13,0,0,13,13,0,0,0,0,0,0,0,0,0,0,0,
1991,SLN,NL,frasewi01,Willie Fraser,35,0,35,35,35,0,0,0,0,0,0,0,0,0,0,0,0
1991,ATL,NL,freemma02,Marvin Freeman,34,0,34,34,34,0,0,0,0,0,0,0,0,0,0,0,0
1991,BAL,AL,frohwto01,Todd Frohwirth,51,0,0,51,51,0,0,0,0,0,0,0,0,0,0,0,
1991,DET,AL,frymatr01,Travis Fryman,149,147,149,148,0,0,0,0,86,71,0,0,0,0,0,1,0
1991,CAL,AL,gaettga01,Gary Gaetti,152,151,152,152,0,0,0,0,152,0,0,0,0,0,0,1,0
1991,MIN,AL,gagnegr01,Greg Gagne,139,127,139,137,0,0,0,0,0,137,0,0,0,0,0,2,5
1991,DET,AL,gakelda01,Dan Gakeler,31,0,0,31,31,0,0,0,0,0,0,0,0,0,0,0,
1991,MON,NL,galaran01,Andres Galarraga,107,99,107,105,0,0,105,0,0,0,0,0,0,0,0,4,0
1991,CAL,AL,gallada01,Dave Gallagher,90,73,90,87,0,0,0,0,0,0,7,61,23,87,0,11,0
1991,OAK,AL,gallemi01,Mike Gallego,159,152,159,158,0,0,0,135,0,55,0,0,0,0,0,0,1
1991,ML4,AL,gantnji01,Jim Gantner,140,136,140,140,0,0,0,59,90,0,0,0,0,0,0,4,0
1991,PIT,NL,garcica01,Carlos Garcia,12,4,12,12,0,0,0,1,2,9,0,0,0,0,0,1,1
1991,CHA,AL,garcira03,Ramon Garcia,16,0,0,16,16,0,0,0,0,0,0,0,0,0,0,0,
1991,BOS,AL,gardimi01,Mike Gardiner,22,0,0,22,22,0,0,0,0,0,0,0,0,0,0,0,
1991,HOU,NL,gardnch01,Chris Gardner,5,4,5,5,5,0,0,0,0,0,0,0,0,0,0,0,0
1991,NYN,NL,gardnje01,Jeff Gardner,13,10,13,11,0,0,0,3,0,8,0,0,0,0,0,2,0
1991,MON,NL,gardnma01,Mark Gardner,27,27,27,27,27,0,0,0,0,0,0,0,0,0,0,0,0
1991,SDN,NL,gardnwe01,Wes Gardner,14,0,14,14,14,0,0,0,0,0,0,0,0,0,0,0,0
1991,KCA,AL,gardnwe01,Wes Gardner,3,0,0,3,3,0,0,0,0,0,0,0,0,0,0,0,
1991,SFN,NL,garresc01,Scott Garrelts,11,3,11,8,8,0,0,0,0,0,0,0,0,0,0,0,3
1991,SLN,NL,gedmari01,Rich Gedman,46,27,46,43,0,43,0,0,0,0,0,0,0,0,0,7,1
1991,ML4,AL,georgch01,Chris George,2,0,1,2,2,0,0,0,0,0,0,0,0,0,0,0,0
1991,NYA,AL,gerenbo01,Bob Geren,64,42,64,63,0,63,0,0,0,0,0,0,0,0,0,1,0
1991,TOR,AL,giannra01,Ray Giannelli,9,8,9,9,0,0,0,0,9,0,0,0,0,0,0,1,0
1991,KCA,AL,gibsoki01,Kirk Gibson,132,120,132,94,0,0,0,0,0,0,91,0,3,94,29,11,1
1991,DET,AL,gibsopa01,Paul Gibson,68,0,1,68,68,0,0,0,0,0,0,0,0,0,0,0,0
1991,SLN,NL,gilkebe01,Bernard Gilkey,81,71,81,74,0,0,0,0,0,0,74,0,0,74,0,8,1
1991,CHN,NL,girarjo01,Joe Girardi,21,14,21,21,0,21,0,0,0,0,0,0,0,0,0,1,0
1991,MIN,AL,gladdda01,Dan Gladden,126,110,126,126,0,0,0,0,0,0,126,0,0,126,0,4,8
1991,ATL,NL,glavito02,Tom Glavine,36,34,36,34,34,0,0,0,0,0,0,0,0,0,0,1,1
1991,DET,AL,gleatje01,Jerry Don Gleaton,47,0,0,47,47,0,0,0,0,0,0,0,0,0,0,0,
1991,BAL,AL,gomezle02,Leo Gomez,118,109,118,108,0,0,3,0,105,0,0,0,0,0,6,6,0
1991,PIT,NL,gonzajo02,Jose Gonzalez,16,3,16,14,0,0,0,0,0,0,3,6,5,14,0,3,1
1991,LAN,NL,gonzajo02,Jose Gonzalez,42,3,42,27,0,0,0,0,0,0,8,1,19,27,0,14,6
1991,CLE,AL,gonzajo02,Jose Gonzalez,33,19,33,32,0,0,0,0,0,0,5,10,17,32,0,4,1
1991,TEX,AL,gonzaju03,Juan Gonzalez,142,137,142,136,0,0,0,0,0,0,92,93,8,136,4,4,0
1991,HOU,NL,gonzalu01,Luis Gonzalez,137,124,137,133,0,0,0,0,0,0,133,0,0,133,0,10,0
1991,TOR,AL,gonzare01,Rene Gonzales,71,35,71,71,0,0,2,11,26,36,0,0,0,0,0,2,7
1991,NYN,NL,goodedw01,Dwight Gooden,27,27,27,27,27,0,0,0,0,0,0,0,0,0,0,0,0
1991,LAN,NL,goodwto01,Tom Goodwin,16,0,16,5,0,0,0,0,0,0,2,4,0,5,0,1,12
1991,KCA,AL,gordoto01,Tom Gordon,46,0,1,45,45,0,0,0,0,0,0,0,0,0,0,0,1
1991,TEX,AL,gossari01,Rich Gossage,44,0,0,44,44,0,0,0,0,0,0,0,0,0,0,0,
1991,CLE,AL,gozzoma01,Mauro Gozzo,2,0,0,2,2,0,0,0,0,0,0,0,0,0,0,0,
1991,CHN,NL,gracema01,Mark Grace,160,155,160,160,0,0,160,0,0,0,0,0,0,0,0,4,0
1991,CAL,AL,grahejo01,Joe Grahe,18,0,0,18,18,0,0,0,0,0,0,0,0,0,0,0,
1991,SLN,NL,gratema01,Mark Grater,3,0,3,3,3,0,0,0,0,0,0,0,0,0,0,0,0
1991,CHA,AL,grebecr01,Craig Grebeck,107,62,107,101,0,0,0,36,49,26,0,0,0,0,0,19,9
1991,TEX,AL,greenga01,Gary Green,8,6,8,8,0,0,0,0,0,8,0,0,0,0,0,0,0
1991,BOS,AL,greenmi01,Mike Greenwell,147,142,147,143,0,0,0,0,0,0,143,0,0,143,1,4,1
1991,PHI,NL,greento01,Tommy Greene,38,27,38,36,36,0,0,0,0,0,0,0,0,0,0,2,0
1991,ATL,NL,greggto01,Tommy Gregg,72,19,72,25,0,0,13,0,0,0,9,0,5,14,0,46,3
1991,LAN,NL,griffal01,Alfredo Griffin,109,107,109,109,0,0,0,0,0,109,0,0,0,0,0,0,1
1991,SEA,AL,griffke01,Ken Griffey,30,25,30,26,0,0,0,0,0,0,26,0,0,26,0,5,0
1991,SEA,AL,griffke02,Ken Griffey,154,146,154,152,0,0,0,0,0,0,0,152,0,152,1,6,0
1991,PHI,NL,grimsja01,Jason Grimsley,12,12,12,12,12,0,0,0,0,0,0,0,0,0,0,0,0
1991,MON,NL,grissma02,Marquis Grissom,148,131,148,138,0,0,0,0,0,0,3,130,6,138,0,8,5
1991,LAN,NL,grosske01,Kevin Gross,48,10,48,46,46,0,0,0,0,0,0,0,0,0,0,2,0
1991,CIN,NL,grosski01,Kip Gross,29,9,29,29,29,0,0,0,0,0,0,0,0,0,0,0,0
1991,TOR,AL,grubeke01,Kelly Gruber,113,111,113,111,0,0,0,0,111,0,0,0,0,0,2,1,0
1991,KCA,AL,gubicma01,Mark Gubicza,26,0,0,26,26,0,0,0,0,0,0,0,0,0,0,0,
1991,SLN,NL,guerrpe01,Pedro Guerrero,115,111,115,112,0,0,112,0,0,0,0,0,0,0,0,3,0
1991,NYA,AL,guettle01,Lee Guetterman,64,0,1,64,64,0,0,0,0,0,0,0,0,0,0,0,0
1991,CHA,AL,guilloz01,Ozzie Guillen,154,144,154,149,0,0,0,0,0,149,0,0,0,0,0,7,1
1991,DET,AL,gullibi01,Bill Gullickson,35,0,1,35,35,0,0,0,0,0,0,0,0,0,0,0,0
1991,SFN,NL,gundeer01,Eric Gunderson,2,0,2,2,2,0,0,0,0,0,0,0,0,0,0,0,0
1991,MIN,AL,guthrma01,Mark Guthrie,42,0,1,41,41,0,0,0,0,0,0,0,0,0,0,0,1
1991,TEX,AL,guzmajo01,Jose Guzman,25,0,0,25,25,0,0,0,0,0,0,0,0,0,0,0,
1991,OAK,AL,guzmajo02,Johnny Guzman,5,0,0,5,5,0,0,0,0,0,0,0,0,0,0,0,
1991,TOR,AL,guzmaju01,Juan Guzman,23,0,0,23,23,0,0,0,0,0,0,0,0,0,0,0,
1991,LAN,NL,gwynnch01,Chris Gwynn,94,23,94,41,0,0,0,0,0,0,30,2,14,41,0,64,0
1991,SDN,NL,gwynnto01,Tony Gwynn,134,133,134,134,0,0,0,0,0,0,0,0,134,134,0,1,0
1991,NYA,AL,habyajo01,John Habyan,66,0,0,66,66,0,0,0,0,0,0,0,0,0,0,0,
1991,ML4,AL,hamilda02,Darryl Hamilton,122,103,122,118,0,0,0,0,0,0,25,55,48,118,0,3,4
1991,LAN,NL,hamilje01,Jeff Hamilton,41,22,41,34,0,0,0,0,33,1,0,0,0,0,0,11,1
1991,SDN,NL,hammaat01,Atlee Hammaker,1,1,1,1,1,0,0,0,0,0,0,0,0,0,0,0,0
1991,CIN,NL,hammoch01,Chris Hammond,20,18,20,20,20,0,0,0,0,0,0,0,0,0,0,0,0
1991,MON,NL,haneych01,Chris Haney,16,16,16,16,16,0,0,0,0,0,0,0,0,0,0,0,0
1991,LAN,NL,hanseda01,Dave Hansen,53,6,53,21,0,0,0,0,21,1,0,0,0,0,0,35,1
1991,SEA,AL,hansoer01,Erik Hanson,27,0,0,27,27,0,0,0,0,0,0,0,0,0,0,0,
1991,CHN,NL,harkemi01,Mike Harkey,4,4,4,4,4,0,0,0,0,0,0,0,0,0,0,0,0
1991,HOU,NL,harnipe01,Pete Harnisch,33,33,33,33,33,0,0,0,0,0,0,0,0,0,0,0,0
1991,MIN,AL,harpebr01,Brian Harper,123,115,123,121,0,119,1,0,0,0,1,0,0,1,1,2,1
1991,TEX,AL,harrido01,Donald Harris,18,1,18,12,0,0,0,0,0,0,2,7,5,12,0,0,7
1991,SEA,AL,harrige01,Gene Harris,8,0,0,8,8,0,0,0,0,0,0,0,0,0,0,0,
1991,BOS,AL,harrigr01,Greg Harris,53,0,0,53,53,0,0,0,0,0,0,0,0,0,0,0,
1991,SDN,NL,harrigr02,Greg Harris,20,20,20,20,20,0,0,0,0,0,0,0,0,0,0,0,0
1991,LAN,NL,harrile01,Lenny Harris,145,112,145,136,0,0,0,27,113,20,1,0,0,1,0,27,0
1991,OAK,AL,harrire01,Reggie Harris,2,0,0,2,2,0,0,0,0,0,0,0,0,0,0,0,
1991,LAN,NL,hartlmi01,Mike Hartley,40,0,40,40,40,0,0,0,0,0,0,0,0,0,0,0,0
1991,PHI,NL,hartlmi01,Mike Hartley,18,0,18,18,18,0,0,0,0,0,0,0,0,0,0,0,0
1991,CAL,AL,harvebr01,Bryan Harvey,67,0,2,67,67,0,0,0,0,0,0,0,0,0,0,0,0
1991,MON,NL,hassero01,Ron Hassey,52,34,52,34,0,34,0,0,0,0,0,0,0,0,0,18,0
1991,CIN,NL,hatchbi01,Billy Hatcher,138,105,138,121,0,0,0,0,0,0,83,53,0,121,0,19,2
1991,OAK,AL,hawkian01,Andy Hawkins,15,0,0,15,15,0,0,0,0,0,0,0,0,0,0,0,
1991,NYA,AL,hawkian01,Andy Hawkins,4,0,0,4,4,0,0,0,0,0,0,0,0,0,0,0,
1991,PHI,NL,hayesch01,Charlie Hayes,142,110,142,139,0,0,0,0,138,2,0,0,0,0,0,9,0
1991,PHI,NL,hayesvo01,Von Hayes,77,71,77,72,0,0,0,0,0,0,20,49,6,72,0,5,0
1991,ATL,NL,heathmi02,Mike Heath,49,37,49,45,0,45,0,0,0,0,0,0,0,0,0,7,1
1991,PIT,NL,heatone01,Neal Heaton,44,1,44,42,42,0,0,0,0,0,0,0,0,0,0,1,1
1991,OAK,AL,hemonsc01,Scott Hemond,23,6,23,18,0,8,0,7,2,1,0,0,0,0,0,0,7
1991,OAK,AL,hendeda01,Dave Henderson,150,142,150,140,0,0,0,1,0,0,3,136,1,140,4,7,0
1991,OAK,AL,henderi01,Rickey Henderson,134,126,134,119,0,0,0,0,0,0,119,0,0,119,8,7,1
1991,TOR,AL,henketo01,Tom Henke,49,0,0,49,49,0,0,0,0,0,0,0,0,0,0,0,
1991,DET,AL,hennemi01,Mike Henneman,60,0,4,60,60,0,0,0,0,0,0,0,0,0,0,0,0
1991,ML4,AL,henrydo01,Doug Henry,32,0,1,32,32,0,0,0,0,0,0,0,0,0,0,0,0
1991,HOU,NL,henrydw01,Dwayne Henry,52,0,52,52,52,0,0,0,0,0,0,0,0,0,0,0,0
1991,TOR,AL,hentgpa01,Pat Hentgen,3,0,0,3,3,0,0,0,0,0,0,0,0,0,0,0,
1991,SFN,NL,heredgi01,Gil Heredia,7,4,7,7,7,0,0,0,0,0,0,0,0,0,0,0,0
1991,LAN,NL,hernaca01,Carlos Hernandez,15,2,15,14,0,13,0,0,1,0,0,0,0,0,0,3,1
1991,SDN,NL,hernaje02,Jeremy Hernandez,9,0,9,9,9,0,0,0,0,0,0,0,0,0,0,0,0
1991,TEX,AL,hernajo01,Jose Hernandez,45,35,45,45,0,0,0,0,1,44,0,0,0,0,0,0,2
1991,CHA,AL,hernaro01,Roberto Hernandez,9,0,0,9,9,0,0,0,0,0,0,0,0,0,0,0,
1991,HOU,NL,hernaxa01,Xavier Hernandez,32,6,32,32,32,0,0,0,0,0,0,0,0,0,0,0,0
1991,LAN,NL,hershor01,Orel Hershiser,21,21,21,21,21,0,0,0,0,0,0,0,0,0,0,0,0
1991,BOS,AL,heskejo01,Joe Hesketh,39,0,0,39,39,0,0,0,0,0,0,0,0,0,0,0,
1991,CHA,AL,hibbagr01,Greg Hibbard,32,0,0,32,32,0,0,0,0,0,0,0,0,0,0,0,
1991,SFN,NL,hickebr01,Bryan Hickerson,17,6,17,17,17,0,0,0,0,0,0,0,0,0,0,0,0
1991,BAL,AL,hickeke01,Kevin Hickey,19,0,0,19,19,0,0,0,0,0,0,0,0,0,0,0,
1991,ML4,AL,higuete01,Teddy Higuera,7,0,0,7,7,0,0,0,0,0,0,0,0,0,0,0,
1991,CLE,AL,hillesh01,Shawn Hillegas,51,0,0,51,51,0,0,0,0,0,0,0,0,0,0,0,
1991,BAL,AL,hoilech01,Chris Hoiles,107,91,107,91,0,89,2,0,0,0,0,0,0,0,10,6,3
1991,PHI,NL,hollida01,Dave Hollins,56,38,56,41,0,0,6,0,36,0,0,0,0,0,0,16,0
1991,SEA,AL,holmabr01,Brian Holman,30,0,0,30,30,0,0,0,0,0,0,0,0,0,0,0,
1991,ML4,AL,holmeda01,Darren Holmes,40,0,0,40,40,0,0,0,0,0,0,0,0,0,0,0,
1991,OAK,AL,honeyri01,Rick Honeycutt,43,0,1,43,43,0,0,0,0,0,0,0,0,0,0,0,0
1991,TOR,AL,horsmvi01,Vince Horsman,4,0,0,4,4,0,0,0,0,0,0,0,0,0,0,0,
1991,CHA,AL,houghch01,Charlie Hough,31,0,0,31,31,0,0,0,0,0,0,0,0,0,0,0,
1991,BOS,AL,housiwa01,Wayne Housie,11,1,11,4,0,0,0,0,0,0,0,4,0,4,0,2,6
1991,SEA,AL,howarch01,Chris Howard,9,1,9,9,0,9,0,0,0,0,0,0,0,0,0,0,0
1991,KCA,AL,howarda02,David Howard,94,81,94,90,0,0,0,26,1,63,0,0,1,1,0,1,5
1991,SDN,NL,howarth01,Thomas Howard,106,68,106,86,0,0,0,0,0,0,34,41,14,86,0,30,3
1991,LAN,NL,howelja01,Jay Howell,44,0,44,44,44,0,0,0,0,0,0,0,0,0,0,0,0
1991,CAL,AL,howelja02,Jack Howell,32,22,32,27,0,0,3,12,8,0,1,0,4,5,0,6,0
1991,SDN,NL,howelja02,Jack Howell,58,39,58,54,0,0,0,0,54,0,0,0,0,0,0,13,0
1991,OAK,AL,howitda01,Dann Howitt,21,8,21,20,0,0,1,0,0,0,5,7,10,20,0,6,1
1991,MIN,AL,hrbekke01,Kent Hrbek,132,126,132,129,0,0,129,0,0,0,0,0,0,0,0,4,1
1991,SLN,NL,hudlere01,Rex Hudler,101,48,101,67,0,0,12,5,0,0,27,21,11,58,0,33,8
1991,PIT,NL,huismma01,Mark Huismann,5,0,5,5,5,0,0,0,0,0,0,0,0,0,0,0,0
1991,BAL,AL,huletti01,Tim Hulett,79,48,79,64,0,0,0,26,39,1,0,0,0,0,8,11,3
1991,NYA,AL,humphmi01,Mike Humphreys,25,10,25,14,0,0,0,0,6,0,8,0,2,9,2,5,9
1991,NYN,NL,hundlto01,Todd Hundley,21,17,21,20,0,20,0,0,0,0,0,0,0,0,0,3,0
1991,ATL,NL,huntebr01,Brian Hunter,97,64,97,89,0,0,85,0,0,0,5,0,1,6,0,19,4
1991,ML4,AL,hunteji01,Jim Hunter,8,0,0,8,8,0,0,0,0,0,0,0,0,0,0,0,
1991,SDN,NL,hurstbr01,Bruce Hurst,31,31,31,31,31,0,0,0,0,0,0,0,0,0,0,0,0
1991,TEX,AL,husonje01,Jeff Huson,119,85,119,119,0,0,0,2,1,116,0,0,0,0,0,14,6
1991,ML4,AL,ignasmi01,Mike Ignasiak,4,0,0,4,4,0,0,0,0,0,0,0,0,0,0,0,
1991,DET,AL,incavpe01,Pete Incaviglia,97,92,97,54,0,0,0,0,0,0,50,0,4,54,40,4,0
1991,NYN,NL,innisje01,Jeff Innis,69,0,69,69,69,0,0,0,0,0,0,0,0,0,0,0,0
1991,BOS,AL,irvinda01,Daryl Irvine,9,0,0,9,9,0,0,0,0,0,0,0,0,0,0,0,
1991,CHA,AL,jacksbo01,Bo Jackson,23,21,23,0,0,0,0,0,0,0,0,0,0,0,21,2,0
1991,CHN,NL,jacksda02,Danny Jackson,17,14,17,17,17,0,0,0,0,0,0,0,0,0,0,0,0
1991,SDN,NL,jacksda03,Darrin Jackson,122,84,122,99,1,0,0,0,0,0,21,79,0,98,0,29,1
1991,SEA,AL,jacksmi02,Michael Jackson,72,0,1,72,72,0,0,0,0,0,0,0,0,0,0,0,0
1991,CLE,AL,jacobbr01,Brook Jacoby,66,61,66,66,0,0,55,0,15,0,0,0,0,0,0,5,0
1991,OAK,AL,jacobbr01,Brook Jacoby,56,49,56,54,0,0,3,0,52,0,0,0,0,0,0,5,0
1991,CLE,AL,jamesch02,Chris James,115,108,115,52,0,0,15,0,0,0,26,0,18,39,58,7,0
1991,LAN,NL,javiest01,Stan Javier,121,27,121,71,0,0,2,0,0,0,52,7,18,69,0,59,4
1991,TEX,AL,jeffcmi01,Mike Jeffcoat,70,0,2,70,70,0,0,0,0,0,0,0,0,0,0,0,0
1991,NYN,NL,jeffegr01,Gregg Jefferies,136,123,136,127,0,0,0,77,51,0,0,0,0,0,0,12,0
1991,CIN,NL,jeffere01,Reggie Jefferson,5,1,5,2,0,0,2,0,0,0,0,0,0,0,0,3,0
1991,CLE,AL,jeffere01,Reggie Jefferson,26,26,26,26,0,0,26,0,0,0,0,0,0,0,0,0,0
1991,CIN,NL,jeffest01,Stan Jefferson,13,3,13,5,0,0,0,0,0,0,4,1,1,5,0,4,4
1991,OAK,AL,jennido01,Doug Jennings,8,1,8,6,0,0,0,0,0,0,6,0,0,6,0,2,0
1991,BAL,AL,johnsda04,Dave Johnson,22,0,0,22,22,0,0,0,0,0,0,0,0,0,0,0,
1991,NYN,NL,johnsho01,Howard Johnson,156,154,156,155,0,0,0,0,104,28,0,0,30,30,0,1,1
1991,NYA,AL,johnsje02,Jeff Johnson,23,0,0,23,23,0,0,0,0,0,0,0,0,0,0,0,
1991,KCA,AL,johnsjo06,Joel Johnston,13,0,0,13,13,0,0,0,0,0,0,0,0,0,0,0,
1991,CHA,AL,johnsla03,Lance Johnson,159,146,159,157,0,0,0,0,0,0,0,157,2,157,0,5,3
1991,SEA,AL,johnsra05,Randy Johnson,33,0,0,33,33,0,0,0,0,0,0,0,0,0,0,0,
1991,MON,NL,jonesba01,Barry Jones,77,0,77,77,77,0,0,0,0,0,0,0,0,0,0,0,0
1991,SEA,AL,jonesca01,Calvin Jones,27,0,0,27,27,0,0,0,0,0,0,0,0,0,0,0,
1991,CIN,NL,jonesch05,Chris Jones,52,15,52,26,0,0,0,0,0,0,18,3,9,26,0,27,5
1991,CLE,AL,jonesdo01,Doug Jones,36,0,0,36,36,0,0,0,0,0,0,0,0,0,0,0,
1991,HOU,NL,jonesji02,Jimmy Jones,26,22,26,26,26,0,0,0,0,0,0,0,0,0,0,0,0
1991,PHI,NL,jonesro02,Ron Jones,28,0,28,0,0,0,0,0,0,0,0,0,0,0,0,28,0
1991,BAL,AL,jonesst02,Stacy Jones,4,0,0,4,4,0,0,0,0,0,0,0,0,0,0,0,
1991,SLN,NL,jonesti02,Tim Jones,16,7,16,15,0,0,0,4,0,14,0,0,0,0,0,0,2
1991,SEA,AL,jonestr01,Tracy Jones,79,42,79,36,0,0,0,0,0,0,35,0,3,36,19,30,2
1991,PHI,NL,jordari02,Ricky Jordan,101,67,101,72,0,0,72,0,0,0,0,0,0,0,0,31,0
1991,CAL,AL,joynewa01,Wally Joyner,143,140,143,141,0,0,141,0,0,0,0,0,0,0,0,2,0
1991,HOU,NL,judenje01,Jeff Juden,4,3,4,4,4,0,0,0,0,0,0,0,0,0,0,0,0
1991,ATL,NL,justida01,David Justice,109,106,109,106,0,0,0,0,0,0,0,0,106,106,0,3,0
1991,DET,AL,kaiseje01,Jeff Kaiser,10,0,0,10,10,0,0,0,0,0,0,0,0,0,0,0,
1991,NYA,AL,kamiesc01,Scott Kamieniecki,9,0,0,9,9,0,0,0,0,0,0,0,0,0,0,0,
1991,CHA,AL,karkoro01,Ron Karkovice,75,49,75,70,0,69,0,0,0,0,1,0,0,1,0,4,10
1991,LAN,NL,karroer01,Eric Karros,14,2,14,10,0,0,10,0,0,0,0,0,0,0,0,5,2
1991,NYA,AL,kellypa03,Pat Kelly,96,91,96,95,0,0,0,19,80,0,0,0,0,0,0,0,1
1991,NYA,AL,kellyro01,Roberto Kelly,126,124,126,125,0,0,0,0,0,0,52,73,0,125,0,2,0
1991,SFN,NL,kennete02,Terry Kennedy,69,40,69,59,0,58,2,0,0,0,0,0,0,0,0,15,0
1991,BOS,AL,kieckda01,Dana Kiecker,18,0,0,18,18,0,0,0,0,0,0,0,0,0,0,0,
1991,DET,AL,kielyjo01,John Kiely,7,0,0,7,7,0,0,0,0,0,0,0,0,0,0,0,
1991,BAL,AL,kilgupa01,Paul Kilgus,38,0,0,38,38,0,0,0,0,0,0,0,0,0,0,0,
1991,SFN,NL,kingemi01,Mike Kingery,91,11,91,44,0,0,6,0,0,0,14,2,22,38,0,55,3
1991,PIT,NL,kippebo01,Bob Kipper,52,0,52,52,52,0,0,0,0,0,0,0,0,0,0,0,0
1991,CLE,AL,kirbywa01,Wayne Kirby,21,13,21,21,0,0,0,0,0,0,5,1,17,21,0,1,1
1991,CLE,AL,kiserga01,Garland Kiser,7,0,0,7,7,0,0,0,0,0,0,0,0,0,0,0,
1991,CHA,AL,kittlro01,Ron Kittle,17,14,17,15,0,0,15,0,0,0,0,0,0,0,0,2,1
1991,OAK,AL,klinkjo01,Joe Klink,62,0,0,62,62,0,0,0,0,0,0,0,0,0,0,0,
1991,MIN,AL,knoblch01,Chuck Knoblauch,151,141,151,149,0,0,0,148,0,2,0,0,0,0,0,3,3
1991,TOR,AL,knorrra01,Randy Knorr,3,0,3,3,0,3,0,0,0,0,0,0,0,0,0,1,0
1991,ML4,AL,knudsma01,Mark Knudson,12,0,0,12,12,0,0,0,0,0,0,0,0,0,0,0,
1991,OAK,AL,kommibr01,Brad Komminsk,24,7,24,22,0,0,0,0,0,0,7,8,8,22,0,2,3
1991,CLE,AL,krameto01,Tom Kramer,4,0,0,4,4,0,0,0,0,0,0,0,0,0,0,0,
1991,TEX,AL,kreutch01,Chad Kreuter,3,0,3,1,0,1,0,0,0,0,0,0,0,0,0,1,1
1991,SEA,AL,kruegbi01,Bill Krueger,35,0,0,35,35,0,0,0,0,0,0,0,0,0,0,0,
1991,SFN,NL,lacosmi01,Mike LaCoss,18,5,18,18,18,0,0,0,0,0,0,0,0,0,0,0,0
1991,SDN,NL,lampkto01,Tom Lampkin,38,8,38,11,0,11,0,0,0,0,0,0,0,0,0,27,0
1991,CHN,NL,lancale01,Les Lancaster,64,11,64,64,64,0,0,0,0,0,0,0,0,0,0,0,0
1991,PIT,NL,landrbi01,Bill Landrum,61,0,61,61,61,0,0,0,0,0,0,0,0,0,0,0,0
1991,CHN,NL,landrce01,Ced Landrum,56,22,56,44,0,0,0,0,0,0,25,18,8,44,0,2,26
1991,CAL,AL,langsma01,Mark Langston,34,0,0,34,34,0,0,0,0,0,0,0,0,0,0,0,
1991,SLN,NL,lankfra01,Ray Lankford,151,135,151,149,0,0,0,0,0,0,0,149,0,149,0,7,7
1991,OAK,AL,lansfca01,Carney Lansford,5,4,5,4,0,0,0,0,4,0,0,0,0,0,1,1,0
1991,PHI,NL,lapoida01,Dave LaPoint,2,2,2,2,2,0,0,0,0,0,0,0,0,0,0,0,0
1991,CIN,NL,larkiba01,Barry Larkin,123,120,123,120,0,0,0,0,0,120,0,0,0,0,0,2,1
1991,MIN,AL,larkige01,Gene Larkin,98,66,98,81,0,0,39,1,1,0,0,0,48,48,2,24,1
1991,PIT,NL,lavalmi01,Mike LaValliere,108,100,108,105,0,105,0,0,0,0,0,0,0,0,0,4,0
1991,CIN,NL,layanti01,Tim Layana,23,0,23,22,22,0,0,0,0,0,0,0,0,0,0,0,1
1991,MIN,AL,leachte01,Terry Leach,50,0,1,50,50,0,0,0,0,0,0,0,0,0,0,0,0
1991,NYA,AL,learyti01,Tim Leary,28,0,0,28,28,0,0,0,0,0,0,0,0,0,0,0,
1991,SDN,NL,leffecr01,Craig Lefferts,54,0,54,54,54,0,0,0,0,0,0,0,0,0,0,0,0
1991,ATL,NL,leibrch01,Charlie Leibrandt,36,36,36,36,36,0,0,0,0,0,0,0,0,0,0,0,0
1991,TOR,AL,leiteal01,Al Leiter,3,0,0,3,3,0,0,0,0,0,0,0,0,0,0,0,
1991,DET,AL,leitema01,Mark Leiter,38,0,0,38,38,0,0,0,0,0,0,0,0,0,0,0,
1991,MIN,AL,leiussc01,Scott Leius,109,52,109,99,0,0,0,0,79,19,0,2,0,2,0,30,7
1991,ATL,NL,lemkema01,Mark Lemke,136,52,136,123,0,0,0,110,15,0,0,0,0,0,0,28,10
1991,SEA,AL,lennopa01,Pat Lennon,9,2,9,1,0,0,0,0,0,0,1,0,0,1,2,5,1
1991,SFN,NL,leonama01,Mark Leonard,64,29,64,34,0,0,0,0,0,0,24,0,12,34,0,32,0
1991,SFN,NL,lewisda01,Darren Lewis,72,54,72,68,0,0,0,0,0,0,0,68,0,68,0,5,3
1991,SDN,NL,lewisji02,Jim Lewis,12,0,12,12,12,0,0,0,0,0,0,0,0,0,0,0,0
1991,CLE,AL,lewisma01,Mark Lewis,84,78,84,84,0,0,0,50,0,36,0,0,0,0,0,2,1
1991,CAL,AL,lewissc01,Scott Lewis,16,0,0,16,16,0,0,0,0,0,0,0,0,0,0,0,
1991,NYA,AL,leyriji01,Jim Leyritz,32,20,32,25,0,5,3,0,18,0,0,0,0,0,1,10,0
1991,SDN,NL,lillide01,Derek Lilliquist,6,2,6,6,6,0,0,0,0,0,0,0,0,0,0,0,0
1991,PHI,NL,lindeji01,Jim Lindeman,65,16,65,31,0,0,1,0,0,0,14,6,10,30,0,40,1
1991,PHI,NL,lindsdo01,Doug Lindsey,1,1,1,1,0,1,0,0,0,0,0,0,0,0,0,0,0
1991,KCA,AL,liriane01,Nelson Liriano,10,6,10,10,0,0,0,10,0,0,0,0,0,0,0,0,0
1991,SFN,NL,littogr01,Greg Litton,59,26,59,52,1,1,15,15,11,9,2,0,4,6,0,13,2
1991,DET,AL,livinsc01,Scott Livingstone,44,36,44,43,0,0,0,0,43,0,0,0,0,0,0,2,1
1991,HOU,NL,loftoke01,Kenny Lofton,20,18,20,20,0,0,0,0,0,0,0,20,0,20,0,1,0
1991,CLE,AL,lopezlu01,Luis Lopez,35,19,35,23,0,12,10,0,1,0,1,0,0,1,5,13,1
1991,NYA,AL,lovulto01,Torey Lovullo,22,15,22,22,0,0,0,0,22,0,0,0,0,0,0,1,0
1991,NYA,AL,lusadsc01,Scott Lusader,11,1,11,4,0,0,0,0,0,0,1,3,0,4,0,4,5
1991,LAN,NL,lyonsba01,Barry Lyons,9,1,9,6,0,6,0,0,0,0,0,0,0,0,0,4,0
1991,CAL,AL,lyonsba01,Barry Lyons,2,1,2,2,0,0,2,0,0,0,0,0,0,0,0,0,0
1991,BOS,AL,lyonsst01,Steve Lyons,87,48,87,72,1,0,2,16,12,1,8,36,3,45,0,24,3
1991,TOR,AL,macdobo01,Bob Macdonald,45,0,0,45,45,0,0,0,0,0,0,0,0,0,0,0,
1991,KCA,AL,macfami01,Mike Macfarlane,84,70,84,69,0,69,0,0,0,0,0,0,0,0,4,13,0
1991,ML4,AL,machaju01,Julio Machado,54,0,0,54,54,0,0,0,0,0,0,0,0,0,0,0,
1991,CHN,NL,maddugr01,Greg Maddux,39,37,39,37,37,0,0,0,0,0,0,0,0,0,0,2,0
1991,SDN,NL,maddumi01,Mike Maddux,64,1,64,64,64,0,0,0,0,0,0,0,0,0,0,0,0
1991,NYN,NL,magadda01,Dave Magadan,124,115,124,122,0,0,122,0,0,0,0,0,0,0,0,6,1
1991,CLE,AL,magalev01,Ever Magallanes,3,0,3,2,0,0,0,0,0,2,0,0,0,0,0,1,0
1991,KCA,AL,magnami01,Mike Magnante,38,0,0,38,38,0,0,0,0,0,0,0,0,0,0,0,
1991,MON,NL,mahleri01,Rick Mahler,10,6,10,10,10,0,0,0,0,0,0,0,0,0,0,0,0
1991,ATL,NL,mahleri01,Rick Mahler,13,2,13,13,13,0,0,0,0,0,0,0,0,0,0,0,0
1991,ML4,AL,maldoca01,Candy Maldonado,34,29,34,24,0,0,0,0,0,0,14,0,12,24,7,5,0
1991,TOR,AL,maldoca01,Candy Maldonado,52,52,52,52,0,0,0,0,0,0,52,0,1,52,0,0,0
1991,KCA,AL,maldoca02,Carlos Maldonado,5,0,0,5,5,0,0,0,0,0,0,0,0,0,0,0,
1991,HOU,NL,malliro01,Rob Mallicoat,24,0,24,24,24,0,0,0,0,0,0,0,0,0,0,0,0
1991,OAK,AL,manrifr01,Fred Manrique,9,7,9,8,0,0,0,2,0,7,0,0,0,0,0,0,1
1991,CLE,AL,mantoje01,Jeff Manto,47,38,47,47,0,5,14,0,32,0,1,0,0,1,0,1,2
1991,TEX,AL,manueba01,Barry Manuel,8,0,0,8,8,0,0,0,0,0,0,0,0,0,0,0,
1991,SFN,NL,manwaki01,Kirt Manwaring,67,57,67,67,0,67,0,0,0,0,0,0,0,0,0,1,0
1991,BOS,AL,manzajo01,Josias Manzanillo,1,0,0,1,1,0,0,0,0,0,0,0,0,0,0,0,
1991,CAL,AL,marshmi02,Mike Marshall,2,1,2,1,0,0,1,0,0,0,0,0,0,0,0,1,0
1991,BOS,AL,marshmi02,Mike Marshall,22,14,22,9,0,0,5,0,0,0,1,0,3,4,6,6,1
1991,PIT,NL,martica01,Carmelo Martinez,11,4,11,8,0,0,8,0,0,0,0,0,0,0,0,3,0
1991,CIN,NL,martica01,Carmelo Martinez,53,37,53,40,0,0,25,0,0,0,16,0,0,16,0,14,0
1991,KCA,AL,martica01,Carmelo Martinez,44,35,44,43,0,0,43,0,0,0,0,0,0,0,1,5,0
1991,CLE,AL,martica02,Carlos Martinez,72,69,72,31,0,0,31,0,0,0,0,0,0,0,41,2,0
1991,BAL,AL,martich01,Chito Martinez,67,57,67,54,0,0,1,0,0,0,1,0,53,54,4,9,0
1991,MON,NL,martida01,Dave Martinez,124,94,124,112,0,0,0,0,0,0,36,30,58,112,0,12,2
1991,MON,NL,martide01,Dennis Martinez,32,31,32,31,31,0,0,0,0,0,0,0,0,0,0,1,0
1991,SEA,AL,martied01,Edgar Martinez,150,145,150,144,0,0,0,0,144,0,0,0,0,0,2,4,0
1991,LAN,NL,martira02,Ramon Martinez,33,33,33,33,33,0,0,0,0,0,0,0,0,0,0,0,0
1991,SEA,AL,martiti02,Tino Martinez,36,29,36,29,0,0,29,0,0,0,0,0,0,0,3,5,1
1991,BOS,AL,marzajo01,John Marzano,49,30,49,48,0,48,0,0,0,0,0,0,0,0,0,1,1
1991,PIT,NL,masonro01,Roger Mason,24,0,24,24,24,0,0,0,0,0,0,0,0,0,0,0,0
1991,TEX,AL,mathete01,Terry Mathews,34,0,0,34,34,0,0,0,0,0,0,0,0,0,0,0,
1991,NYA,AL,mattido01,Don Mattingly,152,146,152,127,0,0,127,0,0,0,0,0,0,0,22,5,0
1991,TEX,AL,maurero01,Rob Maurer,13,2,13,4,0,0,4,0,0,0,0,0,0,0,2,8,0
1991,PHI,NL,mauseti01,Tim Mauser,3,0,3,3,3,0,0,0,0,0,0,0,0,0,0,0,0
1991,KCA,AL,maynebr01,Brent Mayne,85,63,85,80,0,80,0,0,0,0,0,0,0,0,0,8,0
1991,CAL,AL,mccaski01,Kirk McCaskill,30,0,0,30,30,0,0,0,0,0,0,0,0,0,0,0,
1991,PIT,NL,mcclell01,Lloyd McClendon,85,32,85,56,0,2,22,0,0,0,14,0,18,32,0,40,0
1991,SFN,NL,mcclepa01,Paul McClellan,13,12,13,13,13,0,0,0,0,0,0,0,0,0,0,0,0
1991,SLN,NL,mcclubo01,Bob McClure,32,0,32,32,32,0,0,0,0,0,0,0,0,0,0,0,0
1991,CAL,AL,mcclubo01,Bob McClure,13,0,0,13,13,0,0,0,0,0,0,0,0,0,0,0,
1991,CHA,AL,mccraro01,Rodney McCray,17,0,17,8,0,0,0,0,0,0,4,2,2,8,0,0,10
1991,NYN,NL,mcdante01,Terry McDaniel,23,4,23,14,0,0,0,0,0,0,7,5,4,14,0,7,7
1991,BAL,AL,mcdonbe01,Ben McDonald,21,0,0,21,21,0,0,0,0,0,0,0,0,0,0,0,
1991,CHA,AL,mcdowja01,Jack McDowell,35,0,0,35,35,0,0,0,0,0,0,0,0,0,0,0,
1991,PHI,NL,mcdowro01,Roger McDowell,38,0,38,38,38,0,0,0,0,0,0,0,0,0,0,0,0
1991,LAN,NL,mcdowro01,Roger McDowell,34,0,34,34,33,0,0,0,0,0,2,0,0,2,0,0,0
1991,CHN,NL,mcelrch01,Chuck McElroy,71,0,71,71,71,0,0,0,0,0,0,0,0,0,0,0,1
1991,KCA,AL,mcgafan01,Andy McGaffigan,4,0,0,4,4,0,0,0,0,0,0,0,0,0,0,0,
1991,SFN,NL,mcgeewi01,Willie McGee,131,124,131,128,0,0,0,0,0,0,0,89,48,128,0,4,0
1991,SDN,NL,mcgrifr01,Fred McGriff,153,153,153,153,0,0,153,0,0,0,0,0,0,0,0,0,0
1991,OAK,AL,mcgwima01,Mark McGwire,154,142,154,152,0,0,152,0,0,0,0,0,0,0,0,4,1
1991,ML4,AL,mcintti01,Tim McIntosh,7,2,7,5,0,0,1,0,0,0,4,0,0,4,2,1,1
1991,BAL,AL,mcknije01,Jeff McKnight,16,10,16,9,0,0,2,0,0,0,6,0,1,7,2,4,2
1991,HOU,NL,mclemma01,Mark McLemore,21,17,21,19,0,0,0,19,0,0,0,0,0,0,0,2,1
1991,KCA,AL,mcraebr01,Brian McRae,152,142,152,150,0,0,0,0,0,0,0,150,0,150,0,2,3
1991,NYN,NL,mcreyke01,Kevin McReynolds,143,137,143,141,0,0,0,0,0,0,125,33,2,141,0,4,0
1991,DET,AL,meachru01,Rusty Meacham,10,0,0,10,10,0,0,0,0,0,0,0,0,0,0,0,
1991,CLE,AL,medinlu01,Luis Medina,5,5,5,0,0,0,0,0,0,0,0,0,0,0,5,0,0
1991,SDN,NL,melenjo01,Jose Melendez,31,9,31,31,31,0,0,0,0,0,0,0,0,0,0,0,0
1991,BAL,AL,melvibo01,Bob Melvin,79,68,79,72,0,72,0,0,0,0,0,0,0,0,1,7,0
1991,BAL,AL,mercelu01,Luis Mercedes,19,14,19,15,0,0,0,0,0,0,13,0,3,15,0,2,3
1991,PIT,NL,merceor01,Orlando Merced,120,96,120,109,0,0,105,0,0,0,0,0,7,7,0,20,0
1991,ATL,NL,merckke01,Kent Mercker,50,4,50,50,50,0,0,0,0,0,0,0,0,0,0,0,0
1991,CHA,AL,merulma01,Matt Merullo,80,26,80,40,0,27,16,0,0,0,0,0,0,0,3,47,1
1991,NYA,AL,meulehe01,Hensley Meulens,96,78,96,80,0,0,7,0,0,0,61,0,13,74,12,12,1
1991,BAL,AL,milacbo01,Bob Milacki,31,0,0,31,31,0,0,0,0,0,0,0,0,0,0,0,
1991,NYN,NL,milleke01,Keith Miller,98,62,98,83,0,0,0,60,2,2,14,2,17,28,0,13,12
1991,PIT,NL,millepa01,Paul Miller,1,1,1,1,1,0,0,0,0,0,0,0,0,0,0,0,0
1991,BAL,AL,millira01,Randy Milligan,141,132,141,115,0,0,106,0,0,0,9,0,0,9,20,7,1
1991,NYA,AL,millsal01,Alan Mills,6,0,0,6,6,0,0,0,0,0,0,0,0,0,0,0,
1991,CIN,NL,minutgi01,Gino Minutelli,16,3,16,16,16,0,0,0,0,0,0,0,0,0,0,1,0
1991,SFN,NL,mitchke01,Kevin Mitchell,113,99,113,100,0,0,1,0,0,0,100,0,0,100,0,14,0
1991,ATL,NL,mitchke02,Keith Mitchell,48,10,48,34,0,0,0,0,0,0,24,1,10,34,0,13,7
1991,ML4,AL,molitpa01,Paul Molitor,158,158,158,46,0,0,46,0,0,0,0,0,0,0,112,0,0
1991,NYA,AL,monteri01,Rich Monteleone,26,0,0,26,26,0,0,0,0,0,0,0,0,0,0,0,
1991,KCA,AL,montgje01,Jeff Montgomery,67,0,0,67,67,0,0,0,0,0,0,0,0,0,0,0,
1991,KCA,AL,moorebo02,Bobby Moore,18,3,18,13,0,0,0,0,0,0,9,5,0,13,0,2,9
1991,OAK,AL,mooremi01,Mike Moore,34,0,1,33,33,0,0,0,0,0,0,0,0,0,0,0,1
1991,PHI,NL,moranmi01,Mickey Morandini,98,85,98,97,0,0,0,97,0,0,0,0,0,0,0,1,1
1991,LAN,NL,morgami01,Mike Morgan,34,33,34,34,34,0,0,0,0,0,0,0,0,0,0,0,0
1991,KCA,AL,mormaru01,Russ Morman,12,6,12,10,0,0,8,0,0,0,2,0,0,2,0,5,0
1991,CIN,NL,morriha02,Hal Morris,136,121,136,129,0,0,128,0,0,0,1,0,0,1,0,10,1
1991,MIN,AL,morrija02,Jack Morris,35,0,0,35,35,0,0,0,0,0,0,0,0,0,0,0,
1991,PHI,NL,morrijo07,John Morris,85,26,85,57,0,0,0,0,0,0,12,27,24,57,0,31,10
1991,BOS,AL,mortoke01,Kevin Morton,16,0,0,16,16,0,0,0,0,0,0,0,0,0,0,0,
1991,DET,AL,mosebll01,Lloyd Moseby,74,63,74,64,0,0,0,0,0,0,64,0,0,64,4,11,0
1991,DET,AL,mosesjo01,John Moses,13,4,13,12,0,0,0,0,0,0,11,0,1,12,0,1,5
1991,SLN,NL,moyerja01,Jamie Moyer,8,7,8,8,8,0,0,0,0,0,0,0,0,0,0,0,0
1991,PHI,NL,mulhote01,Terry Mulholland,35,34,35,34,34,0,0,0,0,0,0,0,0,0,0,0,1
1991,TOR,AL,mullira01,Rance Mulliniks,97,73,97,5,0,0,0,0,5,0,0,0,0,0,70,24,0
1991,DET,AL,munozmi01,Mike Munoz,6,0,0,6,6,0,0,0,0,0,0,0,0,0,0,0,
1991,MIN,AL,munozpe01,Pedro Munoz,51,36,51,44,0,0,0,0,0,0,10,0,39,44,1,6,3
1991,PHI,NL,murphda05,Dale Murphy,153,141,153,147,0,0,0,0,0,0,0,0,147,147,0,10,0
1991,SEA,AL,murphro01,Rob Murphy,57,0,1,57,57,0,0,0,0,0,0,0,0,0,0,0,0
1991,LAN,NL,murraed02,Eddie Murray,153,148,153,149,0,0,149,0,1,0,0,0,0,0,0,5,0
1991,BAL,AL,mussimi01,Mike Mussina,12,0,0,12,12,0,0,0,0,0,0,0,0,0,0,0,
1991,CLE,AL,mutisje01,Jeff Mutis,3,0,0,3,3,0,0,0,0,0,0,0,0,0,0,0,
1991,TOR,AL,myersgr01,Greg Myers,107,91,107,104,0,104,0,0,0,0,0,0,0,0,0,11,0
1991,CIN,NL,myersra01,Randy Myers,58,12,58,58,58,0,0,0,0,0,0,0,0,0,0,0,0
1991,MON,NL,nabhoch01,Chris Nabholz,24,24,24,24,24,0,0,0,0,0,0,0,0,0,0,0,0
1991,BOS,AL,naehrti01,Tim Naehring,20,16,20,20,0,0,0,1,2,17,0,0,0,0,0,1,0
1991,ML4,AL,navarja01,Jaime Navarro,34,0,0,34,34,0,0,0,0,0,0,0,0,0,0,0,
1991,MIN,AL,neaglde01,Denny Neagle,7,0,0,7,7,0,0,0,0,0,0,0,0,0,0,0,
1991,OAK,AL,nelsoge01,Gene Nelson,44,0,0,44,44,0,0,0,0,0,0,0,0,0,0,0,
1991,MIN,AL,newmaal01,Al Newman,118,56,118,110,0,0,1,35,35,55,1,0,0,1,0,24,15
1991,CHA,AL,newsowa01,Warren Newson,71,36,71,50,0,0,0,0,0,0,16,1,34,50,0,28,0
1991,HOU,NL,nichoca01,Carl Nichols,20,14,20,17,0,17,0,0,0,0,0,0,0,0,0,4,0
1991,CLE,AL,nichoro02,Rod Nichols,31,0,0,31,31,0,0,0,0,0,0,0,0,0,0,0,
1991,ATL,NL,nixonot01,Otis Nixon,124,93,124,115,0,0,0,0,0,0,55,17,48,115,0,10,13
1991,MON,NL,noboaju01,Junior Noboa,67,13,67,18,0,0,1,6,2,2,1,0,6,7,0,48,4
1991,NYA,AL,nokesma01,Matt Nokes,135,115,135,130,0,130,0,0,0,0,0,0,0,0,3,19,0
1991,SDN,NL,nolteer01,Eric Nolte,6,6,6,6,6,0,0,0,0,0,0,0,0,0,0,0,0
1991,TEX,AL,nolteer01,Eric Nolte,3,0,0,3,3,0,0,0,0,0,0,0,0,0,0,0,
1991,ML4,AL,nunezed01,Ed Nunez,23,0,0,23,23,0,0,0,0,0,0,0,0,0,0,0,
1991,HOU,NL,oberkke01,Ken Oberkfell,53,11,53,17,0,0,13,0,4,0,0,0,0,0,0,39,0
1991,NYN,NL,obriech01,Charlie O'Brien,69,56,69,67,0,67,0,0,0,0,0,0,0,0,0,2,0
1991,SEA,AL,obriepe03,Pete O'Brien,152,147,152,138,0,0,132,0,0,0,13,0,0,13,17,3,0
1991,LAN,NL,offerjo01,Jose Offerman,52,37,52,50,0,0,0,0,0,50,0,0,0,0,0,2,5
1991,LAN,NL,ojedabo01,Bob Ojeda,31,31,31,31,31,0,0,0,0,0,0,0,0,0,0,0,0
1991,ML4,AL,olandji01,Jim Olander,12,2,12,9,0,0,0,0,0,0,2,6,1,9,0,1,4
1991,TOR,AL,olerujo01,John Olerud,139,124,139,135,0,0,135,0,0,0,0,0,0,0,0,13,0
1991,SLN,NL,olivaom01,Omar Olivares,28,24,28,28,28,0,0,0,0,0,0,0,0,0,0,0,0
1991,SFN,NL,olivefr01,Francisco Oliveras,55,1,55,55,55,0,0,0,0,0,0,0,0,0,0,0,0
1991,CIN,NL,olivejo01,Joe Oliver,94,78,94,90,0,90,0,0,0,0,0,0,0,0,0,7,0
1991,BAL,AL,olsongr01,Gregg Olson,72,0,1,72,72,0,0,0,0,0,0,0,0,0,0,0,0
1991,ATL,NL,olsongr02,Greg Olson,133,113,133,127,0,127,0,0,0,0,0,0,0,0,0,7,0
1991,CIN,NL,oneilpa01,Paul O'Neill,152,145,152,150,0,0,0,0,0,0,0,0,150,150,0,5,0
1991,SLN,NL,oquenjo01,Jose Oquendo,127,124,127,127,1,0,3,118,0,22,0,0,0,0,0,0,0
1991,CLE,AL,oroscje01,Jesse Orosco,47,0,0,47,47,0,0,0,0,0,0,0,0,0,0,0,
1991,BAL,AL,orsuljo01,Joe Orsulak,143,118,143,132,0,0,0,0,0,0,85,1,67,132,0,16,5
1991,HOU,NL,ortizja01,Javier Ortiz,47,18,47,24,0,0,0,0,0,0,15,0,11,24,0,26,0
1991,MIN,AL,ortizju01,Junior Ortiz,61,41,61,60,0,60,0,0,0,0,0,0,0,0,0,1,0
1991,CAL,AL,ortonjo01,John Orton,29,22,29,28,0,28,0,0,0,0,0,0,0,0,0,0,1
1991,HOU,NL,osunaal01,Al Osuna,71,0,71,71,71,0,0,0,0,0,0,0,0,0,0,0,0
1991,MIN,AL,paglimi01,Mike Pagliarulo,121,112,121,118,0,0,0,1,118,0,0,0,0,0,0,6,0
1991,SLN,NL,pagnoto01,Tom Pagnozzi,140,133,140,139,0,139,3,0,0,0,0,0,0,0,0,2,1
1991,PIT,NL,palacvi01,Vicente Palacios,36,7,36,36,36,0,0,0,0,0,0,0,0,0,0,0,0
1991,TEX,AL,palmede01,Dean Palmer,81,73,81,75,0,0,0,0,50,0,29,0,0,29,4,5,1
1991,TEX,AL,palmera01,Rafael Palmeiro,159,154,159,157,0,0,157,0,0,0,0,0,0,0,2,4,0
1991,CHN,NL,pappaer01,Erik Pappas,7,4,7,6,0,6,0,0,0,0,0,0,0,0,0,1,0
1991,DET,AL,paredjo01,Johnny Paredes,16,4,16,9,0,0,0,7,1,1,0,0,0,0,0,2,7
1991,TEX,AL,parenma01,Mark Parent,3,0,3,3,0,3,0,0,0,0,0,0,0,0,0,0,0
1991,CAL,AL,parkeda01,Dave Parker,119,119,119,0,0,0,0,0,0,0,0,0,0,0,119,0,0
1991,TOR,AL,parkeda01,Dave Parker,13,10,13,0,0,0,0,0,0,0,0,0,0,0,10,3,0
1991,SFN,NL,parkeri01,Rick Parker,13,1,13,4,0,0,0,0,0,0,4,1,0,4,0,9,2
1991,ATL,NL,parreje01,Jeff Parrett,18,0,18,18,18,0,0,0,0,0,0,0,0,0,0,0,0
1991,CAL,AL,parrila02,Lance Parrish,119,108,119,113,0,111,3,0,0,0,0,0,0,0,5,5,0
1991,CHA,AL,pasquda01,Dan Pasqua,134,114,134,118,0,0,83,0,0,0,10,0,51,59,6,16,0
1991,PIT,NL,pattebo01,Bob Patterson,54,1,54,54,54,0,0,0,0,0,0,0,0,0,0,0,0
1991,CHA,AL,patteke01,Ken Patterson,43,0,0,43,43,0,0,0,0,0,0,0,0,0,0,0,
1991,CHN,NL,pavlada01,Dave Pavlas,1,0,1,1,1,0,0,0,0,0,0,0,0,0,0,0,0
1991,KCA,AL,pecotbi01,Bill Pecota,125,105,125,122,1,0,8,34,102,9,1,0,0,1,0,7,3
1991,KCA,AL,pedrejo01,Jorge Pedre,10,7,10,10,0,9,1,0,0,0,0,0,0,0,0,0,0
1991,ATL,NL,pendlte01,Terry Pendleton,153,148,153,149,0,0,0,0,149,0,0,0,0,0,0,5,0
1991,CHA,AL,perezme01,Melido Perez,49,0,0,49,49,0,0,0,0,0,0,0,0,0,0,0,
1991,SLN,NL,perezmi01,Mike Perez,14,0,14,14,14,0,0,0,0,0,0,0,0,0,0,0,0
1991,NYA,AL,perezpa01,Pascual Perez,14,0,0,14,14,0,0,0,0,0,0,0,0,0,0,0,
1991,SFN,NL,perezto02,Tony Perezchica,23,10,23,18,0,0,0,6,0,13,0,0,0,0,0,4,2
1991,CLE,AL,perezto02,Tony Perezchica,17,3,17,11,0,0,0,2,3,6,0,0,0,0,0,5,4
1991,CHN,NL,perezyo01,Yorkis Perez,3,0,3,3,3,0,0,0,0,0,0,0,0,0,0,0,0
1991,SLN,NL,perryge01,Gerald Perry,109,50,109,66,0,0,61,0,0,0,4,0,1,5,0,48,2
1991,SDN,NL,peterad01,Adam Peterson,13,11,13,13,13,0,0,0,0,0,0,0,0,0,0,0,0
1991,TEX,AL,petkoma01,Mark Petkovsek,4,0,0,4,4,0,0,0,0,0,0,0,0,0,0,0,
1991,TEX,AL,petrage01,Geno Petralli,87,50,87,72,0,66,0,0,7,0,0,0,0,0,2,27,0
1991,DET,AL,petryda01,Dan Petry,17,0,0,17,17,0,0,0,0,0,0,0,0,0,0,0,
1991,ATL,NL,petryda01,Dan Petry,10,0,10,10,10,0,0,0,0,0,0,0,0,0,0,0,0
1991,BOS,AL,petryda01,Dan Petry,13,0,0,13,13,0,0,0,0,0,0,0,0,0,0,0,
1991,TEX,AL,pettiga01,Gary Pettis,137,73,137,126,0,0,0,0,0,0,0,126,0,126,0,10,15
1991,DET,AL,phillto02,Tony Phillips,146,138,146,126,0,0,0,36,46,13,25,9,23,56,17,8,0
1991,MON,NL,piattdo01,Doug Piatt,21,0,21,21,21,0,0,0,0,0,0,0,0,0,0,0,0
1991,BOS,AL,plantph01,Phil Plantier,53,40,53,40,0,0,0,0,0,0,17,0,26,40,4,10,1
1991,ML4,AL,plesada01,Dan Plesac,45,0,0,45,45,0,0,0,0,0,0,0,0,0,0,0,
1991,NYA,AL,plunker01,Eric Plunk,43,0,0,43,43,0,0,0,0,0,0,0,0,0,0,0,
1991,BOS,AL,plympje01,Jeff Plympton,4,0,0,4,4,0,0,0,0,0,0,0,0,0,0,0,
1991,CAL,AL,polonlu01,Luis Polonia,150,145,150,143,0,0,0,0,0,0,143,1,0,143,4,5,0
1991,TEX,AL,pooleji02,Jim Poole,5,0,1,5,5,0,0,0,0,0,0,0,0,0,0,0,0
1991,BAL,AL,pooleji02,Jim Poole,24,0,0,24,24,0,0,0,0,0,0,0,0,0,0,0,
1991,HOU,NL,portuma01,Mark Portugal,33,27,33,32,32,0,0,0,0,0,0,0,0,0,0,0,1
1991,SEA,AL,powelal01,Alonzo Powell,57,27,57,45,0,0,7,0,0,0,24,6,14,40,1,14,7
1991,CIN,NL,powerte01,Ted Power,68,0,68,68,68,0,0,0,0,0,0,0,0,0,0,0,0
1991,SDN,NL,preslji01,Jim Presley,20,16,20,16,0,0,0,0,16,0,0,0,0,0,0,4,0
1991,PIT,NL,princto01,Tom Prince,26,8,26,20,0,19,1,0,0,0,0,0,0,0,0,6,0
1991,MIN,AL,puckeki01,Kirby Puckett,152,152,152,152,0,0,0,0,0,0,0,144,19,152,0,0,0
1991,KCA,AL,pulliha01,Harvey Pulliam,18,10,18,15,0,0,0,0,0,0,11,0,5,15,0,3,1
1991,CIN,NL,quinolu01,Luis Quinones,97,41,97,55,0,0,0,33,19,5,0,0,0,0,0,43,0
1991,BOS,AL,quintca01,Carlos Quintana,149,121,149,143,0,0,138,0,0,0,1,0,12,13,0,18,0
1991,OAK,AL,quirkja01,Jamie Quirk,76,54,76,63,0,54,8,0,1,0,0,0,0,0,0,17,0
1991,CHA,AL,radinsc01,Scott Radinsky,67,0,0,67,67,0,0,0,0,0,0,0,0,0,0,0,
1991,CHA,AL,raineti01,Tim Raines,155,150,155,133,0,0,0,0,0,0,133,1,1,133,19,5,0
1991,HOU,NL,ramirra01,Rafael Ramirez,101,45,101,70,0,0,0,27,2,45,0,0,0,0,0,45,0
1991,NYA,AL,ramosjo01,John Ramos,10,8,10,5,0,5,0,0,0,0,0,0,0,0,3,2,0
1991,ML4,AL,randowi01,Willie Randolph,124,110,124,121,0,0,0,121,0,0,0,0,0,0,2,8,1
1991,SDN,NL,rasmude01,Dennis Rasmussen,25,24,25,24,24,0,0,0,0,0,0,0,0,0,0,1,0
1991,PHI,NL,readyra01,Randy Ready,76,54,76,66,0,0,0,66,0,0,0,0,0,0,0,20,0
1991,BOS,AL,reardje01,Jeff Reardon,57,0,1,57,57,0,0,0,0,0,0,0,0,0,0,0,0
1991,PIT,NL,redfijo01,Joe Redfield,11,5,11,9,0,0,0,0,9,0,0,0,0,0,0,3,1
1991,PIT,NL,redusga01,Gary Redus,98,56,98,74,0,0,47,0,0,0,11,12,11,33,0,36,2
1991,TEX,AL,reimeke01,Kevin Reimer,136,104,136,66,0,0,0,0,0,0,61,0,6,66,48,31,0
1991,SFN,NL,remlimi01,Mike Remlinger,8,6,8,8,8,0,0,0,0,0,0,0,0,0,0,0,0
1991,CHN,NL,renfrla01,Laddie Renfroe,4,0,4,4,4,0,0,0,0,0,0,0,0,0,0,0,0
1991,SFN,NL,reuscri01,Rick Reuschel,4,1,4,4,4,0,0,0,0,0,0,0,0,0,0,0,0
1991,MON,NL,reyesgi01,Gil Reyes,83,63,83,80,0,80,0,0,0,0,0,0,0,0,0,3,0
1991,ATL,NL,reynoar02,Armando Reynoso,6,5,6,6,6,0,0,0,0,0,0,0,0,0,0,0,0
1991,SEA,AL,reynoha01,Harold Reynolds,161,159,161,159,0,0,0,159,0,0,0,0,0,0,1,2,0
1991,BAL,AL,rhodear01,Arthur Rhodes,8,0,0,8,8,0,0,0,0,0,0,0,0,0,0,0,
1991,HOU,NL,rhodeka01,Tuffy Rhodes,44,40,44,44,0,0,0,0,0,0,0,0,44,44,0,3,0
1991,PIT,NL,richaje01,Jeff Richardson,6,0,6,5,0,0,0,0,3,2,0,0,0,0,0,1,1
1991,MON,NL,riesgni01,Nikco Riesgo,4,2,4,2,0,0,0,0,0,0,0,0,2,2,0,2,0
1991,SFN,NL,righeda01,Dave Righetti,61,0,61,61,61,0,0,0,0,0,0,0,0,0,0,0,0
1991,OAK,AL,rileser01,Ernie Riles,108,75,108,93,0,0,5,7,69,20,0,0,0,0,0,32,0
1991,BAL,AL,ripkebi01,Billy Ripken,104,98,104,103,0,0,0,103,0,0,0,0,0,0,0,0,1
1991,BAL,AL,ripkeca01,Cal Ripken,162,162,162,162,0,0,0,0,0,162,0,0,0,0,0,0,0
1991,PHI,NL,ritchwa01,Wally Ritchie,39,0,39,39,39,0,0,0,0,0,0,0,0,0,0,0,0
1991,BOS,AL,riverlu01,Luis Rivera,129,128,129,129,0,0,0,0,0,129,0,0,0,0,0,0,0
1991,SDN,NL,roberbi01,Bip Roberts,117,105,117,110,0,0,0,68,0,0,19,29,0,46,0,9,1
1991,SFN,NL,robindo01,Don Robinson,35,16,35,34,34,0,0,0,0,0,0,0,0,0,0,2,0
1991,CAL,AL,robinje01,Jeff Robinson,39,0,0,39,39,0,0,0,0,0,0,0,0,0,0,0,
1991,BAL,AL,robinje02,Jeff Robinson,21,0,0,21,21,0,0,0,0,0,0,0,0,0,0,0,
1991,ML4,AL,robinro01,Ron Robinson,1,0,0,1,1,0,0,0,0,0,0,0,0,0,0,0,
1991,NYA,AL,rodrica01,Carlos Rodriguez,15,9,15,14,0,0,0,3,0,11,0,0,0,0,0,2,1
1991,TEX,AL,rodriiv01,Ivan Rodriguez,88,81,88,88,0,88,0,0,0,0,0,0,0,0,0,2,0
1991,SDN,NL,rodriri02,Rich Rodriguez,65,1,65,64,64,0,0,0,0,0,0,0,0,0,0,0,1
1991,PIT,NL,rodriro02,Rosario Rodriguez,18,0,18,18,18,0,0,0,0,0,0,0,0,0,0,0,0
1991,TEX,AL,rogerke01,Kenny Rogers,63,0,1,63,63,0,0,0,0,0,0,0,0,0,0,0,0
1991,HOU,NL,rohdeda01,Dave Rohde,29,5,29,11,0,0,1,4,3,3,0,0,0,0,0,21,0
1991,MON,NL,rojasme01,Mel Rojas,37,0,37,37,37,0,0,0,0,0,0,0,0,0,0,0,0
1991,BOS,AL,rominke01,Kevin Romine,44,9,44,23,0,0,0,0,0,0,9,4,11,23,0,8,16
1991,SDN,NL,rosenst01,Steve Rosenberg,10,0,10,10,10,0,0,0,0,0,0,0,0,0,0,0,0
1991,TEX,AL,rosenwa01,Wayne Rosenthal,36,0,1,36,36,0,0,0,0,0,0,0,0,0,0,0,0
1991,ATL,NL,rossyri01,Rico Rossy,5,0,5,1,0,0,0,0,0,1,0,0,0,0,0,1,3
1991,DET,AL,rowlari01,Rich Rowland,4,1,4,2,0,2,0,0,0,0,0,0,0,0,1,2,0
1991,SLN,NL,royerst01,Stan Royer,9,4,9,5,0,0,0,0,5,0,0,0,0,0,0,4,1
1991,PHI,NL,ruffibr01,Bruce Ruffin,31,15,31,31,31,0,0,0,0,0,0,0,0,0,0,0,0
1991,MON,NL,ruskisc01,Scott Ruskin,64,0,64,64,64,0,0,0,0,0,0,0,0,0,0,0,0
1991,TEX,AL,russeje01,Jeff Russell,68,0,1,68,68,0,0,0,0,0,0,0,0,0,0,0,0
1991,TEX,AL,russejo02,John Russell,22,5,22,12,0,5,0,0,0,0,6,0,2,8,0,9,2
1991,KCA,AL,saberbr01,Bret Saberhagen,28,0,0,28,28,0,0,0,0,0,0,0,0,0,0,0,
1991,DET,AL,salasma01,Mark Salas,33,10,33,16,0,11,5,0,0,0,0,0,0,0,8,18,0
1991,CHN,NL,salazlu01,Luis Salazar,103,82,103,93,0,0,7,0,86,0,1,0,0,1,0,13,1
1991,MON,NL,sampebi01,Bill Sampen,43,8,43,43,43,0,0,0,0,0,0,0,0,0,0,0,0
1991,LAN,NL,samueju01,Juan Samuel,153,151,153,153,0,0,0,153,0,0,0,0,0,0,0,2,0
1991,CHN,NL,sanchre01,Rey Sanchez,13,8,13,12,0,0,0,2,0,10,0,0,0,0,0,1,0
1991,CHN,NL,sandbry01,Ryne Sandberg,158,154,158,157,0,0,0,157,0,0,0,0,0,0,0,3,0
1991,ATL,NL,sandede02,Deion Sanders,54,26,54,44,0,0,0,0,0,0,41,5,1,44,0,4,13
1991,CIN,NL,sandere02,Reggie Sanders,9,9,9,9,0,0,0,0,0,0,0,9,0,9,0,0,0
1991,NYA,AL,sandesc01,Scott Sanderson,34,0,0,34,34,0,0,0,0,0,0,0,0,0,0,0,
1991,CIN,NL,sanfomo01,Mo Sanford,5,5,5,5,5,0,0,0,0,0,0,0,0,0,0,0,0
1991,SDN,NL,santibe01,Benito Santiago,152,148,152,151,0,151,0,0,0,0,1,0,0,1,0,2,0
1991,MON,NL,santone01,Nelson Santovenia,41,20,41,37,0,30,7,0,0,0,0,0,0,0,0,10,0
1991,NYN,NL,sassema01,Mackey Sasser,96,52,96,68,0,43,10,0,0,0,7,0,14,21,0,41,0
1991,NYN,NL,sauveri01,Rich Sauveur,6,0,6,6,6,0,0,0,0,0,0,0,0,0,0,0,0
1991,CHN,NL,scanlbo01,Bob Scanlan,40,13,40,40,40,0,0,0,0,0,0,0,0,0,0,0,0
1991,SEA,AL,schaeje01,Jeff Schaefer,84,45,84,81,0,0,0,11,30,46,0,0,0,0,0,3,7
1991,KCA,AL,schatda01,Dan Schatzeder,8,0,0,8,8,0,0,0,0,0,0,0,0,0,0,0,
1991,HOU,NL,schilcu01,Curt Schilling,56,0,56,56,56,0,0,0,0,0,0,0,0,0,0,0,0
1991,TEX,AL,schirca01,Calvin Schiraldi,3,0,0,3,3,0,0,0,0,0,0,0,0,0,0,0,
1991,MON,NL,schmida01,Dave Schmidt,4,0,4,4,4,0,0,0,0,0,0,0,0,0,0,0,0
1991,CAL,AL,schofdi02,Dick Schofield,134,128,134,133,0,0,0,0,0,133,0,0,0,0,0,3,1
1991,SEA,AL,schoomi01,Mike Schooler,34,0,1,34,34,0,0,0,0,0,0,0,0,0,0,0,0
1991,NYN,NL,schoupe01,Pete Schourek,35,8,35,35,35,0,0,0,0,0,0,0,0,0,0,0,0
1991,PIT,NL,schulje01,Jeff Schulz,3,0,3,0,0,0,0,0,0,0,0,0,0,0,0,3,0
1991,LAN,NL,sciosmi01,Mike Scioscia,119,104,119,115,0,115,0,0,0,0,0,0,0,0,0,9,0
1991,CIN,NL,scottdo01,Donnie Scott,10,4,10,8,0,8,0,0,0,0,0,0,0,0,0,2,0
1991,CHN,NL,scottga01,Gary Scott,31,27,31,31,0,0,0,0,31,0,0,0,0,0,0,0,0
1991,HOU,NL,scottmi03,Mike Scott,2,2,2,2,2,0,0,0,0,0,0,0,0,0,0,0,0
1991,SDN,NL,scottti01,Tim Scott,2,0,2,2,2,0,0,0,0,0,0,0,0,0,0,0,0
1991,TEX,AL,scrugto01,Tony Scruggs,5,1,5,5,0,0,0,0,0,0,5,1,0,5,0,1,2
1991,CIN,NL,scuddsc01,Scott Scudder,27,14,27,27,27,0,0,0,0,0,0,0,0,0,0,0,0
1991,CLE,AL,seaneru01,Rudy Seanez,5,0,0,5,5,0,0,0,0,0,0,0,0,0,0,0,
1991,PHI,NL,searcst01,Steve Searcy,18,0,18,18,18,0,0,0,0,0,0,0,0,0,0,0,0
1991,DET,AL,searcst01,Steve Searcy,16,0,0,16,16,0,0,0,0,0,0,0,0,0,0,0,
1991,BAL,AL,seguida01,David Segui,86,48,86,65,0,0,42,0,0,0,28,0,5,33,0,26,0
1991,SFN,NL,segurjo01,Jose Segura,11,0,11,11,11,0,0,0,0,0,0,0,0,0,0,0,0
1991,KCA,AL,seitzke01,Kevin Seitzer,85,55,85,68,0,0,0,0,68,0,0,0,0,0,0,23,1
1991,HOU,NL,servasc01,Scott Servais,16,10,16,14,0,14,0,0,0,0,0,0,0,0,0,2,0
1991,LAN,NL,sharpmi01,Mike Sharperson,105,57,105,89,0,0,10,5,68,16,0,0,0,0,0,28,3
1991,ML4,AL,sheffga01,Gary Sheffield,50,48,50,43,0,0,0,0,43,0,0,0,0,0,5,1,1
1991,DET,AL,shelbjo01,John Shelby,53,36,53,47,0,0,0,0,0,0,26,26,3,47,1,7,5
1991,NYA,AL,sheripa01,Pat Sheridan,62,22,62,34,0,0,0,0,0,0,3,6,26,34,1,31,2
1991,SLN,NL,sherrti01,Tim Sherrill,10,0,10,10,10,0,0,0,0,0,0,0,0,0,0,0,0
1991,SDN,NL,shiplcr01,Craig Shipley,37,25,37,32,0,0,0,14,0,19,0,0,0,0,0,4,2
1991,KCA,AL,shumpte01,Terry Shumpert,144,125,144,144,0,0,0,144,0,0,0,0,0,0,0,0,5
1991,TEX,AL,sierrru01,Ruben Sierra,161,160,161,161,0,0,0,0,0,0,0,3,161,161,0,1,0
1991,HOU,NL,simmsmi01,Mike Simms,49,38,49,41,0,0,0,0,0,0,1,0,41,41,0,10,0
1991,NYN,NL,simondo01,Doug Simons,42,1,42,42,42,0,0,0,0,0,0,0,0,0,0,0,0
1991,SEA,AL,sinatma01,Matt Sinatro,5,2,5,5,0,5,0,0,0,0,0,0,0,0,0,0,1
1991,CLE,AL,skinnjo01,Joel Skinner,99,90,99,99,0,99,0,0,0,0,0,0,0,0,0,0,0
1991,PIT,NL,slaugdo01,Don Slaught,77,53,77,70,0,69,0,0,1,0,0,0,0,0,0,16,0
1991,CHN,NL,slocuhe01,Heathcliff Slocumb,52,0,52,52,52,0,0,0,0,0,0,0,0,0,0,0,0
1991,OAK,AL,slusajo01,Joe Slusarski,20,0,1,20,20,0,0,0,0,0,0,0,0,0,0,0,0
1991,PIT,NL,smilejo01,John Smiley,33,32,33,33,33,0,0,0,0,0,0,0,0,0,0,0,0
1991,SLN,NL,smithbr01,Bryn Smith,31,31,31,31,31,0,0,0,0,0,0,0,0,0,0,0,0
1991,CHN,NL,smithda02,Dave Smith,35,0,35,35,35,0,0,0,0,0,0,0,0,0,0,0,0
1991,CHN,NL,smithdw01,Dwight Smith,90,35,90,42,0,0,0,0,0,0,5,13,28,42,0,50,0
1991,LAN,NL,smithgr01,Greg Smith,5,0,5,1,0,0,0,1,0,0,0,0,0,0,0,4,1
1991,SLN,NL,smithle02,Lee Smith,67,0,67,67,67,0,0,0,0,0,0,0,0,0,0,0,0
1991,ATL,NL,smithlo01,Lonnie Smith,122,98,122,99,0,0,0,0,0,0,99,0,0,99,0,24,0
1991,SLN,NL,smithoz01,Ozzie Smith,150,148,150,150,0,0,0,0,0,150,0,0,0,0,0,0,1
1991,ATL,NL,smithpe02,Pete Smith,14,10,14,14,14,0,0,0,0,0,0,0,0,0,0,0,0
1991,BAL,AL,smithro01,Roy Smith,17,0,0,17,17,0,0,0,0,0,0,0,0,0,0,0,
1991,PIT,NL,smithza01,Zane Smith,36,35,36,35,35,0,0,0,0,0,0,0,0,0,0,1,0
1991,ATL,NL,smoltjo01,John Smoltz,38,36,38,36,36,0,0,0,0,0,0,0,0,0,0,0,2
1991,TOR,AL,snydeco02,Cory Snyder,21,10,21,21,0,0,4,0,3,0,0,0,14,14,0,5,0
1991,CHA,AL,snydeco02,Cory Snyder,50,29,50,44,0,0,18,0,0,0,13,0,17,29,0,11,0
1991,MIN,AL,sorrepa01,Paul Sorrento,26,9,26,13,0,0,13,0,0,0,0,0,0,0,2,13,0
1991,KCA,AL,spehrti01,Tim Spehr,37,27,37,37,0,37,0,0,0,0,0,0,0,0,0,1,1
1991,ML4,AL,spierbi01,Bill Spiers,133,125,133,128,0,0,0,0,0,128,0,1,0,1,0,1,6
1991,TOR,AL,spraged02,Ed Sprague,61,51,61,59,0,2,22,0,35,0,0,0,0,0,2,1,0
1991,TEX,AL,stanlmi02,Mike Stanley,95,44,95,74,0,58,12,0,6,0,1,0,0,1,1,36,0
1991,ATL,NL,stantmi02,Mike Stanton,74,0,74,74,74,0,0,0,0,0,0,0,0,0,0,0,0
1991,ATL,NL,stclara01,Randy St. Claire,19,0,19,19,19,0,0,0,0,0,0,0,0,0,0,0,0
1991,OAK,AL,steinte01,Terry Steinbach,129,115,129,124,0,117,9,0,0,0,0,0,0,0,1,9,0
1991,SDN,NL,stephph01,Phil Stephenson,11,0,11,0,0,0,0,0,0,0,0,0,0,0,0,11,0
1991,SLN,NL,stephra01,Ray Stephens,6,2,6,6,0,6,0,0,0,0,0,0,0,0,0,0,0
1991,CAL,AL,stevele01,Lee Stevens,18,18,18,18,0,0,11,0,0,0,1,0,8,9,0,0,0
1991,OAK,AL,stewada01,Dave Stewart,35,0,0,35,35,0,0,0,0,0,0,0,0,0,0,0,
1991,TOR,AL,stiebda01,Dave Stieb,9,0,0,9,9,0,0,0,0,0,0,0,0,0,0,0,
1991,KCA,AL,stillku01,Kurt Stillwell,122,98,122,118,0,0,0,0,0,118,0,0,0,0,0,20,0
1991,TOR,AL,stottto01,Todd Stottlemyre,34,0,0,34,34,0,0,0,0,0,0,0,0,0,0,0,
1991,CHN,NL,strando01,Doug Strange,3,3,3,3,0,0,0,0,3,0,0,0,0,0,0,0,0
1991,LAN,NL,strawda01,Darryl Strawberry,139,136,139,136,0,0,0,0,0,0,0,0,136,136,0,3,0
1991,ML4,AL,stubbfr01,Franklin Stubbs,103,95,103,96,0,0,92,0,0,0,4,0,0,4,3,5,1
1991,ML4,AL,surhobj01,B. J. Surhoff,143,125,143,130,0,127,0,1,5,0,0,1,1,2,5,12,3
1991,CHN,NL,sutclri01,Rick Sutcliffe,20,18,20,19,19,0,0,0,0,0,0,0,0,0,0,1,0
1991,CIN,NL,sutkogl01,Glenn Sutko,10,3,10,9,0,9,0,0,0,0,0,0,0,0,0,1,0
1991,ML4,AL,sveumda01,Dale Sveum,90,75,90,84,0,0,0,2,38,51,0,0,0,0,3,7,1
1991,SEA,AL,swiftbi02,Bill Swift,71,0,3,71,71,0,0,0,0,0,0,0,0,0,0,0,0
1991,CLE,AL,swindgr01,Greg Swindell,33,0,0,33,33,0,0,0,0,0,0,0,0,0,0,0,
1991,TOR,AL,tablepa01,Pat Tabler,82,48,82,21,0,0,20,0,0,0,1,0,0,1,29,33,0
1991,BAL,AL,tackeje01,Jeff Tackett,6,3,6,6,0,6,0,0,0,0,0,0,0,0,0,0,0
1991,DET,AL,tananfr01,Frank Tanana,33,0,1,33,33,0,0,0,0,0,0,0,0,0,0,0,0
1991,MIN,AL,tapanke01,Kevin Tapani,34,0,0,34,34,0,0,0,0,0,0,0,0,0,0,0,
1991,KCA,AL,tartada01,Danny Tartabull,132,130,132,124,0,0,0,0,0,0,0,0,124,124,6,2,0
1991,CLE,AL,taubeed01,Ed Taubensee,26,20,26,25,0,25,0,0,0,0,0,0,0,0,0,2,0
1991,NYA,AL,taylowa01,Wade Taylor,23,0,0,23,23,0,0,0,0,0,0,0,0,0,0,0,
1991,BAL,AL,telfoan01,Anthony Telford,9,0,0,9,9,0,0,0,0,0,0,0,0,0,0,0,
1991,NYN,NL,templga01,Garry Templeton,80,50,80,66,0,0,25,0,2,40,0,0,2,2,0,18,2
1991,SDN,NL,templga01,Garry Templeton,32,8,32,16,0,0,0,0,15,1,0,0,0,0,0,20,0
1991,DET,AL,terrewa01,Walt Terrell,35,0,0,35,35,0,0,0,0,0,0,0,0,0,0,0,
1991,SLN,NL,terrysc01,Scott Terry,65,0,65,65,65,0,0,0,0,0,0,0,0,0,0,0,0
1991,DET,AL,tettlmi01,Mickey Tettleton,154,139,154,127,0,125,1,0,0,0,2,0,1,3,23,14,0
1991,SDN,NL,teufeti01,Tim Teufel,97,88,97,93,0,0,0,65,48,0,0,0,0,0,0,6,0
1991,NYN,NL,teufeti01,Tim Teufel,20,7,20,12,0,0,6,1,5,0,0,0,0,0,0,10,0
1991,SLN,NL,tewksbo01,Bob Tewksbury,30,30,30,30,30,0,0,0,0,0,0,0,0,0,0,0,0
1991,CHA,AL,thigpbo01,Bobby Thigpen,67,0,0,67,67,0,0,0,0,0,0,0,0,0,0,0,
1991,CHA,AL,thomafr04,Frank Thomas,158,157,158,56,0,0,56,0,0,0,0,0,0,0,101,1,0
1991,CLE,AL,thomeji01,Jim Thome,27,27,27,27,0,0,0,0,27,0,0,0,0,0,0,0,0
1991,SLN,NL,thompmi02,Milt Thompson,115,76,115,91,0,0,0,0,0,0,72,12,11,91,0,34,1
1991,SFN,NL,thompro01,Robby Thompson,144,142,144,144,0,0,0,144,0,0,0,0,0,0,0,0,1
1991,KCA,AL,thurmga01,Gary Thurman,80,44,80,72,0,0,0,0,0,0,39,9,29,72,0,5,16
1991,TOR,AL,timlimi01,Mike Timlin,63,0,0,63,63,0,0,0,0,0,0,0,0,0,0,0,
1991,CAL,AL,tinglro01,Ron Tingley,45,38,45,45,0,45,0,0,0,0,0,0,0,0,0,0,0
1991,HOU,NL,tolenjo01,Jose Tolentino,44,5,44,11,0,0,10,0,0,0,1,0,0,1,0,35,0
1991,PIT,NL,tomlira01,Randy Tomlin,32,27,32,31,31,0,0,0,0,0,0,0,0,0,0,0,1
1991,NYN,NL,torveke01,Kelvin Torve,10,0,10,1,0,0,1,0,0,0,0,0,0,0,0,10,0
1991,DET,AL,trammal01,Alan Trammell,101,94,101,92,0,0,0,0,0,92,0,0,0,0,5,6,0
1991,ATL,NL,treadje01,Jeff Treadway,106,85,106,93,0,0,0,93,0,0,0,0,0,0,0,16,0
1991,BAL,AL,turnesh01,Shane Turner,4,0,4,1,0,0,0,1,0,0,0,0,0,0,0,1,2
1991,SFN,NL,uribejo01,Jose Uribe,90,75,90,87,0,0,0,0,0,87,0,0,0,0,0,1,6
1991,CLE,AL,valdeef01,Efrain Valdez,7,0,0,7,7,0,0,0,0,0,0,0,0,0,0,0,
1991,CLE,AL,valdese01,Sergio Valdez,6,0,0,6,6,0,0,0,0,0,0,0,0,0,0,0,
1991,CAL,AL,valenfe01,Fernando Valenzuela,2,0,0,2,2,0,0,0,0,0,0,0,0,0,0,0,
1991,NYN,NL,valerju01,Julio Valera,2,0,2,2,2,0,0,0,0,0,0,0,0,0,0,0,0
1991,SEA,AL,valleda01,Dave Valle,132,106,132,131,0,129,2,0,0,0,0,0,0,0,0,5,2
1991,MON,NL,vandejo02,John Vander Wal,21,17,21,17,0,0,0,0,0,0,17,0,0,17,0,4,0
1991,OAK,AL,vanpoto01,Todd Van Poppel,1,0,0,1,1,0,0,0,0,0,0,0,0,0,0,0,
1991,PIT,NL,vanslan01,Andy Van Slyke,138,129,138,135,0,0,0,0,0,0,0,135,0,135,0,6,0
1991,PIT,NL,varshga01,Gary Varsho,99,46,99,57,0,0,3,0,0,0,5,5,45,54,0,43,3
1991,SDN,NL,vatchji01,Jim Vatcher,17,3,17,11,0,0,0,0,0,0,2,0,9,11,0,9,0
1991,ML4,AL,vaughgr01,Greg Vaughn,145,140,145,135,0,0,0,0,0,0,135,0,1,135,10,3,1
1991,BOS,AL,vaughmo01,Mo Vaughn,74,63,74,49,0,0,49,0,0,0,0,0,0,0,16,10,0
1991,NYA,AL,velarra01,Randy Velarde,80,50,80,76,0,0,0,0,50,31,2,0,0,2,0,8,3
1991,CAL,AL,venabma01,Max Venable,82,44,82,65,0,0,0,0,0,0,13,27,30,65,0,19,8
1991,CHA,AL,venturo01,Robin Ventura,157,153,157,156,0,0,31,0,151,0,0,0,0,0,0,3,0
1991,CHN,NL,villahe01,Hector Villanueva,71,52,71,57,0,55,6,0,0,0,0,0,0,0,0,15,0
1991,NYN,NL,violafr01,Frank Viola,35,35,35,35,35,0,0,0,0,0,0,0,0,0,0,0,0
1991,CHN,NL,vizcajo01,Jose Vizcaino,93,30,93,90,0,0,0,9,57,33,0,0,0,0,0,7,4
1991,SEA,AL,vizquom01,Omar Vizquel,142,123,142,139,0,0,0,1,0,138,0,0,0,0,0,8,5
1991,KCA,AL,wagnehe02,Hector Wagner,2,0,0,2,2,0,0,0,0,0,0,0,0,0,0,0,
1991,MON,NL,wainhda01,Dave Wainhouse,2,0,2,2,2,0,0,0,0,0,0,0,0,0,0,0,0
1991,CHA,AL,wakamdo01,Don Wakamatsu,18,9,18,18,0,18,0,0,0,0,0,0,0,0,0,1,0
1991,CHN,NL,walkech01,Chico Walker,124,80,124,97,0,0,0,6,57,0,20,36,8,53,0,38,0
1991,MON,NL,walkela01,Larry Walker,137,129,137,134,0,0,39,0,0,0,0,4,100,102,0,3,0
1991,CLE,AL,walkemi01,Mike Walker,5,0,0,5,5,0,0,0,0,0,0,0,0,0,0,0,
1991,MON,NL,wallati01,Tim Wallach,151,150,151,150,0,0,0,0,150,0,0,0,0,0,0,1,0
1991,TEX,AL,wallide01,Denny Walling,24,9,24,18,0,0,0,0,14,0,3,0,2,5,0,10,0
1991,OAK,AL,waltobr01,Bruce Walton,12,0,0,12,12,0,0,0,0,0,0,0,0,0,0,0,
1991,CHN,NL,waltoje01,Jerome Walton,123,59,123,101,0,0,0,0,0,0,0,100,1,101,0,27,5
1991,CHA,AL,wapnist01,Steve Wapnick,6,0,0,6,6,0,0,0,0,0,0,0,0,0,0,0,
1991,MIN,AL,waynega01,Gary Wayne,8,0,1,8,8,0,0,0,0,0,0,0,0,0,0,0,0
1991,TOR,AL,weathda01,David Weathers,15,0,0,15,15,0,0,0,0,0,0,0,0,0,0,0,
1991,MIN,AL,webstle01,Lenny Webster,18,7,18,17,0,17,0,0,0,0,0,0,0,0,0,2,0
1991,PIT,NL,webstmi01,Mitch Webster,36,23,36,29,0,0,0,0,0,0,2,9,20,29,0,8,1
1991,LAN,NL,webstmi01,Mitch Webster,58,7,58,36,0,0,1,0,0,0,29,4,7,36,0,34,3
1991,CLE,AL,webstmi01,Mitch Webster,13,9,13,10,0,0,0,0,0,0,6,1,6,10,0,3,1
1991,BOS,AL,wedgeer01,Eric Wedge,1,0,1,0,0,0,0,0,0,0,0,0,0,0,0,1,0
1991,ML4,AL,wegmabi01,Bill Wegman,28,0,0,28,28,0,0,0,0,0,0,0,0,0,0,0,
1991,PIT,NL,wehnejo01,John Wehner,37,25,37,36,0,0,0,0,36,0,0,0,0,0,0,3,0
1991,OAK,AL,weisswa01,Walt Weiss,40,37,40,40,0,0,0,0,0,40,0,0,0,0,0,1,0
1991,OAK,AL,welchbo01,Bob Welch,36,0,1,35,35,0,0,0,0,0,0,0,0,0,0,0,1
1991,TOR,AL,wellsda01,David Wells,40,0,0,40,40,0,0,0,0,0,0,0,0,0,0,0,
1991,TOR,AL,westomi01,Mickey Weston,2,0,0,2,2,0,0,0,0,0,0,0,0,0,0,0,
1991,LAN,NL,wettejo01,John Wetteland,6,0,6,6,6,0,0,0,0,0,0,0,0,0,0,0,0
1991,DET,AL,whitalo01,Lou Whitaker,138,122,138,135,0,0,0,135,0,0,0,0,0,0,3,14,0
1991,TOR,AL,whitede03,Devon White,156,156,156,156,0,0,0,0,0,0,0,156,0,156,0,0,0
1991,TOR,AL,whitema01,Mark Whiten,46,39,46,42,0,0,0,0,0,0,0,0,42,42,0,5,0
1991,CLE,AL,whitema01,Mark Whiten,70,70,70,67,0,0,0,0,0,0,0,8,63,67,3,0,0
1991,NYN,NL,whitewa02,Wally Whitehurst,36,20,36,36,36,0,0,0,0,0,0,0,0,0,0,0,0
1991,SDN,NL,whitsed01,Ed Whitson,13,12,13,13,13,0,0,0,0,0,0,0,0,0,0,0,0
1991,BAL,AL,whitter01,Ernie Whitt,35,12,35,20,0,20,0,0,0,0,0,0,0,0,0,20,0
1991,PIT,NL,wilkecu01,Curt Wilkerson,85,37,85,55,0,0,0,30,14,15,0,0,0,0,0,37,1
1991,HOU,NL,wilkide01,Dean Wilkins,7,0,7,7,7,0,0,0,0,0,0,0,0,0,0,0,0
1991,CHN,NL,wilkiri01,Rick Wilkins,86,54,86,82,0,82,0,0,0,0,0,0,0,0,0,7,8
1991,ATL,NL,willaje01,Jerry Willard,17,1,17,1,0,1,0,0,0,0,0,0,0,0,0,16,0
1991,NYA,AL,willibe02,Bernie Williams,85,85,85,85,0,0,0,0,0,0,0,85,0,85,0,0,0
1991,HOU,NL,willibr01,Brian Williams,2,2,2,2,2,0,0,0,0,0,0,0,0,0,0,0,0
1991,MIN,AL,willica01,Carl Willis,40,0,0,40,40,0,0,0,0,0,0,0,0,0,0,0,
1991,TOR,AL,willike02,Ken Williams,13,7,13,9,0,0,0,0,0,0,1,1,8,9,0,1,4
1991,MON,NL,willike02,Ken Williams,34,17,34,24,0,0,0,0,0,0,9,4,12,24,0,9,3
1991,SFN,NL,willima04,Matt Williams,157,153,157,156,0,0,0,0,155,4,0,0,0,0,0,3,0
1991,BAL,AL,willima05,Mark Williamson,65,0,0,65,65,0,0,0,0,0,0,0,0,0,0,0,
1991,PHI,NL,willimi02,Mitch Williams,69,0,69,69,69,0,0,0,0,0,0,0,0,0,0,0,0
1991,TOR,AL,willsfr01,Frank Wills,4,0,0,4,4,0,0,0,0,0,0,0,0,0,0,0,
1991,SLN,NL,wilsocr01,Craig Wilson,60,6,60,23,0,0,4,3,12,0,5,0,0,5,0,43,2
1991,TOR,AL,wilsomo01,Mookie Wilson,86,60,86,41,0,0,0,0,0,0,36,5,0,41,21,10,15
1991,CHN,NL,wilsost01,Steve Wilson,9,0,9,8,8,0,0,0,0,0,0,0,0,0,0,0,1
1991,LAN,NL,wilsost01,Steve Wilson,11,0,11,11,11,0,0,0,0,0,0,0,0,0,0,0,0
1991,SFN,NL,wilsotr01,Trevor Wilson,48,29,48,44,44,0,0,0,0,0,0,0,0,0,0,0,4
1991,OAK,AL,wilsowi02,Willie Wilson,113,64,113,87,0,0,0,0,0,0,41,33,19,87,1,23,11
1991,CAL,AL,winfida01,Dave Winfield,150,149,150,115,0,0,0,0,0,0,0,0,115,115,34,1,0
1991,CIN,NL,winnihe01,Herm Winningham,98,31,98,66,0,0,0,0,0,0,11,56,1,66,0,36,5
1991,OAK,AL,witmero01,Ron Witmeyer,11,3,11,8,0,0,8,0,0,0,0,0,0,0,0,4,0
1991,ATL,NL,wohlema01,Mark Wohlers,17,0,17,17,17,0,0,0,0,0,0,0,0,0,0,0,0
1991,BAL,AL,worthcr01,Craig Worthington,31,30,31,30,0,0,0,0,30,0,0,0,0,0,0,1,0
1991,HOU,NL,yeldier01,Eric Yelding,78,67,78,72,0,0,0,0,0,72,0,3,1,4,0,7,1
1991,NYN,NL,youngan01,Anthony Young,10,8,10,10,10,0,0,0,0,0,0,0,0,0,0,0,0
1991,CAL,AL,youngcl01,Cliff Young,11,0,0,11,11,0,0,0,0,0,0,0,0,0,0,0,
1991,OAK,AL,youngcu01,Curt Young,41,0,1,41,41,0,0,0,0,0,0,0,0,0,0,0,0
1991,HOU,NL,youngge02,Gerald Young,108,21,108,84,0,0,0,0,0,0,6,78,2,84,0,29,19
1991,BOS,AL,youngma01,Matt Young,19,0,0,19,19,0,0,0,0,0,0,0,0,0,0,0,
1991,ML4,AL,yountro01,Robin Yount,130,129,130,117,0,0,0,0,0,0,0,117,0,117,13,1,0
1991,SLN,NL,zeileto01,Todd Zeile,155,154,155,154,0,0,0,0,154,0,0,0,0,0,0,1,0
1991,TOR,AL,zoskyed01,Eddie Zosky,18,6,18,18,0,0,0,0,0,18,0,0,0,0,0,1,0
1991,BOS,AL,zupcibo01,Bob Zupcic,18,4,18,16,0,0,0,0,0,0,3,7,6,16,0,2,1
1991,KCA,AL,zuvelpa01,Paul Zuvella,2,0,2,2,0,0,0,0,2,0,0,0,0,0,0,0,0
