1996,ATL,NL,dyeje01,Jermaine Dye,98,69,98,92,0,0,0,0,0,0,25,4,71,92,0,7,0
1996,NYA,AL,foxan01,Andy Fox,113,50,113,105,0,0,0,72,31,9,0,0,1,1,0,4,24
1996,TEX,AL,gilbe01,Benji Gil,5,2,5,5,0,0,0,0,0,5,0,0,0,0,0,0,0
1996,NYA,AL,keyji01,Jimmy Key,30,0,0,30,30,0,0,0,0,0,0,0,0,0,0,0,
1996,CAL,AL,mayda02,Darrell May,5,0,0,5,5,0,0,0,0,0,0,0,0,0,0,0,
1996,PIT,NL,mayda02,Darrell May,5,2,5,5,5,0,0,0,0,0,0,0,0,0,0,0,0
1996,HOU,NL,mayde01,Derrick May,109,66,109,71,0,0,0,0,0,0,70,0,3,71,0,42,0
1996,FLO,NL,nenro01,Robb Nen,75,0,75,75,75,0,0,0,0,0,0,0,0,0,0,0,0
1996,CLE,AL,roajo01,Joe Roa,1,0,0,1,1,0,0,0,0,0,0,0,0,0,0,0,
1996,BAL,AL,yanes01,Esteban Yan,4,0,0,4,4,0,0,0,0,0,0,0,0,0,0,0,
1996,OAK,AL,acrema01,Mark Acre,22,0,0,22,22,0,0,0,0,0,0,0,0,0,0,0,
1996,MON,NL,aloumo01,Moises Alou,143,141,143,142,0,0,0,0,0,0,33,7,123,142,0,1,0
1996,PIT,NL,auderi01,Rich Aude,7,4,7,4,0,0,4,0,0,0,0,0,0,0,0,3,0
1996,SFN,NL,beckro01,Rod Beck,63,0,63,63,63,0,0,0,0,0,0,0,0,0,0,0,0
1996,CIN,NL,belkti01,Tim Belk,7,4,7,6,0,0,6,0,0,0,0,0,0,0,0,2,0
1996,SLN,NL,bellda01,David Bell,62,39,62,59,0,0,0,20,45,1,0,0,0,0,0,7,0
1996,HOU,NL,bellde01,Derek Bell,158,156,158,157,0,0,0,0,0,0,0,2,157,157,0,1,0
1996,PIT,NL,bellja01,Jay Bell,151,143,151,151,0,0,0,0,0,151,0,0,0,0,0,1,0
1996,CHA,AL,bereja01,Jason Bere,5,0,0,5,5,0,0,0,0,0,0,0,0,0,0,0,
1996,ML4,AL,bozema01,Marshall Boze,25,0,0,25,25,0,0,0,0,0,0,0,0,0,0,0,
1996,TOR,AL,browsc01,Scott Brow,18,0,0,18,18,0,0,0,0,0,0,0,0,0,0,0,
1996,NYN,NL,byrdpa01,Paul Byrd,38,0,38,38,38,0,0,0,0,0,0,0,0,0,0,0,0
1996,ML4,AL,carrch02,Chuck Carr,27,25,27,27,0,0,0,0,0,0,0,27,0,27,0,0,0
1996,BOS,AL,coleal01,Alex Cole,24,17,24,24,0,0,0,0,0,0,0,24,0,24,0,2,2
1996,NYA,AL,coneda01,David Cone,11,0,0,11,11,0,0,0,0,0,0,0,0,0,0,0,
1996,TEX,AL,cookde01,Dennis Cook,60,0,0,60,60,0,0,0,0,0,0,0,0,0,0,0,
1996,SEA,AL,corajo01,Joey Cora,144,119,144,140,0,0,0,140,1,0,0,0,0,0,0,22,1
1996,DET,AL,cruzfa01,Fausto Cruz,14,9,14,12,0,0,0,8,0,4,0,0,0,0,0,2,0
1996,SFN,NL,cruzja01,Jacob Cruz,33,20,33,23,0,0,0,0,0,0,6,0,17,23,0,10,0
1996,MON,NL,daalom01,Omar Daal,64,6,64,64,64,0,0,0,0,0,0,0,0,0,0,0,0
1996,SDN,NL,deerro01,Rob Deer,25,11,25,18,0,0,0,0,0,0,1,0,17,18,0,11,0
1996,SEA,AL,diazal01,Alex Diaz,38,16,38,28,0,0,0,0,0,0,19,5,5,28,0,7,6
1996,CLE,AL,diazei01,Einar Diaz,4,0,4,4,0,4,0,0,0,0,0,0,0,0,0,0,0
1996,ML4,AL,dunnto01,Todd Dunn,6,2,6,6,0,0,0,0,0,0,1,1,4,6,0,1,0
1996,MON,NL,dyermi01,Mike Dyer,70,1,70,70,70,0,0,0,0,0,0,0,0,0,0,0,0
1996,PHI,NL,freyst01,Steve Frey,31,0,31,31,31,0,0,0,0,0,0,0,0,0,0,0,0
1996,BOS,AL,fryeje01,Jeff Frye,105,102,105,103,0,0,0,100,0,3,2,1,2,5,0,2,1
1996,SLN,NL,gantro01,Ron Gant,122,116,122,116,0,0,0,0,0,0,116,0,0,116,0,6,0
1996,HOU,NL,goffje01,Jerry Goff,1,1,1,1,0,1,0,0,0,0,0,0,0,0,0,0,0
1996,CAL,AL,gohrgr01,Greg Gohr,15,0,0,15,15,0,0,0,0,0,0,0,0,0,0,0,
1996,DET,AL,gohrgr01,Greg Gohr,17,0,0,17,17,0,0,0,0,0,0,0,0,0,0,0,
1996,MIN,AL,halech01,Chip Hale,85,3,85,24,0,0,6,14,3,0,0,0,3,3,1,77,1
1996,LAN,NL,hallda01,Darren Hall,9,0,9,9,9,0,0,0,0,0,0,0,0,0,0,0,0
1996,SFN,NL,hallme01,Mel Hall,25,1,25,4,0,0,0,0,0,0,3,0,1,4,0,22,0
1996,SFN,NL,hillgl01,Glenallen Hill,98,97,98,98,0,0,0,0,0,0,0,0,98,98,0,0,0
1996,TEX,AL,hillke01,Ken Hill,35,0,1,35,35,0,0,0,0,0,0,0,0,0,0,0,0
1996,HOU,NL,holtch01,Chris Holt,4,0,4,4,4,0,0,0,0,0,0,0,0,0,0,0,0
1996,SFN,NL,hookch01,Chris Hook,10,0,10,10,10,0,0,0,0,0,0,0,0,0,0,0,0
1996,PIT,NL,hopejo01,John Hope,5,4,5,5,5,0,0,0,0,0,0,0,0,0,0,0,0
1996,NYA,AL,howest01,Steve Howe,25,0,0,25,25,0,0,0,0,0,0,0,0,0,0,0,
1996,TOR,AL,huffmi01,Mike Huff,11,8,11,11,0,0,0,0,3,0,1,4,4,9,0,2,0
1996,ML4,AL,jahajo01,John Jaha,148,145,148,85,0,0,85,0,0,0,0,0,0,0,63,3,0
1996,ML4,AL,karlsc01,Scott Karl,32,0,0,32,32,0,0,0,0,0,0,0,0,0,0,0,
1996,CLE,AL,kentje01,Jeff Kent,39,28,39,33,0,0,19,9,7,0,0,0,0,0,4,2,1
1996,NYN,NL,kentje01,Jeff Kent,89,89,89,89,0,0,0,0,89,0,0,0,0,0,0,0,0
1996,HOU,NL,kileda01,Darryl Kile,37,33,37,35,35,0,0,0,0,0,0,0,0,0,0,0,2
1996,PIT,NL,kingje01,Jeff King,155,146,155,153,0,0,92,71,17,0,0,0,0,0,0,6,0
1996,BOS,AL,lacyke01,Kerry Lacy,11,0,0,11,11,0,0,0,0,0,0,0,0,0,0,0,
1996,DET,AL,limajo01,Jose Lima,39,0,0,39,39,0,0,0,0,0,0,0,0,0,0,0,
1996,DET,AL,lirafe01,Felipe Lira,32,0,0,32,32,0,0,0,0,0,0,0,0,0,0,0,
1996,NYA,AL,lukema01,Matt Luke,1,0,1,0,0,0,0,0,0,0,0,0,0,0,0,0,1
1996,CLE,AL,mesajo01,Jose Mesa,69,0,0,69,69,0,0,0,0,0,0,0,0,0,0,0,
1996,CLE,AL,nagych01,Charles Nagy,32,0,0,32,32,0,0,0,0,0,0,0,0,0,0,0,
1996,COL,NL,niedda01,David Nied,6,1,6,6,6,0,0,0,0,0,0,0,0,0,0,0,0
1996,LAN,NL,nomohi01,Hideo Nomo,33,33,33,33,33,0,0,0,0,0,0,0,0,0,0,0,0
1996,CLE,AL,ogeach01,Chad Ogea,29,0,0,29,29,0,0,0,0,0,0,0,0,0,0,0,
1996,PIT,NL,osikke01,Keith Osik,48,40,48,45,0,41,0,0,2,0,2,0,0,2,0,4,0
1996,FLO,NL,palldo01,Donn Pall,12,0,12,12,12,0,0,0,0,0,0,0,0,0,0,0,0
1996,LAN,NL,parkch01,Chan Ho Park,48,10,48,48,48,0,0,0,0,0,0,0,0,0,0,0,0
1996,FLO,NL,penaal01,Alejandro Peña,4,0,4,4,4,0,0,0,0,0,0,0,0,0,0,0,0
1996,CLE,AL,penage01,Geronimo Peña,5,2,5,3,0,0,0,1,2,0,0,0,0,0,0,2,0
1996,CLE,AL,penato01,Tony Peña,67,50,67,67,0,67,0,0,0,0,0,0,0,0,0,0,0
1996,DET,AL,pennsh01,Shannon Penn,6,3,6,1,0,0,0,0,0,0,1,0,0,1,3,1,1
1996,BOS,AL,pozoar01,Arquimedez Pozo,21,16,21,20,0,0,0,10,10,0,0,0,0,0,0,1,1
1996,CIN,NL,pughti01,Tim Pugh,10,0,10,10,10,0,0,0,0,0,0,0,0,0,0,0,0
1996,KCA,AL,pughti01,Tim Pugh,19,0,0,19,19,0,0,0,0,0,0,0,0,0,0,0,
1996,FLO,NL,rapppa01,Pat Rapp,30,29,30,30,30,0,0,0,0,0,0,0,0,0,0,0,0
1996,COL,NL,reedje02,Jeff Reed,116,97,116,111,0,111,0,0,0,0,0,0,0,0,0,8,0
1996,SDN,NL,reedjo01,Jody Reed,146,137,146,145,0,0,0,145,0,0,0,0,0,0,0,3,0
1996,COL,NL,reedst01,Steve Reed,70,0,70,70,70,0,0,0,0,0,0,0,0,0,0,0,0
1996,COL,NL,ritzke01,Kevin Ritz,35,35,35,35,35,0,0,0,0,0,0,0,0,0,0,0,0
1996,PHI,NL,ryanke01,Ken Ryan,62,0,62,62,62,0,0,0,0,0,0,0,0,0,0,0,0
1996,CIN,NL,saboch01,Chris Sabo,54,37,54,43,0,0,0,0,43,0,0,0,0,0,0,16,0
1996,MON,NL,schuri01,Rick Schu,1,1,1,1,0,0,0,0,1,0,0,0,0,0,0,0,0
1996,BOS,AL,seleaa01,Aaron Sele,29,0,0,29,29,0,0,0,0,0,0,0,0,0,0,0,
1996,CIN,NL,shawje01,Jeff Shaw,78,0,78,78,78,0,0,0,0,0,0,0,0,0,0,0,0
1996,CAL,AL,snowjt01,J. T. Snow,155,149,155,154,0,0,154,0,0,0,0,0,0,0,0,3,0
1996,NYA,AL,sojolu01,Luis Sojo,18,11,18,17,0,0,0,14,1,4,0,0,0,0,0,1,0
1996,SEA,AL,sojolu01,Luis Sojo,77,61,77,74,0,0,0,27,33,19,0,0,0,0,0,10,1
1996,CHN,NL,sosasa01,Sammy Sosa,124,124,124,124,0,0,0,0,0,0,0,0,124,124,0,0,0
1996,ML4,AL,vinafe01,Fernando Vina,140,131,140,137,0,0,0,137,0,0,0,0,0,0,0,5,1
1996,ATL,NL,wadete01,Terrell Wade,44,8,44,44,44,0,0,0,0,0,0,0,0,0,0,0,0
1996,HOU,NL,walldo01,Donne Wall,26,23,26,26,26,0,0,0,0,0,0,0,0,0,0,0,0
1996,ML4,AL,wardtu01,Turner Ward,43,15,43,32,0,0,0,0,0,0,15,3,18,32,1,10,5
1996,TOR,AL,wareje01,Jeff Ware,13,0,0,13,13,0,0,0,0,0,0,0,0,0,0,0,
1996,PHI,NL,westda01,David West,7,6,7,7,7,0,0,0,0,0,0,0,0,0,0,0,0
1996,TEX,AL,wittbo01,Bobby Witt,33,0,0,33,33,0,0,0,0,0,0,0,0,0,0,0,
1996,FLO,NL,zaungr01,Gregg Zaun,10,8,10,10,0,10,0,0,0,0,0,0,0,0,0,0,0
1996,BAL,AL,zaungr01,Gregg Zaun,50,28,50,49,0,49,0,0,0,0,0,0,0,0,0,1,0
1996,CAL,AL,abbotji01,Jim Abbott,27,0,0,27,27,0,0,0,0,0,0,0,0,0,0,0,
1996,FLO,NL,abbotku01,Kurt Abbott,109,83,109,95,0,0,0,20,33,44,0,0,0,0,0,15,1
1996,CAL,AL,abbotky01,Kyle Abbott,3,0,0,3,3,0,0,0,0,0,0,0,0,0,0,0,
1996,HOU,NL,abreubo01,Bobby Abreu,15,4,15,7,0,0,0,0,0,0,6,0,1,7,0,8,0
1996,FLO,NL,adamsjo02,Joel Adamson,9,0,9,9,9,0,0,0,0,0,0,0,0,0,0,0,0
1996,CHN,NL,adamste01,Terry Adams,69,0,69,69,69,0,0,0,0,0,0,0,0,0,0,0,0
1996,OAK,AL,adamswi02,Willie Adams,12,0,0,12,12,0,0,0,0,0,0,0,0,0,0,0,
1996,MIN,AL,aguilri01,Rick Aguilera,19,0,0,19,19,0,0,0,0,0,0,0,0,0,0,0,
1996,TEX,AL,alberjo01,Jose Alberro,5,0,0,5,5,0,0,0,0,0,0,0,0,0,0,0,
1996,NYA,AL,aldremi01,Mike Aldrete,32,18,32,17,1,0,8,0,0,0,6,0,4,9,9,8,0
1996,CAL,AL,aldremi01,Mike Aldrete,31,6,31,7,0,0,1,0,0,0,4,0,2,6,4,22,0
1996,DET,AL,aldresc01,Scott Aldred,11,0,0,11,11,0,0,0,0,0,0,0,0,0,0,0,
1996,MIN,AL,aldresc01,Scott Aldred,25,0,0,25,25,0,0,0,0,0,0,0,0,0,0,0,
1996,BAL,AL,alexama02,Manny Alexander,54,16,53,38,1,0,0,7,7,21,3,0,0,3,0,4,18
1996,NYN,NL,alfoned01,Edgardo Alfonzo,123,85,123,111,0,0,0,66,36,15,0,0,0,0,0,18,3
1996,SLN,NL,alicelu01,Luis Alicea,129,104,129,125,0,0,0,125,0,0,0,0,0,0,0,14,1
1996,PIT,NL,allenje01,Jermaine Allensworth,61,55,61,61,0,0,0,0,0,0,0,61,0,61,0,1,2
1996,BAL,AL,alomaro01,Roberto Alomar,153,150,153,142,0,0,0,142,0,0,0,0,0,0,10,3,0
1996,CLE,AL,alomasa02,Sandy Alomar,127,111,127,125,0,124,1,0,0,0,0,0,0,0,0,4,0
1996,COL,NL,alstoga01,Garvin Alston,6,0,6,6,6,0,0,0,0,0,0,0,0,0,0,0,0
1996,MON,NL,alvarta01,Tavo Alvarez,11,5,11,11,11,0,0,0,0,0,0,0,0,0,0,0,0
1996,CHA,AL,alvarwi01,Wilson Alvarez,35,0,0,35,35,0,0,0,0,0,0,0,0,0,0,0,
1996,SEA,AL,amarari01,Rich Amaral,118,81,118,107,0,0,10,15,1,0,63,26,5,91,0,14,12
1996,PHI,NL,amaroru02,Ruben Amaro,61,18,61,36,0,0,1,0,0,0,0,7,28,35,0,35,0
1996,BAL,AL,anderbr01,Brady Anderson,149,145,149,143,0,0,0,0,0,0,0,143,0,143,2,4,0
1996,CLE,AL,anderbr02,Brian Anderson,10,0,0,10,10,0,0,0,0,0,0,0,0,0,0,0,
1996,CAL,AL,anderga01,Garret Anderson,150,147,150,146,0,0,0,0,0,0,140,3,6,146,1,3,0
1996,MON,NL,andresh01,Shane Andrews,127,107,127,123,0,0,0,0,123,0,0,0,0,0,0,5,1
1996,TOR,AL,andujlu01,Luis Andujar,3,0,0,3,3,0,0,0,0,0,0,0,0,0,0,0,
1996,CHA,AL,andujlu01,Luis Andujar,5,0,0,5,5,0,0,0,0,0,0,0,0,0,0,0,
1996,COL,NL,anthoer01,Eric Anthony,32,16,32,19,0,0,0,0,0,0,1,9,10,19,0,13,0
1996,CIN,NL,anthoer01,Eric Anthony,47,33,47,37,0,0,0,0,0,0,13,0,24,37,0,11,0
1996,KCA,AL,appieke01,Kevin Appier,32,0,0,32,32,0,0,0,0,0,0,0,0,0,0,0,
1996,FLO,NL,ariasal01,Alex Arias,100,47,100,75,0,0,1,1,59,20,0,0,0,0,0,31,0
1996,CAL,AL,ariasge01,George Arias,84,76,84,83,0,0,0,0,83,0,0,0,0,0,0,2,0
1996,SDN,NL,ashbyan01,Andy Ashby,25,24,25,24,24,0,0,0,0,0,0,0,0,0,0,1,0
1996,LAN,NL,ashlebi01,Billy Ashley,71,33,71,38,0,0,0,0,0,0,38,0,0,38,0,38,0
1996,CLE,AL,assenpa01,Paul Assenmacher,63,0,0,63,63,0,0,0,0,0,0,0,0,0,0,0,
1996,LAN,NL,astacpe01,Pedro Astacio,35,32,35,35,35,0,0,0,0,0,0,0,0,0,0,0,0
1996,MON,NL,aucoide01,Derek Aucoin,2,0,2,2,2,0,0,0,0,0,0,0,0,0,0,0,0
1996,SFN,NL,aurilri01,Rich Aurilia,105,80,105,103,0,0,0,11,0,93,0,0,0,0,0,3,3
1996,SDN,NL,ausmubr01,Brad Ausmus,50,38,50,46,0,46,0,0,0,0,0,0,0,0,0,4,4
1996,DET,AL,ausmubr01,Brad Ausmus,75,69,75,73,0,73,0,0,0,0,0,0,0,0,0,1,3
1996,ATL,NL,averyst01,Steve Avery,24,23,24,24,24,0,0,0,0,0,0,0,0,0,0,0,0
1996,SEA,AL,ayalabo01,Bobby Ayala,50,0,2,50,50,0,0,0,0,0,0,0,0,0,0,0,0
1996,ATL,NL,ayraujo01,Joe Ayrault,7,0,7,7,0,7,0,0,0,0,0,0,0,0,0,0,0
1996,CLE,AL,baergca01,Carlos Baerga,100,99,100,100,0,0,0,100,0,0,0,0,0,0,0,0,0
1996,NYN,NL,baergca01,Carlos Baerga,26,20,26,22,0,0,16,1,6,0,0,0,0,0,0,6,0
1996,HOU,NL,bagweje01,Jeff Bagwell,162,162,162,162,0,0,162,0,0,0,0,0,0,0,0,0,0
1996,SLN,NL,baileco01,Cory Bailey,51,0,51,51,51,0,0,0,0,0,0,0,0,0,0,0,0
1996,COL,NL,bailero01,Roger Bailey,24,11,24,24,24,0,0,0,0,0,0,0,0,0,0,0,0
1996,CHA,AL,baineha01,Harold Baines,143,128,143,0,0,0,0,0,0,0,0,0,0,0,128,15,0
1996,CHA,AL,baldwja01,James Baldwin,28,0,0,28,28,0,0,0,0,0,0,0,0,0,0,0,
1996,ML4,AL,banksbr01,Brian Banks,4,1,4,4,0,0,1,0,0,0,3,0,0,3,0,1,0
1996,CHN,NL,barbebr01,Bret Barberie,15,5,15,9,0,0,0,6,2,1,0,0,0,0,0,8,1
1996,SLN,NL,barbebr02,Brian Barber,1,1,1,1,1,0,0,0,0,0,0,0,0,0,0,0,0
1996,MON,NL,barroto01,Tony Barron,1,0,1,0,0,0,0,0,0,0,0,0,0,0,0,1,0
1996,DET,AL,barteki01,Kimera Bartee,110,65,110,99,0,0,0,0,0,0,4,95,2,99,0,6,16
1996,SFN,NL,bartosh01,Shawn Barton,7,0,7,7,7,0,0,0,0,0,0,0,0,0,0,0,0
1996,SLN,NL,batchri01,Rich Batchelor,11,0,11,11,11,0,0,0,0,0,0,0,0,0,0,0,0
1996,COL,NL,batesja01,Jason Bates,88,32,88,63,0,0,0,37,12,18,0,0,0,0,0,37,1
1996,SFN,NL,batiski01,Kim Batiste,54,26,54,32,0,0,0,0,25,7,0,0,0,0,0,24,1
1996,FLO,NL,batismi01,Miguel Batista,9,0,9,9,9,0,0,0,0,0,0,0,0,0,0,0,0
1996,OAK,AL,batisto01,Tony Batista,74,55,74,66,0,0,0,52,18,4,0,0,0,0,1,4,9
1996,OAK,AL,battlal01,Allen Battle,47,31,47,47,0,0,0,0,0,0,24,27,0,47,0,2,6
1996,PHI,NL,battlho01,Howard Battle,5,0,5,1,0,0,0,0,1,0,0,0,0,0,0,4,0
1996,DET,AL,bautida01,Danny Bautista,25,19,25,22,0,0,0,0,0,0,12,0,12,22,1,2,2
1996,ATL,NL,bautida01,Danny Bautista,17,3,17,14,0,0,0,0,0,0,2,2,10,14,0,5,1
1996,SFN,NL,bautijo01,Jose Bautista,37,1,37,37,37,0,0,0,0,0,0,0,0,0,0,0,0
1996,PIT,NL,beamotr01,Trey Beamon,24,11,24,15,0,0,0,0,0,0,5,0,11,15,0,10,0
1996,MIN,AL,beckeri01,Rich Becker,148,133,148,146,0,0,0,0,0,0,15,121,10,146,0,9,3
1996,COL,NL,beckero01,Robbie Beckett,5,0,5,5,5,0,0,0,0,0,0,0,0,0,0,0,0
1996,PHI,NL,beechma01,Matt Beech,8,8,8,8,8,0,0,0,0,0,0,0,0,0,0,0,0
1996,KCA,AL,belchti01,Tim Belcher,35,0,0,35,35,0,0,0,0,0,0,0,0,0,0,0,
1996,BOS,AL,belinst01,Stan Belinda,31,0,0,31,31,0,0,0,0,0,0,0,0,0,0,0,
1996,CLE,AL,belleal01,Albert Belle,158,158,158,152,0,0,0,0,0,0,152,0,0,152,6,0,0
1996,ATL,NL,bellira01,Rafael Belliard,86,39,86,76,0,0,0,15,0,62,0,0,0,0,0,4,13
1996,BOS,AL,beltres01,Esteban Beltre,27,17,27,24,0,0,0,8,13,6,0,0,0,0,0,2,2
1996,SFN,NL,benarma01,Marvin Benard,135,118,135,132,0,0,0,0,0,0,5,102,38,132,0,5,1
1996,SLN,NL,benesal01,Alan Benes,34,32,34,34,34,0,0,0,0,0,0,0,0,0,0,0,0
1996,SLN,NL,benesan01,Andy Benes,36,34,36,36,36,0,0,0,0,0,0,0,0,0,0,0,0
1996,BAL,AL,benitar01,Armando Benitez,18,0,0,18,18,0,0,0,0,0,0,0,0,0,0,0,
1996,MON,NL,benitya01,Yamil Benitez,11,0,11,4,0,0,0,0,0,0,3,0,1,4,0,7,1
1996,PHI,NL,benjami01,Mike Benjamin,35,30,35,32,0,0,0,1,0,31,0,0,0,0,0,3,1
1996,MIN,AL,benneer01,Erik Bennett,24,0,0,24,24,0,0,0,0,0,0,0,0,0,0,0,
1996,PHI,NL,bennega01,Gary Bennett,6,5,6,5,0,5,0,0,0,0,0,0,0,0,0,1,0
1996,SDN,NL,bergmse01,Sean Bergman,43,14,43,41,41,0,0,0,0,0,0,0,0,0,0,1,1
1996,OAK,AL,berroge01,Geronimo Berroa,153,146,153,61,0,0,0,0,0,0,17,0,54,61,89,7,0
1996,HOU,NL,berryse01,Sean Berry,132,110,132,110,0,0,0,0,110,0,0,0,0,0,0,22,0
1996,CHA,AL,bertomi01,Mike Bertotti,15,0,0,15,15,0,0,0,0,0,0,0,0,0,0,0,
1996,SDN,NL,beruman01,Andres Berumen,3,0,3,3,3,0,0,0,0,0,0,0,0,0,0,0,0
1996,KCA,AL,bevilbr01,Brian Bevil,3,0,0,3,3,0,0,0,0,0,0,0,0,0,0,0,
1996,COL,NL,bicheda01,Dante Bichette,159,154,159,156,0,0,0,0,0,0,19,0,138,156,0,3,0
1996,ATL,NL,bielemi01,Mike Bielecki,40,5,40,40,40,0,0,0,0,0,0,0,0,0,0,0,0
1996,HOU,NL,biggicr01,Craig Biggio,162,160,162,162,0,0,0,162,0,0,0,0,0,0,0,0,0
1996,SDN,NL,blairwi01,Willie Blair,60,0,60,60,60,0,0,0,0,0,0,0,0,0,0,0,0
1996,ATL,NL,blausje01,Jeff Blauser,83,78,83,79,0,0,0,0,0,79,0,0,0,0,0,2,2
1996,PHI,NL,blaziro01,Ron Blazier,27,0,27,27,27,0,0,0,0,0,0,0,0,0,0,0,0
1996,LAN,NL,blowemi01,Mike Blowers,92,91,92,91,0,0,6,0,90,1,0,0,0,0,0,1,0
1996,KCA,AL,blumaja01,Jaime Bluma,17,0,0,17,17,0,0,0,0,0,0,0,0,0,0,0,
1996,SDN,NL,bochtdo01,Doug Bochtler,63,0,63,63,63,0,0,0,0,0,0,0,0,0,0,0,0
1996,NYA,AL,boehrbr01,Brian Boehringer,15,0,0,15,15,0,0,0,0,0,0,0,0,0,0,0,
1996,PIT,NL,boevejo01,Joe Boever,13,0,13,13,13,0,0,0,0,0,0,0,0,0,0,0,0
1996,NYN,NL,bogarti01,Tim Bogar,91,18,91,80,0,0,32,8,25,19,0,0,0,0,0,10,23
1996,NYA,AL,boggswa01,Wade Boggs,132,124,132,123,0,0,0,0,123,0,0,0,0,0,4,7,0
1996,TOR,AL,bohanbr01,Brian Bohanon,20,0,0,20,20,0,0,0,0,0,0,0,0,0,0,0,
1996,SFN,NL,bondsba01,Barry Bonds,158,151,158,152,0,0,0,0,0,0,149,6,0,152,0,7,0
1996,NYA,AL,bonesri01,Ricky Bones,4,0,0,4,4,0,0,0,0,0,0,0,0,0,0,0,
1996,ML4,AL,bonesri01,Ricky Bones,33,0,1,32,32,0,0,0,0,0,0,0,0,0,0,0,1
1996,BAL,AL,bonilbo01,Bobby Bonilla,159,158,159,116,0,0,9,0,4,0,0,0,108,108,44,1,0
1996,CIN,NL,boonebr01,Bret Boone,142,138,142,141,0,0,0,141,0,0,0,0,0,0,0,1,0
1996,FLO,NL,bootyjo01,Josh Booty,2,0,2,1,0,0,0,0,1,0,0,0,0,0,0,2,0
1996,ATL,NL,borbope02,Pedro Borbon,43,0,43,43,43,0,0,0,0,0,0,0,0,0,0,0,0
1996,CAL,AL,bordepa01,Pat Borders,19,14,19,19,0,19,0,0,0,0,0,0,0,0,0,1,0
1996,CHA,AL,bordepa01,Pat Borders,31,25,31,30,0,30,0,0,0,0,0,0,0,0,1,0,0
1996,SLN,NL,bordepa01,Pat Borders,26,15,26,18,0,17,1,0,0,0,0,0,0,0,0,8,0
1996,OAK,AL,bordimi01,Mike Bordick,155,153,155,155,0,0,0,0,0,155,0,0,0,0,0,1,0
1996,PHI,NL,borlato02,Toby Borland,69,0,69,69,69,0,0,0,0,0,0,0,0,0,0,0,0
1996,ATL,NL,borowjo01,Joe Borowski,22,0,22,22,22,0,0,0,0,0,0,0,0,0,0,0,0
1996,SEA,AL,bosioch01,Chris Bosio,18,0,0,18,18,0,0,0,0,0,0,0,0,0,0,0,
1996,CAL,AL,boskish01,Shawn Boskie,38,0,2,37,37,0,0,0,0,0,0,0,0,0,0,0,1
1996,PHI,NL,bottari01,Ricky Bottalico,61,0,61,61,61,0,0,0,0,0,0,0,0,0,0,0,0
1996,CHN,NL,botteke01,Kent Bottenfield,48,0,48,48,48,0,0,0,0,0,0,0,0,0,0,0,0
1996,SFN,NL,bourgst01,Steve Bourgeois,15,5,15,15,15,0,0,0,0,0,0,0,0,0,0,0,0
1996,OAK,AL,bournra01,Rafael Bournigal,88,57,88,83,0,0,0,64,0,23,0,0,0,0,0,5,9
1996,BAL,AL,bowerbr01,Brent Bowers,21,10,21,21,0,0,0,0,0,0,21,0,0,21,0,0,2
1996,SLN,NL,bradste01,Terry Bradshaw,15,2,15,7,0,0,0,0,0,0,4,3,1,7,0,9,0
1996,SEA,AL,braggda01,Darren Bragg,69,51,69,63,0,0,0,0,0,0,48,5,16,63,0,12,1
1996,BOS,AL,braggda01,Darren Bragg,58,57,58,58,0,0,0,0,0,0,6,47,29,58,0,0,0
1996,BOS,AL,brandma01,Mark Brandenburg,29,0,0,29,29,0,0,0,0,0,0,0,0,0,0,0,
1996,TEX,AL,brandma01,Mark Brandenburg,26,0,0,26,26,0,0,0,0,0,0,0,0,0,0,0,
1996,CIN,NL,bransje01,Jeff Branson,129,71,129,122,0,0,0,31,64,38,0,0,0,0,0,24,0
1996,CIN,NL,brantje01,Jeff Brantley,66,0,66,66,66,0,0,0,0,0,0,0,0,0,0,0,0
1996,MIN,AL,bredebr01,Brent Brede,10,5,10,7,0,0,0,0,0,0,0,0,7,7,0,3,0
1996,NYA,AL,brewebi01,Billy Brewer,4,0,0,4,4,0,0,0,0,0,0,0,0,0,0,0,
1996,OAK,AL,briscjo01,John Briscoe,18,0,1,17,17,0,0,0,0,0,0,0,0,0,0,0,1
1996,COL,NL,britojo01,Jorge Brito,8,5,8,8,0,8,0,0,0,0,0,0,0,0,0,1,0
1996,TOR,AL,britoti01,Tilson Brito,26,22,26,23,0,0,0,18,0,5,0,0,0,0,1,1,3
1996,HOU,NL,brocado01,Doug Brocail,25,4,25,23,23,0,0,0,0,0,0,0,0,0,0,0,2
1996,NYN,NL,brognri01,Rico Brogna,55,49,55,52,0,0,52,0,0,0,0,0,0,0,0,5,0
1996,FLO,NL,brookje01,Jerry Brooks,8,0,8,3,0,0,1,0,0,0,0,0,2,2,0,5,0
1996,OAK,AL,brosisc01,Scott Brosius,114,113,114,114,0,0,10,0,109,0,3,2,0,4,0,1,0
1996,CHN,NL,brownbr01,Brant Brown,29,12,29,18,0,0,18,0,0,0,0,0,0,0,0,13,1
1996,FLO,NL,brownke01,Kevin Brown,34,32,34,32,32,0,0,0,0,0,0,0,0,0,0,0,2
1996,TEX,AL,brownke04,Kevin Brown,3,1,3,2,0,2,0,0,0,0,0,0,0,0,0,2,0
1996,PIT,NL,brumfja01,Jacob Brumfield,29,17,29,22,0,0,0,0,0,0,0,22,0,22,0,10,0
1996,TOR,AL,brumfja01,Jacob Brumfield,90,71,90,83,0,0,0,0,0,0,18,39,37,83,2,13,1
1996,LAN,NL,bruskji01,Jim Bruske,11,0,11,11,11,0,0,0,0,0,0,0,0,0,0,0,0
1996,TEX,AL,buforda01,Damon Buford,90,34,90,80,0,0,0,0,0,0,14,25,44,80,0,13,16
1996,SEA,AL,buhneja01,Jay Buhner,150,150,150,142,0,0,0,0,0,0,0,0,142,142,8,0,0
1996,CHN,NL,bullesc01,Scott Bullett,109,20,109,58,0,0,0,0,0,0,28,11,22,58,0,65,3
1996,CHN,NL,bulliji01,Jim Bullinger,38,20,38,37,37,0,0,0,0,0,0,0,0,0,0,0,1
1996,CIN,NL,burbada01,Dave Burba,34,33,34,34,34,0,0,0,0,0,0,0,0,0,0,0,0
1996,FLO,NL,burkejo03,John Burkett,24,24,24,24,24,0,0,0,0,0,0,0,0,0,0,0,0
1996,TEX,AL,burkejo03,John Burkett,10,0,0,10,10,0,0,0,0,0,0,0,0,0,0,0,
1996,COL,NL,burkejo04,John Burke,11,0,11,11,11,0,0,0,0,0,0,0,0,0,0,0,0
1996,COL,NL,burksel01,Ellis Burks,156,149,156,152,0,0,0,0,0,0,129,32,0,152,0,6,0
1996,ML4,AL,burnije01,Jeromy Burnitz,23,20,23,22,0,0,0,0,0,0,0,8,14,22,0,3,0
1996,CLE,AL,burnije01,Jeromy Burnitz,71,27,71,30,0,0,0,0,0,0,10,5,15,30,11,32,3
1996,ML4,AL,burrote01,Terry Burrows,8,0,0,8,8,0,0,0,0,0,0,0,0,0,0,0,
1996,SLN,NL,busbymi01,Mike Busby,1,1,1,1,1,0,0,0,0,0,0,0,0,0,0,0,0
1996,LAN,NL,buschmi01,Mike Busch,38,18,38,24,0,0,1,0,23,0,0,0,0,0,0,17,0
1996,LAN,NL,butlebr01,Brett Butler,34,34,34,34,0,0,0,0,0,0,0,34,0,34,0,0,0
1996,TOR,AL,cairomi01,Miguel Cairo,9,8,9,9,0,0,0,9,0,0,0,0,0,0,0,0,0
1996,CHA,AL,camermi01,Mike Cameron,11,3,11,8,0,0,0,0,0,0,2,4,5,8,0,1,2
1996,SDN,NL,caminke01,Ken Caminiti,146,142,146,145,0,0,0,0,145,0,0,0,0,0,0,3,0
1996,CHN,NL,campbmi01,Mike Campbell,13,5,13,13,13,0,0,0,0,0,0,0,0,0,0,0,0
1996,CLE,AL,candaca01,Casey Candaele,24,6,24,15,0,0,0,11,3,1,0,0,0,0,0,9,5
1996,LAN,NL,candito01,Tom Candiotti,28,27,28,28,28,0,0,0,0,0,0,0,0,0,0,0,0
1996,HOU,NL,cangejo01,John Cangelosi,108,59,108,78,0,0,0,0,0,0,53,29,0,78,0,34,4
1996,SFN,NL,canizja01,Jay Canizaro,43,30,43,42,0,0,0,35,0,7,0,0,0,0,0,3,0
1996,BOS,AL,cansejo01,Jose Canseco,96,91,96,11,0,0,0,0,0,0,10,0,2,11,81,5,0
1996,SFN,NL,carlsda01,Dan Carlson,5,0,5,5,5,0,0,0,0,0,0,0,0,0,0,0,0
1996,SEA,AL,carmora01,Rafael Carmona,53,0,0,53,53,0,0,0,0,0,0,0,0,0,0,0,
1996,ML4,AL,carpecr01,Cris Carpenter,8,0,0,8,8,0,0,0,0,0,0,0,0,0,0,0,
1996,TOR,AL,carragi01,Giovanni Carrara,11,0,0,11,11,0,0,0,0,0,0,0,0,0,0,0,
1996,CIN,NL,carragi01,Giovanni Carrara,8,5,8,8,8,0,0,0,0,0,0,0,0,0,0,0,0
1996,CIN,NL,carrahe01,Hector Carrasco,56,0,56,56,56,0,0,0,0,0,0,0,0,0,0,0,0
1996,SFN,NL,carrema01,Mark Carreon,81,72,81,75,0,0,73,0,0,0,3,0,2,5,0,6,0
1996,CLE,AL,carrema01,Mark Carreon,38,35,38,36,0,0,34,0,0,0,0,4,1,5,1,2,0
1996,TOR,AL,cartejo01,Joe Carter,157,157,157,142,0,0,41,0,0,0,115,0,0,115,15,0,0
1996,DET,AL,casanra01,Raul Casanova,25,22,25,22,0,22,0,0,0,0,0,0,0,0,2,2,0
1996,CHN,NL,casiala01,Larry Casian,35,0,35,35,35,0,0,0,0,0,0,0,0,0,0,0,0
1996,COL,NL,castepe01,Pedro Castellano,13,4,13,5,0,0,0,3,1,0,1,0,0,1,0,8,0
1996,NYN,NL,castial01,Alberto Castillo,6,4,6,6,0,6,0,0,0,0,0,0,0,0,0,0,0
1996,CHN,NL,castifr01,Frank Castillo,33,33,33,33,33,0,0,0,0,0,0,0,0,0,0,0,0
1996,FLO,NL,castilu01,Luis Castillo,41,41,41,41,0,0,0,41,0,0,0,0,0,0,0,0,0
1996,TOR,AL,castito02,Tony Castillo,40,0,0,40,40,0,0,0,0,0,0,0,0,0,0,0,
1996,CHA,AL,castito02,Tony Castillo,15,0,0,15,15,0,0,0,0,0,0,0,0,0,0,0,
1996,COL,NL,castivi02,Vinny Castilla,160,157,160,160,0,0,0,0,160,0,0,0,0,0,0,2,0
1996,LAN,NL,castrju01,Juan Castro,70,30,70,60,0,0,0,9,23,30,1,0,0,1,0,14,2
1996,SDN,NL,cedenan01,Andujar Cedeno,49,44,49,48,0,0,0,0,2,47,0,0,0,0,0,2,0
1996,HOU,NL,cedenan01,Andujar Cedeno,3,1,3,3,0,0,0,0,1,2,0,0,0,0,0,0,0
1996,DET,AL,cedenan01,Andujar Cedeno,52,47,52,52,0,0,0,0,1,51,0,0,0,0,0,1,2
1996,TOR,AL,cedendo01,Domingo Cedeno,77,64,77,72,0,0,0,62,6,5,0,0,0,0,0,1,6
1996,CHA,AL,cedendo01,Domingo Cedeno,12,3,12,4,0,0,0,2,0,2,0,0,0,0,0,8,1
1996,LAN,NL,cedenro01,Roger Cedeno,86,45,86,71,0,0,0,0,0,0,20,50,4,71,0,20,10
1996,SEA,AL,charlno01,Norm Charlton,70,0,1,70,70,0,0,0,0,0,0,0,0,0,0,0,0
1996,MON,NL,chavera01,Raul Chavez,4,1,4,3,0,3,0,0,0,0,0,0,0,0,0,1,0
1996,OAK,AL,chouibo01,Bobby Chouinard,13,0,0,13,13,0,0,0,0,0,0,0,0,0,0,0,
1996,PIT,NL,chrisja01,Jason Christiansen,33,0,33,33,33,0,0,0,0,0,0,0,0,0,0,0,0
1996,DET,AL,chrismi02,Mike Christopher,13,0,0,13,13,0,0,0,0,0,0,0,0,0,0,0,
1996,SDN,NL,cianfar01,Archi Cianfrocco,79,37,79,64,0,1,34,6,10,10,1,0,7,8,0,22,1
1996,ML4,AL,cirilje01,Jeff Cirillo,158,143,158,154,0,0,2,1,154,0,0,0,0,0,2,4,3
1996,PIT,NL,clarkda05,Dave Clark,92,45,92,61,0,0,0,0,0,0,34,0,28,61,0,40,1
1996,LAN,NL,clarkda05,Dave Clark,15,1,15,1,0,0,0,0,0,0,1,0,0,1,0,14,0
1996,NYN,NL,clarkma01,Mark Clark,32,32,32,32,32,0,0,0,0,0,0,0,0,0,0,0,0
1996,BOS,AL,clarkph02,Phil Clark,3,0,3,2,0,0,1,0,1,0,0,0,0,0,0,2,1
1996,HOU,NL,clarkte01,Terry Clark,5,0,5,5,5,0,0,0,0,0,0,0,0,0,0,0,0
1996,KCA,AL,clarkte01,Terry Clark,12,0,0,12,12,0,0,0,0,0,0,0,0,0,0,0,
1996,DET,AL,clarkto02,Tony Clark,100,97,100,86,0,0,86,0,0,0,0,0,0,0,11,3,0
1996,TEX,AL,clarkwi02,Will Clark,117,116,117,117,0,0,117,0,0,0,0,0,0,0,0,1,0
1996,SLN,NL,claytro01,Royce Clayton,129,111,129,113,0,0,0,0,0,113,0,0,0,0,0,14,2
1996,BOS,AL,clemero02,Roger Clemens,34,0,1,34,34,0,0,0,0,0,0,0,0,0,0,0,0
1996,ATL,NL,clontbr01,Brad Clontz,81,0,81,81,81,0,0,0,0,0,0,0,0,0,0,0,0
1996,COL,NL,cockral01,Alan Cockrell,9,0,9,1,0,0,0,0,0,0,0,0,1,1,0,9,0
1996,FLO,NL,colbrgr01,Greg Colbrunn,141,131,141,134,0,0,134,0,0,0,0,0,0,0,0,8,0
1996,CIN,NL,colemvi01,Vince Coleman,33,17,33,20,0,0,0,0,0,0,20,0,0,20,0,13,2
1996,FLO,NL,coninje01,Jeff Conine,157,154,157,156,0,0,48,0,0,0,128,0,0,128,0,1,0
1996,PIT,NL,cookest01,Steve Cooke,3,0,3,3,3,0,0,0,0,0,0,0,0,0,0,0,0
1996,MIN,AL,coomero01,Ron Coomer,95,57,95,86,0,0,57,0,9,0,0,0,23,23,1,31,0
1996,BAL,AL,coppiro01,Rocky Coppinger,23,0,0,23,23,0,0,0,0,0,0,0,0,0,0,0,
1996,BAL,AL,corbiar01,Archie Corbin,18,0,0,18,18,0,0,0,0,0,0,0,0,0,0,0,
1996,BOS,AL,cordewi01,Wil Cordero,59,43,59,38,0,0,1,37,0,0,0,0,0,0,6,16,0
1996,PIT,NL,cordofr01,Francisco Cordova,59,6,59,59,59,0,0,0,0,0,0,0,0,0,0,0,0
1996,MIN,AL,cordoma01,Marty Cordova,145,144,145,145,0,0,0,0,0,0,145,0,0,145,0,1,0
1996,MON,NL,cormirh01,Rheal Cormier,33,27,33,33,33,0,0,0,0,0,0,0,0,0,0,0,0
1996,OAK,AL,corsiji01,Jim Corsi,56,0,0,56,56,0,0,0,0,0,0,0,0,0,0,0,
1996,TOR,AL,crabtti01,Tim Crabtree,53,0,0,53,53,0,0,0,0,0,0,0,0,0,0,0,
1996,PHI,NL,crawfca01,Carlos Crawford,1,1,1,1,1,0,0,0,0,0,0,0,0,0,0,0,0
1996,SFN,NL,creekdo01,Doug Creek,63,0,63,63,63,0,0,0,0,0,0,0,0,0,0,0,0
1996,TOR,AL,crespfe01,Felipe Crespo,22,13,22,18,0,0,2,10,6,0,0,0,0,0,0,4,2
1996,DET,AL,cummijo01,John Cummings,21,0,0,21,21,0,0,0,0,0,0,0,0,0,0,0,
1996,LAN,NL,cummijo01,John Cummings,4,0,4,4,4,0,0,0,0,0,0,0,0,0,0,0,0
1996,PIT,NL,cummimi01,Midre Cummings,24,20,24,21,0,0,0,0,0,0,0,11,10,21,0,4,0
1996,LAN,NL,curtich01,Chad Curtis,43,20,43,40,0,0,0,0,0,0,0,40,0,40,0,12,0
1996,DET,AL,curtich01,Chad Curtis,104,103,104,104,0,0,0,0,0,0,48,80,0,104,0,1,0
1996,BOS,AL,cuylemi01,Milt Cuyler,50,34,50,45,0,0,0,0,0,0,0,30,22,45,0,3,7
1996,ML4,AL,damicje01,Jeff D'Amico,17,0,0,17,17,0,0,0,0,0,0,0,0,0,0,0,
1996,KCA,AL,damonjo01,Johnny Damon,145,132,145,144,0,0,0,0,0,0,0,89,63,144,0,8,1
1996,HOU,NL,darwida01,Danny Darwin,15,6,15,15,15,0,0,0,0,0,0,0,0,0,0,0,0
1996,PIT,NL,darwida01,Danny Darwin,19,19,19,19,19,0,0,0,0,0,0,0,0,0,0,0,0
1996,CHA,AL,darwije01,Jeff Darwin,22,0,0,22,22,0,0,0,0,0,0,0,0,0,0,0,
1996,SDN,NL,dascedo01,Doug Dascenzo,21,1,21,10,0,0,0,0,0,0,0,1,9,10,0,5,10
1996,PHI,NL,daultda01,Darren Daulton,5,5,5,5,0,0,0,0,0,0,5,0,0,5,0,0,0
1996,CAL,AL,davisch01,Chili Davis,145,142,145,0,0,0,0,0,0,0,0,0,0,0,142,3,0
1996,CIN,NL,daviser01,Eric Davis,129,115,129,126,0,0,1,0,0,0,14,115,0,126,0,7,1
1996,SEA,AL,davisru01,Russ Davis,51,49,51,51,0,0,0,0,51,0,0,0,0,0,0,2,0
1996,SEA,AL,davissc01,Scott Davison,5,0,0,5,5,0,0,0,0,0,0,0,0,0,0,0,
1996,SEA,AL,davisti01,Tim Davis,40,0,0,40,40,0,0,0,0,0,0,0,0,0,0,0,
1996,FLO,NL,dawsoan01,Andre Dawson,42,6,42,6,0,0,0,0,0,0,6,0,0,6,0,36,0
1996,SFN,NL,deckest01,Steve Decker,57,30,57,35,0,30,3,0,2,0,0,0,0,0,0,24,0
1996,COL,NL,deckest01,Steve Decker,10,7,10,10,0,10,0,0,0,0,0,0,0,0,0,0,0
1996,BOS,AL,delgaal01,Alex Delgado,26,2,26,23,0,14,1,1,4,0,4,0,3,6,0,7,5
1996,TOR,AL,delgaca01,Carlos Delgado,138,125,138,27,0,0,27,0,0,0,0,0,0,0,100,12,0
1996,SFN,NL,delgawi01,Wilson Delgado,6,6,6,6,0,0,0,0,0,6,0,0,0,0,0,0,0
1996,SFN,NL,delucri01,Rich DeLucia,56,0,56,56,56,0,0,0,0,0,0,0,0,0,0,0,0
1996,LAN,NL,deshide01,Delino DeShields,154,149,154,154,0,0,0,154,0,0,0,0,0,0,0,3,0
1996,PIT,NL,desseel01,Elmer Dessens,15,3,15,15,15,0,0,0,0,0,0,0,0,0,0,0,0
1996,BAL,AL,devarce01,Cesar Devarez,10,4,10,10,0,10,0,0,0,0,0,0,0,0,0,1,0
1996,BAL,AL,devermi01,Mike Devereaux,127,75,127,112,0,0,0,0,0,0,35,29,62,112,7,19,6
1996,SFN,NL,deweyma01,Mark Dewey,78,0,78,78,78,0,0,0,0,0,0,0,0,0,0,0,0
1996,CAL,AL,dicksja01,Jason Dickson,7,0,0,7,7,0,0,0,0,0,0,0,0,0,0,0,
1996,SLN,NL,difelmi01,Mike Difelice,4,2,4,4,0,4,0,0,0,0,0,0,0,0,0,0,0
1996,NYN,NL,dipotje01,Jerry Dipoto,57,0,57,57,57,0,0,0,0,0,0,0,0,0,0,0,0
1996,CAL,AL,disarga01,Gary Disarcina,150,148,150,150,0,0,0,0,0,150,0,0,0,0,0,0,0
1996,PHI,NL,dishmgl01,Glenn Dishman,4,1,4,4,4,0,0,0,0,0,0,0,0,0,0,0,0
1996,SDN,NL,dishmgl01,Glenn Dishman,3,0,3,3,3,0,0,0,0,0,0,0,0,0,0,0,0
1996,BOS,AL,doherjo02,John Doherty,3,0,0,3,3,0,0,0,0,0,0,0,0,0,0,0,
1996,CHN,NL,dorsebr01,Brian Dorsett,17,9,17,15,0,15,0,0,0,0,0,0,0,0,0,4,0
1996,PHI,NL,dosteda01,David Doster,39,21,39,25,0,0,0,24,1,0,0,0,0,0,0,15,1
1996,HOU,NL,doughji01,Jim Dougherty,12,0,12,12,12,0,0,0,0,0,0,0,0,0,0,0,0
1996,HOU,NL,drabedo01,Doug Drabek,32,30,32,30,30,0,0,0,0,0,0,0,0,0,0,0,2
1996,LAN,NL,dreifda01,Darren Dreifort,20,0,20,19,19,0,0,0,0,0,0,0,0,0,0,1,0
1996,NYA,AL,duncama01,Mariano Duncan,109,104,109,107,0,0,0,104,3,0,2,0,1,3,2,4,0
1996,SFN,NL,dunstsh01,Shawon Dunston,82,77,82,78,0,0,0,0,0,78,0,0,0,0,0,3,1
1996,MIN,AL,duranmi01,Mike Durant,40,27,40,37,0,37,0,0,0,0,0,0,0,0,0,2,4
1996,CHA,AL,durhara01,Ray Durham,156,145,156,150,0,0,0,150,0,0,0,0,0,0,0,2,5
1996,PHI,NL,dykstle01,Lenny Dykstra,40,34,40,39,0,0,0,0,0,0,0,39,0,39,0,5,0
1996,DET,AL,easleda01,Damion Easley,21,17,21,17,0,0,0,8,2,8,0,0,0,0,1,3,0
1996,CAL,AL,easleda01,Damion Easley,28,10,28,26,0,0,0,8,4,13,0,2,0,2,0,2,3
1996,COL,NL,echevan01,Angel Echevarria,26,0,26,11,0,0,0,0,0,0,4,0,7,11,0,17,1
1996,SLN,NL,eckerde01,Dennis Eckersley,63,0,63,63,63,0,0,0,0,0,0,0,0,0,0,0,0
1996,CAL,AL,edenfke01,Ken Edenfield,2,0,0,2,2,0,0,0,0,0,0,0,0,0,0,0,
1996,CAL,AL,edmonji01,Jim Edmonds,114,106,114,111,0,0,0,0,0,0,0,111,0,111,1,6,0
1996,NYA,AL,eenhoro01,Robert Eenhoorn,12,4,12,12,0,0,0,10,2,0,0,0,0,0,0,0,1
1996,CAL,AL,eenhoro01,Robert Eenhoorn,6,4,6,6,0,0,0,2,0,4,0,0,0,0,0,0,0
1996,CAL,AL,eichhma01,Mark Eichhorn,24,0,0,24,24,0,0,0,0,0,0,0,0,0,0,0,
1996,DET,AL,eischjo01,Joey Eischen,24,0,0,24,24,0,0,0,0,0,0,0,0,0,0,0,
1996,LAN,NL,eischjo01,Joey Eischen,28,0,28,28,28,0,0,0,0,0,0,0,0,0,0,0,0
1996,PHI,NL,eisenji01,Jim Eisenreich,113,80,113,91,0,0,0,0,0,0,43,3,50,91,0,24,1
1996,ML4,AL,eldreca01,Cal Eldred,15,0,0,15,15,0,0,0,0,0,0,0,0,0,0,0,
1996,CAL,AL,ellisro02,Robert Ellis,3,0,0,3,3,0,0,0,0,0,0,0,0,0,0,0,
1996,TEX,AL,elsteke01,Kevin Elster,157,155,157,157,0,0,0,0,0,157,0,0,0,0,0,0,0
1996,CLE,AL,embreal01,Alan Embree,24,0,0,24,24,0,0,0,0,0,0,0,0,0,0,0,
1996,PIT,NL,encaran01,Angelo Encarnacion,7,6,7,7,0,7,0,0,0,0,0,0,0,0,0,0,0
1996,PIT,NL,erickjo01,John Ericks,28,4,28,28,28,0,0,0,0,0,0,0,0,0,0,0,0
1996,BAL,AL,ericksc01,Scott Erickson,34,0,0,34,34,0,0,0,0,0,0,0,0,0,0,0,
1996,CAL,AL,erstada01,Darin Erstad,57,47,57,48,0,0,0,0,0,0,11,36,1,48,0,9,1
1996,BOS,AL,eshelva01,Vaughn Eshelman,39,0,0,39,39,0,0,0,0,0,0,0,0,0,0,0,
1996,CLE,AL,espinal01,Alvaro Espinoza,59,25,59,57,0,0,18,5,20,16,0,0,0,0,0,3,1
1996,NYN,NL,espinal01,Alvaro Espinoza,48,33,48,46,0,0,1,3,37,7,0,0,0,0,0,4,0
1996,PHI,NL,estalbo02,Bobby Estalella,7,4,7,4,0,4,0,0,0,0,0,0,0,0,0,3,0
1996,SFN,NL,estessh01,Shawn Estes,15,11,15,11,11,0,0,0,0,0,0,0,0,0,0,0,4
1996,HOU,NL,eusebto01,Tony Eusebio,58,38,58,48,0,48,0,0,0,0,0,0,0,0,0,15,0
1996,NYN,NL,evereca01,Carl Everett,101,36,101,55,0,0,0,0,0,0,9,15,37,55,0,51,3
1996,CAL,AL,fabrejo01,Jorge Fabregas,90,75,90,89,0,89,0,0,0,0,0,0,0,0,0,2,0
1996,TEX,AL,faneyri01,Rikkert Faneyte,8,2,8,6,0,0,0,0,0,0,2,4,0,6,0,2,1
1996,COL,NL,farmemi01,Mike Farmer,7,4,7,7,7,0,0,0,0,0,0,0,0,0,0,0,0
1996,DET,AL,farrejo03,John Farrell,2,0,0,2,2,0,0,0,0,0,0,0,0,0,0,0,
1996,KCA,AL,fasansa01,Sal Fasano,51,43,51,51,0,51,0,0,0,0,0,0,0,0,0,0,0
1996,MON,NL,fasseje01,Jeff Fassero,34,34,34,34,34,0,0,0,0,0,0,0,0,0,0,0,0
1996,CHN,NL,fermife01,Felix Fermin,11,3,11,7,0,0,0,6,0,2,0,0,0,0,0,5,1
1996,CHA,AL,fernaal01,Alex Fernandez,35,0,0,35,35,0,0,0,0,0,0,0,0,0,0,0,
1996,SFN,NL,fernaos01,Osvaldo Fernandez,33,28,33,30,30,0,0,0,0,0,0,0,0,0,0,0,3
1996,PHI,NL,fernasi01,Sid Fernandez,11,11,11,11,11,0,0,0,0,0,0,0,0,0,0,0,0
1996,ML4,AL,fettemi01,Mike Fetters,61,0,4,61,61,0,0,0,0,0,0,0,0,0,0,0,0
1996,DET,AL,fieldce01,Cecil Fielder,107,107,107,71,0,0,71,0,0,0,0,0,0,0,36,0,0
1996,NYA,AL,fieldce01,Cecil Fielder,53,51,53,9,0,0,9,0,0,0,0,0,0,0,42,2,0
1996,CAL,AL,finlech01,Chuck Finley,35,0,0,35,35,0,0,0,0,0,0,0,0,0,0,0,
1996,SDN,NL,finlest01,Steve Finley,161,152,161,160,0,0,0,0,0,0,0,160,0,160,0,2,1
1996,DET,AL,flahejo01,John Flaherty,47,42,47,46,0,46,0,0,0,0,0,0,0,0,0,2,0
1996,SDN,NL,flahejo01,John Flaherty,72,65,72,72,0,72,0,0,0,0,0,0,0,0,0,3,0
1996,TOR,AL,flenehu01,Huck Flener,15,0,0,15,15,0,0,0,0,0,0,0,0,0,0,0,
1996,MON,NL,fletcda01,Darrin Fletcher,127,104,127,112,0,112,0,0,0,0,0,0,0,0,0,22,0
1996,OAK,AL,fletcpa01,Paul Fletcher,1,0,0,1,1,0,0,0,0,0,0,0,0,0,0,0,
1996,SDN,NL,floribr01,Bryce Florie,39,0,39,39,39,0,0,0,0,0,0,0,0,0,0,0,0
1996,ML4,AL,floribr01,Bryce Florie,15,0,0,15,15,0,0,0,0,0,0,0,0,0,0,0,
1996,MON,NL,floydcl01,Cliff Floyd,117,46,117,86,0,0,2,0,0,0,69,16,7,85,0,41,4
1996,LAN,NL,fonvich01,Chad Fonville,103,42,103,75,0,0,0,23,2,20,19,18,0,35,0,21,19
1996,CIN,NL,fordybr01,Brook Fordyce,4,3,4,4,0,4,0,0,0,0,0,0,0,0,0,0,0
1996,SLN,NL,fossato01,Tony Fossas,65,0,65,65,65,0,0,0,0,0,0,0,0,0,0,0,0
1996,CHN,NL,fosteke01,Kevin Foster,19,16,19,17,17,0,0,0,0,0,0,0,0,0,0,0,2
1996,NYN,NL,francjo01,John Franco,51,0,51,51,51,0,0,0,0,0,0,0,0,0,0,0,0
1996,CLE,AL,francju01,Julio Franco,112,109,112,97,0,0,97,0,0,0,0,0,0,0,13,3,0
1996,NYN,NL,francma01,Matt Franco,14,7,14,9,0,0,2,0,8,0,0,0,0,0,0,6,0
1996,TEX,AL,frazilo01,Lou Frazier,30,12,30,16,0,0,0,1,0,0,12,3,0,15,0,3,13
1996,CHA,AL,freemma02,Marvin Freeman,1,0,0,1,1,0,0,0,0,0,0,0,0,0,0,0,
1996,COL,NL,freemma02,Marvin Freeman,26,23,26,26,26,0,0,0,0,0,0,0,0,0,0,0,0
1996,CAL,AL,frohwto01,Todd Frohwirth,4,0,0,4,4,0,0,0,0,0,0,0,0,0,0,0,
1996,DET,AL,frymatr01,Travis Fryman,157,157,157,157,0,0,0,0,128,29,0,0,0,0,0,0,0
1996,NYN,NL,fyhrimi01,Mike Fyhrie,2,0,2,2,2,0,0,0,0,0,0,0,0,0,0,0,0
1996,SLN,NL,gaettga01,Gary Gaetti,141,139,141,141,0,0,14,0,133,0,0,0,0,0,0,1,0
1996,LAN,NL,gagnegr01,Greg Gagne,128,126,128,127,0,0,0,0,0,127,0,0,0,0,0,1,0
1996,COL,NL,galaran01,Andres Galarraga,159,158,159,159,0,0,159,0,1,0,0,0,0,0,0,1,0
1996,SLN,NL,gallemi01,Mike Gallego,51,43,51,48,0,0,0,43,7,1,0,0,0,0,0,4,0
1996,BOS,AL,garceri01,Rich Garces,37,0,0,37,37,0,0,0,0,0,0,0,0,0,0,0,
1996,PIT,NL,garcica01,Carlos Garcia,101,94,101,100,0,0,0,77,14,19,0,0,0,0,0,2,1
1996,LAN,NL,garcika01,Karim Garcia,1,0,1,0,0,0,0,0,0,0,0,0,0,0,0,1,0
1996,BOS,AL,garcino01,Nomar Garciaparra,24,21,24,23,0,0,0,1,0,22,0,0,0,0,0,1,1
1996,ML4,AL,garcira03,Ramon Garcia,37,0,0,37,37,0,0,0,0,0,0,0,0,0,0,0,
1996,SFN,NL,gardnma01,Mark Gardner,33,28,33,30,30,0,0,0,0,0,0,0,0,0,0,3,0
1996,OAK,AL,garriwe01,Webster Garrison,5,2,5,4,0,0,1,3,0,0,0,0,0,0,0,1,0
1996,OAK,AL,gatesbr01,Brent Gates,64,63,64,64,0,0,0,64,0,0,0,0,0,0,0,1,0
1996,OAK,AL,giambja01,Jason Giambi,140,136,140,127,0,0,45,0,39,0,44,0,1,45,12,4,0
1996,CIN,NL,gibrast01,Steve Gibralter,2,0,2,2,0,0,0,0,0,0,1,1,0,2,0,0,0
1996,NYA,AL,gibsopa01,Paul Gibson,4,0,0,4,4,0,0,0,0,0,0,0,0,0,0,0,
1996,CLE,AL,gilesbr02,Brian Giles,51,28,51,16,0,0,0,0,0,0,11,0,5,16,20,16,2
1996,NYN,NL,gilkebe01,Bernard Gilkey,153,151,153,151,0,0,0,0,0,0,151,0,0,151,0,2,0
1996,ATL,NL,giovaed01,Ed Giovanola,43,15,43,34,0,0,0,5,6,25,0,0,0,0,0,16,2
1996,NYA,AL,girarjo01,Joe Girardi,124,110,124,120,0,120,0,0,0,0,0,0,0,0,0,6,4
1996,ML4,AL,givenbr01,Brian Givens,4,0,0,4,4,0,0,0,0,0,0,0,0,0,0,0,
1996,CHN,NL,glanvdo01,Doug Glanville,49,14,49,35,0,0,0,0,0,0,19,9,8,35,0,23,1
1996,ATL,NL,glavito02,Tom Glavine,39,36,39,36,36,0,0,0,0,0,0,0,0,0,0,3,0
1996,DET,AL,gomezch02,Chris Gomez,48,38,48,47,0,0,0,0,0,47,0,0,0,0,0,2,0
1996,SDN,NL,gomezch02,Chris Gomez,89,88,89,89,0,0,0,0,0,89,0,0,0,0,0,0,0
1996,CHN,NL,gomezle02,Leo Gomez,136,102,136,125,0,0,8,0,124,1,0,0,0,0,0,19,1
1996,TOR,AL,gonzaal01,Alex Gonzalez,147,147,147,147,0,0,0,0,0,147,0,0,0,0,0,0,0
1996,TEX,AL,gonzaju03,Juan Gonzalez,134,134,134,102,0,0,0,0,0,0,0,0,102,102,32,0,0
1996,CHN,NL,gonzalu01,Luis Gonzalez,146,133,146,140,0,0,2,0,0,0,139,0,0,139,0,11,0
1996,TEX,AL,gonzare01,Rene Gonzales,51,22,51,50,0,0,23,5,15,10,1,0,0,1,0,4,3
1996,NYA,AL,goodedw01,Dwight Gooden,29,0,0,29,29,0,0,0,0,0,0,0,0,0,0,0,
1996,CIN,NL,goodwcu01,Curtis Goodwin,49,30,49,42,0,0,0,0,0,0,9,28,6,42,0,9,2
1996,KCA,AL,goodwto01,Tom Goodwin,143,130,143,136,0,0,0,0,0,0,75,81,0,136,0,2,8
1996,BOS,AL,gordoto01,Tom Gordon,34,0,0,34,34,0,0,0,0,0,0,0,0,0,0,0,
1996,CHN,NL,gracema01,Mark Grace,142,139,142,141,0,0,141,0,0,0,0,0,0,0,0,2,0
1996,PHI,NL,gracemi02,Mike Grace,12,12,12,12,12,0,0,0,0,0,0,0,0,0,0,0,0
1996,ATL,NL,graffto01,Tony Graffanino,22,11,22,18,0,0,0,18,0,0,0,0,0,0,0,5,3
1996,KCA,AL,grangje01,Jeff Granger,15,0,0,15,15,0,0,0,0,0,0,0,0,0,0,0,
1996,CLE,AL,graveda01,Danny Graves,15,0,0,15,15,0,0,0,0,0,0,0,0,0,0,0,
1996,FLO,NL,grebecr01,Craig Grebeck,50,21,50,31,0,0,0,29,1,2,0,0,0,0,0,19,2
1996,NYN,NL,greench02,Charlie Greene,2,0,2,1,0,1,0,0,0,0,0,0,0,0,0,1,0
1996,BOS,AL,greenmi01,Mike Greenwell,77,74,77,76,0,0,0,0,0,0,75,1,1,76,0,3,0
1996,TOR,AL,greensh01,Shawn Green,132,115,132,127,0,0,0,0,0,0,0,2,127,127,1,17,0
1996,CAL,AL,greento02,Todd Greene,29,19,29,26,0,26,0,0,0,0,0,0,0,0,1,5,2
1996,CIN,NL,greenwi01,Willie Greene,115,64,115,86,0,0,2,0,74,1,9,0,1,10,0,37,1
1996,TEX,AL,greerru01,Rusty Greer,139,136,139,137,0,0,1,0,0,0,136,1,0,137,0,1,1
1996,SEA,AL,griffke02,Ken Griffey,140,139,140,137,0,0,0,0,0,0,0,137,0,137,5,0,0
1996,CAL,AL,grimsja01,Jason Grimsley,35,0,0,35,35,0,0,0,0,0,0,0,0,0,0,0,
1996,ATL,NL,grissma02,Marquis Grissom,158,157,158,158,0,0,0,0,0,0,0,158,0,158,0,1,0
1996,OAK,AL,groombu01,Buddy Groom,72,0,0,72,72,0,0,0,0,0,0,0,0,0,0,0,
1996,TEX,AL,grosske01,Kevin Gross,28,0,0,28,28,0,0,0,0,0,0,0,0,0,0,0,
1996,MON,NL,grudzma01,Mark Grudzielanek,153,153,153,153,0,0,0,0,0,153,0,0,0,0,0,0,0
1996,BOS,AL,grundke01,Ken Grundt,1,0,0,1,1,0,0,0,0,0,0,0,0,0,0,0,
1996,MIN,AL,guarded01,Eddie Guardado,83,0,0,83,83,0,0,0,0,0,0,0,0,0,0,0,
1996,KCA,AL,gubicma01,Mark Gubicza,19,0,0,19,19,0,0,0,0,0,0,0,0,0,0,0,
1996,MON,NL,guerrvl01,Vladimir Guerrero,9,6,9,8,0,0,0,0,0,0,0,1,7,8,0,1,0
1996,LAN,NL,guerrwi01,Wilton Guerrero,5,0,5,0,0,0,0,0,0,0,0,0,0,0,0,2,3
1996,SEA,AL,guettle01,Lee Guetterman,17,0,0,17,17,0,0,0,0,0,0,0,0,0,0,0,
1996,CHA,AL,guilloz01,Ozzie Guillen,150,129,150,147,0,0,0,0,0,146,2,0,0,2,0,9,0
1996,BOS,AL,gundeer01,Eric Gunderson,28,0,0,28,28,0,0,0,0,0,0,0,0,0,0,0,
1996,LAN,NL,guthrma01,Mark Guthrie,66,0,66,66,66,0,0,0,0,0,0,0,0,0,0,0,0
1996,HOU,NL,gutieri01,Ricky Gutierrez,89,49,89,83,0,0,0,5,6,74,0,0,0,0,0,9,0
1996,TOR,AL,guzmaju01,Juan Guzman,27,0,0,27,27,0,0,0,0,0,0,0,0,0,0,0,
1996,SDN,NL,gwynnch01,Chris Gwynn,81,7,81,30,0,0,1,0,0,0,5,0,24,29,0,57,3
1996,SDN,NL,gwynnto01,Tony Gwynn,116,109,116,111,0,0,0,0,0,0,0,0,111,111,0,6,0
1996,COL,NL,habyajo01,John Habyan,19,0,19,19,19,0,0,0,0,0,0,0,0,0,0,0,0
1996,HOU,NL,hajekda01,Dave Hajek,8,1,8,5,0,0,0,2,3,0,0,0,0,0,0,3,1
1996,KCA,AL,hamelbo01,Bob Hamelin,89,69,89,33,0,0,33,0,0,0,0,0,0,0,41,19,0
1996,TEX,AL,hamilda02,Darryl Hamilton,148,145,148,147,0,0,0,0,0,0,0,147,0,147,0,2,1
1996,SDN,NL,hamiljo02,Joey Hamilton,34,33,34,34,34,0,0,0,0,0,0,0,0,0,0,0,0
1996,FLO,NL,hammoch01,Chris Hammond,38,9,38,38,38,0,0,0,0,0,0,0,0,0,0,0,0
1996,BAL,AL,hammoje01,Jeffrey Hammonds,71,65,71,70,0,0,0,0,0,0,64,1,11,70,1,3,0
1996,HOU,NL,hamptmi01,Mike Hampton,29,27,29,27,27,0,0,0,0,0,0,0,0,0,0,0,2
1996,PIT,NL,hancole01,Lee Hancock,13,0,13,13,13,0,0,0,0,0,0,0,0,0,0,0,0
1996,CAL,AL,hancory01,Ryan Hancock,11,0,1,11,11,0,0,0,0,0,0,0,0,0,0,0,0
1996,KCA,AL,haneych01,Chris Haney,35,0,0,35,35,0,0,0,0,0,0,0,0,0,0,0,
1996,CHN,NL,haneyto01,Todd Haney,49,14,49,29,0,0,0,23,4,3,0,0,0,0,0,21,4
1996,LAN,NL,hanseda01,Dave Hansen,80,17,80,27,0,0,8,0,19,0,0,0,0,0,0,58,0
1996,MIN,AL,hansegr01,Greg Hansell,50,0,0,50,50,0,0,0,0,0,0,0,0,0,0,0,
1996,TOR,AL,hansoer01,Erik Hanson,35,0,0,35,35,0,0,0,0,0,0,0,0,0,0,0,
1996,NYN,NL,hardtja01,Jason Hardtke,19,13,19,18,0,0,0,18,0,0,0,0,0,0,0,5,0
1996,SEA,AL,harikti01,Tim Harikkala,1,0,0,1,1,0,0,0,0,0,0,0,0,0,0,0,
1996,NYN,NL,harnipe01,Pete Harnisch,32,31,32,31,31,0,0,0,0,0,0,0,0,0,0,0,1
1996,CIN,NL,harrile01,Lenny Harris,125,59,125,79,0,0,16,8,24,0,23,1,18,37,0,58,0
1996,CAL,AL,harripe01,Pep Harris,11,0,0,11,11,0,0,0,0,0,0,0,0,0,0,0,
1996,BOS,AL,harrire01,Reggie Harris,4,0,0,4,4,0,0,0,0,0,0,0,0,0,0,0,
1996,HOU,NL,hartgde01,Dean Hartgraves,19,0,19,19,19,0,0,0,0,0,0,0,0,0,0,0,0
1996,ATL,NL,hartgde01,Dean Hartgraves,20,0,20,20,20,0,0,0,0,0,0,0,0,0,0,0,0
1996,BOS,AL,haselbi01,Bill Haselman,77,61,77,71,0,69,2,0,0,0,0,0,0,0,0,7,4
1996,BOS,AL,hattesc01,Scott Hatteberg,10,3,10,10,0,10,0,0,0,0,0,0,0,0,0,3,0
1996,COL,NL,hawblry01,Ryan Hawblitzel,8,0,8,8,8,0,0,0,0,0,0,0,0,0,0,0,0
1996,MIN,AL,hawkila01,LaTroy Hawkins,7,0,0,7,7,0,0,0,0,0,0,0,0,0,0,0,
1996,NYA,AL,hayesch01,Charlie Hayes,20,15,20,19,0,0,0,0,19,0,0,0,0,0,0,5,0
1996,PIT,NL,hayesch01,Charlie Hayes,128,120,128,124,0,0,0,0,124,0,0,0,0,0,0,6,0
1996,BAL,AL,hayneji01,Jimmy Haynes,26,0,0,26,26,0,0,0,0,0,0,0,0,0,0,0,
1996,PHI,NL,heflibr01,Bronson Heflin,3,0,3,3,3,0,0,0,0,0,0,0,0,0,0,0,0
1996,FLO,NL,helliri01,Rick Helling,5,4,5,5,5,0,0,0,0,0,0,0,0,0,0,0,0
1996,TEX,AL,helliri01,Rick Helling,6,0,0,6,6,0,0,0,0,0,0,0,0,0,0,0,
1996,SDN,NL,henderi01,Rickey Henderson,148,122,148,134,0,0,0,0,0,0,114,10,17,134,0,13,6
1996,TEX,AL,hennemi01,Mike Henneman,49,0,2,49,49,0,0,0,0,0,0,0,0,0,0,0,0
1996,NYN,NL,henrydo01,Doug Henry,58,0,58,58,58,0,0,0,0,0,0,0,0,0,0,0,0
1996,TOR,AL,hentgpa01,Pat Hentgen,35,0,0,35,35,0,0,0,0,0,0,0,0,0,0,0,
1996,FLO,NL,heredfe01,Felix Heredia,21,0,21,21,21,0,0,0,0,0,0,0,0,0,0,0,0
1996,TEX,AL,heredgi01,Gil Heredia,44,0,0,44,44,0,0,0,0,0,0,0,0,0,0,0,
1996,SDN,NL,hermadu01,Dustin Hermanson,8,0,8,8,8,0,0,0,0,0,0,0,0,0,0,0,0
1996,LAN,NL,hernaca01,Carlos Hernandez,13,3,13,9,0,9,0,0,0,0,0,0,0,0,0,4,0
1996,CHN,NL,hernajo01,Jose Hernandez,131,82,131,129,0,0,0,1,43,87,0,1,0,1,0,7,10
1996,FLO,NL,hernali01,Livan Hernandez,1,0,1,1,1,0,0,0,0,0,0,0,0,0,0,0,0
1996,CHA,AL,hernaro01,Roberto Hernandez,72,0,1,72,72,0,0,0,0,0,0,0,0,0,0,0,0
1996,CIN,NL,hernaxa01,Xavier Hernandez,3,0,3,3,3,0,0,0,0,0,0,0,0,0,0,0,0
1996,HOU,NL,hernaxa01,Xavier Hernandez,58,0,58,58,58,0,0,0,0,0,0,0,0,0,0,0,0
1996,OAK,AL,herrejo02,Jose Herrera,108,75,108,101,0,0,0,0,0,0,0,19,92,101,0,14,5
1996,CLE,AL,hershor01,Orel Hershiser,33,0,0,33,33,0,0,0,0,0,0,0,0,0,0,0,
1996,DET,AL,hiattph01,Phil Hiatt,7,5,7,5,0,0,0,0,3,0,1,0,1,2,1,2,0
1996,DET,AL,higgibo02,Bobby Higginson,130,114,130,123,0,0,0,0,0,0,63,19,57,123,2,12,0
1996,SEA,AL,hitchst01,Sterling Hitchcock,35,0,0,35,35,0,0,0,0,0,0,0,0,0,0,0,
1996,MIN,AL,hockide01,Denny Hocking,49,32,49,42,0,0,1,2,0,6,0,0,33,33,1,5,6
1996,SDN,NL,hoffmtr01,Trevor Hoffman,70,0,70,70,70,0,0,0,0,0,0,0,0,0,0,0,0
1996,BAL,AL,hoilech01,Chris Hoiles,127,120,127,126,0,126,1,0,0,0,0,0,0,0,0,4,0
1996,SLN,NL,holbeaa01,Aaron Holbert,1,1,1,1,0,0,0,1,0,0,0,0,0,0,0,0,0
1996,LAN,NL,hollato01,Todd Hollandsworth,149,122,149,142,0,0,0,0,0,0,122,18,9,142,0,14,2
1996,SEA,AL,hollida01,Dave Hollins,28,27,28,28,0,0,1,0,28,0,0,0,0,0,0,1,0
1996,MIN,AL,hollida01,Dave Hollins,121,118,121,117,0,0,0,0,116,1,0,0,0,0,3,3,0
1996,COL,NL,holmeda01,Darren Holmes,62,0,62,62,62,0,0,0,0,0,0,0,0,0,0,0,0
1996,CAL,AL,holtzmi01,Mike Holtz,30,0,0,30,30,0,0,0,0,0,0,0,0,0,0,0,
1996,CAL,AL,holzema01,Mark Holzemer,25,0,1,25,25,0,0,0,0,0,0,0,0,0,0,0,0
1996,SLN,NL,honeyri01,Rick Honeycutt,61,0,61,61,61,0,0,0,0,0,0,0,0,0,0,0,0
1996,BOS,AL,hoseydw01,Dwayne Hosey,28,19,28,26,0,0,0,0,0,0,7,20,0,26,0,3,4
1996,ATL,NL,houstty01,Tyler Houston,33,0,33,12,0,0,11,0,0,0,1,0,0,1,0,23,3
1996,CHN,NL,houstty01,Tyler Houston,46,28,46,39,0,27,1,2,9,0,0,0,0,0,0,9,2
1996,KCA,AL,howarda02,David Howard,143,125,143,141,0,0,2,3,0,135,0,1,0,1,0,4,2
1996,NYA,AL,howarma01,Matt Howard,35,14,35,34,0,0,0,30,6,0,0,0,0,0,0,3,4
1996,CIN,NL,howarth01,Thomas Howard,121,77,121,103,0,0,0,0,0,0,51,40,32,103,0,32,1
1996,CAL,AL,howelja02,Jack Howell,66,24,66,45,0,0,2,1,43,0,0,0,0,0,1,39,0
1996,CHN,NL,hubbami01,Mike Hubbard,21,6,21,14,0,14,0,0,0,0,0,0,0,0,0,9,1
1996,SFN,NL,hubbatr01,Trent Hubbard,10,7,10,9,0,0,0,0,0,0,8,1,0,9,0,1,1
1996,COL,NL,hubbatr01,Trent Hubbard,45,10,45,19,0,0,0,0,0,0,3,16,0,19,0,29,2
1996,HOU,NL,hudekjo01,John Hudek,15,0,15,15,15,0,0,0,0,0,0,0,0,0,0,0,0
1996,CAL,AL,hudlere01,Rex Hudler,92,73,92,80,0,0,7,53,0,0,8,14,0,21,5,11,4
1996,BOS,AL,hudsojo02,Joe Hudson,36,0,0,36,36,0,0,0,0,0,0,0,0,0,0,0,
1996,KCA,AL,huismri01,Rick Huisman,22,0,0,22,22,0,0,0,0,0,0,0,0,0,0,0,
1996,ML4,AL,hulseda01,David Hulse,81,26,81,68,0,0,0,0,0,0,24,37,11,68,0,2,27
1996,NYN,NL,hundlto01,Todd Hundley,153,142,153,150,0,150,0,0,0,0,0,0,0,0,0,10,0
1996,SEA,AL,huntebr01,Brian Hunter,75,49,75,67,0,0,41,0,0,0,29,0,2,29,2,23,0
1996,HOU,NL,huntebr02,Brian Hunter,132,117,132,127,0,0,0,0,0,0,0,127,0,127,0,8,1
1996,PHI,NL,hunteri01,Rich Hunter,15,14,15,14,14,0,0,0,0,0,0,0,0,0,0,0,1
1996,FLO,NL,hurstbi01,Bill Hurst,2,0,2,2,2,0,0,0,0,0,0,0,0,0,0,0,0
1996,SEA,AL,hurtaed01,Edwin Hurtado,16,0,0,16,16,0,0,0,0,0,0,0,0,0,0,0,
1996,NYN,NL,huskebu01,Butch Huskey,118,113,118,115,0,0,75,0,6,0,0,0,40,40,0,4,1
1996,BAL,AL,husonje01,Jeff Huson,17,6,17,15,0,0,0,12,3,0,0,0,1,1,0,4,3
1996,NYA,AL,huttoma01,Mark Hutton,12,0,0,12,12,0,0,0,0,0,0,0,0,0,0,0,
1996,FLO,NL,huttoma01,Mark Hutton,13,9,13,13,13,0,0,0,0,0,0,0,0,0,0,0,0
1996,DET,AL,hyersti01,Tim Hyers,17,4,17,9,0,0,9,0,0,0,1,0,0,1,0,10,0
1996,SEA,AL,ibanera01,Raul Ibanez,4,1,4,0,0,0,0,0,0,0,0,0,0,0,1,2,1
1996,BAL,AL,incavpe01,Pete Incaviglia,12,9,12,7,0,0,0,0,0,0,7,0,0,7,3,3,0
1996,PHI,NL,incavpe01,Pete Incaviglia,99,68,99,71,0,0,0,0,0,0,70,0,2,71,0,29,0
1996,NYN,NL,isrinja01,Jason Isringhausen,27,27,27,27,27,0,0,0,0,0,0,0,0,0,0,0,0
1996,SLN,NL,jacksda02,Danny Jackson,13,4,13,13,13,0,0,0,0,0,0,0,0,0,0,0,0
1996,CLE,AL,jacksda04,Damian Jackson,5,2,5,5,0,0,0,0,0,5,0,0,0,0,0,1,0
1996,SEA,AL,jacksmi02,Michael Jackson,73,0,1,73,73,0,0,0,0,0,0,0,0,0,0,0,0
1996,KCA,AL,jacomja01,Jason Jacome,49,0,0,49,49,0,0,0,0,0,0,0,0,0,0,0,
1996,NYA,AL,jamesdi01,Dion James,6,4,6,4,0,0,0,0,0,0,3,0,1,4,1,1,0
1996,CAL,AL,jamesmi01,Mike James,69,0,0,69,69,0,0,0,0,0,0,0,0,0,0,0,
1996,TOR,AL,janzema01,Marty Janzen,15,0,0,15,15,0,0,0,0,0,0,0,0,0,0,0,
1996,CIN,NL,jarvike01,Kevin Jarvis,24,20,24,24,24,0,0,0,0,0,0,0,0,0,0,0,0
1996,SFN,NL,javiest01,Stan Javier,71,68,71,71,0,0,0,0,0,0,0,53,18,71,0,0,0
1996,PHI,NL,jeffegr01,Gregg Jefferies,104,103,104,104,0,0,53,0,0,0,51,0,0,51,0,1,0
1996,BOS,AL,jeffere01,Reggie Jefferson,122,97,122,60,0,0,16,0,0,0,45,0,0,45,46,24,0
1996,CHN,NL,jenniro01,Robin Jennings,31,11,31,11,0,0,0,0,0,0,0,0,11,11,0,20,0
1996,SFN,NL,jensema01,Marcus Jensen,9,6,9,7,0,7,0,0,0,0,0,0,0,0,0,2,0
1996,NYA,AL,jeterde01,Derek Jeter,157,156,157,157,0,0,0,0,0,157,0,0,0,0,0,0,0
1996,SDN,NL,johnsbr01,Brian Johnson,82,60,82,68,0,66,1,0,1,0,0,0,0,0,0,15,0
1996,FLO,NL,johnsch04,Charles Johnson,120,113,120,120,0,120,0,0,0,0,0,0,0,0,0,2,0
1996,TOR,AL,johnsda05,Dane Johnson,10,0,0,10,10,0,0,0,0,0,0,0,0,0,0,0,
1996,OAK,AL,johnsdo04,Doug Johns,42,0,2,40,40,0,0,0,0,0,0,0,0,0,0,0,2
1996,HOU,NL,johnsjo07,John Johnstone,9,0,9,9,9,0,0,0,0,0,0,0,0,0,0,0,0
1996,NYN,NL,johnsla03,Lance Johnson,160,156,160,157,0,0,0,0,0,0,0,157,0,157,0,4,0
1996,PIT,NL,johnsma01,Mark Johnson,127,83,127,101,0,0,100,0,0,0,1,0,0,1,0,36,0
1996,SEA,AL,johnsra05,Randy Johnson,14,0,0,14,14,0,0,0,0,0,0,0,0,0,0,0,
1996,ATL,NL,jonesan01,Andruw Jones,31,22,31,29,0,0,0,0,0,0,0,12,20,29,0,4,0
1996,NYN,NL,jonesbo03,Bobby Jones,31,31,31,31,31,0,0,0,0,0,0,0,0,0,0,0,0
1996,NYN,NL,jonesch05,Chris Jones,89,22,89,70,0,0,5,0,0,0,17,8,44,66,0,26,9
1996,ATL,NL,jonesch06,Chipper Jones,157,155,157,155,0,0,0,0,118,38,0,0,1,1,0,2,0
1996,SFN,NL,jonesda05,Dax Jones,34,12,34,33,0,0,0,0,0,0,0,29,4,33,0,5,1
1996,ML4,AL,jonesdo01,Doug Jones,24,0,0,24,24,0,0,0,0,0,0,0,0,0,0,0,
1996,CHN,NL,jonesdo01,Doug Jones,28,0,28,28,28,0,0,0,0,0,0,0,0,0,0,0,0
1996,CHA,AL,jonesst02,Stacy Jones,2,0,0,2,2,0,0,0,0,0,0,0,0,0,0,0,
1996,COL,NL,joneste02,Terry Jones,12,2,12,4,0,0,0,0,0,0,0,4,0,4,0,1,7
1996,HOU,NL,jonesto02,Todd Jones,51,0,51,51,51,0,0,0,0,0,0,0,0,0,0,0,0
1996,SLN,NL,jordabr01,Brian Jordan,140,131,140,136,0,0,1,0,0,0,0,13,128,136,0,7,0
1996,PHI,NL,jordake01,Kevin Jordan,43,28,43,37,0,0,30,7,1,0,0,0,0,0,0,6,0
1996,SEA,AL,jordari02,Ricky Jordan,15,7,15,9,0,0,9,0,0,0,0,0,0,0,1,8,0
1996,PHI,NL,jordari03,Ricardo Jordan,26,0,26,26,26,0,0,0,0,0,0,0,0,0,0,0,0
1996,SDN,NL,joynewa01,Wally Joyner,121,115,121,119,0,0,119,0,0,0,0,0,0,0,0,4,0
1996,SFN,NL,judenje01,Jeff Juden,36,0,36,36,36,0,0,0,0,0,0,0,0,0,0,0,0
1996,MON,NL,judenje01,Jeff Juden,22,0,22,22,22,0,0,0,0,0,0,0,0,0,0,0,0
1996,ATL,NL,justida01,David Justice,40,40,40,40,0,0,0,0,0,0,0,0,40,40,0,0,0
1996,NYA,AL,kamiesc01,Scott Kamieniecki,7,0,0,7,7,0,0,0,0,0,0,0,0,0,0,0,
1996,CHA,AL,karchma01,Matt Karchner,50,0,0,50,50,0,0,0,0,0,0,0,0,0,0,0,
1996,CHA,AL,karkoro01,Ron Karkovice,111,99,111,111,0,111,0,0,0,0,0,0,0,0,0,0,0
1996,LAN,NL,karroer01,Eric Karros,154,154,154,154,0,0,154,0,0,0,0,0,0,0,0,0,0
1996,DET,AL,keaglgr01,Greg Keagle,26,0,0,26,26,0,0,0,0,0,0,0,0,0,0,0,
1996,CIN,NL,kellymi02,Mike Kelly,19,15,19,17,0,0,0,0,0,0,6,10,1,17,0,2,1
1996,NYA,AL,kellypa03,Pat Kelly,13,5,13,10,0,0,0,10,0,0,0,0,0,0,0,1,5
1996,MIN,AL,kellyro01,Roberto Kelly,98,90,98,93,0,0,0,0,0,0,6,40,54,93,2,4,2
1996,PIT,NL,kendaja01,Jason Kendall,130,117,130,129,0,129,0,0,0,0,0,0,0,0,0,3,1
1996,CHA,AL,keysebr01,Brian Keyser,28,0,0,28,28,0,0,0,0,0,0,0,0,0,0,0,
1996,ML4,AL,kiefema01,Mark Kiefer,7,0,0,7,7,0,0,0,0,0,0,0,0,0,0,0,
1996,CHN,NL,kiescbr01,Brooks Kieschnick,25,4,25,8,0,0,0,0,0,0,4,0,5,8,0,20,0
1996,PIT,NL,kingemi01,Mike Kingery,117,58,117,83,0,0,0,0,0,0,5,64,16,83,0,44,0
1996,BAL,AL,kingsge01,Gene Kingsale,3,0,3,2,0,0,0,0,0,0,0,2,0,2,0,0,1
1996,LAN,NL,kirbywa01,Wayne Kirby,65,46,65,53,0,0,0,0,0,0,8,47,0,53,0,14,0
1996,CLE,AL,kirbywa01,Wayne Kirby,27,1,27,18,0,0,0,0,0,0,2,6,10,18,0,6,6
1996,ATL,NL,kleskry01,Ryan Klesko,153,144,153,146,0,0,2,0,0,0,144,0,0,144,0,9,0
1996,MIN,AL,klingsc01,Scott Klingenbeck,10,0,0,10,10,0,0,0,0,0,0,0,0,0,0,0,
1996,SEA,AL,klinkjo01,Joe Klink,3,0,0,3,3,0,0,0,0,0,0,0,0,0,0,0,
1996,BOS,AL,knackbr01,Brent Knackert,8,0,1,8,8,0,0,0,0,0,0,0,0,0,0,0,0
1996,MIN,AL,knoblch01,Chuck Knoblauch,153,151,153,151,0,0,0,151,0,0,0,0,0,0,1,0,1
1996,HOU,NL,knorrra01,Randy Knorr,37,26,37,33,0,33,0,0,0,0,0,0,0,0,0,4,0
1996,ML4,AL,kosloke01,Kevin Koslofski,25,10,25,22,0,0,0,0,0,0,6,14,2,22,0,1,5
1996,CHA,AL,kreutch01,Chad Kreuter,46,26,46,40,0,38,2,0,0,0,0,0,0,0,0,17,3
1996,BAL,AL,krivdri01,Rick Krivda,22,0,0,22,22,0,0,0,0,0,0,0,0,0,0,0,
1996,SFN,NL,lampkto01,Tom Lampkin,66,44,66,53,0,53,0,0,0,0,0,0,0,0,0,17,1
1996,CAL,AL,langsma01,Mark Langston,18,0,0,18,18,0,0,0,0,0,0,0,0,0,0,0,
1996,SLN,NL,lankfra01,Ray Lankford,149,142,149,144,0,0,0,0,0,0,0,144,0,144,0,7,0
1996,MON,NL,lansimi01,Mike Lansing,159,159,159,159,0,0,0,159,0,2,0,0,0,0,0,0,0
1996,FLO,NL,larkian01,Andy Larkin,1,1,1,1,1,0,0,0,0,0,0,0,0,0,0,0,0
1996,CIN,NL,larkiba01,Barry Larkin,152,148,152,151,0,0,0,0,0,151,0,0,0,0,0,4,0
1996,MIN,AL,lawtoma02,Matt Lawton,79,65,79,75,0,0,0,0,0,0,1,18,60,75,0,10,0
1996,CAL,AL,leftwph01,Phil Leftwich,2,0,0,2,2,0,0,0,0,0,0,0,0,0,0,0,
1996,MON,NL,leipeda01,Dave Leiper,7,0,7,7,7,0,0,0,0,0,0,0,0,0,0,0,0
1996,PHI,NL,leipeda01,Dave Leiper,26,0,26,26,26,0,0,0,0,0,0,0,0,0,0,0,0
1996,FLO,NL,leiteal01,Al Leiter,33,33,33,33,33,0,0,0,0,0,0,0,0,0,0,0,0
1996,SFN,NL,leitema01,Mark Leiter,23,22,23,23,23,0,0,0,0,0,0,0,0,0,0,0,0
1996,MON,NL,leitema01,Mark Leiter,12,12,12,12,12,0,0,0,0,0,0,0,0,0,0,0,0
1996,CLE,AL,leiussc01,Scott Leius,27,9,27,21,0,0,7,6,8,0,0,0,0,0,0,8,0
1996,ATL,NL,lemkema01,Mark Lemke,135,132,135,133,0,0,0,133,0,0,0,0,0,0,0,2,1
1996,KCA,AL,lennopa01,Pat Lennon,14,8,14,11,0,0,0,0,0,0,11,0,0,11,0,6,0
1996,OAK,AL,leshebr01,Brian Lesher,26,20,26,26,0,0,1,0,0,0,14,0,14,25,0,5,0
1996,COL,NL,leskacu01,Curt Leskanic,70,0,70,70,70,0,0,0,0,0,0,0,0,0,0,0,0
1996,CHA,AL,levinal01,Al Levine,16,0,0,16,16,0,0,0,0,0,0,0,0,0,0,0,
1996,ML4,AL,levisje01,Jesse Levis,104,57,104,90,0,90,0,0,0,0,0,0,0,0,0,39,0
1996,CHA,AL,lewisda01,Darren Lewis,141,95,141,138,0,0,0,0,0,0,1,137,0,138,0,0,15
1996,DET,AL,lewisma01,Mark Lewis,145,144,145,144,0,0,0,144,0,0,0,0,0,0,1,0,0
1996,DET,AL,lewisri01,Richie Lewis,72,0,1,72,72,0,0,0,0,0,0,0,0,0,0,0,0
1996,NYA,AL,leyriji01,Jim Leyritz,88,72,88,72,0,55,5,2,13,0,3,0,0,3,10,11,0
1996,PIT,NL,liebejo01,Jon Lieber,51,15,51,51,51,0,0,0,0,0,0,0,0,0,0,0,0
1996,PHI,NL,liebemi01,Mike Lieberthal,50,41,50,43,0,43,0,0,0,0,0,0,0,0,0,8,0
1996,CIN,NL,lillide01,Derek Lilliquist,5,0,5,5,5,0,0,0,0,0,0,0,0,0,0,0,0
1996,KCA,AL,lintodo01,Doug Linton,21,0,0,21,21,0,0,0,0,0,0,0,0,0,0,0,
1996,PIT,NL,liriane01,Nelson Liriano,112,34,112,50,0,0,0,36,9,5,0,0,0,0,0,71,0
1996,ML4,AL,listapa01,Pat Listach,87,75,87,83,0,0,0,12,0,7,2,66,0,68,0,6,2
1996,SDN,NL,livinsc01,Scott Livingstone,102,27,102,38,0,0,21,0,17,0,0,0,0,0,0,68,0
1996,ML4,AL,lloydgr01,Graeme Lloyd,52,0,1,52,52,0,0,0,0,0,0,0,0,0,0,0,0
1996,NYA,AL,lloydgr01,Graeme Lloyd,13,0,0,13,13,0,0,0,0,0,0,0,0,0,0,0,
1996,PIT,NL,loaizes01,Esteban Loaiza,11,10,11,10,10,0,0,0,0,0,0,0,0,0,0,1,0
1996,KCA,AL,lockhke01,Keith Lockhart,138,105,138,129,0,0,0,84,55,0,0,0,0,0,0,25,0
1996,CLE,AL,loftoke01,Kenny Lofton,154,153,154,153,0,0,0,0,0,0,0,153,0,153,0,1,0
1996,PIT,NL,loiseri01,Rich Loiselle,5,3,5,5,5,0,0,0,0,0,0,0,0,0,0,0,0
1996,ATL,NL,lomonke01,Kevin Lomon,6,0,6,6,6,0,0,0,0,0,0,0,0,0,0,0,0
1996,CLE,AL,lopezal02,Albie Lopez,13,0,0,13,13,0,0,0,0,0,0,0,0,0,0,0,
1996,ATL,NL,lopezja01,Javy Lopez,138,125,138,135,0,135,0,0,0,0,0,0,0,0,0,6,0
1996,SDN,NL,lopezlu02,Luis Lopez,63,30,63,56,0,0,0,22,2,35,0,0,0,0,0,12,1
1996,ML4,AL,loretma01,Mark Loretta,73,39,73,70,0,0,0,28,23,21,0,0,0,0,0,6,1
1996,OAK,AL,lovulto01,Torey Lovullo,65,18,65,56,0,0,42,2,11,1,1,0,0,1,2,10,18
1996,SLN,NL,ludwier01,Eric Ludwick,6,1,6,6,6,0,0,0,0,0,0,0,0,0,0,0,0
1996,MON,NL,lukacro01,Rob Lukachyk,2,0,2,0,0,0,0,0,0,0,0,0,0,0,0,2,0
1996,CIN,NL,lyonscu01,Curt Lyons,3,3,3,3,3,0,0,0,0,0,0,0,0,0,0,0,0
1996,SLN,NL,mabryjo01,John Mabry,151,143,151,150,0,0,146,0,0,0,1,0,13,14,0,2,0
1996,NYN,NL,macdobo01,Bob Macdonald,20,0,20,20,20,0,0,0,0,0,0,0,0,0,0,0,0
1996,KCA,AL,macfami01,Mike Macfarlane,112,100,112,99,0,99,0,0,0,0,0,0,0,0,8,10,0
1996,CHA,AL,macharo01,Robert Machado,4,2,4,4,0,4,0,0,0,0,0,0,0,0,0,0,0
1996,ATL,NL,maddugr01,Greg Maddux,35,35,35,35,35,0,0,0,0,0,0,0,0,0,0,0,0
1996,BOS,AL,maddumi01,Mike Maddux,23,0,0,23,23,0,0,0,0,0,0,0,0,0,0,0,
1996,PHI,NL,madurca01,Calvin Maduro,4,2,4,4,4,0,0,0,0,0,0,0,0,0,0,0,0
1996,CHN,NL,magadda01,Dave Magadan,78,46,78,57,0,0,10,0,51,0,0,0,0,0,0,25,0
1996,PHI,NL,mageewe01,Wendell Magee,38,35,38,37,0,0,0,0,0,0,6,18,18,37,0,1,0
1996,KCA,AL,magnami01,Mike Magnante,38,0,0,38,38,0,0,0,0,0,0,0,0,0,0,0,
1996,CHA,AL,magrajo01,Joe Magrane,19,0,0,19,19,0,0,0,0,0,0,0,0,0,0,0,
1996,MIN,AL,mahompa01,Pat Mahomes,20,0,0,20,20,0,0,0,0,0,0,0,0,0,0,0,
1996,BOS,AL,mahompa01,Pat Mahomes,11,0,0,11,11,0,0,0,0,0,0,0,0,0,0,0,
1996,BOS,AL,malavjo01,Jose Malave,41,25,41,38,0,0,0,0,0,0,9,0,29,38,0,8,2
1996,FLO,NL,mantema01,Matt Mantei,14,0,14,14,14,0,0,0,0,0,0,0,0,0,0,0,0
1996,SEA,AL,mantoje01,Jeff Manto,21,15,21,17,0,0,0,0,16,0,1,0,0,1,1,5,0
1996,BOS,AL,mantoje01,Jeff Manto,22,13,22,19,0,0,1,4,10,4,0,0,0,0,0,4,0
1996,MON,NL,manueba01,Barry Manuel,53,0,53,53,53,0,0,0,0,0,0,0,0,0,0,0,0
1996,HOU,NL,manwaki01,Kirt Manwaring,37,25,37,37,0,37,0,0,0,0,0,0,0,0,0,0,0
1996,SFN,NL,manwaki01,Kirt Manwaring,49,47,49,49,0,49,0,0,0,0,0,0,0,0,0,0,0
1996,LAN,NL,marreor01,Oreste Marrero,10,0,10,1,0,0,1,0,0,0,0,0,0,0,0,9,1
1996,PIT,NL,martial03,Al Martin,155,148,155,152,0,0,0,0,0,0,142,26,0,152,0,4,1
1996,CHA,AL,martida01,Dave Martinez,146,104,146,136,0,0,23,0,0,0,3,73,73,121,0,19,3
1996,CLE,AL,martide01,Dennis Martinez,20,0,0,20,20,0,0,0,0,0,0,0,0,0,0,0,
1996,SEA,AL,martied01,Edgar Martinez,139,139,139,6,0,0,4,0,2,0,0,0,0,0,134,0,0
1996,SEA,AL,martima02,Manny Martinez,9,5,9,8,0,0,0,0,0,0,2,4,3,8,0,1,1
1996,PHI,NL,martima02,Manny Martinez,13,10,13,11,0,0,0,0,0,0,1,1,10,11,0,3,0
1996,CHA,AL,martino01,Norberto Martin,70,31,70,37,0,0,0,10,3,24,0,0,0,0,4,17,16
1996,ATL,NL,martipa03,Pablo Martinez,4,0,4,1,0,0,0,0,0,1,0,0,0,0,0,0,3
1996,MON,NL,martipe02,Pedro Martinez,33,33,33,33,33,0,0,0,0,0,0,0,0,0,0,0,0
1996,NYN,NL,martipe03,Pedro Martinez,5,0,5,5,5,0,0,0,0,0,0,0,0,0,0,0,0
1996,CIN,NL,martipe03,Pedro Martinez,4,0,4,4,4,0,0,0,0,0,0,0,0,0,0,0,0
1996,LAN,NL,martira02,Ramon Martinez,30,27,30,28,28,0,0,0,0,0,0,0,0,0,0,1,1
1996,TOR,AL,martisa01,Sandy Martinez,76,68,76,75,0,75,0,0,0,0,0,0,0,0,0,3,0
1996,NYA,AL,martiti02,Tino Martinez,155,152,155,151,0,0,151,0,0,0,0,0,0,0,3,3,0
1996,SEA,AL,marzajo01,John Marzano,41,29,41,39,0,39,0,0,0,0,0,0,0,0,0,3,1
1996,OAK,AL,mashoda01,Damon Mashore,50,25,50,48,0,0,0,0,0,0,35,7,15,48,0,7,8
1996,ML4,AL,mathemi01,Mike Matheny,106,97,106,104,0,104,0,0,0,0,0,0,0,0,0,2,1
1996,FLO,NL,mathete01,Terry Mathews,57,0,57,57,57,0,0,0,0,0,0,0,0,0,0,0,0
1996,BAL,AL,mathete01,Terry Mathews,14,0,0,14,14,0,0,0,0,0,0,0,0,0,0,0,
1996,SLN,NL,mathetj01,T. J. Mathews,67,0,67,67,67,0,0,0,0,0,0,0,0,0,0,0,0
1996,DET,AL,maxcybr01,Brian Maxcy,2,0,0,2,2,0,0,0,0,0,0,0,0,0,0,0,
1996,NYN,NL,maynebr01,Brent Mayne,70,16,70,21,0,21,0,0,0,0,0,0,0,0,0,49,0
1996,SFN,NL,mccarda01,Dave McCarty,91,34,91,70,0,0,51,0,0,0,5,0,15,20,0,35,1
1996,SEA,AL,mccargr01,Greg McCarthy,10,0,0,10,10,0,0,0,0,0,0,0,0,0,0,0,
1996,CHA,AL,mccaski01,Kirk McCaskill,29,0,0,29,29,0,0,0,0,0,0,0,0,0,0,0,
1996,COL,NL,mccraqu01,Quinton McCracken,124,60,124,93,0,0,0,0,0,0,8,85,4,93,0,40,9
1996,DET,AL,mccurje01,Jeff McCurry,2,0,0,2,2,0,0,0,0,0,0,0,0,0,0,0,
1996,ML4,AL,mcdonbe01,Ben McDonald,35,0,0,35,35,0,0,0,0,0,0,0,0,0,0,0,
1996,CLE,AL,mcdowja01,Jack McDowell,30,0,0,30,30,0,0,0,0,0,0,0,0,0,0,0,
1996,BAL,AL,mcdowro01,Roger McDowell,41,0,0,41,41,0,0,0,0,0,0,0,0,0,0,0,
1996,CAL,AL,mcelrch01,Chuck McElroy,40,0,0,40,40,0,0,0,0,0,0,0,0,0,0,0,
1996,CIN,NL,mcelrch01,Chuck McElroy,12,0,12,12,12,0,0,0,0,0,0,0,0,0,0,0,0
1996,SLN,NL,mcgeewi01,Willie McGee,123,63,123,89,0,0,6,0,0,0,35,11,42,83,0,44,1
1996,ATL,NL,mcgrifr01,Fred McGriff,159,158,159,158,0,0,158,0,0,0,0,0,0,0,0,1,0
1996,OAK,AL,mcgwima01,Mark McGwire,130,125,130,109,0,0,109,0,0,0,0,0,0,0,18,5,0
1996,NYA,AL,mcintti01,Tim McIntosh,3,1,3,3,0,1,1,0,1,0,0,0,0,0,0,0,0
1996,BOS,AL,mckeewa01,Walt McKeel,1,0,1,1,0,1,0,0,0,0,0,0,0,0,0,0,0
1996,TEX,AL,mclemma01,Mark McLemore,147,145,147,147,0,0,0,147,0,0,0,0,1,1,0,0,1
1996,ATL,NL,mcmicgr01,Greg McMichael,73,0,73,73,73,0,0,0,0,0,0,0,0,0,0,0,0
1996,FLO,NL,mcmilbi01,Billy McMillon,28,10,28,15,0,0,0,0,0,0,15,0,0,15,0,13,0
1996,CHN,NL,mcraebr01,Brian McRae,157,153,157,155,0,0,0,0,0,0,0,155,0,155,0,4,0
1996,SEA,AL,meachru01,Rusty Meacham,15,0,0,15,15,0,0,0,0,0,0,0,0,0,0,0,
1996,MIN,AL,mearepa01,Pat Meares,152,144,152,150,0,0,0,0,0,150,0,1,0,1,0,3,2
1996,NYA,AL,mecirji01,Jim Mecir,26,0,0,26,26,0,0,0,0,0,0,0,0,0,0,0,
1996,SLN,NL,mejiami01,Miguel Mejia,45,1,45,21,0,0,0,0,0,0,5,11,6,21,0,10,21
1996,NYA,AL,mendora01,Ramiro Mendoza,12,0,0,12,12,0,0,0,0,0,0,0,0,0,0,0,
1996,SEA,AL,menhapa01,Paul Menhart,11,0,0,11,11,0,0,0,0,0,0,0,0,0,0,0,
1996,KCA,AL,mercehe01,Henry Mercedes,4,0,4,4,0,4,0,0,0,0,0,0,0,0,0,0,0
1996,ML4,AL,mercejo02,Jose Mercedes,11,0,1,11,11,0,0,0,0,0,0,0,0,0,0,0,0
1996,PIT,NL,merceor01,Orlando Merced,120,113,120,115,0,0,1,0,0,0,0,0,115,115,0,7,0
1996,BAL,AL,merckke01,Kent Mercker,14,0,0,14,14,0,0,0,0,0,0,0,0,0,0,0,
1996,CLE,AL,merckke01,Kent Mercker,10,0,0,10,10,0,0,0,0,0,0,0,0,0,0,0,
1996,PIT,NL,micelda01,Dan Miceli,44,9,44,44,44,0,0,0,0,0,0,0,0,0,0,0,0
1996,ML4,AL,mieskma01,Matt Mieske,127,98,127,122,0,0,0,0,0,0,9,10,108,122,0,10,0
1996,SEA,AL,milacbo01,Bob Milacki,7,0,0,7,7,0,0,0,0,0,0,0,0,0,0,0,
1996,MIN,AL,milchmi01,Mike Milchin,26,0,0,26,26,0,0,0,0,0,0,0,0,0,0,0,
1996,BAL,AL,milchmi01,Mike Milchin,13,0,0,13,13,0,0,0,0,0,0,0,0,0,0,0,
1996,FLO,NL,milleku01,Kurt Miller,26,5,26,26,26,0,0,0,0,0,0,0,0,0,0,0,0
1996,HOU,NL,milleor01,Orlando Miller,139,121,139,135,0,0,0,0,30,116,0,0,0,0,0,7,0
1996,MIN,AL,milletr01,Travis Miller,7,0,0,7,7,0,0,0,0,0,0,0,0,0,0,0,
1996,DET,AL,milletr02,Trever Miller,5,0,0,5,5,0,0,0,0,0,0,0,0,0,0,0,
1996,FLO,NL,millira02,Ralph Milliard,24,18,24,24,0,0,0,24,0,0,0,0,0,0,0,1,1
1996,BAL,AL,millsal01,Alan Mills,49,0,0,49,49,0,0,0,0,0,0,0,0,0,0,0,
1996,PHI,NL,mimbsmi01,Mike Mimbs,21,17,21,21,21,0,0,0,0,0,0,0,0,0,0,0,0
1996,BOS,AL,minchna01,Nate Minchey,2,0,0,2,2,0,0,0,0,0,0,0,0,0,0,0,
1996,NYN,NL,minorbl01,Blas Minor,17,0,17,17,17,0,0,0,0,0,0,0,0,0,0,0,0
1996,SEA,AL,minorbl01,Blas Minor,11,0,0,11,11,0,0,0,0,0,0,0,0,0,0,0,
1996,SFN,NL,mirabdo01,Doug Mirabelli,9,5,9,8,0,8,0,0,0,0,0,0,0,0,0,1,0
1996,ML4,AL,miranan01,Angel Miranda,46,0,1,46,46,0,0,0,0,0,0,0,0,0,0,0,0
1996,BOS,AL,mitchke01,Kevin Mitchell,27,23,27,21,0,0,0,0,0,0,1,0,21,21,3,4,0
1996,CIN,NL,mitchke01,Kevin Mitchell,37,33,37,34,0,0,3,0,0,0,31,0,0,31,0,3,0
1996,CIN,NL,mitchke02,Keith Mitchell,11,3,11,5,0,0,0,0,0,0,2,1,2,5,0,7,0
1996,PHI,NL,mitchla01,Larry Mitchell,7,0,7,7,7,0,0,0,0,0,0,0,0,0,0,0,0
1996,NYN,NL,mlickda01,Dave Mlicki,51,2,51,51,51,0,0,0,0,0,0,0,0,0,0,1,0
1996,DET,AL,moehlbr01,Brian Moehler,2,0,0,2,2,0,0,0,0,0,0,0,0,0,0,0,
1996,OAK,AL,mohlemi01,Mike Mohler,72,0,0,72,72,0,0,0,0,0,0,0,0,0,0,0,
1996,OAK,AL,moliniz01,Izzy Molina,14,7,14,12,0,12,0,0,0,0,0,0,0,0,1,3,0
1996,MIN,AL,molitpa01,Paul Molitor,161,160,161,17,0,0,17,0,0,0,0,0,0,0,143,1,0
1996,LAN,NL,mondera01,Raul Mondesi,157,157,157,157,0,0,0,0,0,0,0,0,157,157,0,0,0
1996,CAL,AL,monteri01,Rich Monteleone,12,0,0,12,12,0,0,0,0,0,0,0,0,0,0,0,
1996,KCA,AL,montgje01,Jeff Montgomery,48,0,1,48,48,0,0,0,0,0,0,0,0,0,0,0,0
1996,HOU,NL,montgra01,Ray Montgomery,12,2,12,6,0,0,0,0,0,0,5,1,2,6,0,4,3
1996,OAK,AL,montgst01,Steve Montgomery,8,0,0,8,8,0,0,0,0,0,0,0,0,0,0,0,
1996,OAK,AL,mooreke02,Kerwin Moore,22,3,22,18,0,0,0,0,0,0,0,18,0,18,0,1,9
1996,CIN,NL,moorema01,Marcus Moore,23,0,23,23,23,0,0,0,0,0,0,0,0,0,0,0,0
1996,PHI,NL,moranmi01,Mickey Morandini,140,133,140,137,0,0,0,137,0,0,0,0,0,0,0,4,0
1996,ATL,NL,mordemi01,Mike Mordecai,66,17,66,36,0,0,1,20,10,6,0,0,0,0,0,40,2
1996,PIT,NL,morelra01,Ramon Morel,29,0,29,29,29,0,0,0,0,0,0,0,0,0,0,0,0
1996,CIN,NL,morgami01,Mike Morgan,5,5,5,5,5,0,0,0,0,0,0,0,0,0,0,0,0
1996,SLN,NL,morgami01,Mike Morgan,18,18,18,18,18,0,0,0,0,0,0,0,0,0,0,0,0
1996,HOU,NL,mormaal01,Alvin Morman,53,0,53,53,53,0,0,0,0,0,0,0,0,0,0,0,0
1996,FLO,NL,mormaru01,Russ Morman,6,0,6,2,0,0,2,0,0,0,0,0,0,0,0,6,0
1996,CIN,NL,morriha02,Hal Morris,142,133,142,140,0,0,140,0,0,0,0,0,0,0,0,6,0
1996,TOR,AL,mosquju01,Julio Mosquera,8,6,8,8,0,8,0,0,0,0,0,0,0,0,0,0,0
1996,CIN,NL,mottoch01,Chad Mottola,35,23,35,31,0,0,0,0,0,0,0,1,30,31,0,4,2
1996,HOU,NL,moutoja01,James Mouton,122,73,122,108,0,0,0,0,0,0,79,29,5,108,0,20,11
1996,CHA,AL,moutoly01,Lyle Mouton,87,54,87,47,0,0,0,0,0,0,21,0,29,47,22,20,3
1996,BOS,AL,moyerja01,Jamie Moyer,23,0,0,23,23,0,0,0,0,0,0,0,0,0,0,0,
1996,SEA,AL,moyerja01,Jamie Moyer,11,0,0,11,11,0,0,0,0,0,0,0,0,0,0,0,
1996,SFN,NL,muellbi02,Bill Mueller,55,48,55,51,0,0,0,8,45,0,0,0,0,0,0,4,0
1996,SEA,AL,mulhote01,Terry Mulholland,12,0,0,12,12,0,0,0,0,0,0,0,0,0,0,0,
1996,PHI,NL,mulhote01,Terry Mulholland,21,21,21,21,21,0,0,0,0,0,0,0,0,0,0,0,0
1996,SDN,NL,mullise01,Sean Mulligan,2,0,2,0,0,0,0,0,0,0,0,0,0,0,0,2,0
1996,PHI,NL,munozbo01,Bobby Munoz,6,6,6,6,6,0,0,0,0,0,0,0,0,0,0,0,0
1996,CHA,AL,munozjo01,Jose Munoz,17,5,17,11,0,0,0,7,1,2,1,0,0,1,0,7,2
1996,COL,NL,munozmi01,Mike Munoz,54,0,54,54,54,0,0,0,0,0,0,0,0,0,0,0,0
1996,OAK,AL,munozpe01,Pedro Munoz,34,30,34,14,0,0,0,0,0,0,0,0,14,14,17,4,0
1996,BAL,AL,murraed02,Eddie Murray,64,61,64,0,0,0,0,0,0,0,0,0,0,0,61,3,0
1996,CLE,AL,murraed02,Eddie Murray,88,86,88,1,0,0,1,0,0,0,0,0,0,0,85,2,0
1996,PHI,NL,murragl01,Glenn Murray,38,23,38,27,0,0,0,0,0,0,1,2,24,27,0,13,0
1996,BAL,AL,mussimi01,Mike Mussina,36,0,0,36,36,0,0,0,0,0,0,0,0,0,0,0,
1996,MIN,AL,myersgr01,Greg Myers,97,81,97,90,0,90,0,0,0,0,0,0,0,0,0,16,0
1996,BAL,AL,myersji01,Jimmy Myers,11,0,0,11,11,0,0,0,0,0,0,0,0,0,0,0,
1996,DET,AL,myersmi01,Mike Myers,83,0,0,83,83,0,0,0,0,0,0,0,0,0,0,0,
1996,BAL,AL,myersra01,Randy Myers,62,0,1,62,62,0,0,0,0,0,0,0,0,0,0,0,0
1996,CHN,NL,myersro01,Rodney Myers,45,0,45,45,45,0,0,0,0,0,0,0,0,0,0,0,0
1996,KCA,AL,myersro02,Rod Myers,22,15,22,19,0,0,0,0,0,0,4,15,1,19,0,4,1
1996,BOS,AL,naehrti01,Tim Naehring,116,113,116,116,0,0,0,1,116,0,0,0,0,0,0,3,0
1996,FLO,NL,natalro01,Rob Natal,44,29,44,43,0,43,0,0,0,0,0,0,0,0,0,1,0
1996,MIN,AL,naultda01,Dan Naulty,49,0,0,49,49,0,0,0,0,0,0,0,0,0,0,0,
1996,CHN,NL,navarja01,Jaime Navarro,35,35,35,35,35,0,0,0,0,0,0,0,0,0,0,0,0
1996,PIT,NL,neaglde01,Denny Neagle,30,27,30,27,27,0,0,0,0,0,0,0,0,0,0,3,0
1996,ATL,NL,neaglde01,Denny Neagle,6,6,6,6,6,0,0,0,0,0,0,0,0,0,0,0,0
1996,NYA,AL,nelsoje01,Jeff Nelson,73,0,0,73,73,0,0,0,0,0,0,0,0,0,0,0,
1996,DET,AL,nevinph01,Phil Nevin,38,32,38,36,0,4,0,0,24,0,9,0,0,9,0,3,0
1996,SDN,NL,newfima01,Marc Newfield,84,40,84,53,0,0,2,0,0,0,30,0,23,51,0,37,0
1996,ML4,AL,newfima01,Marc Newfield,49,49,49,49,0,0,0,0,0,0,49,0,0,49,0,0,0
1996,TEX,AL,newsowa01,Warren Newson,91,60,91,66,0,0,0,0,0,0,8,0,58,66,8,22,1
1996,DET,AL,nieveme01,Melvin Nieves,120,115,120,105,0,0,0,0,0,0,21,0,84,105,11,5,0
1996,ML4,AL,nilssda01,Dave Nilsson,123,114,123,81,0,2,24,0,0,0,6,0,55,61,39,7,0
1996,DET,AL,nitkocj01,C. J. Nitkowski,11,0,0,11,11,0,0,0,0,0,0,0,0,0,0,0,
1996,TOR,AL,nixonot01,Otis Nixon,125,125,125,125,0,0,0,0,0,0,0,125,0,125,0,0,0
1996,BOS,AL,nixontr01,Trot Nixon,2,1,2,2,0,0,0,0,0,0,0,0,2,2,0,0,1
1996,KCA,AL,normale01,Les Norman,54,11,54,38,0,0,0,0,0,0,15,3,20,38,0,11,18
1996,CHA,AL,nortogr01,Greg Norton,11,5,11,8,0,0,0,0,2,6,0,0,0,0,0,3,1
1996,KCA,AL,nunnajo01,Jon Nunnally,35,24,35,29,0,0,0,0,0,0,7,0,24,29,0,6,2
1996,MON,NL,obandsh01,Sherman Obando,89,36,89,47,0,0,0,0,0,0,0,0,47,47,0,48,0
1996,TOR,AL,obriech01,Charlie O'Brien,109,88,109,105,0,105,0,0,0,0,0,0,0,0,0,15,0
1996,NYN,NL,ochoaal01,Alex Ochoa,82,72,82,76,0,0,0,0,0,0,0,0,76,76,0,5,2
1996,KCA,AL,offerjo01,Jose Offerman,151,144,151,146,0,0,96,38,0,37,0,1,0,1,0,7,0
1996,BOS,AL,oleartr01,Troy O'Leary,149,126,149,146,0,0,0,0,0,0,66,17,110,146,0,18,2
1996,TOR,AL,olerujo01,John Olerud,125,107,125,101,0,0,101,0,0,0,0,0,0,0,15,15,1
1996,DET,AL,olivaom01,Omar Olivares,25,0,1,25,25,0,0,0,0,0,0,0,0,0,0,0,0
1996,TEX,AL,oliveda02,Darren Oliver,30,0,0,30,30,0,0,0,0,0,0,0,0,0,0,0,
1996,CIN,NL,olivejo01,Joe Oliver,106,83,106,101,0,97,3,0,0,0,2,0,1,3,0,14,0
1996,DET,AL,olsongr01,Gregg Olson,43,0,0,43,43,0,0,0,0,0,0,0,0,0,0,0,
1996,HOU,NL,olsongr01,Gregg Olson,9,0,9,9,9,0,0,0,0,0,0,0,0,0,0,0,0
1996,NYA,AL,oneilpa01,Paul O'Neill,150,148,150,146,0,0,1,0,0,0,0,0,146,146,2,2,0
1996,SDN,NL,oquismi01,Mike Oquist,8,0,8,8,8,0,0,0,0,0,0,0,0,0,0,0,0
1996,NYN,NL,ordonre01,Rey Ordonez,151,145,151,150,0,0,0,0,0,150,0,0,0,0,0,2,1
1996,BAL,AL,oroscje01,Jesse Orosco,66,0,0,66,66,0,0,0,0,0,0,0,0,0,0,0,
1996,FLO,NL,orsuljo01,Joe Orsulak,120,37,120,61,0,0,2,0,0,0,30,14,19,59,0,64,1
1996,TEX,AL,ortizlu01,Luis Ortiz,3,1,3,0,0,0,0,0,0,0,0,0,0,0,1,2,0
1996,SLN,NL,osbordo01,Donovan Osborne,30,30,30,30,30,0,0,0,0,0,0,0,0,0,0,0,0
1996,SDN,NL,osunaal01,Al Osuna,10,0,10,10,10,0,0,0,0,0,0,0,0,0,0,0,0
1996,LAN,NL,osunaan01,Antonio Osuna,73,0,73,73,73,0,0,0,0,0,0,0,0,0,0,0,0
1996,PHI,NL,oterori01,Ricky Otero,104,98,104,100,0,0,0,0,0,0,0,100,0,100,0,5,1
1996,CIN,NL,owenser01,Eric Owens,88,44,88,62,0,0,0,6,5,0,52,0,0,52,0,31,5
1996,COL,NL,owensja02,Jayhawk Owens,73,53,73,68,0,68,0,0,0,0,0,0,0,0,0,11,3
1996,MON,NL,pacheal01,Alex Pacheco,5,0,5,5,5,0,0,0,0,0,0,0,0,0,0,0,0
1996,SLN,NL,pagnoto01,Tom Pagnozzi,119,108,119,117,0,116,1,0,0,0,0,0,0,0,0,2,0
1996,COL,NL,paintla01,Lance Painter,35,1,35,34,34,0,0,0,0,0,0,0,0,0,0,2,0
1996,TEX,AL,palmede01,Dean Palmer,154,154,154,154,0,0,0,0,154,0,0,0,0,0,1,0,0
1996,CAL,AL,palmeor01,Orlando Palmeiro,50,12,50,31,0,0,0,0,0,0,7,17,8,31,0,19,5
1996,BAL,AL,palmera01,Rafael Palmeiro,162,162,162,159,0,0,159,0,0,0,0,0,0,0,3,0,0
1996,MON,NL,paniajo01,Jose Paniagua,13,11,13,13,13,0,0,0,0,0,0,0,0,0,0,0,0
1996,KCA,AL,paquecr01,Craig Paquette,118,104,118,111,0,0,19,0,51,11,47,0,0,47,6,5,2
1996,BAL,AL,parenma01,Mark Parent,18,11,18,18,0,18,0,0,0,0,0,0,0,0,0,0,0
1996,DET,AL,parenma01,Mark Parent,38,29,38,34,0,33,1,0,0,0,0,0,0,0,0,4,0
1996,LAN,NL,parkeri01,Rick Parker,16,0,16,4,0,0,0,0,0,0,1,3,0,4,0,11,4
1996,MIN,AL,parrajo01,Jose Parra,27,0,1,27,27,0,0,0,0,0,0,0,0,0,0,0,0
1996,SLN,NL,parreje01,Jeff Parrett,33,0,33,33,33,0,0,0,0,0,0,0,0,0,0,0,0
1996,PHI,NL,parreje01,Jeff Parrett,18,0,18,18,18,0,0,0,0,0,0,0,0,0,0,0,0
1996,PIT,NL,parrist01,Steve Parris,8,4,8,8,8,0,0,0,0,0,0,0,0,0,0,0,0
1996,CHN,NL,pattebo01,Bob Patterson,79,0,79,79,79,0,0,0,0,0,0,0,0,0,0,0,0
1996,TEX,AL,patteda04,Danny Patterson,7,0,0,7,7,0,0,0,0,0,0,0,0,0,0,0,
1996,NYA,AL,pavlada01,Dave Pavlas,16,0,0,16,16,0,0,0,0,0,0,0,0,0,0,0,
1996,TEX,AL,pavliro01,Roger Pavlik,34,0,0,34,34,0,0,0,0,0,0,0,0,0,0,0,
1996,SFN,NL,peltida01,Dan Peltier,31,10,31,14,0,0,13,0,0,0,1,0,0,1,0,19,0
1996,BOS,AL,pemberu01,Rudy Pemberton,13,11,13,13,0,0,0,0,0,0,1,0,12,13,0,2,0
1996,ATL,NL,pendlte01,Terry Pendleton,42,40,42,41,0,0,0,0,41,0,0,0,0,0,0,1,0
1996,FLO,NL,pendlte01,Terry Pendleton,111,106,111,108,0,0,0,0,108,0,0,0,0,0,0,3,1
1996,BOS,AL,pennibr01,Brad Pennington,14,0,0,14,14,0,0,0,0,0,0,0,0,0,0,0,
1996,CAL,AL,pennibr01,Brad Pennington,8,0,0,8,8,0,0,0,0,0,0,0,0,0,0,0,
1996,CAL,AL,percitr01,Troy Percival,62,0,1,62,62,0,0,0,0,0,0,0,0,0,0,0,0
1996,ML4,AL,perezda01,Danny Perez,4,1,4,3,0,0,0,0,0,0,2,1,0,3,0,0,1
1996,CIN,NL,perezed01,Eduardo Perez,18,9,18,11,0,0,8,0,3,0,0,0,0,0,0,8,0
1996,ATL,NL,perezed02,Eddie Perez,68,39,68,60,0,54,7,0,0,0,0,0,0,0,0,8,0
1996,CHN,NL,perezmi01,Mike Perez,24,0,24,24,24,0,0,0,0,0,0,0,0,0,0,0,0
1996,COL,NL,perezne01,Neifi Perez,17,9,17,17,0,0,0,4,0,14,0,0,0,0,0,3,1
1996,TOR,AL,perezro01,Robert Perez,86,48,86,79,0,0,0,0,0,0,59,0,25,79,0,23,3
1996,TOR,AL,perezto03,Tomas Perez,91,82,91,89,0,0,0,75,11,5,0,0,0,0,0,0,4
1996,FLO,NL,perezyo01,Yorkis Perez,64,0,64,64,64,0,0,0,0,0,0,0,0,0,0,0,0
1996,CLE,AL,perryhe01,Herbert Perry,7,3,7,6,0,0,5,0,1,0,0,0,0,0,0,3,0
1996,NYN,NL,persoro01,Robert Person,29,13,29,27,27,0,0,0,0,0,0,0,0,0,0,0,2
1996,NYN,NL,petagro01,Roberto Petagine,50,24,50,40,0,0,40,0,0,0,0,0,0,0,0,18,2
1996,PIT,NL,peterch01,Chris Peters,16,10,16,16,16,0,0,0,0,0,0,0,0,0,0,0,0
1996,SLN,NL,petkoma01,Mark Petkovsek,48,6,48,48,48,0,0,0,0,0,0,0,0,0,0,0,0
1996,NYA,AL,pettian01,Andy Pettitte,35,0,0,35,35,0,0,0,0,0,0,0,0,0,0,0,
1996,SFN,NL,philljr01,J. R. Phillips,15,4,15,10,0,0,10,0,0,0,0,0,0,0,0,5,0
1996,PHI,NL,philljr01,J. R. Phillips,35,22,35,26,0,0,11,0,0,0,0,0,15,15,0,10,0
1996,CHA,AL,phillto02,Tony Phillips,153,149,153,152,0,0,1,2,0,0,150,2,0,150,0,4,0
1996,LAN,NL,piazzmi01,Mike Piazza,148,144,148,147,0,147,0,0,0,0,0,0,0,0,0,4,0
1996,KCA,AL,pichahi01,Hipolito Pichardo,57,0,0,57,57,0,0,0,0,0,0,0,0,0,0,0,
1996,BOS,AL,pirklgr01,Greg Pirkl,2,0,2,0,0,0,0,0,0,0,0,0,0,0,0,2,0
1996,SEA,AL,pirklgr01,Greg Pirkl,7,4,7,2,0,0,2,0,0,0,0,0,0,0,2,3,0
1996,OAK,AL,plantph01,Phil Plantier,73,60,73,68,0,0,0,0,0,0,67,1,2,68,0,6,1
1996,PIT,NL,plesada01,Dan Plesac,73,0,73,73,73,0,0,0,0,0,0,0,0,0,0,0,0
1996,CLE,AL,plunker01,Eric Plunk,56,0,0,56,56,0,0,0,0,0,0,0,0,0,0,0,
1996,NYA,AL,polleda01,Dale Polley,32,0,0,32,32,0,0,0,0,0,0,0,0,0,0,0,
1996,ATL,NL,polonlu01,Luis Polonia,22,2,22,7,0,0,0,0,0,0,7,0,0,7,0,16,0
1996,BAL,AL,polonlu01,Luis Polonia,58,42,58,34,0,0,0,0,0,0,32,0,2,34,15,13,1
1996,SFN,NL,pooleji02,Jim Poole,35,0,35,35,35,0,0,0,0,0,0,0,0,0,0,0,0
1996,CLE,AL,pooleji02,Jim Poole,32,0,0,32,32,0,0,0,0,0,0,0,0,0,0,0,
1996,CIN,NL,portuma01,Mark Portugal,28,26,28,27,27,0,0,0,0,0,0,0,0,0,0,1,0
1996,NYA,AL,posadjo01,Jorge Posada,8,2,8,4,0,4,0,0,0,0,0,0,0,0,0,3,1
1996,ML4,AL,pottsmi01,Mike Potts,24,0,0,24,24,0,0,0,0,0,0,0,0,0,0,0,
1996,FLO,NL,powelja04,Jay Powell,67,0,67,67,67,0,0,0,0,0,0,0,0,0,0,1,0
1996,DET,AL,pridecu01,Curtis Pride,95,64,95,48,0,0,0,0,0,0,45,0,5,48,26,27,0
1996,OAK,AL,prietar01,Ariel Prieto,21,0,0,21,21,0,0,0,0,0,0,0,0,0,0,0,
1996,LAN,NL,princto01,Tom Prince,40,15,40,35,0,35,0,0,0,0,0,0,0,0,0,7,1
1996,CAL,AL,pritcch01,Chris Pritchett,5,3,5,5,0,0,5,0,0,0,0,0,0,0,0,0,0
1996,COL,NL,pulliha01,Harvey Pulliam,10,2,10,3,0,0,0,0,0,0,3,0,0,3,0,8,0
1996,TOR,AL,quantpa01,Paul Quantrill,38,0,0,38,38,0,0,0,0,0,0,0,0,0,0,0,
1996,MIN,AL,quinlto01,Tom Quinlan,4,1,4,4,0,0,0,0,4,0,0,0,0,0,0,0,1
1996,PHI,NL,quirira01,Rafael Quirico,1,1,1,1,1,0,0,0,0,0,0,0,0,0,0,0,0
1996,MIN,AL,raabebr01,Brian Raabe,7,1,7,7,0,0,0,1,6,0,0,0,0,0,0,3,0
1996,LAN,NL,radinsc01,Scott Radinsky,58,0,58,58,58,0,0,0,0,0,0,0,0,0,0,0,0
1996,MIN,AL,radkebr01,Brad Radke,35,0,0,35,35,0,0,0,0,0,0,0,0,0,0,0,
1996,NYA,AL,raineti01,Tim Raines,59,49,59,51,0,0,0,0,0,0,51,0,0,51,2,8,1
1996,CLE,AL,ramirma02,Manny Ramirez,152,149,152,149,0,0,0,0,0,0,0,0,149,149,3,3,0
1996,KCA,AL,randajo01,Joe Randa,110,89,110,105,0,0,7,15,92,0,0,0,0,0,1,12,4
1996,MIN,AL,rebouje01,Jeff Reboulet,107,58,107,101,0,0,13,22,36,37,2,0,6,7,0,14,8
1996,COL,NL,rekarbr01,Bryan Rekar,14,11,14,14,14,0,0,0,0,0,0,0,0,0,0,0,0
1996,PHI,NL,relafde01,Desi Relaford,15,9,15,11,0,0,0,4,0,9,0,0,0,0,0,5,1
1996,CIN,NL,remlimi01,Mike Remlinger,19,4,19,19,19,0,0,0,0,0,0,0,0,0,0,0,0
1996,FLO,NL,renteed01,Edgar Renteria,106,103,106,106,0,0,0,0,0,106,0,0,0,0,0,0,0
1996,ML4,AL,reyesal01,Alberto Reyes,5,0,1,5,5,0,0,0,0,0,0,0,0,0,0,0,0
1996,OAK,AL,reyesca01,Carlos Reyes,46,0,0,46,46,0,0,0,0,0,0,0,0,0,0,0,
1996,COL,NL,reynoar02,Armando Reynoso,30,30,30,30,30,0,0,0,0,0,0,0,0,0,0,0,0
1996,HOU,NL,reynosh01,Shane Reynolds,35,35,35,35,35,0,0,0,0,0,0,0,0,0,0,0,0
1996,BAL,AL,rhodear01,Arthur Rhodes,28,0,1,28,28,0,0,0,0,0,0,0,0,0,0,0,0
1996,BAL,AL,ripkebi01,Billy Ripken,57,29,57,55,0,0,1,30,25,0,0,0,0,0,0,7,1
1996,BAL,AL,ripkeca01,Cal Ripken,163,163,163,163,0,0,0,0,6,158,0,0,0,0,0,0,0
1996,TOR,AL,rislebi01,Bill Risley,25,0,0,25,25,0,0,0,0,0,0,0,0,0,0,0,
1996,NYA,AL,riverma01,Mariano Rivera,61,0,0,61,61,0,0,0,0,0,0,0,0,0,0,0,
1996,NYA,AL,riverru01,Ruben Rivera,46,21,46,45,0,0,0,0,0,0,13,14,19,45,0,3,10
1996,KCA,AL,roberbi01,Bip Roberts,90,81,90,72,0,0,0,63,0,0,8,2,1,11,14,9,0
1996,NYN,NL,roberke01,Kevin Roberson,27,5,27,10,0,0,0,0,0,0,1,0,9,10,0,18,1
1996,CHA,AL,robermi01,Mike Robertson,6,1,6,2,0,0,2,0,0,0,0,0,0,0,0,2,2
1996,MIN,AL,roberri02,Rich Robertson,36,0,0,36,36,0,0,0,0,0,0,0,0,0,0,0,
1996,KCA,AL,robinke01,Ken Robinson,5,0,0,5,5,0,0,0,0,0,0,0,0,0,0,0,
1996,SEA,AL,rodrial01,Alex Rodriguez,146,145,146,146,0,0,0,0,0,146,0,0,0,0,0,1,0
1996,MIN,AL,rodrifr02,Frankie Rodriguez,38,0,0,38,38,0,0,0,0,0,0,0,0,0,0,0,
1996,MON,NL,rodrihe02,Henry Rodriguez,145,136,145,138,0,0,51,0,0,0,89,0,2,90,0,7,0
1996,TEX,AL,rodriiv01,Ivan Rodriguez,153,147,153,147,0,147,0,0,0,0,0,0,0,0,6,5,0
1996,BAL,AL,rodrine01,Nerio Rodriguez,8,0,0,8,8,0,0,0,0,0,0,0,0,0,0,0,
1996,BOS,AL,rodrito01,Tony Rodriguez,27,21,27,26,0,0,0,0,5,21,0,0,0,0,0,2,1
1996,NYA,AL,rogerke01,Kenny Rogers,30,0,0,30,30,0,0,0,0,0,0,0,0,0,0,0,
1996,MON,NL,rojasme01,Mel Rojas,74,0,74,74,74,0,0,0,0,0,0,0,0,0,0,0,0
1996,PHI,NL,rolensc01,Scott Rolen,37,37,37,37,0,0,0,0,37,0,0,0,0,0,0,0,0
1996,KCA,AL,rosadjo01,Jose Rosado,16,0,0,16,16,0,0,0,0,0,0,0,0,0,0,0,
1996,PIT,NL,ruebema01,Matt Ruebel,26,7,26,26,26,0,0,0,0,0,0,0,0,0,0,0,0
1996,SFN,NL,rueteki01,Kirk Rueter,4,3,4,4,4,0,0,0,0,0,0,0,0,0,0,0,0
1996,MON,NL,rueteki01,Kirk Rueter,16,16,16,16,16,0,0,0,0,0,0,0,0,0,0,0,0
1996,CHA,AL,ruffcsc01,Scott Ruffcorn,3,0,0,3,3,0,0,0,0,0,0,0,0,0,0,0,
1996,COL,NL,ruffibr01,Bruce Ruffin,71,0,71,71,71,0,0,0,0,0,0,0,0,0,0,0,0
1996,CIN,NL,ruffijo01,Johnny Ruffin,49,0,49,49,49,0,0,0,0,0,0,0,0,0,0,0,0
1996,TEX,AL,russeje01,Jeff Russell,55,0,0,55,55,0,0,0,0,0,0,0,0,0,0,0,
1996,BAL,AL,sackibr01,Brian Sackinsky,3,0,0,3,3,0,0,0,0,0,0,0,0,0,0,0,
1996,DET,AL,sageraj01,A. J. Sager,22,0,0,22,22,0,0,0,0,0,0,0,0,0,0,0,
1996,CIN,NL,salkero01,Roger Salkeld,29,19,29,29,29,0,0,0,0,0,0,0,0,0,0,0,0
1996,CAL,AL,salmoti01,Tim Salmon,156,154,156,153,0,0,0,0,0,0,0,0,153,153,2,1,1
1996,TOR,AL,samueju01,Juan Samuel,69,43,69,40,0,0,17,0,0,0,8,5,15,24,18,19,2
1996,CHN,NL,sanchre01,Rey Sanchez,95,90,95,92,0,0,0,0,0,92,0,0,0,0,0,2,1
1996,CHN,NL,sandbry01,Ryne Sandberg,150,144,150,146,0,0,0,146,0,0,0,0,0,0,0,5,0
1996,CIN,NL,sandere02,Reggie Sanders,81,79,81,80,0,0,0,0,0,0,0,0,80,80,0,0,1
1996,CAL,AL,sandesc01,Scott Sanderson,5,0,0,5,5,0,0,0,0,0,0,0,0,0,0,0,
1996,SDN,NL,sandesc02,Scott Sanders,46,16,46,46,46,0,0,0,0,0,0,0,0,0,0,0,0
1996,MON,NL,santafp01,F. P. Santangelo,152,105,152,137,0,0,0,5,23,1,33,76,18,124,0,17,6
1996,PHI,NL,santibe01,Benito Santiago,136,124,136,128,0,114,14,0,0,0,0,0,0,0,0,12,0
1996,CHA,AL,sauveri01,Rich Sauveur,3,0,0,3,3,0,0,0,0,0,0,0,0,0,0,0,
1996,KCA,AL,scanlbo01,Bob Scanlan,9,0,0,9,9,0,0,0,0,0,0,0,0,0,0,0,
1996,DET,AL,scanlbo01,Bob Scanlan,8,0,0,8,8,0,0,0,0,0,0,0,0,0,0,0,
1996,SFN,NL,scarsst01,Steve Scarsone,105,68,105,89,0,0,1,74,14,1,0,0,0,0,0,20,0
1996,PHI,NL,schalge01,Gene Schall,28,18,28,19,0,0,19,0,0,0,0,0,0,0,0,10,0
1996,PHI,NL,schilcu01,Curt Schilling,28,26,28,26,26,0,0,0,0,0,0,0,0,0,0,2,0
1996,ATL,NL,schmija01,Jason Schmidt,13,11,13,13,13,0,0,0,0,0,0,0,0,0,0,0,0
1996,PIT,NL,schmija01,Jason Schmidt,6,6,6,6,6,0,0,0,0,0,0,0,0,0,0,0,0
1996,CAL,AL,schmije01,Jeff Schmidt,9,0,0,9,9,0,0,0,0,0,0,0,0,0,0,0,
1996,CAL,AL,schofdi02,Dick Schofield,13,4,13,10,0,0,0,2,1,7,0,0,0,0,0,0,4
1996,CIN,NL,schoupe01,Pete Schourek,13,12,13,12,12,0,0,0,0,0,0,0,0,0,0,1,0
1996,ATL,NL,schutca01,Carl Schutz,3,0,3,3,3,0,0,0,0,0,0,0,0,0,0,0,0
1996,MON,NL,scottti01,Tim Scott,45,0,45,45,45,0,0,0,0,0,0,0,0,0,0,0,0
1996,SFN,NL,scottti01,Tim Scott,20,0,20,20,20,0,0,0,0,0,0,0,0,0,0,0,0
1996,PHI,NL,sefcike01,Kevin Sefcik,44,34,44,41,0,0,0,1,20,21,0,0,0,0,0,4,1
1996,MON,NL,seguida01,David Segui,115,113,115,114,0,0,114,0,0,0,0,0,0,0,0,1,0
1996,ML4,AL,seitzke01,Kevin Seitzer,132,128,132,74,0,0,65,0,12,0,0,0,0,0,56,4,0
1996,CLE,AL,seitzke01,Kevin Seitzer,22,22,22,5,0,0,5,0,0,0,0,0,0,0,17,0,0
1996,BOS,AL,selbybi01,Bill Selby,40,22,40,34,0,0,0,14,14,0,6,0,0,6,0,12,1
1996,MIN,AL,serafda01,Dan Serafini,1,0,0,1,1,0,0,0,0,0,0,0,0,0,0,0,
1996,CHN,NL,servasc01,Scott Servais,129,125,129,128,0,128,1,0,0,0,0,0,0,0,0,3,0
1996,CIN,NL,servisc01,Scott Service,34,1,34,34,34,0,0,0,0,0,0,0,0,0,0,0,0
1996,SLN,NL,sheafda01,Danny Sheaffer,79,47,79,66,0,47,6,0,17,0,3,0,0,3,0,21,0
1996,SEA,AL,sheetan01,Andy Sheets,47,35,47,47,0,0,0,18,25,7,0,0,0,0,0,3,4
1996,FLO,NL,sheffga01,Gary Sheffield,161,160,161,161,0,0,0,0,0,0,0,0,161,161,0,1,0
1996,BAL,AL,shephke01,Keith Shepherd,13,0,0,13,13,0,0,0,0,0,0,0,0,0,0,0,
1996,SDN,NL,shiplcr01,Craig Shipley,33,20,33,29,0,0,0,17,4,7,0,0,3,3,0,6,1
1996,CLE,AL,shueypa01,Paul Shuey,42,0,0,42,42,0,0,0,0,0,0,0,0,0,0,0,
1996,CHN,NL,shumpte01,Terry Shumpert,27,3,27,14,0,0,0,4,10,1,0,0,0,0,0,14,3
1996,FLO,NL,siddajo01,Joe Siddall,18,12,18,18,0,18,0,0,0,0,0,0,0,0,0,1,0
1996,NYA,AL,sierrru01,Ruben Sierra,96,93,96,33,0,0,0,0,0,0,32,0,1,33,60,3,0
1996,DET,AL,sierrru01,Ruben Sierra,46,40,46,23,0,0,0,0,0,0,4,0,19,23,18,6,0
1996,TOR,AL,silvajo01,Jose Silva,2,0,0,2,2,0,0,0,0,0,0,0,0,0,0,0,
1996,MON,NL,silveda01,Dave Silvestri,86,38,86,57,0,0,1,1,47,10,1,1,0,2,0,29,6
1996,CHA,AL,simasbi01,Bill Simas,64,0,0,64,64,0,0,0,0,0,0,0,0,0,0,0,
1996,HOU,NL,simmsmi01,Mike Simms,49,9,49,17,0,0,5,0,0,0,9,0,3,12,0,35,0
1996,DET,AL,singldu01,Duane Singleton,18,13,18,15,0,0,0,0,0,0,3,15,0,15,0,3,1
1996,CHA,AL,sirotmi01,Mike Sirotka,15,0,0,15,15,0,0,0,0,0,0,0,0,0,0,0,
1996,CAL,AL,slaugdo01,Don Slaught,62,53,62,59,0,59,0,0,0,0,0,0,0,0,0,8,0
1996,CHA,AL,slaugdo01,Don Slaught,14,11,14,12,0,12,0,0,0,0,0,0,0,0,0,2,0
1996,BOS,AL,slocuhe01,Heathcliff Slocumb,75,0,0,75,75,0,0,0,0,0,0,0,0,0,0,0,
1996,OAK,AL,smallaa01,Aaron Small,12,0,0,12,12,0,0,0,0,0,0,0,0,0,0,0,
1996,HOU,NL,smallma01,Mark Small,16,0,16,16,16,0,0,0,0,0,0,0,0,0,0,0,0
1996,CIN,NL,smilejo01,John Smiley,35,34,35,35,35,0,0,0,0,0,0,0,0,0,0,0,0
1996,ATL,NL,smithdw01,Dwight Smith,101,20,101,29,0,0,0,0,0,0,3,0,26,29,0,79,0
1996,CAL,AL,smithle02,Lee Smith,11,0,0,11,11,0,0,0,0,0,0,0,0,0,0,0,
1996,CIN,NL,smithle02,Lee Smith,43,0,43,43,43,0,0,0,0,0,0,0,0,0,0,0,0
1996,BAL,AL,smithma03,Mark Smith,27,21,27,20,0,0,0,0,0,0,12,0,8,20,3,6,0
1996,SLN,NL,smithoz01,Ozzie Smith,82,50,82,52,0,0,0,0,0,52,0,0,0,0,0,32,0
1996,PIT,NL,smithza01,Zane Smith,16,16,16,16,16,0,0,0,0,0,0,0,0,0,0,0,0
1996,ATL,NL,smoltjo01,John Smoltz,35,35,35,35,35,0,0,0,0,0,0,0,0,0,0,0,0
1996,CHA,AL,snopech01,Chris Snopek,46,29,46,38,0,0,0,0,27,12,0,0,0,0,0,6,5
1996,SFN,NL,soderst01,Steve Soderstrom,3,3,3,3,3,0,0,0,0,0,0,0,0,0,0,0,0
1996,DET,AL,sodowcl01,Clint Sodowsky,7,0,0,7,7,0,0,0,0,0,0,0,0,0,0,0,
1996,SEA,AL,sorrepa01,Paul Sorrento,143,123,143,138,0,0,138,0,0,0,0,0,0,0,0,16,0
1996,ML4,AL,sparkst01,Steve Sparks,20,0,1,20,20,0,0,0,0,0,0,0,0,0,0,0,0
1996,MON,NL,spehrti01,Tim Spehr,63,7,63,59,0,58,0,0,0,0,0,0,1,1,0,4,8
1996,HOU,NL,spierbi01,Bill Spiers,122,44,122,89,0,0,4,7,76,5,0,1,1,2,0,40,1
1996,OAK,AL,spiezsc01,Scott Spiezio,9,8,9,5,0,0,0,0,5,0,0,0,0,0,4,0,0
1996,TOR,AL,spoljpa01,Paul Spoljaric,28,0,0,28,28,0,0,0,0,0,0,0,0,0,0,0,
1996,CIN,NL,spradje01,Jerry Spradlin,1,0,1,1,1,0,0,0,0,0,0,0,0,0,0,0,0
1996,TOR,AL,spraged02,Ed Sprague,159,158,159,148,0,0,0,0,148,0,0,0,0,0,10,1,0
1996,CAL,AL,sprinde01,Dennis Springer,20,0,0,20,20,0,0,0,0,0,0,0,0,0,0,0,
1996,PHI,NL,sprinru01,Russ Springer,51,7,51,51,51,0,0,0,0,0,0,0,0,0,0,0,0
1996,MIN,AL,stahosc01,Scott Stahoviak,130,112,130,114,0,0,114,0,0,0,0,0,0,0,9,17,0
1996,OAK,AL,stairma01,Matt Stairs,61,37,61,45,0,0,1,0,0,0,16,0,29,44,4,18,1
1996,MON,NL,stankan01,Andy Stankiewicz,64,10,64,30,0,0,0,19,1,13,0,0,0,0,0,33,5
1996,BOS,AL,stanlmi02,Mike Stanley,121,108,121,105,0,105,0,0,0,0,0,0,0,0,10,13,0
1996,TEX,AL,stantmi02,Mike Stanton,22,0,1,22,22,0,0,0,0,0,0,0,0,0,0,0,0
1996,BOS,AL,stantmi02,Mike Stanton,59,0,0,59,59,0,0,0,0,0,0,0,0,0,0,0,
1996,OAK,AL,steinte01,Terry Steinbach,145,134,145,137,0,137,1,0,0,0,0,0,0,0,4,10,0
1996,BAL,AL,stephga01,Garrett Stephenson,3,0,0,3,3,0,0,0,0,0,0,0,0,0,0,0,
1996,MIN,AL,steveda01,Dave Stevens,49,0,0,49,49,0,0,0,0,0,0,0,0,0,0,0,
1996,TEX,AL,stevele01,Lee Stevens,27,20,27,22,0,0,18,0,0,0,5,0,0,5,0,5,1
1996,SDN,NL,steveto01,Todd Steverson,1,0,1,0,0,0,0,0,0,0,0,0,0,0,0,1,0
1996,TOR,AL,stewash01,Shannon Stewart,7,3,7,6,0,0,0,0,0,0,0,6,0,6,0,0,1
1996,TEX,AL,stillku01,Kurt Stillwell,46,15,46,35,0,0,1,21,6,9,0,0,0,0,0,15,3
1996,ML4,AL,stinnke01,Kelly Stinnett,14,8,14,14,0,14,0,0,0,0,0,0,0,0,0,1,0
1996,PHI,NL,stockke01,Kevin Stocker,119,111,119,119,0,0,0,0,0,119,0,0,0,0,0,4,0
1996,SLN,NL,stottto01,Todd Stottlemyre,34,33,34,34,34,0,0,0,0,0,0,0,0,0,0,0,0
1996,SEA,AL,strando01,Doug Strange,88,35,88,55,0,0,3,3,39,0,10,0,1,11,7,49,0
1996,NYA,AL,strawda01,Darryl Strawberry,63,55,63,34,0,0,0,0,0,0,26,0,8,34,24,8,0
1996,CHN,NL,sturtta01,Tanyon Sturtze,6,0,6,6,6,0,0,0,0,0,0,0,0,0,0,0,0
1996,KCA,AL,stynech01,Chris Stynes,36,24,36,26,0,0,0,5,2,0,19,0,0,19,2,6,5
1996,CIN,NL,sullisc01,Scott Sullivan,7,0,7,7,7,0,0,0,0,0,0,0,0,0,0,0,0
1996,BOS,AL,suppaje01,Jeff Suppan,8,0,0,8,8,0,0,0,0,0,0,0,0,0,0,0,
1996,BAL,AL,surhobj01,B. J. Surhoff,143,140,143,131,0,0,2,0,106,0,27,0,0,27,10,3,0
1996,SEA,AL,suzukma01,Mac Suzuki,1,0,0,1,1,0,0,0,0,0,0,0,0,0,0,0,
1996,PIT,NL,sveumda01,Dale Sveum,12,8,12,10,0,0,0,0,10,0,0,0,0,0,0,2,0
1996,CHN,NL,swartda01,Dave Swartzbaugh,6,5,6,6,6,0,0,0,0,0,0,0,0,0,0,0,0
1996,SLN,NL,sweenma01,Mark Sweeney,98,35,98,55,0,0,15,0,0,0,36,0,7,43,0,48,0
1996,KCA,AL,sweenmi01,Mike Sweeney,50,48,50,26,0,26,0,0,0,0,0,0,0,0,22,2,0
1996,COL,NL,swiftbi02,Bill Swift,7,3,7,7,7,0,0,0,0,0,0,0,0,0,0,0,0
1996,CLE,AL,swindgr01,Greg Swindell,13,0,0,13,13,0,0,0,0,0,0,0,0,0,0,0,
1996,HOU,NL,swindgr01,Greg Swindell,8,4,8,8,8,0,0,0,0,0,0,0,0,0,0,0,0
1996,HOU,NL,tabakje01,Jeff Tabaka,18,0,18,18,18,0,0,0,0,0,0,0,0,0,0,0,0
1996,CHA,AL,tapanke01,Kevin Tapani,34,0,0,34,34,0,0,0,0,0,0,0,0,0,0,0,
1996,BAL,AL,tarasto01,Tony Tarasco,31,23,31,23,0,0,0,0,0,0,0,1,22,23,4,6,1
1996,CHA,AL,tartada01,Danny Tartabull,132,128,132,122,0,0,0,0,0,0,0,0,122,122,7,4,0
1996,BOS,AL,tatumji01,Jim Tatum,2,2,2,2,0,0,0,0,2,0,0,0,0,0,0,0,0
1996,SDN,NL,tatumji01,Jim Tatum,5,0,5,1,0,0,0,0,1,0,0,0,0,0,0,3,1
1996,CIN,NL,taubeed01,Ed Taubensee,108,78,108,94,0,94,0,0,0,0,0,0,0,0,0,22,1
1996,FLO,NL,tavarje01,Jesus Tavarez,98,13,98,65,0,0,0,0,0,0,25,30,12,65,0,33,14
1996,CLE,AL,tavarju01,Julian Tavarez,51,0,0,51,51,0,0,0,0,0,0,0,0,0,0,0,
1996,OAK,AL,taylobi04,Billy Taylor,55,0,0,55,55,0,0,0,0,0,0,0,0,0,0,0,
1996,CHN,NL,telemam01,Amaury Telemaco,25,17,25,25,25,0,0,0,0,0,0,0,0,0,0,0,0
1996,OAK,AL,telghda01,Dave Telgheder,16,0,0,16,16,0,0,0,0,0,0,0,0,0,0,0,
1996,TEX,AL,tettlmi01,Mickey Tettleton,143,138,143,23,0,0,23,0,0,0,0,0,0,0,115,5,0
1996,SDN,NL,tewksbo01,Bob Tewksbury,36,33,36,36,36,0,0,0,0,0,0,0,0,0,0,0,0
1996,ATL,NL,thobeto01,Tom Thobe,4,0,4,4,4,0,0,0,0,0,0,0,0,0,0,0,0
1996,CHA,AL,thomafr04,Frank Thomas,141,139,141,139,0,0,139,0,0,0,0,0,0,0,0,2,0
1996,CHA,AL,thomala01,Larry Thomas,57,0,1,57,57,0,0,0,0,0,0,0,0,0,0,0,0
1996,CLE,AL,thomeji01,Jim Thome,151,145,151,150,0,0,0,0,150,0,0,0,0,0,1,5,1
1996,SDN,NL,thompja02,Jason Thompson,13,13,13,13,0,0,13,0,0,0,0,0,0,0,0,0,0
1996,DET,AL,thompju02,Justin Thompson,11,0,0,11,11,0,0,0,0,0,0,0,0,0,0,0,
1996,COL,NL,thompma01,Mark Thompson,34,28,34,34,34,0,0,0,0,0,0,0,0,0,0,0,0
1996,COL,NL,thompmi02,Milt Thompson,14,1,14,1,0,0,0,0,0,0,1,0,0,1,0,13,0
1996,LAN,NL,thompmi02,Milt Thompson,48,6,48,17,0,0,0,0,0,0,17,0,0,17,0,35,2
1996,SFN,NL,thompro01,Robby Thompson,63,60,63,62,0,0,0,62,0,0,0,0,0,0,0,2,0
1996,CLE,AL,thompry01,Ryan Thompson,8,4,8,8,0,0,0,0,0,0,0,8,0,8,0,2,0
1996,TOR,AL,timlimi01,Mike Timlin,59,0,0,59,59,0,0,0,0,0,0,0,0,0,0,0,
1996,CHN,NL,timmooz01,Ozzie Timmons,65,29,65,47,0,0,0,0,0,0,25,0,22,47,0,30,0
1996,BOS,AL,tinslle01,Lee Tinsley,92,49,92,83,0,0,0,0,0,0,5,78,0,83,0,1,18
1996,PHI,NL,tinslle01,Lee Tinsley,31,7,31,22,0,0,0,0,0,0,18,7,0,22,0,11,4
1996,NYN,NL,tombean01,Andy Tomberlin,63,5,63,18,0,0,1,0,0,0,9,0,8,17,0,51,2
1996,SEA,AL,torresa01,Salomon Torres,10,0,0,10,10,0,0,0,0,0,0,0,0,0,0,0,
1996,CHN,NL,trachst01,Steve Trachsel,31,31,31,31,31,0,0,0,0,0,0,0,0,0,0,0,0
1996,DET,AL,trammal01,Alan Trammell,66,50,66,62,0,0,0,11,8,43,1,0,0,1,0,7,4
1996,NYN,NL,trlicri01,Ricky Trlicek,5,0,5,5,5,0,0,0,0,0,0,0,0,0,0,0,0
1996,MIN,AL,trombmi01,Mike Trombley,43,0,0,43,43,0,0,0,0,0,0,0,0,0,0,0,
1996,KCA,AL,tuckemi01,Michael Tucker,108,92,108,102,0,0,9,0,0,0,28,0,73,98,0,10,4
1996,CAL,AL,turnech01,Chris Turner,4,2,4,4,0,3,0,0,0,0,1,0,0,1,0,0,1
1996,ML4,AL,unroeti01,Tim Unroe,14,3,14,13,0,0,11,0,3,0,1,0,0,1,0,0,2
1996,DET,AL,urbanto01,Tom Urbani,16,0,0,16,16,0,0,0,0,0,0,0,0,0,0,0,
1996,SLN,NL,urbanto01,Tom Urbani,5,2,5,3,3,0,0,0,0,0,0,0,0,0,0,2,0
1996,MON,NL,urbinug01,Ugueth Urbina,33,17,33,33,33,0,0,0,0,0,0,0,0,0,0,0,0
1996,LAN,NL,valdeis01,Ismael Valdez,33,33,33,33,33,0,0,0,0,0,0,0,0,0,0,0,0
1996,FLO,NL,valdema01,Marc Valdes,11,8,11,11,11,0,0,0,0,0,0,0,0,0,0,0,0
1996,CHN,NL,valdepe01,Pedro Valdes,9,0,9,2,0,0,0,0,0,0,0,0,2,2,0,7,1
1996,SDN,NL,valenfe01,Fernando Valenzuela,36,31,36,33,33,0,0,0,0,0,0,0,0,0,0,3,0
1996,BOS,AL,valenjo02,John Valentin,131,129,131,129,0,0,0,0,12,118,0,0,0,0,1,1,1
1996,ML4,AL,valenjo03,Jose Valentin,154,145,154,151,0,0,0,0,0,151,0,0,0,0,0,8,0
1996,KCA,AL,valerju01,Julio Valera,31,0,0,31,31,0,0,0,0,0,0,0,0,0,0,0,
1996,TEX,AL,valleda01,Dave Valle,42,21,42,40,0,35,5,0,0,0,0,0,0,0,0,4,1
1996,COL,NL,vandejo02,John Vander Wal,104,25,104,35,0,0,10,0,0,0,24,0,1,25,0,72,0
1996,ML4,AL,vanegti01,Tim Van Egmond,12,0,0,12,12,0,0,0,0,0,0,0,0,0,0,0,
1996,SFN,NL,vanlawi01,William VanLandingham,32,32,32,32,32,0,0,0,0,0,0,0,0,0,0,0,0
1996,OAK,AL,vanpoto01,Todd Van Poppel,28,0,0,28,28,0,0,0,0,0,0,0,0,0,0,0,
1996,DET,AL,vanpoto01,Todd Van Poppel,9,0,0,9,9,0,0,0,0,0,0,0,0,0,0,0,
1996,CAL,AL,vanrybe01,Ben VanRyn,1,0,0,1,1,0,0,0,0,0,0,0,0,0,0,0,
1996,SDN,NL,vaughgr01,Greg Vaughn,43,38,43,39,0,0,0,0,0,0,39,0,0,39,0,5,0
1996,ML4,AL,vaughgr01,Greg Vaughn,102,101,102,100,0,0,0,0,0,0,98,3,0,100,1,1,0
1996,BOS,AL,vaughmo01,Mo Vaughn,161,161,161,146,0,0,146,0,0,0,0,0,0,0,15,0,0
1996,CAL,AL,velarra01,Randy Velarde,136,132,136,134,0,0,0,114,27,7,0,0,0,0,0,3,0
1996,CHA,AL,venturo01,Robin Ventura,158,147,158,156,0,0,13,0,150,0,0,0,0,0,0,11,0
1996,SDN,NL,verasda01,Dario Veras,23,0,23,23,23,0,0,0,0,0,0,0,0,0,0,0,0
1996,FLO,NL,verasqu01,Quilvio Veras,73,67,73,67,0,0,0,67,0,0,0,0,0,0,0,6,0
1996,MON,NL,veresda01,Dave Veres,68,0,68,68,68,0,0,0,0,0,0,0,0,0,0,0,0
1996,DET,AL,veresra01,Randy Veres,25,0,0,25,25,0,0,0,0,0,0,0,0,0,0,0,
1996,ML4,AL,villoro01,Ron Villone,23,0,0,23,23,0,0,0,0,0,0,0,0,0,0,0,
1996,SDN,NL,villoro01,Ron Villone,21,0,21,21,21,0,0,0,0,0,0,0,0,0,0,0,0
1996,TOR,AL,violafr01,Frank Viola,6,0,0,6,6,0,0,0,0,0,0,0,0,0,0,0,
1996,KCA,AL,vitiejo01,Joe Vitiello,85,71,85,10,0,0,9,0,0,0,0,0,1,1,65,12,0
1996,NYN,NL,vizcajo01,Jose Vizcaino,96,91,96,93,0,0,0,93,0,0,0,0,0,0,0,5,0
1996,CLE,AL,vizcajo01,Jose Vizcaino,48,47,48,47,0,0,0,45,0,4,0,0,0,0,0,0,1
1996,CLE,AL,vizquom01,Omar Vizquel,151,149,151,150,0,0,0,0,0,150,0,0,0,0,0,2,0
1996,TEX,AL,voigtja01,Jack Voigt,5,1,5,4,0,0,0,0,1,0,2,0,1,3,0,2,0
1996,TEX,AL,vosbeed01,Ed Vosberg,52,0,0,52,52,0,0,0,0,0,0,0,0,0,0,0,
1996,HOU,NL,wagnebi02,Billy Wagner,37,0,37,37,37,0,0,0,0,0,0,0,0,0,0,0,0
1996,SEA,AL,wagnema02,Matt Wagner,15,0,0,15,15,0,0,0,0,0,0,0,0,0,0,0,
1996,PIT,NL,wagnepa01,Paul Wagner,17,15,17,16,16,0,0,0,0,0,0,0,0,0,0,1,0
1996,PIT,NL,wainhda01,Dave Wainhouse,17,0,17,17,17,0,0,0,0,0,0,0,0,0,0,0,0
1996,BOS,AL,wakefti01,Tim Wakefield,32,0,0,32,32,0,0,0,0,0,0,0,0,0,0,0,
1996,MIN,AL,walbema01,Matt Walbeck,63,54,63,61,0,61,0,0,0,0,0,0,0,0,0,5,0
1996,COL,NL,walkela01,Larry Walker,83,71,83,83,0,0,0,0,0,0,0,54,33,83,0,0,3
1996,DET,AL,walkemi01,Mike Walker,20,0,0,20,20,0,0,0,0,0,0,0,0,0,0,0,
1996,SDN,NL,walkepe01,Pete Walker,1,0,1,1,1,0,0,0,0,0,0,0,0,0,0,0,0
1996,MIN,AL,walketo04,Todd Walker,25,22,25,21,0,0,0,4,20,0,0,0,0,0,1,3,0
1996,NYN,NL,wallade01,Derek Wallace,19,0,19,19,19,0,0,0,0,0,0,0,0,0,0,0,0
1996,CAL,AL,wallati01,Tim Wallach,57,49,57,48,0,0,3,0,46,0,0,0,0,0,4,7,0
1996,LAN,NL,wallati01,Tim Wallach,45,43,45,45,0,0,0,0,45,0,0,0,0,0,0,1,0
1996,ATL,NL,waltoje01,Jerome Walton,37,7,37,28,0,0,0,0,0,0,23,1,5,28,0,12,1
1996,OAK,AL,wasdijo01,John Wasdin,25,0,0,25,25,0,0,0,0,0,0,0,0,0,0,0,
1996,SFN,NL,watsoal01,Allen Watson,32,29,32,29,29,0,0,0,0,0,0,0,0,0,0,3,0
1996,FLO,NL,weathda01,David Weathers,32,8,32,31,31,0,0,0,0,0,0,0,0,0,0,0,1
1996,NYA,AL,weathda01,David Weathers,11,0,0,11,11,0,0,0,0,0,0,0,0,0,0,0,
1996,MON,NL,webstle01,Lenny Webster,78,50,78,63,0,63,0,0,0,0,0,0,0,0,0,17,0
1996,PIT,NL,wehnejo01,John Wehner,86,29,86,62,0,1,0,12,24,0,9,13,8,29,0,30,11
1996,COL,NL,weisswa01,Walt Weiss,155,148,155,155,0,0,0,0,0,155,0,0,0,0,0,2,1
1996,SEA,AL,wellsbo01,Bob Wells,36,0,0,36,36,0,0,0,0,0,0,0,0,0,0,0,
1996,BAL,AL,wellsda01,David Wells,34,0,0,34,34,0,0,0,0,0,0,0,0,0,0,0,
1996,CHN,NL,wendetu01,Turk Wendell,70,0,70,70,70,0,0,0,0,0,0,0,0,0,0,0,1
1996,OAK,AL,wengedo01,Don Wengert,36,0,0,36,36,0,0,0,0,0,0,0,0,0,0,0,
1996,NYA,AL,wettejo01,John Wetteland,62,0,1,62,62,0,0,0,0,0,0,0,0,0,0,0,0
1996,FLO,NL,whitede03,Devon White,146,137,146,139,0,0,0,0,0,0,0,139,0,139,0,8,0
1996,ATL,NL,whitema01,Mark Whiten,36,23,36,29,0,0,0,0,0,0,0,0,29,29,0,8,1
1996,SEA,AL,whitema01,Mark Whiten,40,37,40,39,0,0,0,0,0,0,36,0,4,39,0,3,0
1996,PHI,NL,whitema01,Mark Whiten,60,44,60,51,0,0,0,0,0,0,0,8,44,51,0,11,0
1996,TEX,AL,whitema02,Matt Whiteside,14,0,0,14,14,0,0,0,0,0,0,0,0,0,0,0,
1996,MON,NL,whitero02,Rondell White,88,83,88,86,0,0,0,0,0,0,0,86,0,86,0,3,1
1996,NYA,AL,whitewa02,Wally Whitehurst,2,0,0,2,2,0,0,0,0,0,0,0,0,0,0,0,
1996,ML4,AL,wickake01,Kevin Wickander,21,0,0,21,21,0,0,0,0,0,0,0,0,0,0,0,
1996,NYA,AL,wickmbo01,Bob Wickman,58,0,0,58,58,0,0,0,0,0,0,0,0,0,0,0,
1996,ML4,AL,wickmbo01,Bob Wickman,12,0,1,12,12,0,0,0,0,0,0,0,0,0,0,0,0
1996,SEA,AL,widgech01,Chris Widger,8,2,8,7,0,7,0,0,0,0,0,0,0,0,0,1,0
1996,PIT,NL,wilkima01,Marc Wilkins,47,2,47,47,47,0,0,0,0,0,0,0,0,0,0,0,0
1996,HOU,NL,wilkiri01,Rick Wilkins,84,72,84,82,0,82,0,0,0,0,0,0,0,0,0,5,0
1996,SFN,NL,wilkiri01,Rick Wilkins,52,40,52,48,0,42,7,0,0,0,0,0,0,0,0,9,0
1996,NYA,AL,willibe02,Bernie Williams,143,142,143,140,0,0,0,0,0,0,0,140,0,140,2,1,0
1996,DET,AL,willibr01,Brian Williams,40,0,0,40,40,0,0,0,0,0,0,0,0,0,0,0,
1996,DET,AL,willied01,Eddie Williams,77,53,77,12,0,0,7,0,3,0,0,0,2,2,49,18,0
1996,ML4,AL,willige02,Gerald Williams,26,25,26,26,0,0,0,0,0,0,0,25,1,26,0,0,0
1996,NYA,AL,willige02,Gerald Williams,99,57,99,93,0,0,0,0,0,0,70,14,10,93,1,8,11
1996,OAK,AL,willige03,George Williams,56,36,56,43,0,43,0,0,0,0,0,0,0,0,10,6,1
1996,SFN,NL,willike03,Keith Williams,9,3,9,4,0,0,0,0,0,0,1,0,3,4,0,5,0
1996,SFN,NL,willima04,Matt Williams,105,102,105,104,0,0,13,0,92,1,0,0,0,0,0,3,0
1996,PHI,NL,willimi03,Mike Williams,33,29,33,32,32,0,0,0,0,0,0,0,0,0,0,0,1
1996,CAL,AL,willish01,Shad Williams,13,0,0,13,13,0,0,0,0,0,0,0,0,0,0,0,
1996,TOR,AL,williwo02,Woody Williams,12,0,0,12,12,0,0,0,0,0,0,0,0,0,0,0,
1996,SEA,AL,wilsoda01,Dan Wilson,138,130,138,135,0,135,0,0,0,0,0,0,0,0,0,4,0
1996,SFN,NL,wilsode01,Desi Wilson,41,30,41,33,0,0,33,0,0,0,0,0,0,0,0,9,0
1996,CLE,AL,wilsoni01,Nigel Wilson,10,1,10,1,0,0,0,0,0,0,1,0,0,1,0,9,0
1996,NYN,NL,wilsopa02,Paul Wilson,26,26,26,26,26,0,0,0,0,0,0,0,0,0,0,0,0
1996,OAK,AL,witasja01,Jay Witasick,12,0,0,12,12,0,0,0,0,0,0,0,0,0,0,0,
1996,ATL,NL,wohlema01,Mark Wohlers,77,0,77,77,77,0,0,0,0,0,0,0,0,0,0,0,0
1996,OAK,AL,wojcist01,Steve Wojciechowski,18,0,2,16,16,0,0,0,0,0,0,0,0,0,0,0,2
1996,SEA,AL,wolcobo01,Bob Wolcott,30,0,0,30,30,0,0,0,0,0,0,0,0,0,0,0,
1996,PIT,NL,womacto01,Tony Womack,17,5,17,9,0,0,0,4,0,0,0,5,1,6,0,10,1
1996,ATL,NL,woodabr01,Brad Woodall,8,3,8,8,8,0,0,0,0,0,0,0,0,0,0,0,0
1996,SDN,NL,worreti01,Tim Worrell,50,11,50,50,50,0,0,0,0,0,0,0,0,0,0,0,0
1996,LAN,NL,worreto01,Todd Worrell,72,0,72,72,72,0,0,0,0,0,0,0,0,0,0,0,0
1996,TEX,AL,worthcr01,Craig Worthington,13,6,13,13,0,0,6,0,7,0,0,0,0,0,0,1,1
1996,COL,NL,wrighja01,Jamey Wright,16,15,16,16,16,0,0,0,0,0,0,0,0,0,0,0,0
1996,HOU,NL,youngan01,Anthony Young,28,0,28,28,28,0,0,0,0,0,0,0,0,0,0,0,0
1996,SLN,NL,youngdm01,Dmitri Young,16,4,16,10,0,0,10,0,0,0,0,0,0,0,0,8,0
1996,COL,NL,younger01,Eric Young,141,136,141,139,0,0,0,139,0,0,0,0,0,0,0,2,3
1996,OAK,AL,younger02,Ernie Young,141,124,141,140,0,0,0,0,0,0,9,133,16,140,0,6,2
1996,KCA,AL,youngke01,Kevin Young,55,34,55,49,0,0,27,0,7,0,2,0,15,17,2,14,6
1996,BAL,AL,zeileto01,Todd Zeile,29,29,29,29,0,0,0,0,29,0,0,0,0,0,0,0,0
1996,PHI,NL,zeileto01,Todd Zeile,134,134,134,134,0,0,28,0,106,0,0,0,0,0,0,0,0
1996,PHI,NL,zuberjo01,Jon Zuber,30,20,30,22,0,0,22,0,0,0,0,0,0,0,0,10,0
