1999,BOS,AL,choji01,Jin Ho Cho,9,1,1,9,9,0,0,0,0,0,0,0,0,0,0,0,0
1999,MON,NL,coxda02,Darron Cox,15,3,15,14,0,14,0,0,0,0,0,0,0,0,0,2,1
1999,TBA,AL,coxst01,Steve Cox,6,5,6,6,0,0,4,0,0,0,2,0,0,2,0,1,0
1999,KCA,AL,dyeje01,Jermaine Dye,158,156,158,157,0,0,0,0,0,0,0,0,157,157,1,0,0
1999,ARI,NL,foxan01,Andy Fox,99,76,99,91,0,0,0,0,12,82,0,0,0,0,0,11,3
1999,MIL,NL,foxch02,Chad Fox,6,0,6,6,6,0,0,0,0,0,0,0,0,0,0,0,0
1999,ARI,NL,kimby01,Byung-Hyun Kim,25,0,22,25,25,0,0,0,0,0,0,0,0,0,0,0,0
1999,CHA,AL,leeca01,Carlos Lee,127,125,127,109,0,0,5,0,0,0,105,0,0,105,16,2,0
1999,TEX,AL,leeco01,Corey Lee,1,0,0,1,1,0,0,0,0,0,0,0,0,0,0,0,
1999,COL,NL,leeda01,David Lee,36,0,35,36,36,0,0,0,0,0,0,0,0,0,0,0,0
1999,FLO,NL,leede02,Derrek Lee,70,54,70,66,0,0,66,0,0,0,0,0,0,0,0,5,0
1999,ARI,NL,leetr01,Travis Lee,120,92,120,116,0,0,114,0,0,0,0,0,2,2,0,12,2
1999,BAL,AL,mayde01,Derrick May,26,10,26,5,0,0,0,0,0,0,2,0,3,5,7,16,0
1999,SFN,NL,nenro01,Robb Nen,72,0,68,72,72,0,0,0,0,0,0,0,0,0,0,0,0
1999,KCA,AL,rayke01,Ken Ray,13,0,3,13,13,0,0,0,0,0,0,0,0,0,0,0,0
1999,CLE,AL,tamje01,Jeff Tam,1,0,0,1,1,0,0,0,0,0,0,0,0,0,0,0,
1999,NYN,NL,tamje01,Jeff Tam,9,0,9,9,9,0,0,0,0,0,0,0,0,0,0,0,0
1999,TBA,AL,yanes01,Esteban Yan,50,0,1,50,50,0,0,0,0,0,0,0,0,0,0,0,0
1999,FLO,NL,avenbr01,Bruce Aven,137,90,137,102,0,0,0,0,0,0,78,9,24,102,6,34,0
1999,HOU,NL,bakopa01,Paul Bako,73,63,73,71,0,71,0,0,0,0,0,0,0,0,0,2,1
1999,TOR,AL,balejo01,John Bale,1,0,0,1,1,0,0,0,0,0,0,0,0,0,0,0,
1999,CHN,NL,beckro01,Rod Beck,31,0,31,31,31,0,0,0,0,0,0,0,0,0,0,0,0
1999,BOS,AL,beckro01,Rod Beck,12,0,1,12,12,0,0,0,0,0,0,0,0,0,0,0,0
1999,SEA,AL,bellda01,David Bell,157,152,157,156,0,0,4,154,0,1,0,0,0,0,0,2,0
1999,HOU,NL,bellde01,Derek Bell,128,123,128,126,0,0,0,0,0,0,0,0,126,126,0,4,0
1999,ARI,NL,bellja01,Jay Bell,151,147,151,148,0,0,0,148,0,1,0,0,0,0,2,4,0
1999,CIN,NL,bereja01,Jason Bere,12,9,10,12,12,0,0,0,0,0,0,0,0,0,0,0,0
1999,MIL,NL,bereja01,Jason Bere,5,4,5,5,5,0,0,0,0,0,0,0,0,0,0,0,0
1999,FLO,NL,bergda01,Dave Berg,109,65,109,83,0,0,0,29,19,37,3,0,0,3,0,26,2
1999,MON,NL,blumge01,Geoff Blum,45,40,45,44,0,0,0,2,0,42,0,0,0,0,0,3,0
1999,PIT,NL,boydja02,Jason Boyd,4,0,4,4,4,0,0,0,0,0,0,0,0,0,0,0,0
1999,TOR,AL,bushho01,Homer Bush,128,125,128,127,0,0,0,109,0,18,0,0,0,0,0,0,2
1999,PHI,NL,byrdpa01,Paul Byrd,32,30,30,32,32,0,0,0,0,0,0,0,0,0,0,0,0
1999,ATL,NL,chenbr01,Bruce Chen,16,6,15,16,16,0,0,0,0,0,0,0,0,0,0,0,0
1999,NYA,AL,coneda01,David Cone,31,1,1,31,31,0,0,0,0,0,0,0,0,0,0,0,0
1999,NYN,NL,cookde01,Dennis Cook,71,0,66,71,71,0,0,0,0,0,0,0,0,0,0,0,0
1999,LAN,NL,coraal01,Alex Cora,11,6,11,11,0,0,0,3,0,8,0,0,0,0,0,2,0
1999,DET,AL,cruzde01,Deivi Cruz,155,151,155,155,0,0,0,0,0,155,0,0,0,0,0,0,0
1999,PIT,NL,cruziv01,Ivan Cruz,5,1,5,2,0,0,1,0,0,0,0,0,1,1,0,4,0
1999,CLE,AL,cruzja01,Jacob Cruz,32,18,32,24,0,0,0,0,0,0,11,15,2,24,0,10,1
1999,TOR,AL,cruzjo02,Jose Cruz,106,96,106,106,0,0,0,0,0,0,9,97,0,106,0,2,3
1999,DET,AL,cruzne01,Nelson Cruz,29,0,2,29,29,0,0,0,0,0,0,0,0,0,0,0,0
1999,ARI,NL,daalom01,Omar Daal,32,30,30,32,32,0,0,0,0,0,0,0,0,0,0,0,0
1999,MIL,NL,daleca01,Carl Dale,4,0,4,4,4,0,0,0,0,0,0,0,0,0,0,0,0
1999,SDN,NL,darrmi02,Mike Darr,25,9,25,22,0,0,0,0,0,0,0,3,21,22,0,5,1
1999,HOU,NL,diazal01,Alex Diaz,30,7,30,8,0,0,0,0,0,0,7,0,1,8,0,22,0
1999,ARI,NL,diazed03,Edwin Diaz,4,2,4,3,0,0,0,2,0,2,0,0,0,0,0,1,1
1999,CLE,AL,diazei01,Einar Diaz,119,108,119,119,0,119,0,0,0,0,0,0,0,0,0,1,1
1999,SLN,NL,drewjd01,J. D. Drew,104,93,104,98,0,0,0,0,0,0,1,97,0,98,0,8,0
1999,CHA,AL,eyresc01,Scott Eyre,21,0,1,21,21,0,0,0,0,0,0,0,0,0,0,0,0
1999,DET,AL,fickro01,Robert Fick,15,11,15,4,0,4,0,0,0,0,0,0,0,0,8,3,0
1999,BOS,AL,fryeje01,Jeff Frye,41,29,41,35,0,0,0,26,7,2,0,0,0,0,1,2,5
1999,PHI,NL,gantro01,Ron Gant,138,133,138,133,0,0,0,0,0,0,133,0,0,133,2,4,0
1999,PIT,NL,haadya01,Yamid Haad,1,0,1,0,0,0,0,0,0,0,0,0,0,0,0,1,0
1999,CHN,NL,hillgl01,Glenallen Hill,99,57,99,62,0,0,0,0,0,0,37,0,26,62,4,39,0
1999,ANA,AL,hillke01,Ken Hill,26,1,1,26,26,0,0,0,0,0,0,0,0,0,0,0,0
1999,HOU,NL,holtch01,Chris Holt,32,25,30,32,32,0,0,0,0,0,0,0,0,0,0,0,0
1999,OAK,AL,jahajo01,John Jaha,142,126,142,8,0,0,8,0,0,0,0,0,0,0,121,16,0
1999,LAN,NL,juddmi01,Mike Judd,7,4,7,7,7,0,0,0,0,0,0,0,0,0,0,0,0
1999,MIL,NL,karlsc01,Scott Karl,33,33,33,33,33,0,0,0,0,0,0,0,0,0,0,0,0
1999,SFN,NL,kentje01,Jeff Kent,138,133,138,133,0,0,1,133,0,0,0,0,0,0,0,5,0
1999,DET,AL,kidama01,Masao Kida,49,0,1,49,49,0,0,0,0,0,0,0,0,0,0,0,0
1999,COL,NL,kileda01,Darryl Kile,32,30,30,32,32,0,0,0,0,0,0,0,0,0,0,0,0
1999,SLN,NL,kingcu01,Curtis King,2,0,2,2,2,0,0,0,0,0,0,0,0,0,0,0,0
1999,KCA,AL,kingje01,Jeff King,21,21,21,20,0,0,20,0,0,0,0,0,0,0,1,0,0
1999,CHN,NL,kingra01,Ray King,10,0,9,10,10,0,0,0,0,0,0,0,0,0,0,0,0
1999,TOR,AL,kochbi01,Billy Koch,56,0,3,56,56,0,0,0,0,0,0,0,0,0,0,0,0
1999,TEX,AL,kolbda01,Danny Kolb,16,0,1,16,16,0,0,0,0,0,0,0,0,0,0,0,0
1999,TBA,AL,lambda01,David Lamb,55,28,55,47,0,0,0,15,0,35,0,0,0,0,0,6,7
1999,HOU,NL,limajo01,Jose Lima,36,33,34,36,35,0,0,0,1,0,0,0,0,0,0,0,0
1999,DET,AL,lirafe01,Felipe Lira,2,0,0,2,2,0,0,0,0,0,0,0,0,0,0,0,
1999,NYN,NL,longte01,Terrence Long,3,0,3,0,0,0,0,0,0,0,0,0,0,0,0,3,0
1999,BOS,AL,lowede01,Derek Lowe,74,0,5,74,74,0,0,0,0,0,0,0,0,0,0,0,0
1999,CHA,AL,lowese01,Sean Lowe,64,0,5,64,64,0,0,0,0,0,0,0,0,0,0,0,0
1999,ANA,AL,lukema01,Matt Luke,18,7,18,10,0,0,4,0,0,0,2,0,4,6,0,10,0
1999,MIN,AL,maysjo01,Joe Mays,49,1,3,49,49,0,0,0,0,0,0,0,0,0,0,0,0
1999,SEA,AL,mesajo01,Jose Mesa,68,0,7,68,68,0,0,0,0,0,0,0,0,0,0,0,0
1999,NYN,NL,morame01,Melvin Mora,66,3,66,51,0,0,0,4,3,1,28,11,8,45,0,17,10
1999,MON,NL,motagu01,Guillermo Mota,51,0,47,51,51,0,0,0,0,0,0,0,0,0,0,0,0
1999,CLE,AL,nagych01,Charles Nagy,34,2,4,33,33,0,0,0,0,0,0,0,0,0,0,0,1
1999,MIL,NL,nomohi01,Hideo Nomo,29,26,27,28,28,0,0,0,0,0,0,0,0,0,0,0,1
1999,PHI,NL,ogeach01,Chad Ogea,36,26,34,36,36,0,0,0,0,0,0,0,0,0,0,0,0
1999,BOS,AL,ohkato01,Tomo Ohka,8,0,1,8,8,0,0,0,0,0,0,0,0,0,0,0,0
1999,FLO,NL,orieke01,Kevin Orie,77,61,77,65,0,0,1,0,64,0,0,0,0,0,0,12,0
1999,PIT,NL,osikke01,Keith Osik,66,43,66,51,1,50,0,0,0,0,0,0,0,0,0,16,0
1999,LAN,NL,parkch01,Chan Ho Park,33,32,32,33,33,0,0,0,0,0,0,0,0,0,0,0,0
1999,CHA,AL,pauljo01,Josh Paul,6,5,6,6,0,6,0,0,0,0,0,0,0,0,0,0,0
1999,LAN,NL,penaan01,Angel Peña,43,36,43,43,0,43,0,0,0,0,0,0,0,0,0,1,0
1999,CHA,AL,penaje01,Jesus Peña,26,0,0,26,26,0,0,0,0,0,0,0,0,0,0,0,
1999,BOS,AL,penaju01,Juan Peña,2,0,0,2,2,0,0,0,0,0,0,0,0,0,0,0,
1999,KCA,AL,posesc01,Scott Pose,86,24,86,25,0,0,0,0,0,0,18,1,6,25,13,50,6
1999,ANA,AL,potelo01,Lou Pote,20,0,0,20,20,0,0,0,0,0,0,0,0,0,0,0,
1999,CHN,NL,rainst01,Steve Rain,16,0,16,16,16,0,0,0,0,0,0,0,0,0,0,0,0
1999,BOS,AL,rapppa01,Pat Rapp,37,1,4,37,37,0,0,0,0,0,0,0,0,0,0,0,0
1999,MIN,AL,rathga01,Gary Rath,5,0,0,5,5,0,0,0,0,0,0,0,0,0,0,0,
1999,CHN,NL,reedje02,Jeff Reed,57,42,57,49,0,49,0,0,1,0,0,0,0,0,0,12,0
1999,COL,NL,reedje02,Jeff Reed,46,28,46,36,0,36,0,0,0,0,0,0,0,0,1,17,0
1999,NYN,NL,reedri01,Rick Reed,27,24,25,27,26,0,0,0,0,0,0,0,1,1,0,0,0
1999,CLE,AL,reedst01,Steve Reed,63,0,5,63,63,0,0,0,0,0,0,0,0,0,0,0,0
1999,SFN,NL,riosar01,Armando Rios,72,30,72,53,0,0,0,0,0,0,14,2,39,53,0,22,0
1999,BOS,AL,rosebr01,Brian Rose,22,1,1,22,22,0,0,0,0,0,0,0,0,0,0,0,0
1999,TBA,AL,rupery01,Ryan Rupe,24,2,2,24,24,0,0,0,0,0,0,0,0,0,0,0,0
1999,CIN,NL,ryanbj01,B. J. Ryan,1,0,1,1,1,0,0,0,0,0,0,0,0,0,0,0,0
1999,BAL,AL,ryanbj01,B. J. Ryan,13,0,0,13,13,0,0,0,0,0,0,0,0,0,0,0,
1999,MIN,AL,ryanja04,Jason Ryan,8,0,0,8,8,0,0,0,0,0,0,0,0,0,0,0,
1999,PHI,NL,ryanke01,Ken Ryan,15,0,15,15,15,0,0,0,0,0,0,0,0,0,0,0,0
1999,ARI,NL,ryanro02,Rob Ryan,20,3,20,5,0,0,0,0,0,0,1,0,4,5,0,16,0
1999,TEX,AL,seleaa01,Aaron Sele,33,2,2,33,33,0,0,0,0,0,0,0,0,0,0,0,0
1999,LAN,NL,shawje01,Jeff Shaw,64,0,63,64,64,0,0,0,0,0,0,0,0,0,0,0,0
1999,SFN,NL,snowjt01,J. T. Snow,161,150,161,160,0,0,160,0,0,0,0,0,0,0,0,5,0
1999,NYA,AL,sojolu01,Luis Sojo,49,33,49,46,0,0,4,16,20,6,0,0,0,0,0,4,5
1999,COL,NL,sosaju01,Juan Sosa,11,1,11,8,0,0,0,0,0,2,1,5,0,6,0,5,1
1999,CHN,NL,sosasa01,Sammy Sosa,162,162,162,162,0,0,0,0,0,0,0,25,146,162,0,0,0
1999,NYN,NL,tocajo01,Jorge Toca,4,0,4,1,0,0,1,0,0,0,0,0,0,0,0,3,0
1999,MIL,NL,vinafe01,Fernando Vina,37,37,37,37,0,0,0,37,0,0,0,0,0,0,0,0,0
1999,SDN,NL,walldo01,Donne Wall,55,0,53,55,55,0,0,0,0,0,0,0,0,0,0,0,0
1999,CHA,AL,wardbr01,Bryan Ward,40,0,5,40,40,0,0,0,0,0,0,0,0,0,0,0,0
1999,HOU,NL,wardda01,Daryle Ward,64,36,64,38,0,0,10,0,0,0,31,0,0,31,3,26,0
1999,ARI,NL,wardtu01,Turner Ward,10,4,10,5,0,0,0,0,0,0,0,2,4,5,0,6,0
1999,PIT,NL,wardtu01,Turner Ward,49,17,49,34,0,0,0,0,0,0,5,22,13,34,0,17,0
1999,TBA,AL,winnra01,Randy Winn,79,69,79,77,0,0,0,0,0,0,0,77,0,77,0,3,2
1999,TBA,AL,wittbo01,Bobby Witt,32,1,1,32,32,0,0,0,0,0,0,0,0,0,0,0,0
1999,TOR,AL,wittke01,Kevin Witt,15,7,15,0,0,0,0,0,0,0,0,0,0,0,7,8,0
1999,PHI,NL,wolfra02,Randy Wolf,22,20,21,22,22,0,0,0,0,0,0,0,0,0,0,0,0
1999,DET,AL,woodja02,Jason Wood,27,10,27,24,0,0,5,1,9,9,0,0,0,0,1,3,0
1999,TEX,AL,zaungr01,Gregg Zaun,43,21,43,37,0,37,0,0,0,0,0,0,0,0,0,8,3
1999,CHA,AL,abbotje01,Jeff Abbott,17,17,17,17,0,0,0,0,0,0,17,0,0,17,0,0,0
1999,MIL,NL,abbotji01,Jim Abbott,20,13,18,20,20,0,0,0,0,0,0,0,0,0,0,0,0
1999,COL,NL,abbotku01,Kurt Abbott,96,69,96,80,0,0,8,66,0,3,0,2,2,4,0,16,2
1999,SEA,AL,abbotpa01,Paul Abbott,25,0,3,25,25,0,0,0,0,0,0,0,0,0,0,0,0
1999,PHI,NL,abreubo01,Bobby Abreu,152,150,152,146,0,0,0,0,0,0,0,0,146,146,5,2,0
1999,SLN,NL,aceveju01,Juan Acevedo,50,11,49,50,50,0,0,0,0,0,0,0,0,0,0,0,0
1999,CHN,NL,adamste01,Terry Adams,52,0,49,52,52,0,0,0,0,0,0,0,0,0,0,0,0
1999,NYN,NL,agbaybe01,Benny Agbayani,101,70,101,80,0,0,0,0,0,0,47,4,45,80,0,28,0
1999,MIN,AL,aguilri01,Rick Aguilera,17,0,0,17,17,0,0,0,0,0,0,0,0,0,0,0,
1999,CHN,NL,aguilri01,Rick Aguilera,44,0,41,44,44,0,0,0,0,0,0,0,0,0,0,0,0
1999,TBA,AL,aldresc01,Scott Aldred,37,0,3,37,37,0,0,0,0,0,0,0,0,0,0,0,0
1999,PHI,NL,aldresc01,Scott Aldred,29,0,29,29,29,0,0,0,0,0,0,0,0,0,0,0,0
1999,CHN,NL,alexama02,Manny Alexander,90,30,90,58,0,0,0,17,22,30,0,0,2,2,0,46,2
1999,FLO,NL,alfonan01,Antonio Alfonseca,73,0,69,73,73,0,0,0,0,0,0,0,0,0,0,0,0
1999,NYN,NL,alfoned01,Edgardo Alfonzo,158,158,158,158,0,0,0,158,0,0,0,0,0,0,0,0,0
1999,TEX,AL,alicelu01,Luis Alicea,68,37,68,47,0,0,0,37,10,0,1,0,0,1,1,17,6
1999,MIN,AL,allench01,Chad Allen,137,129,137,133,0,0,0,0,0,0,133,0,1,133,0,4,3
1999,NYN,NL,allenje01,Jermaine Allensworth,40,13,40,33,0,0,0,0,0,0,10,14,15,33,0,9,5
1999,FLO,NL,almanar01,Armando Almanza,14,0,14,14,14,0,0,0,0,0,0,0,0,0,0,0,0
1999,SDN,NL,almanca01,Carlos Almanzar,28,0,27,28,28,0,0,0,0,0,0,0,0,0,0,0,0
1999,FLO,NL,almonhe01,Hector Almonte,15,0,15,15,15,0,0,0,0,0,0,0,0,0,0,0,0
1999,CLE,AL,alomaro01,Roberto Alomar,159,155,159,156,0,0,0,156,0,0,0,0,0,0,1,3,0
1999,CLE,AL,alomasa02,Sandy Alomar,37,36,37,35,0,35,0,0,0,0,0,0,0,0,1,1,0
1999,DET,AL,alvarga01,Gabe Alvarez,22,12,22,7,0,0,0,0,2,0,0,0,5,5,9,8,0
1999,ANA,AL,alvarju01,Juan Alvarez,8,0,0,8,8,0,0,0,0,0,0,0,0,0,0,0,
1999,TBA,AL,alvarwi01,Wilson Alvarez,28,2,2,28,28,0,0,0,0,0,0,0,0,0,0,0,0
1999,BAL,AL,amarari01,Rich Amaral,91,27,91,55,0,0,2,2,1,0,14,18,19,50,6,25,14
1999,BAL,AL,anderbr01,Brady Anderson,150,143,150,136,0,0,0,0,0,0,9,129,0,136,9,7,0
1999,ARI,NL,anderbr02,Brian Anderson,32,18,31,31,31,0,0,0,0,0,0,0,0,0,0,0,1
1999,ANA,AL,anderga01,Garret Anderson,157,156,157,153,0,0,0,0,0,0,32,116,6,153,4,0,1
1999,PIT,NL,anderji02,Jimmy Anderson,13,4,13,13,13,0,0,0,0,0,0,0,0,0,0,0,0
1999,DET,AL,anderma01,Matt Anderson,37,0,0,37,37,0,0,0,0,0,0,0,0,0,0,0,
1999,PHI,NL,anderma02,Marlon Anderson,129,121,129,121,0,0,0,121,0,0,0,0,0,0,0,6,2
1999,MON,NL,andresh01,Shane Andrews,98,75,98,91,0,0,18,0,82,0,0,0,0,0,1,9,0
1999,CHN,NL,andresh01,Shane Andrews,19,18,19,19,0,0,1,0,19,0,0,0,0,0,0,1,0
1999,SLN,NL,ankieri01,Rick Ankiel,9,5,9,9,9,0,0,0,0,0,0,0,0,0,0,0,0
1999,OAK,AL,appieke01,Kevin Appier,12,0,0,12,12,0,0,0,0,0,0,0,0,0,0,0,
1999,KCA,AL,appieke01,Kevin Appier,22,1,1,22,22,0,0,0,0,0,0,0,0,0,0,0,0
1999,PHI,NL,ariasal01,Alex Arias,118,88,118,95,0,0,0,1,2,95,0,0,0,0,0,23,0
1999,SDN,NL,ariasge01,George Arias,55,45,55,50,0,0,0,0,50,0,0,0,0,0,0,8,0
1999,MON,NL,armasto02,Tony Armas,1,1,1,1,1,0,0,0,0,0,0,0,0,0,0,0,0
1999,LAN,NL,arnolja01,Jamie Arnold,36,3,34,36,36,0,0,0,0,0,0,0,0,0,0,0,0
1999,TBA,AL,arrojro01,Rolando Arrojo,24,0,0,24,24,0,0,0,0,0,0,0,0,0,0,0,
1999,SDN,NL,ashbyan01,Andy Ashby,31,29,29,31,31,0,0,0,0,0,0,0,0,0,0,0,0
1999,CLE,AL,assenpa01,Paul Assenmacher,55,0,3,55,55,0,0,0,0,0,0,0,0,0,0,0,0
1999,COL,NL,astacpe01,Pedro Astacio,37,33,36,34,34,0,0,0,0,0,0,0,0,0,0,2,1
1999,SFN,NL,aurilri01,Rich Aurilia,152,146,152,150,0,0,0,0,0,150,0,0,0,0,0,4,0
1999,DET,AL,ausmubr01,Brad Ausmus,127,121,127,127,0,127,0,0,0,0,0,0,0,0,0,1,1
1999,CIN,NL,averyst01,Steve Avery,19,17,17,19,19,0,0,0,0,0,0,0,0,0,0,0,0
1999,MON,NL,ayalabo01,Bobby Ayala,53,0,48,53,53,0,0,0,0,0,0,0,0,0,0,0,0
1999,CHN,NL,ayalabo01,Bobby Ayala,13,0,13,13,13,0,0,0,0,0,0,0,0,0,0,0,0
1999,SLN,NL,aybarma01,Manny Aybar,67,1,63,65,65,0,0,0,0,0,0,0,0,0,0,0,2
1999,SDN,NL,baergca01,Carlos Baerga,33,16,33,24,0,0,2,13,13,0,0,0,0,0,0,15,0
1999,CLE,AL,baergca01,Carlos Baerga,22,13,22,21,0,0,0,6,15,0,0,0,0,0,0,1,1
1999,HOU,NL,bagweje01,Jeff Bagwell,162,160,162,161,0,0,161,0,0,0,0,0,0,0,2,2,0
1999,BAL,AL,baineha01,Harold Baines,107,93,107,0,0,0,0,0,0,0,0,0,0,0,93,14,0
1999,CLE,AL,baineha01,Harold Baines,28,24,28,0,0,0,0,0,0,0,0,0,0,0,24,4,0
1999,CHA,AL,baldwja01,James Baldwin,35,1,1,35,35,0,0,0,0,0,0,0,0,0,0,0,0
1999,MIL,NL,banksbr01,Brian Banks,105,43,105,85,0,40,44,0,0,0,4,0,1,5,0,29,4
1999,ARI,NL,barajro01,Rod Barajas,5,5,5,5,0,5,0,0,0,0,0,0,0,0,0,0,0
1999,KCA,AL,barbebr02,Brian Barber,8,0,2,8,8,0,0,0,0,0,0,0,0,0,0,0,0
1999,HOU,NL,barkegl01,Glen Barker,81,10,81,57,0,0,0,0,0,0,3,47,8,57,0,14,29
1999,MIL,NL,barkeke01,Kevin Barker,38,29,38,31,0,0,31,0,0,0,0,0,0,0,0,8,0
1999,CHN,NL,barkeri01,Richie Barker,5,0,5,5,5,0,0,0,0,0,0,0,0,0,0,0,0
1999,MON,NL,barremi01,Michael Barrett,126,113,126,121,0,59,0,0,66,2,0,0,0,0,0,6,1
1999,COL,NL,barryje01,Jeff Barry,74,37,74,56,0,0,0,0,0,0,14,32,15,56,0,21,0
1999,DET,AL,barteki01,Kimera Bartee,41,20,41,38,0,0,0,0,0,0,0,38,0,38,0,4,5
1999,MON,NL,batismi01,Miguel Batista,39,16,37,39,39,0,0,0,0,0,0,0,0,0,0,0,0
1999,TOR,AL,batisto01,Tony Batista,98,98,98,98,0,0,0,0,0,98,0,0,0,0,0,0,0
1999,ARI,NL,batisto01,Tony Batista,44,38,44,43,0,0,0,0,0,43,0,0,0,0,0,4,0
1999,ATL,NL,battlho01,Howard Battle,15,0,15,6,0,0,0,0,6,0,0,0,0,0,0,10,1
1999,FLO,NL,bautida01,Danny Bautista,70,47,70,60,0,0,0,0,0,0,22,18,31,60,0,10,1
1999,OAK,AL,beckeri01,Rich Becker,40,32,40,39,0,0,0,0,0,0,17,32,8,39,0,5,1
1999,MIL,NL,beckeri01,Rich Becker,89,25,89,50,0,0,0,0,0,0,16,19,17,50,1,47,0
1999,ANA,AL,belchti01,Tim Belcher,24,2,2,24,24,0,0,0,0,0,0,0,0,0,0,0,0
1999,CIN,NL,belinst01,Stan Belinda,29,0,28,29,29,0,0,0,0,0,0,0,0,0,0,0,0
1999,BAL,AL,belleal01,Albert Belle,161,161,161,154,0,0,0,0,0,0,0,0,154,154,7,0,0
1999,NYA,AL,bellicl01,Clay Bellinger,32,10,32,27,0,0,8,1,16,1,2,0,0,2,0,3,11
1999,MIL,NL,belliro01,Ronnie Belliard,124,114,124,121,0,0,0,119,1,1,0,0,0,0,0,6,0
1999,LAN,NL,beltrad01,Adrian Beltre,152,149,152,152,0,0,0,0,152,0,0,0,0,0,0,1,0
1999,KCA,AL,beltrca01,Carlos Beltran,156,155,156,154,0,0,0,0,0,0,0,154,0,154,1,0,1
1999,NYN,NL,beltrri01,Rigo Beltran,21,0,20,21,21,0,0,0,0,0,0,0,0,0,0,0,0
1999,COL,NL,beltrri01,Rigo Beltran,12,0,12,12,12,0,0,0,0,0,0,0,0,0,0,1,0
1999,SFN,NL,benarma01,Marvin Benard,149,127,149,142,0,0,0,0,0,0,4,123,20,142,0,11,0
1999,SLN,NL,benesal01,Alan Benes,2,0,2,2,2,0,0,0,0,0,0,0,0,0,0,0,0
1999,ARI,NL,benesan01,Andy Benes,33,30,31,33,33,0,0,0,0,0,0,0,0,0,0,0,0
1999,NYN,NL,benitar01,Armando Benitez,77,0,72,77,77,0,0,0,0,0,0,0,0,0,0,0,0
1999,PIT,NL,benjami01,Mike Benjamin,110,93,110,108,0,0,0,12,6,93,0,0,0,0,0,7,1
1999,PHI,NL,bennega01,Gary Bennett,36,19,36,32,0,32,0,0,0,0,0,0,0,0,0,7,1
1999,PHI,NL,bennejo02,Joel Bennett,5,3,4,5,5,0,0,0,0,0,0,0,0,0,0,0,0
1999,MON,NL,bennesh01,Shayne Bennett,5,1,5,5,5,0,0,0,0,0,0,0,0,0,0,0,0
1999,PIT,NL,bensokr01,Kris Benson,31,30,30,31,31,0,0,0,0,0,0,0,0,0,0,0,0
1999,MON,NL,bergepe01,Peter Bergeron,16,12,16,13,0,0,0,0,0,0,13,3,0,13,0,3,0
1999,HOU,NL,bergmse01,Sean Bergman,19,15,18,19,19,0,0,0,0,0,0,0,0,0,0,0,0
1999,ATL,NL,bergmse01,Sean Bergman,6,0,6,6,6,0,0,0,0,0,0,0,0,0,0,0,0
1999,HOU,NL,berkmla01,Lance Berkman,34,21,34,27,0,0,1,0,0,0,22,0,7,27,0,10,1
1999,TOR,AL,berroge01,Geronimo Berroa,22,18,22,2,0,0,0,0,0,0,2,0,0,2,16,4,0
1999,MIL,NL,berryse01,Sean Berry,106,57,106,64,0,0,64,0,0,0,0,0,0,0,0,47,0
1999,COL,NL,bicheda01,Dante Bichette,151,146,151,144,0,0,0,0,0,0,144,0,0,144,2,5,0
1999,HOU,NL,biggicr01,Craig Biggio,160,158,160,157,0,0,0,155,0,0,6,0,0,6,2,2,0
1999,FLO,NL,billibr01,Brent Billingsley,8,0,8,8,8,0,0,0,0,0,0,0,0,0,0,0,0
1999,DET,AL,blairwi01,Willie Blair,39,0,4,39,39,0,0,0,0,0,0,0,0,0,0,0,0
1999,TOR,AL,blakeca01,Casey Blake,14,8,14,14,0,0,0,0,14,0,0,0,0,0,0,0,0
1999,COL,NL,blanche01,Henry Blanco,88,78,88,87,0,86,0,0,0,0,1,0,0,1,0,4,1
1999,CHN,NL,blausje01,Jeff Blauser,104,40,104,60,0,0,0,25,18,22,1,0,0,1,0,49,4
1999,SEA,AL,blowemi01,Mike Blowers,19,12,19,18,0,0,14,0,4,0,0,0,0,0,1,5,0
1999,LAN,NL,bochtdo01,Doug Bochtler,12,0,11,12,12,0,0,0,0,0,0,0,0,0,0,0,0
1999,SDN,NL,boehrbr01,Brian Boehringer,33,10,32,33,33,0,0,0,0,0,0,0,0,0,0,0,0
1999,HOU,NL,bogarti01,Tim Bogar,106,83,106,100,0,0,0,1,12,90,0,0,0,0,0,7,2
1999,TBA,AL,boggswa01,Wade Boggs,90,82,90,78,1,0,4,0,74,0,0,0,0,0,7,7,0
1999,COL,NL,bohanbr01,Brian Bohanon,34,33,34,33,33,0,0,0,0,0,0,0,0,0,0,1,0
1999,SFN,NL,bondsba01,Barry Bonds,102,98,102,96,0,0,0,0,0,0,96,0,0,96,3,3,0
1999,BAL,AL,bonesri01,Ricky Bones,31,0,2,30,30,0,0,0,0,0,0,0,0,0,0,0,1
1999,NYN,NL,bonilbo01,Bobby Bonilla,60,28,60,29,0,0,4,0,0,0,2,0,23,25,3,31,0
1999,CIN,NL,booneaa01,Aaron Boone,139,129,139,136,0,0,0,0,136,6,0,0,0,0,0,2,1
1999,ATL,NL,boonebr01,Bret Boone,152,144,152,151,0,0,0,151,0,0,0,0,0,0,0,4,1
1999,LAN,NL,borbope02,Pedro Borbon,70,0,68,70,70,0,0,0,0,0,0,0,0,0,0,0,0
1999,CLE,AL,bordepa01,Pat Borders,6,5,6,6,0,5,0,0,1,0,0,0,0,0,0,0,0
1999,TOR,AL,bordepa01,Pat Borders,6,4,6,3,0,3,0,0,0,0,0,0,0,0,3,0,0
1999,BAL,AL,bordimi01,Mike Bordick,160,155,160,159,0,0,0,0,0,159,0,0,0,0,0,1,0
1999,DET,AL,borkoda01,Dave Borkowski,17,1,1,17,17,0,0,0,0,0,0,0,0,0,0,0,0
1999,SLN,NL,bottari01,Ricky Bottalico,68,0,65,68,68,0,0,0,0,0,0,0,0,0,0,0,0
1999,SLN,NL,botteke01,Kent Bottenfield,31,30,30,31,31,0,0,0,0,0,0,0,0,0,0,0,0
1999,SEA,AL,bournra01,Rafael Bournigal,55,27,55,52,0,0,0,17,8,28,1,0,0,1,0,5,2
1999,ATL,NL,bowiemi01,Micah Bowie,3,0,3,3,3,0,0,0,0,0,0,0,0,0,0,0,0
1999,CHN,NL,bowiemi01,Micah Bowie,11,11,11,11,11,0,0,0,0,0,0,0,0,0,0,0,0
1999,CHA,AL,bradfch01,Chad Bradford,3,0,0,3,3,0,0,0,0,0,0,0,0,0,0,0,
1999,SLN,NL,braggda01,Darren Bragg,93,69,93,88,0,0,0,0,0,0,22,43,33,88,0,10,0
1999,PHI,NL,brantje01,Jeff Brantley,10,0,10,10,10,0,0,0,0,0,0,0,0,0,0,0,0
1999,CLE,AL,branyru01,Russell Branyan,11,10,11,8,0,0,0,0,8,0,0,0,0,0,3,0,0
1999,PHI,NL,brewebi01,Billy Brewer,25,0,25,25,25,0,0,0,0,0,0,0,0,0,0,0,0
1999,DET,AL,brocado01,Doug Brocail,70,0,7,70,70,0,0,0,0,0,0,0,0,0,0,0,0
1999,SFN,NL,brockch01,Chris Brock,19,18,18,19,19,0,0,0,0,0,0,0,0,0,0,0,0
1999,PHI,NL,brognri01,Rico Brogna,157,155,157,157,0,0,157,0,0,0,0,0,0,0,0,2,0
1999,NYA,AL,brosisc01,Scott Brosius,133,130,133,132,0,0,0,0,132,0,0,0,0,0,0,1,1
1999,CLE,AL,broweji01,Jim Brower,9,0,0,9,9,0,0,0,0,0,0,0,0,0,0,0,
1999,PIT,NL,brownad01,Adrian Brown,116,47,116,96,0,0,0,0,0,0,4,29,66,96,0,32,3
1999,PIT,NL,brownbr01,Brant Brown,130,85,130,87,0,0,7,0,0,0,0,23,59,82,4,41,0
1999,KCA,AL,brownde02,Dee Brown,12,5,12,3,0,0,0,0,0,0,3,0,0,3,2,7,0
1999,PIT,NL,brownem01,Emil Brown,6,2,6,6,0,0,0,0,0,0,6,0,0,6,0,1,0
1999,LAN,NL,brownke01,Kevin Brown,35,34,34,35,35,0,0,0,0,0,0,0,0,0,0,0,0
1999,TOR,AL,brownke04,Kevin Brown,2,2,2,2,0,2,0,0,0,0,0,0,0,0,0,0,0
1999,COL,NL,brownma04,Mark Brownson,7,7,7,7,7,0,0,0,0,0,0,0,0,0,0,0,0
1999,CHN,NL,brownro01,Roosevelt Brown,33,14,33,18,0,0,0,0,0,0,13,5,1,18,0,16,1
1999,TOR,AL,brumfja01,Jacob Brumfield,62,44,62,53,0,0,0,0,0,0,10,36,8,53,0,7,6
1999,LAN,NL,brumfja01,Jacob Brumfield,18,2,18,11,0,0,0,0,0,0,7,4,0,11,0,4,4
1999,DET,AL,brunswi01,Will Brunson,17,0,0,17,17,0,0,0,0,0,0,0,0,0,0,0,
1999,NYA,AL,buddimi01,Mike Buddie,2,0,0,2,2,0,0,0,0,0,0,0,0,0,0,0,
1999,BOS,AL,buforda01,Damon Buford,91,76,91,84,0,0,0,0,0,0,5,82,0,84,0,9,3
1999,SEA,AL,buhneja01,Jay Buhner,87,84,87,86,0,0,1,0,0,0,0,0,85,85,0,3,0
1999,BOS,AL,bulliki01,Kirk Bullinger,4,0,1,4,4,0,0,0,0,0,0,0,0,0,0,0,0
1999,SEA,AL,bunchme01,Melvin Bunch,5,0,0,5,5,0,0,0,0,0,0,0,0,0,0,0,
1999,CLE,AL,burbada01,Dave Burba,34,2,2,34,34,0,0,0,0,0,0,0,0,0,0,0,0
1999,TEX,AL,burkejo03,John Burkett,30,1,3,30,30,0,0,0,0,0,0,0,0,0,0,0,0
1999,SFN,NL,burksel01,Ellis Burks,120,109,120,107,0,0,0,0,0,0,0,0,107,107,3,11,0
1999,FLO,NL,burneaj01,A. J. Burnett,7,7,7,7,7,0,0,0,0,0,0,0,0,0,0,0,0
1999,MIL,NL,burnije01,Jeromy Burnitz,130,130,130,127,0,0,0,0,0,0,0,0,127,127,3,0,0
1999,SLN,NL,busbymi01,Mike Busby,15,0,15,15,15,0,0,0,0,0,0,0,0,0,0,0,0
1999,TBA,AL,butleri01,Rich Butler,7,5,7,6,0,0,0,0,0,0,2,0,4,6,0,1,0
1999,TOR,AL,butlero01,Rob Butler,8,1,8,2,0,0,0,0,0,0,2,0,0,2,0,2,4
1999,KCA,AL,byrdati01,Tim Byrdak,33,0,2,33,33,0,0,0,0,0,0,0,0,0,0,0,0
1999,HOU,NL,cabrejo01,Jose Cabrera,26,0,24,26,26,0,0,0,0,0,0,0,0,0,0,0,0
1999,CLE,AL,cabrejo02,Jolbert Cabrera,30,6,30,22,0,0,0,6,0,0,4,12,0,16,0,7,9
1999,MON,NL,cabreor01,Orlando Cabrera,104,100,104,102,0,0,0,0,0,102,0,0,0,0,0,1,1
1999,TBA,AL,cairomi01,Miguel Cairo,120,114,120,117,0,0,0,117,0,0,0,0,0,0,0,2,1
1999,TBA,AL,callami01,Mickey Callaway,6,1,2,5,5,0,0,0,0,0,0,0,0,0,0,0,1
1999,CIN,NL,camermi01,Mike Cameron,146,142,146,146,0,0,0,0,0,0,0,146,0,146,0,0,3
1999,HOU,NL,caminke01,Ken Caminiti,78,73,78,75,0,0,0,0,75,0,0,0,0,0,0,4,0
1999,MIL,NL,cancero01,Robinson Cancel,15,12,15,15,0,15,0,0,0,0,0,0,0,0,0,0,0
1999,CLE,AL,candito01,Tom Candiotti,7,0,3,7,7,0,0,0,0,0,0,0,0,0,0,0,0
1999,OAK,AL,candito01,Tom Candiotti,11,0,0,11,11,0,0,0,0,0,0,0,0,0,0,0,
1999,COL,NL,cangejo01,John Cangelosi,7,0,7,1,0,0,0,0,0,0,1,0,0,1,0,6,1
1999,SFN,NL,canizja01,Jay Canizaro,12,2,12,4,0,0,0,4,0,0,0,0,0,0,0,9,1
1999,TBA,AL,cansejo01,Jose Canseco,113,112,113,6,0,0,0,0,0,0,6,0,0,6,106,1,0
1999,ARI,NL,carlsda01,Dan Carlson,2,0,2,2,2,0,0,0,0,0,0,0,0,0,0,0,0
1999,SDN,NL,carlybu01,Buddy Carlyle,7,7,7,7,7,0,0,0,0,0,0,0,0,0,0,0,0
1999,SEA,AL,carmora01,Rafael Carmona,9,0,2,9,9,0,0,0,0,0,0,0,0,0,0,0,0
1999,TOR,AL,carpech01,Chris Carpenter,24,1,1,24,24,0,0,0,0,0,0,0,0,0,0,0,0
1999,MIN,AL,carrahe01,Hector Carrasco,39,0,2,39,39,0,0,0,0,0,0,0,0,0,0,0,0
1999,KCA,AL,cartela02,Lance Carter,6,0,0,6,6,0,0,0,0,0,0,0,0,0,0,0,
1999,CHA,AL,carusmi01,Mike Caruso,136,125,136,132,0,0,0,0,0,132,0,0,0,0,0,3,3
1999,CIN,NL,caseyse01,Sean Casey,151,148,151,148,0,0,148,0,0,0,0,0,0,0,1,3,0
1999,SLN,NL,castial01,Alberto Castillo,93,74,93,91,0,91,0,0,0,0,0,0,0,0,0,5,0
1999,CHA,AL,castica02,Carlos Castillo,18,0,0,18,18,0,0,0,0,0,0,0,0,0,0,0,
1999,FLO,NL,castilu01,Luis Castillo,128,122,128,126,0,0,0,126,0,0,0,0,0,0,0,2,3
1999,COL,NL,castivi02,Vinny Castilla,158,155,158,157,0,0,0,0,157,0,0,0,0,0,0,2,0
1999,LAN,NL,castrju01,Juan Castro,2,0,2,2,0,0,0,1,0,1,0,0,0,0,0,0,0
1999,FLO,NL,castrra01,Ramon Castro,24,22,24,24,0,24,0,0,0,0,0,0,0,0,0,0,0
1999,DET,AL,catalfr01,Frank Catalanotto,100,68,100,82,0,0,32,32,21,0,0,0,0,0,7,25,3
1999,ATL,NL,cathemi01,Mike Cather,4,0,4,4,4,0,0,0,0,0,0,0,0,0,0,0,0
1999,PHI,NL,cedendo01,Domingo Cedeno,32,12,32,20,0,0,0,1,0,19,0,0,0,0,0,15,0
1999,SEA,AL,cedendo01,Domingo Cedeno,21,13,21,21,0,0,0,1,1,20,0,0,0,0,0,1,1
1999,NYN,NL,cedenro01,Roger Cedeno,155,115,155,149,0,0,0,1,0,0,13,21,127,149,0,19,5
1999,TBA,AL,charlno01,Norm Charlton,42,0,3,42,42,0,0,0,0,0,0,0,0,0,0,0,0
1999,OAK,AL,chaveer01,Eric Chavez,115,98,115,105,0,0,0,0,105,2,0,0,0,0,0,14,2
1999,LAN,NL,checoro01,Robinson Checo,9,2,9,9,9,0,0,0,0,0,0,0,0,0,0,0,0
1999,ARI,NL,chouibo01,Bobby Chouinard,32,0,30,32,32,0,0,0,0,0,0,0,0,0,0,0,0
1999,PIT,NL,chrisja01,Jason Christiansen,40,0,36,40,40,0,0,0,0,0,0,0,0,0,0,0,0
1999,CHA,AL,chrismc01,McKay Christensen,28,15,28,27,0,0,0,0,0,0,0,27,0,27,0,1,4
1999,OAK,AL,chrisry01,Ryan Christenson,106,73,106,104,0,0,0,0,0,0,0,104,0,104,0,6,11
1999,MIL,NL,cirilje01,Jeff Cirillo,157,154,157,155,0,0,0,0,155,0,0,0,0,0,0,2,0
1999,FLO,NL,clapich01,Chris Clapinski,36,11,36,19,0,0,0,2,9,6,3,0,0,3,0,15,4
1999,TEX,AL,clarkma01,Mark Clark,15,2,2,15,15,0,0,0,0,0,0,0,0,0,0,0,0
1999,DET,AL,clarkto02,Tony Clark,143,141,143,132,0,0,132,0,0,0,0,0,0,0,11,1,0
1999,BAL,AL,clarkwi02,Will Clark,77,65,77,63,0,0,63,0,0,0,0,0,0,0,3,12,0
1999,TEX,AL,claytro01,Royce Clayton,133,133,133,133,0,0,0,0,0,133,0,0,0,0,0,0,0
1999,COL,NL,clemeed02,Edgard Clemente,57,39,57,49,0,0,0,0,0,0,2,45,4,49,0,8,2
1999,SDN,NL,clemema01,Matt Clement,31,30,30,31,31,0,0,0,0,0,0,0,0,0,0,0,0
1999,NYA,AL,clemero02,Roger Clemens,30,2,2,30,30,0,0,0,0,0,0,0,0,0,0,0,0
1999,PIT,NL,clontbr01,Brad Clontz,56,0,51,56,56,0,0,0,0,0,0,0,0,0,0,0,0
1999,SEA,AL,cloudke01,Ken Cloude,31,0,3,31,31,0,0,0,0,0,0,0,0,0,0,0,0
1999,TBA,AL,clybuda01,Danny Clyburn,28,20,28,24,0,0,0,0,0,0,14,0,10,24,2,3,2
1999,ANA,AL,colanmi01,Mike Colangelo,1,1,1,1,0,0,0,0,0,0,1,0,0,1,0,0,0
1999,ARI,NL,colbrgr01,Greg Colbrunn,67,33,67,41,0,0,39,0,2,0,0,0,0,0,2,28,0
1999,BOS,AL,colemmi01,Michael Coleman,2,1,2,2,0,0,0,0,0,0,1,1,0,2,0,1,0
1999,MIL,NL,collilo01,Lou Collier,74,25,74,48,0,0,0,4,7,31,9,0,1,10,0,30,5
1999,CLE,AL,colonba01,Bartolo Colon,32,2,2,32,32,0,0,0,0,0,0,0,0,0,0,0,0
1999,BAL,AL,coninje01,Jeff Conine,139,106,139,111,0,0,99,0,4,0,7,0,6,13,6,28,0
1999,LAN,NL,cooksbr01,Brent Cookson,3,1,3,3,0,0,0,0,0,0,2,0,1,3,0,0,0
1999,MIN,AL,coomero01,Ron Coomer,127,116,127,119,0,0,71,0,57,0,0,0,1,1,7,9,1
1999,ANA,AL,coopebr01,Brian Cooper,5,0,0,5,5,0,0,0,0,0,0,0,0,0,0,0,
1999,MIL,NL,coppiro01,Rocky Coppinger,29,0,29,29,29,0,0,0,0,0,0,0,0,0,0,0,0
1999,BAL,AL,coppiro01,Rocky Coppinger,11,0,2,11,11,0,0,0,0,0,0,0,0,0,0,0,0
1999,MON,NL,coquitr01,Trace Coquillette,17,14,17,17,0,0,0,6,11,0,0,0,0,0,0,0,0
1999,FLO,NL,corbiar01,Archie Corbin,17,0,16,17,17,0,0,0,0,0,0,0,0,0,0,0,0
1999,DET,AL,cordefr01,Francisco Cordero,20,0,0,20,20,0,0,0,0,0,0,0,0,0,0,0,
1999,CLE,AL,cordewi01,Wil Cordero,54,48,54,29,0,0,0,0,0,0,29,0,0,29,19,6,0
1999,PIT,NL,cordofr01,Francisco Cordova,27,25,25,27,27,0,0,0,0,0,0,0,0,0,0,0,0
1999,MIN,AL,cordoma01,Marty Cordova,124,108,124,29,0,0,0,0,0,0,6,0,25,29,84,16,0
1999,BOS,AL,cormirh01,Rheal Cormier,60,0,6,60,60,0,0,0,0,0,0,0,0,0,0,0,0
1999,FLO,NL,cornere01,Reid Cornelius,5,2,5,5,5,0,0,0,0,0,0,0,0,0,0,0,0
1999,BOS,AL,corsiji01,Jim Corsi,23,0,3,23,23,0,0,0,0,0,0,0,0,0,0,0,0
1999,BAL,AL,corsiji01,Jim Corsi,13,0,0,13,13,0,0,0,0,0,0,0,0,0,0,0,
1999,ATL,NL,corteda01,David Cortes,4,0,4,4,4,0,0,0,0,0,0,0,0,0,0,0,0
1999,FLO,NL,counscr01,Craig Counsell,37,10,37,12,0,0,0,12,0,0,0,0,0,0,0,26,0
1999,LAN,NL,counscr01,Craig Counsell,50,23,50,40,0,0,0,38,0,2,0,0,0,0,0,15,3
1999,TEX,AL,crabtti01,Tim Crabtree,68,0,3,68,68,0,0,0,0,0,0,0,0,0,0,0,0
1999,CHN,NL,creekdo01,Doug Creek,3,0,3,3,3,0,0,0,0,0,0,0,0,0,0,0,0
1999,LAN,NL,crometr01,Tripp Cromer,33,8,33,23,0,0,1,9,2,9,1,0,1,2,0,15,1
1999,SLN,NL,crousri01,Rich Croushore,59,0,56,59,59,0,0,0,0,0,0,0,0,0,0,0,0
1999,MIN,AL,cummimi01,Midre Cummings,16,8,16,5,0,0,0,0,0,0,1,0,5,5,5,7,0
1999,SDN,NL,cunnawi01,Will Cunnane,24,0,22,24,24,0,0,0,0,0,0,0,0,0,0,0,0
1999,NYA,AL,curtich01,Chad Curtis,96,52,96,81,0,0,0,0,0,0,72,6,3,81,0,17,22
1999,TOR,AL,dalesma01,Mark Dalesandro,16,6,16,10,0,8,0,0,2,0,0,0,0,0,3,4,3
1999,MIL,NL,damicje01,Jeff D'Amico,1,0,1,1,1,0,0,0,0,0,0,0,0,0,0,0,0
1999,KCA,AL,damonjo01,Johnny Damon,145,144,145,140,0,0,0,0,0,0,132,8,3,140,4,0,1
1999,CHA,AL,danekpa01,Pat Daneker,3,1,1,3,3,0,0,0,0,0,0,0,0,0,0,0,0
1999,FLO,NL,darenvi01,Vic Darensbourg,56,0,54,56,56,0,0,0,0,0,0,0,0,0,0,0,0
1999,BOS,AL,daubabr01,Brian Daubach,110,95,110,64,0,0,61,0,1,0,2,0,0,2,39,12,0
1999,ANA,AL,davanje02,Jeff DaVanon,7,5,7,5,0,0,0,0,0,0,3,0,2,5,1,0,1
1999,CHA,AL,davenjo01,Joe Davenport,3,0,1,3,3,0,0,0,0,0,0,0,0,0,0,0,0
1999,SEA,AL,daveyto01,Tom Davey,16,0,0,16,16,0,0,0,0,0,0,0,0,0,0,0,
1999,TOR,AL,daveyto01,Tom Davey,29,0,4,29,29,0,0,0,0,0,0,0,0,0,0,0,0
1999,MIN,AL,davidcl02,Cleatus Davidson,12,7,12,10,0,0,0,6,0,4,0,0,0,0,0,1,3
1999,SDN,NL,davisbe01,Ben Davis,76,71,76,74,0,74,0,0,0,0,0,0,0,0,0,2,0
1999,NYA,AL,davisch01,Chili Davis,146,127,146,0,0,0,0,0,0,0,0,0,0,0,127,19,0
1999,TEX,AL,davisdo02,Doug Davis,2,0,0,2,2,0,0,0,0,0,0,0,0,0,0,0,
1999,SLN,NL,daviser01,Eric Davis,58,50,58,51,0,0,0,0,0,0,0,3,50,51,2,5,2
1999,SEA,AL,davisru01,Russ Davis,124,120,124,124,0,0,0,0,124,2,0,0,0,0,0,1,0
1999,BAL,AL,davisto03,Tommy Davis,5,1,5,5,0,4,1,0,0,0,0,0,0,0,0,0,1
1999,CIN,NL,dawkitr01,Travis Dawkins,7,0,7,7,0,0,0,0,0,7,0,0,0,0,0,3,0
1999,ANA,AL,deckest01,Steve Decker,28,21,28,23,0,17,6,0,0,0,0,0,0,0,2,3,0
1999,MON,NL,deharri01,Rick DeHart,3,0,3,3,3,0,0,0,0,0,0,0,0,0,0,0,0
1999,COL,NL,dejeami01,Mike DeJean,57,0,54,57,57,0,0,0,0,0,0,0,0,0,0,0,0
1999,TOR,AL,delgaca01,Carlos Delgado,152,152,152,147,0,0,147,0,0,0,0,0,0,0,5,0,0
1999,SFN,NL,delgawi01,Wilson Delgado,35,13,35,33,0,0,0,15,0,20,0,0,0,0,0,6,1
1999,CHA,AL,dellaja01,Jason Dellaero,11,10,11,11,0,0,0,0,0,11,0,0,0,0,0,0,0
1999,ARI,NL,delluda01,David Dellucci,63,17,63,31,0,0,0,0,0,0,13,4,19,31,0,40,0
1999,MIL,NL,delosva01,Valerio De Los Santos,7,0,7,7,7,0,0,0,0,0,0,0,0,0,0,0,0
1999,SFN,NL,deltomi01,Miguel Del Toro,14,0,14,14,14,0,0,0,0,0,0,0,0,0,0,0,0
1999,CLE,AL,delucri01,Rich DeLucia,6,0,0,6,6,0,0,0,0,0,0,0,0,0,0,0,
1999,FLO,NL,dempsry01,Ryan Dempster,26,24,25,25,25,0,0,0,0,0,0,0,0,0,0,0,1
1999,CLE,AL,depause01,Sean DePaula,11,0,0,11,11,0,0,0,0,0,0,0,0,0,0,0,
1999,ATL,NL,derosma01,Mark DeRosa,7,0,7,2,0,0,0,0,0,2,0,0,0,0,0,6,1
1999,BAL,AL,deshide01,Delino DeShields,96,87,96,93,0,0,0,93,0,0,0,0,0,0,0,9,0
1999,TBA,AL,difelmi01,Mike Difelice,51,50,51,51,0,51,0,0,0,0,0,0,0,0,0,0,0
1999,COL,NL,dipotje01,Jerry Dipoto,63,0,61,63,63,0,0,0,0,0,0,0,0,0,0,0,0
1999,ANA,AL,disarga01,Gary Disarcina,81,81,81,81,0,0,0,0,0,81,0,0,0,0,0,0,0
1999,PHI,NL,dosteda01,David Doster,99,10,99,88,0,0,0,77,6,5,0,0,0,0,0,18,6
1999,NYN,NL,doteloc01,Octavio Dotel,19,13,18,19,19,0,0,0,0,0,0,0,0,0,0,0,0
1999,PIT,NL,doughji01,Jim Dougherty,2,0,2,2,2,0,0,0,0,0,0,0,0,0,0,0,0
1999,TEX,AL,dranske01,Kelly Dransfeldt,16,16,16,16,0,0,0,0,0,16,0,0,0,0,0,0,0
1999,LAN,NL,dreifda01,Darren Dreifort,30,28,29,30,30,0,0,0,0,0,0,0,0,0,0,0,0
1999,PHI,NL,duceyro01,Rob Ducey,104,39,104,58,0,0,0,0,0,0,39,9,11,58,2,51,0
1999,NYN,NL,dunstsh01,Shawon Dunston,42,15,42,28,0,0,0,0,1,0,9,16,5,27,0,19,1
1999,SLN,NL,dunstsh01,Shawon Dunston,62,29,62,39,0,0,8,0,5,7,9,11,4,23,2,23,1
1999,FLO,NL,dunwoto01,Todd Dunwoody,64,46,64,55,0,0,0,0,0,0,8,44,5,55,0,9,0
1999,ARI,NL,durazer01,Erubiel Durazo,52,41,52,44,0,0,44,0,0,0,0,0,0,0,0,10,0
1999,KCA,AL,durbich01,Chad Durbin,1,0,0,1,1,0,0,0,0,0,0,0,0,0,0,0,
1999,CHA,AL,durhara01,Ray Durham,153,151,153,148,0,0,0,148,0,0,0,0,0,0,4,2,0
1999,ANA,AL,durritr01,Trent Durrington,43,36,43,41,0,0,0,41,0,0,0,0,0,0,0,3,3
1999,TBA,AL,duvalmi01,Mike Duvall,40,0,1,40,40,0,0,0,0,0,0,0,0,0,0,0,0
1999,DET,AL,easleda01,Damion Easley,151,148,151,151,0,0,0,147,0,19,0,0,0,0,0,0,0
1999,ATL,NL,ebertde01,Derrin Ebert,5,0,5,5,5,0,0,0,0,0,0,0,0,0,0,0,0
1999,COL,NL,echevan01,Angel Echevarria,102,37,102,59,0,0,10,0,0,0,20,0,31,49,0,52,1
1999,FLO,NL,edmonbr01,Brian Edmondson,68,0,65,68,68,0,0,0,0,0,0,0,0,0,0,0,0
1999,ANA,AL,edmonji01,Jim Edmonds,55,53,55,44,0,0,2,0,0,0,0,42,0,42,9,2,0
1999,TBA,AL,eilanda01,Dave Eiland,21,1,2,21,21,0,0,0,0,0,0,0,0,0,0,0,0
1999,HOU,NL,elartsc01,Scott Elarton,43,15,41,43,42,0,0,0,0,0,0,1,0,1,0,0,0
1999,MIL,NL,eldreca01,Cal Eldred,23,15,23,20,20,0,0,0,0,0,0,0,0,0,0,0,3
1999,SFN,NL,embreal01,Alan Embree,68,0,65,68,68,0,0,0,0,0,0,0,0,0,0,0,0
1999,DET,AL,encarju01,Juan Encarnacion,132,127,132,131,0,0,0,0,0,0,118,22,1,131,0,2,0
1999,NYA,AL,erdosto01,Todd Erdos,4,0,2,4,4,0,0,0,0,0,0,0,0,0,0,0,0
1999,BAL,AL,ericksc01,Scott Erickson,34,2,2,34,34,0,0,0,0,0,0,0,0,0,0,0,0
1999,ANA,AL,erstada01,Darin Erstad,142,142,142,140,0,0,78,0,0,0,67,2,0,69,2,0,0
1999,TOR,AL,escobke01,Kelvim Escobar,33,1,1,33,33,0,0,0,0,0,0,0,0,0,0,0,0
1999,PHI,NL,estalbo02,Bobby Estalella,9,4,9,7,0,7,0,0,0,0,0,0,0,0,0,2,0
1999,SFN,NL,estessh01,Shawn Estes,42,30,40,32,32,0,0,0,0,0,0,0,0,0,0,2,8
1999,MIL,NL,estraho01,Horacio Estrada,4,0,4,4,4,0,0,0,0,0,0,0,0,0,0,0,0
1999,HOU,NL,eusebto01,Tony Eusebio,103,83,103,98,0,98,0,0,0,0,0,0,0,0,0,14,0
1999,HOU,NL,evereca01,Carl Everett,123,121,123,121,0,0,0,0,0,0,1,118,16,121,0,2,0
1999,FLO,NL,fabrejo01,Jorge Fabregas,82,66,82,78,0,78,0,0,0,0,0,0,0,0,0,7,0
1999,ATL,NL,fabrejo01,Jorge Fabregas,6,1,6,5,0,4,1,0,0,0,0,0,0,0,0,2,1
1999,BAL,AL,falkebr01,Brian Falkenborg,2,0,0,2,2,0,0,0,0,0,0,0,0,0,0,0,
1999,MIL,NL,faltest01,Steve Falteisek,11,0,11,10,10,0,0,0,0,0,0,0,0,0,0,0,1
1999,CHN,NL,farnsky01,Kyle Farnsworth,27,21,27,27,27,0,0,0,0,0,0,0,0,0,0,0,0
1999,KCA,AL,fasansa01,Sal Fasano,23,20,23,23,0,23,0,0,0,0,0,0,0,0,0,0,0
1999,SEA,AL,fasseje01,Jeff Fassero,30,3,3,30,30,0,0,0,0,0,0,0,0,0,0,0,0
1999,TEX,AL,fasseje01,Jeff Fassero,7,0,0,7,7,0,0,0,0,0,0,0,0,0,0,0,
1999,KCA,AL,febleca01,Carlos Febles,123,122,123,122,0,0,0,122,0,0,0,0,0,0,0,0,1
1999,FLO,NL,fernaal01,Alex Fernandez,25,23,24,24,24,0,0,0,0,0,0,0,0,0,0,1,0
1999,MON,NL,fernajo01,Jose Fernandez,8,6,8,6,0,0,0,0,6,0,0,0,0,0,0,2,0
1999,TOR,AL,fernato01,Tony Fernandez,142,135,142,132,0,0,0,1,132,0,0,0,0,0,5,5,0
1999,BAL,AL,fettemi01,Mike Fetters,27,0,0,27,27,0,0,0,0,0,0,0,0,0,0,0,
1999,NYA,AL,figgami01,Mike Figga,2,0,2,2,0,2,0,0,0,0,0,0,0,0,0,0,0
1999,BAL,AL,figgami01,Mike Figga,41,26,41,41,0,41,0,0,0,0,0,0,0,0,0,0,0
1999,ANA,AL,finlech01,Chuck Finley,33,2,2,33,33,0,0,0,0,0,0,0,0,0,0,0,0
1999,ARI,NL,finlest01,Steve Finley,156,150,156,155,0,0,0,0,0,0,0,155,0,155,1,3,0
1999,TBA,AL,flahejo01,John Flaherty,117,113,117,115,0,115,0,0,0,0,0,0,0,0,1,1,0
1999,TOR,AL,fletcda01,Darrin Fletcher,115,106,115,113,0,113,0,0,0,0,0,0,0,0,0,4,0
1999,BOS,AL,floribr01,Bryce Florie,14,0,0,14,14,0,0,0,0,0,0,0,0,0,0,0,
1999,DET,AL,floribr01,Bryce Florie,27,0,5,27,27,0,0,0,0,0,0,0,0,0,0,0,0
1999,FLO,NL,floydcl01,Cliff Floyd,69,64,69,62,0,0,0,0,0,0,62,0,0,62,3,5,0
1999,BOS,AL,fonvich01,Chad Fonville,3,1,3,2,0,0,0,2,0,0,0,0,0,0,0,0,2
1999,CHA,AL,fordybr01,Brook Fordyce,105,90,105,103,0,103,0,0,0,0,0,0,0,0,0,11,0
1999,NYA,AL,fossato01,Tony Fossas,5,0,0,5,5,0,0,0,0,0,0,0,0,0,0,0,
1999,CHA,AL,foulkke01,Keith Foulke,67,0,7,67,67,0,0,0,0,0,0,0,0,0,0,0,0
1999,NYN,NL,francjo01,John Franco,46,0,46,46,46,0,0,0,0,0,0,0,0,0,0,0,0
1999,TBA,AL,francju01,Julio Franco,1,0,1,1,0,0,1,0,0,0,0,0,0,0,0,1,0
1999,NYN,NL,francma01,Matt Franco,122,17,122,49,2,0,19,0,12,0,15,0,3,18,4,88,0
1999,SEA,AL,frankry01,Ryan Franklin,6,0,0,6,6,0,0,0,0,0,0,0,0,0,0,0,
1999,ARI,NL,frascjo01,John Frascatore,26,0,25,26,26,0,0,0,0,0,0,0,0,0,0,0,0
1999,TOR,AL,frascjo01,John Frascatore,33,0,2,33,33,0,0,0,0,0,0,0,0,0,0,0,0
1999,ARI,NL,friasha01,Hanley Frias,69,36,69,61,0,0,0,8,0,53,0,0,0,0,0,13,4
1999,CLE,AL,frymatr01,Travis Fryman,85,84,85,85,0,0,0,0,85,0,0,0,0,0,0,0,0
1999,MON,NL,fullmbr01,Brad Fullmer,100,92,100,94,0,0,94,0,0,0,0,0,0,0,0,7,0
1999,KCA,AL,fussech01,Chris Fussell,17,0,0,17,17,0,0,0,0,0,0,0,0,0,0,0,
1999,ANA,AL,fyhrimi01,Mike Fyhrie,16,1,1,16,16,0,0,0,0,0,0,0,0,0,0,0,0
1999,CHN,NL,gaettga01,Gary Gaetti,113,70,113,88,1,0,8,0,81,1,0,0,0,0,0,31,1
1999,LAN,NL,gagneer01,Eric Gagne,5,5,5,5,5,0,0,0,0,0,0,0,0,0,0,0,0
1999,TBA,AL,gailled01,Eddie Gaillard,8,0,0,8,8,0,0,0,0,0,0,0,0,0,0,0,
1999,BOS,AL,garceri01,Rich Garces,30,0,2,30,30,0,0,0,0,0,0,0,0,0,0,0,0
1999,FLO,NL,garciam01,Amaury Garcia,10,6,10,8,0,0,0,8,0,0,0,0,0,0,0,2,0
1999,SDN,NL,garcica01,Carlos Garcia,6,3,6,5,0,0,1,0,4,0,0,0,0,0,0,1,0
1999,PIT,NL,garcifr01,Freddy Garcia,55,31,55,33,0,0,1,0,9,0,17,0,7,24,2,20,0
1999,ATL,NL,garcifr01,Freddy Garcia,2,1,2,1,0,0,0,0,0,0,1,0,0,1,0,1,0
1999,SEA,AL,garcifr02,Freddy Garcia,34,2,3,33,33,0,0,0,0,0,0,0,0,0,0,1,0
1999,FLO,NL,garcigu01,Guillermo Garcia,4,0,4,3,0,3,0,0,0,0,0,0,0,0,0,3,0
1999,BAL,AL,garcije01,Jesse Garcia,17,8,17,15,0,0,0,6,2,7,0,0,0,0,0,1,3
1999,DET,AL,garcika01,Karim Garcia,96,76,96,81,0,0,0,0,0,0,35,0,55,81,1,15,1
1999,DET,AL,garcilu01,Luis Garcia,8,1,8,8,0,0,0,1,0,7,0,0,0,0,0,1,1
1999,PIT,NL,garcimi03,Mike Garcia,7,0,7,7,7,0,0,0,0,0,0,0,0,0,0,0,0
1999,BOS,AL,garcino01,Nomar Garciaparra,135,133,135,134,0,0,0,0,0,134,0,0,0,0,0,1,0
1999,SFN,NL,gardnma01,Mark Gardner,29,19,27,29,29,0,0,0,0,0,0,0,0,0,0,0,0
1999,MIN,AL,gatesbr01,Brent Gates,110,71,110,98,0,0,5,47,61,1,0,0,0,0,1,31,0
1999,OAK,AL,giambja01,Jason Giambi,158,155,158,142,0,0,142,0,1,0,0,0,0,0,15,2,0
1999,KCA,AL,giambje01,Jeremy Giambi,90,77,90,31,0,0,26,0,0,0,5,0,0,5,48,11,0
1999,COL,NL,gibsode01,Derrick Gibson,10,7,10,10,0,0,0,0,0,0,0,0,10,10,0,2,0
1999,PIT,NL,gilesbr02,Brian Giles,141,139,141,138,0,0,0,0,0,0,8,108,25,138,3,0,0
1999,ARI,NL,gilkebe01,Bernard Gilkey,94,49,94,53,0,0,0,0,0,0,15,0,40,53,0,43,0
1999,SDN,NL,giovaed01,Ed Giovanola,56,12,56,46,1,0,0,19,25,7,0,0,0,0,0,10,10
1999,SEA,AL,gipsoch01,Charles Gipson,55,21,55,48,0,0,0,3,17,3,8,9,15,28,0,2,13
1999,NYA,AL,girarjo01,Joe Girardi,65,64,65,65,0,65,0,0,0,0,0,0,0,0,0,1,0
1999,PHI,NL,glanvdo01,Doug Glanville,150,146,150,148,0,0,0,0,0,0,0,148,0,148,0,2,0
1999,ANA,AL,glaustr01,Troy Glaus,154,154,154,153,0,0,0,0,153,0,0,0,0,0,1,0,0
1999,ATL,NL,glavito02,Tom Glavine,36,32,33,35,35,0,0,0,0,0,0,0,0,0,0,1,0
1999,TOR,AL,glovega01,Gary Glover,1,0,0,1,1,0,0,0,0,0,0,0,0,0,0,0,
1999,TEX,AL,glynnry01,Ryan Glynn,13,1,2,13,13,0,0,0,0,0,0,0,0,0,0,0,0
1999,PHI,NL,gomeswa01,Wayne Gomes,73,0,69,73,73,0,0,0,0,0,0,0,0,0,0,0,0
1999,SDN,NL,gomezch02,Chris Gomez,76,75,76,75,0,0,0,0,0,75,0,0,0,0,0,1,0
1999,TOR,AL,gonzaal01,Alex Gonzalez,38,38,38,37,0,0,0,0,0,37,0,0,0,0,1,0,0
1999,FLO,NL,gonzaal02,Alex Gonzalez,136,130,136,135,0,0,0,0,0,135,0,0,0,0,0,1,1
1999,TEX,AL,gonzaju03,Juan Gonzalez,144,144,144,131,0,0,0,0,0,0,0,0,131,131,14,0,0
1999,ARI,NL,gonzalu01,Luis Gonzalez,153,150,153,148,0,0,0,0,0,0,148,0,0,148,4,1,0
1999,SDN,NL,gonzawi01,Wiki Gonzalez,30,17,30,17,0,17,0,0,0,0,0,0,0,0,0,13,0
1999,CLE,AL,goodedw01,Dwight Gooden,26,1,3,26,26,0,0,0,0,0,0,0,0,0,0,0,0
1999,TOR,AL,goodwcu01,Curtis Goodwin,2,2,2,2,0,0,0,0,0,0,0,2,0,2,0,0,0
1999,CHN,NL,goodwcu01,Curtis Goodwin,89,34,89,76,0,0,0,0,0,0,36,42,0,76,0,17,6
1999,TEX,AL,goodwto01,Tom Goodwin,109,104,109,107,0,0,0,0,0,0,0,107,0,107,0,2,2
1999,BOS,AL,gordoto01,Tom Gordon,21,0,2,21,21,0,0,0,0,0,0,0,0,0,0,0,0
1999,CHN,NL,gracema01,Mark Grace,161,157,161,160,0,0,160,0,0,0,0,0,0,0,0,2,0
1999,PHI,NL,gracemi02,Mike Grace,27,5,26,27,27,0,0,0,0,0,0,0,0,0,0,0,0
1999,TBA,AL,graffto01,Tony Graffanino,39,34,39,35,0,0,0,17,1,17,0,0,0,0,0,0,4
1999,PHI,NL,grahejo01,Joe Grahe,13,5,11,13,13,0,0,0,0,0,0,0,0,0,0,0,0
1999,DET,AL,gratebe01,Beiker Graterol,1,0,0,1,1,0,0,0,0,0,0,0,0,0,0,0,
1999,CIN,NL,graveda01,Danny Graves,75,0,71,75,75,0,0,0,0,0,0,0,0,0,0,0,0
1999,TOR,AL,grebecr01,Craig Grebeck,34,28,34,23,0,0,0,17,2,4,0,0,0,0,8,5,0
1999,MIL,NL,greench02,Charlie Greene,32,13,32,31,0,31,0,0,0,0,0,0,0,0,0,1,1
1999,CIN,NL,greenri01,Rick Greene,1,0,1,1,1,0,0,0,0,0,0,0,0,0,0,0,0
1999,TEX,AL,greensc01,Scarborough Green,18,2,18,9,0,0,0,0,0,0,3,4,3,9,0,5,9
1999,TOR,AL,greensh01,Shawn Green,153,152,153,152,0,0,0,0,0,0,0,0,152,152,0,0,1
1999,ANA,AL,greento02,Todd Greene,97,83,97,41,0,12,0,0,0,0,5,0,25,30,42,14,0
1999,TOR,AL,greenwi01,Willie Greene,81,55,81,10,0,0,0,0,7,0,0,0,3,3,48,24,0
1999,TEX,AL,greerru01,Rusty Greer,147,145,147,145,0,0,0,0,0,0,145,0,0,145,0,1,1
1999,OAK,AL,grievbe01,Ben Grieve,148,136,148,137,0,0,0,0,0,0,131,0,8,137,4,9,1
1999,SEA,AL,griffke02,Ken Griffey,160,160,160,158,0,0,0,0,0,0,0,158,0,158,6,0,0
1999,NYA,AL,grimsja01,Jason Grimsley,55,0,4,55,55,0,0,0,0,0,0,0,0,0,0,0,0
1999,MIL,NL,grissma02,Marquis Grissom,154,145,154,149,0,0,0,0,0,0,0,149,0,149,0,9,0
1999,OAK,AL,groombu01,Buddy Groom,76,0,6,76,76,0,0,0,0,0,0,0,0,0,0,0,0
1999,BOS,AL,grosski01,Kip Gross,11,0,0,11,11,0,0,0,0,0,0,0,0,0,0,0,
1999,LAN,NL,grudzma01,Mark Grudzielanek,123,117,123,119,0,0,0,0,0,119,0,0,0,0,0,5,1
1999,MIN,AL,guarded01,Eddie Guardado,63,0,5,63,63,0,0,0,0,0,0,0,0,0,0,0,0
1999,BOS,AL,gubancr01,Creighton Gubanich,18,12,18,15,0,14,0,0,1,0,0,0,0,0,2,1,0
1999,MON,NL,guerrvl01,Vladimir Guerrero,160,159,160,160,0,0,0,0,0,0,0,0,160,160,0,1,0
1999,MON,NL,guerrwi01,Wilton Guerrero,132,60,132,72,0,0,0,54,0,0,22,0,0,22,5,58,0
1999,SEA,AL,guevagi01,Giomar Guevara,10,4,10,9,0,0,0,0,0,9,0,0,0,0,0,0,1
1999,SEA,AL,guillca01,Carlos Guillen,5,5,5,5,0,0,0,2,0,3,0,0,0,0,0,0,0
1999,TBA,AL,guilljo01,Jose Guillen,47,47,47,47,0,0,0,0,0,0,0,0,47,47,0,0,0
1999,PIT,NL,guilljo01,Jose Guillen,40,29,40,37,0,0,0,0,0,0,0,0,37,37,0,4,0
1999,ATL,NL,guilloz01,Ozzie Guillen,92,48,92,60,0,0,0,1,6,53,0,0,0,0,0,34,2
1999,TEX,AL,gundeer01,Eric Gunderson,11,0,0,11,11,0,0,0,0,0,0,0,0,0,0,0,
1999,CHN,NL,guthrma01,Mark Guthrie,11,0,11,11,11,0,0,0,0,0,0,0,0,0,0,0,0
1999,BOS,AL,guthrma01,Mark Guthrie,46,0,3,46,46,0,0,0,0,0,0,0,0,0,0,0,0
1999,HOU,NL,gutieri01,Ricky Gutierrez,85,79,85,81,0,0,0,0,1,80,0,0,0,0,0,5,0
1999,MIN,AL,guzmacr01,Cristian Guzman,131,126,131,131,0,0,0,0,0,131,0,0,0,0,0,0,1
1999,SDN,NL,guzmado01,Domingo Guzman,7,0,7,7,7,0,0,0,0,0,0,0,0,0,0,0,0
1999,SFN,NL,guzmaed01,Edwards Guzman,14,2,14,6,0,1,0,0,5,0,0,0,0,0,0,8,0
1999,BAL,AL,guzmaju01,Juan Guzman,21,2,2,21,21,0,0,0,0,0,0,0,0,0,0,0,0
1999,CIN,NL,guzmaju01,Juan Guzman,12,12,12,12,12,0,0,0,0,0,0,0,0,0,0,0,0
1999,SDN,NL,gwynnto01,Tony Gwynn,111,106,111,104,0,0,0,0,0,0,0,0,104,104,2,5,0
1999,COL,NL,hackmlu01,Luther Hackman,5,3,5,5,5,0,0,0,0,0,0,0,0,0,0,0,0
1999,BAL,AL,hairsje02,Jerry Hairston,50,49,50,50,0,0,0,50,0,0,0,0,0,0,0,0,1
1999,SEA,AL,halamjo01,John Halama,38,2,3,38,38,0,0,0,0,0,0,0,0,0,0,0,0
1999,TOR,AL,hallaro01,Roy Halladay,36,1,3,36,36,0,0,0,0,0,0,0,0,0,0,0,0
1999,NYN,NL,haltesh01,Shane Halter,7,0,7,2,0,0,0,0,0,1,0,1,1,2,0,0,5
1999,NYN,NL,hamilda02,Darryl Hamilton,55,45,55,52,0,0,0,0,0,0,0,52,0,52,0,6,0
1999,COL,NL,hamilda02,Darryl Hamilton,91,79,91,82,0,0,0,0,0,0,0,82,0,82,0,10,0
1999,TOR,AL,hamiljo02,Joey Hamilton,22,1,1,22,22,0,0,0,0,0,0,0,0,0,0,0,0
1999,CIN,NL,hammoje01,Jeffrey Hammonds,123,54,123,106,0,0,0,0,0,0,46,21,53,106,0,23,3
1999,HOU,NL,hamptmi01,Mike Hampton,34,31,31,34,34,0,0,0,0,0,0,0,0,0,0,0,0
1999,CLE,AL,haneych01,Chris Haney,13,0,0,13,13,0,0,0,0,0,0,0,0,0,0,0,
1999,LAN,NL,hanseda01,Dave Hansen,100,12,100,35,0,0,20,0,13,0,0,0,2,2,2,69,0
1999,PIT,NL,hansegr01,Greg Hansell,33,0,32,33,33,0,0,0,0,0,0,0,0,0,0,0,0
1999,KCA,AL,hanseje01,Jed Hansen,49,22,49,38,0,0,1,21,4,10,0,2,0,2,0,3,10
1999,BOS,AL,harikti01,Tim Harikkala,7,0,0,7,7,0,0,0,0,0,0,0,0,0,0,0,
1999,CIN,NL,harnipe01,Pete Harnisch,33,32,32,33,33,0,0,0,0,0,0,0,0,0,0,0,0
1999,COL,NL,harrile01,Lenny Harris,91,24,91,40,0,0,0,24,2,0,3,0,11,14,1,60,0
1999,ARI,NL,harrile01,Lenny Harris,19,4,19,7,0,0,0,0,5,0,0,0,2,2,0,13,1
1999,MIL,NL,harrire01,Reggie Harris,8,0,8,8,8,0,0,0,0,0,0,0,0,0,0,0,0
1999,OAK,AL,harvich01,Chad Harville,15,0,1,15,15,0,0,0,0,0,0,0,0,0,0,0,0
1999,ANA,AL,hasegsh01,Shigetoshi Hasegawa,64,0,4,64,64,0,0,0,0,0,0,0,0,0,0,0,0
1999,DET,AL,haselbi01,Bill Haselman,48,40,48,39,0,39,0,0,0,0,0,0,0,0,3,6,0
1999,BOS,AL,hattesc01,Scott Hatteberg,30,24,30,23,0,23,0,0,0,0,0,0,0,0,6,4,0
1999,MIN,AL,hawkila01,LaTroy Hawkins,33,2,2,33,33,0,0,0,0,0,0,0,0,0,0,0,0
1999,SFN,NL,hayesch01,Charlie Hayes,95,63,95,74,0,0,20,0,55,0,1,0,0,1,2,23,1
1999,OAK,AL,hayneji01,Jimmy Haynes,30,2,3,30,30,0,0,0,0,0,0,0,0,0,0,0,0
1999,SLN,NL,heiseri01,Rick Heiserman,3,0,3,3,3,0,0,0,0,0,0,0,0,0,0,0,0
1999,TEX,AL,helliri01,Rick Helling,35,1,1,35,35,0,0,0,0,0,0,0,0,0,0,0,0
1999,COL,NL,heltoto01,Todd Helton,159,148,159,156,0,0,156,0,0,0,0,0,0,0,0,6,1
1999,ANA,AL,hemphbr01,Bret Hemphill,12,7,12,12,0,12,0,0,0,0,0,0,0,0,0,0,0
1999,NYN,NL,henderi01,Rickey Henderson,121,114,121,116,0,0,0,0,0,0,116,0,0,116,1,5,0
1999,SEA,AL,henrybu01,Butch Henry,7,0,0,7,7,0,0,0,0,0,0,0,0,0,0,0,
1999,HOU,NL,henrydo01,Doug Henry,35,0,35,35,35,0,0,0,0,0,0,0,0,0,0,0,0
1999,TOR,AL,hentgpa01,Pat Hentgen,34,3,3,34,34,0,0,0,0,0,0,0,0,0,0,0,0
1999,CHN,NL,heredfe01,Felix Heredia,69,0,67,69,69,0,0,0,0,0,0,0,0,0,0,0,0
1999,OAK,AL,heredgi01,Gil Heredia,33,3,3,33,33,0,0,0,0,0,0,0,0,0,0,0,0
1999,LAN,NL,hergema01,Matt Herges,17,0,17,17,17,0,0,0,0,0,0,0,0,0,0,0,0
1999,PIT,NL,hermach01,Chad Hermansen,19,17,19,18,0,0,0,0,0,0,3,9,6,18,0,2,0
1999,MON,NL,hermadu01,Dustin Hermanson,34,32,32,34,34,0,0,0,0,0,0,0,0,0,0,0,0
1999,HOU,NL,hernaca02,Carlos Hernandez,16,0,16,9,0,0,0,7,0,2,0,0,0,0,0,6,4
1999,ATL,NL,hernajo01,Jose Hernandez,48,44,48,47,0,0,1,0,0,45,1,0,0,1,0,3,0
1999,CHN,NL,hernajo01,Jose Hernandez,99,91,99,99,0,0,1,0,0,92,6,14,2,20,0,0,2
1999,SFN,NL,hernali01,Livan Hernandez,11,10,11,10,10,0,0,0,0,0,0,0,0,0,0,1,0
1999,FLO,NL,hernali01,Livan Hernandez,20,17,17,20,20,0,0,0,0,0,0,0,0,0,0,0,0
1999,NYA,AL,hernaor01,Orlando Hernandez,33,1,1,33,33,0,0,0,0,0,0,0,0,0,0,0,0
1999,OAK,AL,hernara02,Ramon Hernandez,40,39,40,40,0,40,0,0,0,0,0,0,0,0,0,0,0
1999,TBA,AL,hernaro01,Roberto Hernandez,72,0,4,72,72,0,0,0,0,0,0,0,0,0,0,0,0
1999,NYN,NL,hershor01,Orel Hershiser,32,31,31,32,32,0,0,0,0,0,0,0,0,0,0,0,0
1999,HOU,NL,hidalri01,Richard Hidalgo,108,103,108,108,0,0,0,0,0,0,97,30,3,108,0,2,0
1999,DET,AL,higgibo02,Bobby Higginson,107,104,107,88,0,0,0,0,0,0,0,0,88,88,17,3,0
1999,DET,AL,hiljuer01,Erik Hiljus,6,0,0,6,6,0,0,0,0,0,0,0,0,0,0,0,
1999,OAK,AL,hinchaj01,A. J. Hinch,76,67,76,73,0,73,0,0,0,0,0,0,0,0,0,1,3
1999,SEA,AL,hinchbr01,Brett Hinchliffe,11,0,0,11,11,0,0,0,0,0,0,0,0,0,0,0,
1999,SDN,NL,hitchst01,Sterling Hitchcock,33,32,32,33,33,0,0,0,0,0,0,0,0,0,0,0,0
1999,MIN,AL,hockide01,Denny Hocking,136,85,136,133,0,0,2,56,6,61,17,11,13,38,0,23,4
1999,SDN,NL,hoffmtr01,Trevor Hoffman,64,0,60,64,64,0,0,0,0,0,0,0,0,0,0,0,0
1999,KCA,AL,holbera01,Ray Holbert,34,28,34,33,0,0,0,11,1,22,0,0,0,0,0,2,2
1999,LAN,NL,hollato01,Todd Hollandsworth,92,58,92,76,0,0,13,0,0,0,27,34,9,67,0,26,2
1999,TOR,AL,hollida01,Dave Hollins,27,23,27,0,0,0,0,0,0,0,0,0,0,0,23,4,0
1999,ARI,NL,holmeda01,Darren Holmes,44,0,42,44,44,0,0,0,0,0,0,0,0,0,0,0,0
1999,ANA,AL,holtzmi01,Mike Holtz,28,0,0,28,28,0,0,0,0,0,0,0,0,0,0,0,
1999,CLE,AL,houstty01,Tyler Houston,13,6,13,11,0,1,0,0,10,0,0,0,0,0,0,3,0
1999,CHN,NL,houstty01,Tyler Houston,100,64,100,81,0,18,2,0,63,0,0,0,1,1,0,28,0
1999,SLN,NL,howarda02,David Howard,52,21,52,38,0,0,9,9,4,13,3,1,1,5,0,14,4
1999,SLN,NL,howarth01,Thomas Howard,98,39,98,48,0,0,0,0,0,0,3,0,45,48,1,52,0
1999,HOU,NL,howelja02,Jack Howell,37,4,37,8,0,0,5,0,3,0,0,0,0,0,2,29,1
1999,CHA,AL,howrybo01,Bob Howry,69,0,5,69,69,0,0,0,0,0,0,0,0,0,0,0,0
1999,LAN,NL,hubbatr01,Trent Hubbard,82,16,82,52,0,1,0,1,0,0,29,19,3,51,0,31,11
1999,TOR,AL,hudekjo01,John Hudek,3,0,0,3,3,0,0,0,0,0,0,0,0,0,0,0,
1999,CIN,NL,hudekjo01,John Hudek,2,0,2,2,2,0,0,0,0,0,0,0,0,0,0,0,0
1999,ATL,NL,hudekjo01,John Hudek,15,0,12,15,15,0,0,0,0,0,0,0,0,0,0,0,0
1999,OAK,AL,hudsoti01,Tim Hudson,24,2,5,21,21,0,0,0,0,0,0,0,0,0,0,0,3
1999,MIL,NL,hughebo01,Bobby Hughes,48,21,48,44,0,44,0,0,0,0,0,0,0,0,1,7,1
1999,LAN,NL,hundlto01,Todd Hundley,114,99,114,108,0,108,0,0,0,0,0,0,0,0,0,12,0
1999,ATL,NL,huntebr01,Brian Hunter,114,40,114,106,0,0,101,0,0,0,8,0,0,8,0,30,6
1999,DET,AL,huntebr02,Brian Hunter,18,15,18,18,0,0,0,0,0,0,0,18,0,18,0,0,1
1999,SEA,AL,huntebr02,Brian Hunter,121,114,121,121,0,0,0,0,0,0,119,19,0,121,0,2,1
1999,MIN,AL,hunteto01,Torii Hunter,135,113,135,130,0,0,0,0,0,0,16,107,14,130,0,8,3
1999,BOS,AL,huskebu01,Butch Huskey,45,27,45,6,0,0,0,0,2,0,2,0,2,4,23,16,0
1999,SEA,AL,huskebu01,Butch Huskey,74,68,74,63,0,0,10,0,1,0,30,0,24,53,7,6,0
1999,ANA,AL,husonje01,Jeff Huson,97,53,97,78,0,0,8,41,9,22,2,0,0,2,3,33,2
1999,FLO,NL,hyersti01,Tim Hyers,58,13,58,28,0,0,14,0,0,0,12,0,4,15,0,32,3
1999,SEA,AL,ibanera01,Raul Ibanez,87,47,87,71,0,1,21,0,0,0,22,0,39,57,0,26,3
1999,NYA,AL,irabuhi01,Hideki Irabu,32,2,2,32,32,0,0,0,0,0,0,0,0,0,0,0,0
1999,OAK,AL,isrinja01,Jason Isringhausen,20,0,0,20,20,0,0,0,0,0,0,0,0,0,0,0,
1999,NYN,NL,isrinja01,Jason Isringhausen,13,5,11,13,13,0,0,0,0,0,0,0,0,0,0,0,0
1999,CHA,AL,jacksda03,Darrin Jackson,73,31,73,64,0,0,0,0,0,0,46,25,3,64,0,14,10
1999,SDN,NL,jacksda04,Damian Jackson,133,105,133,121,0,0,0,21,0,100,2,0,1,3,0,7,11
1999,CLE,AL,jacksmi02,Michael Jackson,72,0,4,72,72,0,0,0,0,0,0,0,0,0,0,0,0
1999,SEA,AL,jacksry01,Ryan Jackson,32,19,32,29,0,0,29,0,0,0,1,0,0,1,0,4,3
1999,OAK,AL,jarvike01,Kevin Jarvis,4,0,0,4,4,0,0,0,0,0,0,0,0,0,0,0,
1999,SFN,NL,javiest01,Stan Javier,112,77,112,94,0,0,0,0,0,0,51,3,42,94,1,22,0
1999,HOU,NL,javiest01,Stan Javier,20,16,20,18,0,0,0,0,0,0,7,6,10,18,0,2,0
1999,DET,AL,jeffegr01,Gregg Jefferies,70,47,70,7,0,0,3,2,0,0,2,0,0,2,43,20,2
1999,BOS,AL,jeffere01,Reggie Jefferson,83,51,83,2,0,0,2,0,0,0,0,0,0,0,51,30,0
1999,MIL,NL,jenkige01,Geoff Jenkins,135,118,135,128,0,0,0,0,0,0,128,0,0,128,0,12,1
1999,CHN,NL,jenniro01,Robin Jennings,5,0,5,0,0,0,0,0,0,0,0,0,0,0,0,5,0
1999,SLN,NL,jensema01,Marcus Jensen,16,10,16,14,0,14,0,0,0,0,0,0,0,0,0,4,0
1999,NYA,AL,jeterde01,Derek Jeter,158,158,158,158,0,0,0,0,0,158,0,0,0,0,0,0,0
1999,NYA,AL,jimenda01,D'Angelo Jimenez,7,5,7,7,0,0,0,1,6,0,0,0,0,0,0,1,0
1999,SLN,NL,jimenjo01,Jose Jimenez,31,26,29,29,29,0,0,0,0,0,0,0,0,0,0,0,2
1999,CIN,NL,johnsbr01,Brian Johnson,45,26,45,39,0,39,0,0,0,0,0,0,0,0,0,14,0
1999,BAL,AL,johnsch04,Charles Johnson,135,124,135,135,0,135,0,0,0,0,0,0,0,0,0,4,0
1999,BAL,AL,johnsdo04,Doug Johns,32,0,1,32,32,0,0,0,0,0,0,0,0,0,0,0,0
1999,BAL,AL,johnsja02,Jason Johnson,22,1,1,22,22,0,0,0,0,0,0,0,0,0,0,0,0
1999,SFN,NL,johnsjo07,John Johnstone,62,0,58,62,62,0,0,0,0,0,0,0,0,0,0,0,0
1999,TEX,AL,johnsjo08,Jonathan Johnson,1,0,0,1,1,0,0,0,0,0,0,0,0,0,0,0,
1999,CHN,NL,johnsla03,Lance Johnson,95,77,95,91,0,0,0,0,0,0,0,91,0,91,0,8,2
1999,CHA,AL,johnsma02,Mark Johnson,73,67,73,72,0,72,0,0,0,0,0,0,0,0,0,0,1
1999,MON,NL,johnsmi02,Mike Johnson,3,1,3,3,3,0,0,0,0,0,0,0,0,0,0,0,0
1999,ARI,NL,johnsra05,Randy Johnson,35,33,33,35,35,0,0,0,0,0,0,0,0,0,0,0,0
1999,HOU,NL,johnsru01,Russ Johnson,83,31,83,51,0,0,0,15,36,2,0,0,0,0,0,42,0
1999,ATL,NL,jonesan01,Andruw Jones,162,162,162,162,0,0,0,0,0,0,0,162,0,162,0,0,0
1999,NYN,NL,jonesbo03,Bobby Jones,12,9,12,12,12,0,0,0,0,0,0,0,0,0,0,0,0
1999,COL,NL,jonesbo04,Bobby Jones,30,18,28,30,30,0,0,0,0,0,0,0,0,0,0,0,0
1999,ATL,NL,jonesch06,Chipper Jones,157,157,157,157,0,0,0,0,157,1,0,0,0,0,0,0,0
1999,OAK,AL,jonesdo01,Doug Jones,70,0,6,70,70,0,0,0,0,0,0,0,0,0,0,0,0
1999,MIN,AL,jonesja04,Jacque Jones,95,78,95,93,0,0,0,0,0,0,1,82,19,93,0,5,3
1999,MON,NL,joneste02,Terry Jones,17,16,17,17,0,0,0,0,0,0,5,12,0,17,0,1,0
1999,DET,AL,jonesto02,Todd Jones,65,0,7,65,65,0,0,0,0,0,0,0,0,0,0,0,0
1999,ATL,NL,jordabr01,Brian Jordan,153,148,153,150,0,0,0,0,0,0,0,0,150,150,0,2,2
1999,PHI,NL,jordake01,Kevin Jordan,120,76,120,98,0,0,13,33,62,0,0,0,0,0,0,29,1
1999,SDN,NL,joynewa01,Wally Joyner,110,89,110,105,0,0,105,0,0,0,0,0,0,0,1,8,0
1999,NYA,AL,judenje01,Jeff Juden,2,0,0,2,2,0,0,0,0,0,0,0,0,0,0,0,
1999,CLE,AL,justida01,David Justice,133,122,133,93,0,0,0,0,0,0,79,0,15,93,34,7,1
1999,BAL,AL,kamiesc01,Scott Kamieniecki,43,0,3,43,43,0,0,0,0,0,0,0,0,0,0,0,0
1999,DET,AL,kaplega01,Gabe Kapler,130,118,130,128,0,0,0,0,0,0,0,114,32,128,0,2,2
1999,CHN,NL,karchma01,Matt Karchner,16,0,15,16,16,0,0,0,0,0,0,0,0,0,0,0,0
1999,LAN,NL,karroer01,Eric Karros,153,147,153,151,0,0,151,0,0,0,0,0,0,0,0,2,0
1999,CLE,AL,karsast01,Steve Karsay,50,0,3,50,50,0,0,0,0,0,0,0,0,0,0,0,0
1999,COL,NL,kellymi02,Mike Kelly,2,0,2,1,0,0,0,0,0,0,0,0,1,1,0,1,0
1999,TOR,AL,kellypa03,Pat Kelly,37,33,37,35,0,0,0,35,0,0,0,0,0,0,1,2,1
1999,TEX,AL,kellyro01,Roberto Kelly,87,68,87,85,0,0,0,0,0,0,18,37,37,85,0,8,2
1999,PIT,NL,kendaja01,Jason Kendall,78,74,78,75,0,75,0,0,0,0,0,0,0,0,0,3,0
1999,SLN,NL,kennead01,Adam Kennedy,33,26,33,29,0,0,0,29,0,0,0,0,0,0,0,6,0
1999,BAL,AL,kingsge01,Gene Kingsale,28,24,28,24,0,0,0,0,0,0,0,24,0,24,1,2,1
1999,NYN,NL,kinkami01,Mike Kinkade,28,9,28,21,0,1,1,0,3,0,12,0,8,17,0,11,2
1999,ARI,NL,klassda01,Danny Klassen,1,0,1,0,0,0,0,0,0,0,0,0,0,0,0,1,0
1999,ATL,NL,kleskry01,Ryan Klesko,133,117,133,124,0,0,75,0,0,0,53,0,0,53,1,15,0
1999,MON,NL,klinest02,Steve Kline,82,0,77,82,82,0,0,0,0,0,0,0,0,0,0,0,0
1999,NYA,AL,knoblch01,Chuck Knoblauch,150,150,150,150,0,0,0,150,0,0,0,0,0,0,0,0,0
1999,HOU,NL,knorrra01,Randy Knorr,13,7,13,11,0,11,0,0,0,0,0,0,0,0,0,3,0
1999,CHA,AL,konerpa01,Paul Konerko,142,131,142,92,0,0,92,0,1,0,0,0,0,0,42,9,0
1999,MIN,AL,koskico01,Corey Koskie,117,94,117,99,0,0,0,0,79,0,0,0,25,25,12,15,0
1999,FLO,NL,kotsama01,Mark Kotsay,148,120,148,138,0,0,19,0,0,0,0,0,129,129,0,13,3
1999,KCA,AL,kreutch01,Chad Kreuter,107,86,107,101,0,101,0,0,0,0,0,0,0,0,1,7,0
1999,LAN,NL,kubenje01,Jeff Kubenka,6,0,6,6,6,0,0,0,0,0,0,0,0,0,0,0,0
1999,OAK,AL,kubinti01,Tim Kubinski,14,0,0,14,14,0,0,0,0,0,0,0,0,0,0,0,
1999,PIT,NL,lakerti01,Tim Laker,6,1,6,2,0,2,0,0,0,0,0,0,0,0,0,5,0
1999,SEA,AL,lampkto01,Tom Lampkin,76,50,76,58,0,56,0,0,0,0,2,0,0,2,1,24,0
1999,CLE,AL,langsma01,Mark Langston,25,1,1,25,25,0,0,0,0,0,0,0,0,0,0,0,0
1999,SLN,NL,lankfra01,Ray Lankford,122,104,122,106,0,0,0,0,0,0,105,2,0,106,1,15,0
1999,COL,NL,lansimi01,Mike Lansing,35,35,35,35,0,0,0,35,0,0,0,0,0,0,0,0,0
1999,CIN,NL,larkiba01,Barry Larkin,161,160,161,161,0,0,0,0,0,161,0,0,0,0,0,0,0
1999,CIN,NL,larueja01,Jason LaRue,36,27,36,35,0,35,0,0,0,0,0,0,0,0,0,0,1
1999,MIN,AL,lathach01,Chris Latham,14,4,14,14,0,0,0,0,0,0,6,5,4,14,0,1,3
1999,MIN,AL,lawtoma02,Matt Lawton,118,109,118,109,0,0,0,0,0,0,10,6,103,109,6,9,0
1999,OAK,AL,laxtobr01,Brett Laxton,3,0,0,3,3,0,0,0,0,0,0,0,0,0,0,0,
1999,NYA,AL,ledeeri01,Ricky Ledee,88,68,88,77,0,0,0,0,0,0,69,6,3,77,0,10,7
1999,TBA,AL,ledesaa01,Aaron Ledesma,93,77,93,91,0,0,4,17,26,50,0,0,0,0,1,4,3
1999,NYN,NL,leiteal01,Al Leiter,32,29,29,32,32,0,0,0,0,0,0,0,0,0,0,0,0
1999,SEA,AL,leitema01,Mark Leiter,2,0,0,2,2,0,0,0,0,0,0,0,0,0,0,0,
1999,KCA,AL,leiussc01,Scott Leius,37,17,37,26,0,0,13,1,10,2,0,0,0,0,5,12,1
1999,TOR,AL,lennopa01,Pat Lennon,9,8,9,8,0,0,0,0,0,0,5,0,4,8,0,1,0
1999,COL,NL,leskacu01,Curt Leskanic,63,0,60,63,63,0,0,0,0,0,0,0,0,0,0,0,0
1999,ANA,AL,levinal01,Al Levine,50,0,3,50,50,0,0,0,0,0,0,0,0,0,0,0,0
1999,CLE,AL,levisje01,Jesse Levis,10,7,10,9,0,9,0,0,0,0,0,0,0,0,0,1,0
1999,BOS,AL,lewisda01,Darren Lewis,135,129,135,130,0,0,0,0,0,0,0,88,51,130,0,1,5
1999,CIN,NL,lewisma01,Mark Lewis,88,30,88,54,0,0,0,2,52,0,0,0,0,0,0,36,0
1999,NYA,AL,leyriji01,Jim Leyritz,31,17,31,10,0,1,9,0,1,0,0,0,0,0,7,13,1
1999,SDN,NL,leyriji01,Jim Leyritz,50,35,50,42,0,24,19,0,1,0,0,0,0,0,0,15,0
1999,TBA,AL,lidleco01,Cory Lidle,5,0,0,5,5,0,0,0,0,0,0,0,0,0,0,0,
1999,CHN,NL,liebejo01,Jon Lieber,31,29,29,31,31,0,0,0,0,0,0,0,0,0,0,0,0
1999,PHI,NL,liebemi01,Mike Lieberthal,145,138,145,143,0,143,0,0,0,0,0,0,0,0,0,4,0
1999,CHA,AL,liefeje01,Jeff Liefer,45,29,45,32,0,0,15,0,0,0,14,0,3,17,6,9,0
1999,MON,NL,lillyte01,Ted Lilly,9,3,9,9,9,0,0,0,0,0,0,0,0,0,0,0,0
1999,MIN,AL,lincomi01,Mike Lincoln,18,1,1,18,18,0,0,0,0,0,0,0,0,0,0,0,0
1999,CHN,NL,liniaco01,Cole Liniak,12,9,12,10,0,0,0,0,10,0,0,0,0,0,0,2,0
1999,BAL,AL,lintodo01,Doug Linton,14,0,0,14,14,0,0,0,0,0,0,0,0,0,0,0,
1999,TOR,AL,lloydgr01,Graeme Lloyd,74,0,4,74,74,0,0,0,0,0,0,0,0,0,0,0,0
1999,TEX,AL,loaizes01,Esteban Loaiza,30,0,1,30,30,0,0,0,0,0,0,0,0,0,0,0,0
1999,ATL,NL,lockhke01,Keith Lockhart,108,24,108,34,0,0,0,25,10,0,0,0,0,0,4,74,2
1999,LAN,NL,loducpa01,Paul Lo Duca,36,27,36,34,0,34,0,0,0,0,0,0,0,0,0,4,0
1999,PHI,NL,loeweca01,Carlton Loewer,20,12,19,20,20,0,0,0,0,0,0,0,0,0,0,0,0
1999,CLE,AL,loftoke01,Kenny Lofton,120,116,120,119,0,0,0,0,0,0,0,119,0,119,1,2,0
1999,PIT,NL,loiseri01,Rich Loiselle,13,0,13,13,13,0,0,0,0,0,0,0,0,0,0,0,0
1999,BOS,AL,lomasst01,Steve Lomasney,1,0,1,1,0,1,0,0,0,0,0,0,0,0,0,0,0
1999,ATL,NL,lombage01,George Lombard,6,0,6,4,0,0,0,0,0,0,2,0,2,4,0,1,2
1999,FLO,NL,loopebr01,Braden Looper,72,0,67,72,72,0,0,0,0,0,0,0,0,0,0,0,0
1999,TBA,AL,lopezal02,Albie Lopez,51,0,1,51,51,0,0,0,0,0,0,0,0,0,0,0,0
1999,ATL,NL,lopezja01,Javy Lopez,65,60,65,60,0,60,0,0,0,0,0,0,0,0,4,5,0
1999,NYN,NL,lopezlu02,Luis Lopez,68,16,68,51,0,0,0,16,9,33,0,0,0,0,0,30,5
1999,KCA,AL,lopezme01,Mendy Lopez,7,6,7,6,0,0,0,6,0,1,0,0,0,0,0,0,1
1999,MIL,NL,loretma01,Mark Loretta,153,140,153,147,0,0,66,17,14,74,0,0,0,0,0,8,0
1999,CHN,NL,lorraan01,Andrew Lorraine,12,11,12,11,11,0,0,0,0,0,0,0,0,0,0,0,1
1999,PHI,NL,lovulto01,Torey Lovullo,17,7,17,11,0,0,6,6,0,0,0,0,0,0,0,6,0
1999,FLO,NL,lowelmi01,Mike Lowell,97,81,97,83,0,0,0,0,83,0,0,0,0,0,0,15,0
1999,TBA,AL,lowerte01,Terrell Lowery,66,43,66,60,0,0,0,0,0,0,29,36,1,60,0,5,2
1999,TOR,AL,ludwier01,Eric Ludwick,1,0,0,1,1,0,0,0,0,0,0,0,0,0,0,0,
1999,SLN,NL,luebbla01,Larry Luebbers,8,8,8,8,8,0,0,0,0,0,0,0,0,0,0,0,0
1999,CHA,AL,lundqda01,David Lundquist,17,0,0,17,17,0,0,0,0,0,0,0,0,0,0,0,
1999,SEA,AL,mabryjo01,John Mabry,87,67,87,79,0,0,20,0,24,0,7,2,35,43,1,7,2
1999,OAK,AL,macfami01,Mike Macfarlane,81,56,81,79,0,79,0,0,0,0,0,0,0,0,0,6,0
1999,MON,NL,macharo01,Robert Machado,17,3,17,17,0,17,0,0,0,0,0,0,0,0,0,2,0
1999,DET,AL,maciajo01,Jose Macias,5,1,5,1,0,0,0,1,0,0,0,0,0,0,0,2,2
1999,ATL,NL,maddugr01,Greg Maddux,33,31,31,33,33,0,0,0,0,0,0,0,0,0,0,0,0
1999,LAN,NL,maddumi01,Mike Maddux,49,0,47,49,49,0,0,0,0,0,0,0,0,0,0,0,0
1999,MON,NL,maddumi01,Mike Maddux,4,0,4,4,4,0,0,0,0,0,0,0,0,0,0,0,0
1999,SDN,NL,magadda01,Dave Magadan,116,59,116,84,0,0,42,0,52,0,0,0,0,0,0,41,0
1999,PHI,NL,mageewe01,Wendell Magee,12,1,12,4,0,0,0,0,0,0,1,2,1,4,0,10,0
1999,ANA,AL,magnami01,Mike Magnante,53,0,3,53,53,0,0,0,0,0,0,0,0,0,0,0,0
1999,OAK,AL,mahayro01,Ron Mahay,6,0,0,6,6,0,0,0,0,0,0,0,0,0,0,0,
1999,NYN,NL,mahompa01,Pat Mahomes,41,0,40,39,39,0,0,0,0,0,0,0,0,0,0,1,1
1999,FLO,NL,mantema01,Matt Mantei,35,0,34,35,35,0,0,0,0,0,0,0,0,0,0,0,0
1999,ARI,NL,mantema01,Matt Mantei,30,0,29,30,30,0,0,0,0,0,0,0,0,0,0,0,0
1999,CLE,AL,mantoje01,Jeff Manto,12,8,12,11,0,0,1,0,10,0,0,0,0,0,0,3,0
1999,NYA,AL,mantoje01,Jeff Manto,6,1,6,4,0,0,3,0,1,0,0,0,0,0,0,3,0
1999,COL,NL,manwaki01,Kirt Manwaring,48,40,48,44,0,44,0,0,0,0,0,0,0,0,1,4,0
1999,NYN,NL,manzajo01,Josias Manzanillo,13,0,13,12,12,0,0,0,0,0,0,0,0,0,0,0,1
1999,SLN,NL,marreel01,Eli Marrero,114,80,114,106,0,96,20,0,0,0,0,0,0,0,0,7,12
1999,SEA,AL,marteda01,Damaso Marte,5,0,1,5,5,0,0,0,0,0,0,0,0,0,0,0,0
1999,PIT,NL,martial03,Al Martin,143,126,143,134,0,0,0,0,0,0,134,0,0,134,0,13,0
1999,TBA,AL,martida01,Dave Martinez,143,131,143,140,0,0,0,0,0,0,2,52,93,140,0,2,2
1999,SEA,AL,martied01,Edgar Martinez,142,139,142,5,0,0,5,0,0,0,0,0,0,0,134,3,0
1999,KCA,AL,martife01,Felix Martinez,6,1,6,3,0,0,0,1,0,2,0,0,0,0,0,0,4
1999,MON,NL,martima02,Manny Martinez,137,78,137,126,0,0,0,0,0,0,0,126,1,126,0,9,13
1999,TOR,AL,martino01,Norberto Martin,9,7,9,9,0,0,0,8,0,1,0,0,0,0,0,0,0
1999,BOS,AL,martipe02,Pedro Martinez,31,1,2,31,31,0,0,0,0,0,0,0,0,0,0,0,0
1999,BOS,AL,martira02,Ramon Martinez,4,0,0,4,4,0,0,0,0,0,0,0,0,0,0,0,
1999,SFN,NL,martira03,Ramon Martinez,61,30,61,48,0,0,0,27,11,12,0,0,0,0,0,16,2
1999,CHN,NL,martisa01,Sandy Martinez,17,5,17,12,0,12,0,0,0,0,0,0,0,0,0,6,0
1999,NYA,AL,martiti02,Tino Martinez,159,151,159,158,0,0,158,0,0,0,0,0,0,0,0,5,0
1999,CLE,AL,martito02,Tom Martin,6,0,0,6,6,0,0,0,0,0,0,0,0,0,0,0,
1999,LAN,NL,masaoon01,Onan Masaoka,54,0,50,54,54,0,0,0,0,0,0,0,0,0,0,0,0
1999,TEX,AL,mateoru01,Ruben Mateo,32,31,32,31,0,0,0,0,0,0,0,31,0,31,0,0,1
1999,TOR,AL,mathemi01,Mike Matheny,57,50,57,57,0,57,0,0,0,0,0,0,0,0,0,0,0
1999,KCA,AL,mathete01,Terry Mathews,24,0,1,24,24,0,0,0,0,0,0,0,0,0,0,0,0
1999,OAK,AL,mathetj01,T. J. Mathews,50,0,3,50,50,0,0,0,0,0,0,0,0,0,0,0,0
1999,ATL,NL,matospa01,Pascual Matos,6,1,6,5,0,5,0,0,0,0,0,0,0,0,0,2,0
1999,SDN,NL,matthga02,Gary Matthews,23,8,23,17,0,0,0,0,0,0,6,2,10,17,0,8,2
1999,SFN,NL,maynebr01,Brent Mayne,117,85,117,105,0,105,0,0,0,0,0,0,0,0,0,24,0
1999,TBA,AL,mccraqu01,Quinton McCracken,40,36,40,40,0,0,0,0,0,0,26,20,0,40,0,1,1
1999,HOU,NL,mccurje01,Jeff McCurry,5,0,4,5,5,0,0,0,0,0,0,0,0,0,0,0,0
1999,OAK,AL,mcdonja02,Jason McDonald,100,43,100,90,0,0,0,1,0,0,31,53,13,89,0,12,14
1999,CLE,AL,mcdonjo03,John McDonald,18,2,18,12,0,0,0,7,0,6,0,0,0,0,0,5,2
1999,ANA,AL,mcdowja01,Jack McDowell,4,0,0,4,4,0,0,0,0,0,0,0,0,0,0,0,
1999,NYN,NL,mcelrch01,Chuck McElroy,15,0,15,15,15,0,0,0,0,0,1,0,0,1,0,0,0
1999,COL,NL,mcelrch01,Chuck McElroy,41,0,38,41,41,0,0,0,0,0,0,0,0,0,0,0,0
1999,SLN,NL,mcewijo01,Joe McEwing,152,128,152,144,0,0,2,96,6,1,32,23,19,66,0,12,1
1999,SLN,NL,mcgeewi01,Willie McGee,132,39,132,91,0,0,3,0,0,0,31,19,43,90,0,55,2
1999,ATL,NL,mcglike01,Kevin McGlinchy,64,0,61,64,64,0,0,0,0,0,0,0,0,0,0,0,0
1999,TBA,AL,mcgrifr01,Fred McGriff,144,142,144,125,0,0,125,0,0,0,0,0,0,0,18,2,0
1999,MON,NL,mcguiry01,Ryan McGuire,88,29,88,76,0,0,58,0,0,0,16,1,7,23,0,19,2
1999,SLN,NL,mcgwima01,Mark McGwire,153,150,153,151,0,0,151,0,0,0,0,0,0,0,0,2,0
1999,TEX,AL,mclemma01,Mark McLemore,144,138,144,141,0,0,0,135,0,0,4,0,7,11,0,3,1
1999,OAK,AL,mcmicgr01,Greg McMichael,17,0,0,17,17,0,0,0,0,0,0,0,0,0,0,0,
1999,NYN,NL,mcmicgr01,Greg McMichael,19,0,18,19,19,0,0,0,0,0,0,0,0,0,0,0,0
1999,CHN,NL,mcnicbr01,Brian McNichol,4,2,4,4,4,0,0,0,0,0,0,0,0,0,0,0,0
1999,COL,NL,mcraebr01,Brian McRae,7,7,7,7,0,0,0,0,0,0,0,7,0,7,0,0,0
1999,NYN,NL,mcraebr01,Brian McRae,96,78,96,87,0,0,0,0,0,0,0,87,0,87,0,13,0
1999,TOR,AL,mcraebr01,Brian McRae,31,18,31,13,0,0,0,0,0,0,0,13,0,13,5,13,0
1999,FLO,NL,meadobr01,Brian Meadows,31,29,29,31,31,0,0,0,0,0,0,0,0,0,0,0,0
1999,PIT,NL,mearepa01,Pat Meares,21,21,21,21,0,0,0,0,0,21,0,0,0,0,0,0,0
1999,SEA,AL,mechegi01,Gil Meche,16,0,1,16,16,0,0,0,0,0,0,0,0,0,0,0,0
1999,TBA,AL,mecirji01,Jim Mecir,17,0,0,17,17,0,0,0,0,0,0,0,0,0,0,0,
1999,FLO,NL,medinra01,Rafael Medina,20,0,20,20,20,0,0,0,0,0,0,0,0,0,0,0,0
1999,HOU,NL,melusmi01,Mitch Meluskey,10,9,10,10,0,10,0,0,0,0,0,0,0,0,0,0,0
1999,NYA,AL,mendora01,Ramiro Mendoza,53,0,4,53,53,0,0,0,0,0,0,0,0,0,0,0,0
1999,OAK,AL,menecfr01,Frank Menechino,9,2,9,5,0,0,0,0,1,5,0,0,0,0,0,1,5
1999,MON,NL,merceor01,Orlando Merced,93,45,93,49,0,0,7,0,0,0,44,0,0,44,2,43,0
1999,SLN,NL,merckke01,Kent Mercker,26,18,25,25,25,0,0,0,0,0,0,0,0,0,0,0,1
1999,BOS,AL,merckke01,Kent Mercker,5,0,0,5,5,0,0,0,0,0,0,0,0,0,0,0,
1999,BOS,AL,merlolo01,Lou Merloni,43,31,43,41,0,0,1,8,9,24,1,0,0,1,0,4,1
1999,CHN,NL,meyerch02,Chad Meyers,43,40,43,43,0,0,0,33,0,0,4,10,0,14,0,1,1
1999,SDN,NL,micelda01,Dan Miceli,66,0,65,66,66,0,0,0,0,0,0,0,0,0,0,0,0
1999,MIN,AL,mientdo01,Doug Mientkiewicz,118,95,118,110,0,0,110,0,0,0,0,0,0,0,0,14,0
1999,HOU,NL,mieskma01,Matt Mieske,54,24,54,36,0,0,0,0,0,0,30,0,7,36,0,20,0
1999,SEA,AL,mieskma01,Matt Mieske,24,7,24,20,0,0,0,0,0,0,6,3,13,20,1,7,1
1999,FLO,NL,millake01,Kevin Millar,105,91,105,96,0,0,94,0,1,0,1,0,0,1,0,9,0
1999,ARI,NL,milleda02,Damian Miller,86,78,86,86,0,86,0,0,0,0,0,0,0,0,0,1,0
1999,CHN,NL,milleku01,Kurt Miller,4,0,4,4,4,0,0,0,0,0,0,0,0,0,0,0,0
1999,MIN,AL,milletr01,Travis Miller,52,0,3,52,52,0,0,0,0,0,0,0,0,0,0,0,0
1999,HOU,NL,milletr02,Trever Miller,47,0,46,47,47,0,0,0,0,0,0,0,0,0,0,0,0
1999,HOU,NL,millewa04,Wade Miller,5,1,5,5,5,0,0,0,0,0,0,0,0,0,0,0,0
1999,LAN,NL,millsal01,Alan Mills,68,0,66,68,68,0,0,0,0,0,0,0,0,0,0,0,0
1999,ATL,NL,millwke01,Kevin Millwood,33,31,31,33,33,0,0,0,0,0,0,0,0,0,0,0,0
1999,MIN,AL,miltoer01,Eric Milton,34,1,1,34,34,0,0,0,0,0,0,0,0,0,0,0,0
1999,BAL,AL,minorry01,Ryan Minor,46,39,46,45,0,0,1,0,45,0,0,0,0,0,0,1,0
1999,ANA,AL,mintzst01,Steve Mintz,3,0,0,3,3,0,0,0,0,0,0,0,0,0,0,0,
1999,SFN,NL,mirabdo01,Doug Mirabelli,33,24,33,30,0,30,0,0,0,0,0,0,0,0,0,5,0
1999,LAN,NL,mlickda01,Dave Mlicki,2,0,2,2,2,0,0,0,0,0,0,0,0,0,0,0,0
1999,DET,AL,mlickda01,Dave Mlicki,31,3,3,31,31,0,0,0,0,0,0,0,0,0,0,0,0
1999,DET,AL,moehlbr01,Brian Moehler,32,1,1,32,32,0,0,0,0,0,0,0,0,0,0,0,0
1999,SLN,NL,mohlemi01,Mike Mohler,48,0,46,48,48,0,0,0,0,0,0,0,0,0,0,0,0
1999,ANA,AL,molinbe01,Bengie Molina,31,30,31,30,0,30,0,0,0,0,0,0,0,0,0,1,0
1999,BAL,AL,molinga01,Gabe Molina,20,0,1,20,20,0,0,0,0,0,0,0,0,0,0,0,0
1999,CHN,NL,molinjo01,Jose Molina,10,7,10,10,0,10,0,0,0,0,0,0,0,0,0,0,0
1999,SEA,AL,monahsh01,Shane Monahan,16,2,16,9,0,0,0,0,0,0,7,0,3,9,0,3,6
1999,LAN,NL,mondera01,Raul Mondesi,159,155,159,158,0,0,0,0,0,0,0,1,158,158,0,3,0
1999,KCA,AL,montgje01,Jeff Montgomery,49,0,2,49,49,0,0,0,0,0,0,0,0,0,0,0,0
1999,PHI,NL,montgst01,Steve Montgomery,53,0,48,53,53,0,0,0,0,0,0,0,0,0,0,0,0
1999,CHN,NL,moranmi01,Mickey Morandini,144,110,144,132,0,0,0,132,0,0,0,0,0,0,0,25,0
1999,MON,NL,mordemi01,Mike Mordecai,109,53,109,100,0,0,1,38,32,38,0,0,0,0,0,10,3
1999,KCA,AL,morenor01,Orber Moreno,7,0,0,7,7,0,0,0,0,0,0,0,0,0,0,0,
1999,TEX,AL,morgami01,Mike Morgan,34,2,2,34,34,0,0,0,0,0,0,0,0,0,0,0,0
1999,KCA,AL,mormaal01,Alvin Morman,49,0,3,49,49,0,0,0,0,0,0,0,0,0,0,0,0
1999,CIN,NL,morriha02,Hal Morris,80,13,80,29,0,0,25,0,0,0,4,0,0,4,1,53,0
1999,TBA,AL,morriji02,Jim Morris,5,0,0,5,5,0,0,0,0,0,0,0,0,0,0,0,
1999,PIT,NL,morriwa02,Warren Morris,147,134,147,144,0,0,0,144,0,0,0,0,0,0,0,5,0
1999,MON,NL,moutoja01,James Mouton,95,18,95,56,0,0,0,0,0,0,32,16,11,56,1,40,9
1999,MIL,NL,moutoly01,Lyle Mouton,14,2,14,3,0,0,0,0,0,0,2,0,1,3,0,11,0
1999,SEA,AL,moyerja01,Jamie Moyer,32,1,1,32,32,0,0,0,0,0,0,0,0,0,0,0,0
1999,SFN,NL,muellbi02,Bill Mueller,116,103,116,110,0,0,0,3,109,0,0,0,0,0,0,8,0
1999,ATL,NL,mulhote01,Terry Mulholland,16,8,16,16,16,0,0,0,0,0,0,0,0,0,0,0,0
1999,CHN,NL,mulhote01,Terry Mulholland,26,15,25,26,26,0,0,0,0,0,0,0,0,0,0,0,0
1999,TEX,AL,munozmi01,Mike Munoz,56,0,4,56,56,0,0,0,0,0,0,0,0,0,0,0,0
1999,TOR,AL,munrope01,Peter Munro,31,0,0,31,31,0,0,0,0,0,0,0,0,0,0,0,
1999,SFN,NL,murraca01,Calvin Murray,15,2,15,9,0,0,0,0,0,0,3,6,0,9,0,7,1
1999,KCA,AL,murrada02,Dan Murray,4,0,0,4,4,0,0,0,0,0,0,0,0,0,0,0,
1999,NYN,NL,murrada02,Dan Murray,1,0,1,1,1,0,0,0,0,0,0,0,0,0,0,0,0
1999,SDN,NL,murrahe01,Heath Murray,22,8,20,22,22,0,0,0,0,0,0,0,0,0,0,0,0
1999,BAL,AL,mussimi01,Mike Mussina,31,3,3,31,31,0,0,0,0,0,0,0,0,0,0,0,0
1999,SDN,NL,myersgr01,Greg Myers,50,33,50,41,0,41,0,0,0,0,0,0,0,0,0,11,0
1999,ATL,NL,myersgr01,Greg Myers,34,19,34,31,0,31,0,0,0,0,0,0,0,0,0,5,0
1999,MIL,NL,myersmi01,Mike Myers,71,0,66,71,71,0,0,0,0,0,0,0,0,0,0,0,0
1999,CHN,NL,myersro01,Rodney Myers,46,0,45,46,46,0,0,0,0,0,0,0,0,0,0,1,0
1999,CHA,AL,myettaa01,Aaron Myette,4,0,0,4,4,0,0,0,0,0,0,0,0,0,0,0,
1999,SFN,NL,nathajo01,Joe Nathan,19,14,19,19,19,0,0,0,0,0,0,0,0,0,0,0,0
1999,NYA,AL,naultda01,Dan Naulty,33,0,3,33,33,0,0,0,0,0,0,0,0,0,0,0,0
1999,CHA,AL,navarja01,Jaime Navarro,32,2,2,32,32,0,0,0,0,0,0,0,0,0,0,0,0
1999,CIN,NL,neaglde01,Denny Neagle,20,19,20,20,20,0,0,0,0,0,0,0,0,0,0,0,0
1999,NYA,AL,nelsoje01,Jeff Nelson,39,0,0,39,39,0,0,0,0,0,0,0,0,0,0,0,
1999,SDN,NL,nevinph01,Phil Nevin,128,97,128,115,0,31,11,0,67,0,5,0,9,13,1,23,1
1999,SDN,NL,newhada01,David Newhan,32,9,32,21,0,0,1,19,1,0,0,0,0,0,0,5,8
1999,TBA,AL,newmaal02,Alan Newman,18,0,0,18,18,0,0,0,0,0,0,0,0,0,0,0,
1999,CHN,NL,nievejo01,Jose Nieves,54,52,54,52,0,0,0,0,0,52,0,0,0,0,0,2,0
1999,MIL,NL,nilssda01,Dave Nilsson,115,95,115,101,0,101,0,0,0,0,0,0,0,0,1,18,0
1999,DET,AL,nitkocj01,C. J. Nitkowski,69,0,5,68,68,0,0,0,0,0,0,0,0,0,0,0,1
1999,ATL,NL,nixonot01,Otis Nixon,84,32,84,52,0,0,0,0,0,0,50,5,0,52,0,17,19
1999,BOS,AL,nixontr01,Trot Nixon,124,116,124,121,0,0,0,0,0,0,0,0,121,121,0,3,3
1999,CHA,AL,nortogr01,Greg Norton,132,121,132,128,0,0,26,0,120,0,0,0,0,0,1,6,1
1999,PIT,NL,nunezab01,Abraham Nunez,90,72,90,79,0,0,0,14,0,65,0,0,0,0,0,10,5
1999,FLO,NL,nunezvl01,Vladimir Nunez,17,12,15,17,17,0,0,0,0,0,0,0,0,0,0,0,0
1999,ARI,NL,nunezvl01,Vladimir Nunez,27,0,26,27,27,0,0,0,0,0,0,0,0,0,0,0,0
1999,BOS,AL,nunnajo01,Jon Nunnally,10,2,10,2,0,0,0,0,0,0,1,0,1,2,1,4,4
1999,ANA,AL,obriech01,Charlie O'Brien,27,20,27,27,0,27,0,0,0,0,0,0,0,0,0,1,0
1999,MIL,NL,ochoaal01,Alex Ochoa,119,64,119,85,0,0,0,0,0,0,50,9,31,85,0,42,0
1999,BOS,AL,offerjo01,Jose Offerman,149,147,149,133,0,0,8,128,0,0,0,0,0,0,16,1,0
1999,FLO,NL,ojalaki01,Kirt Ojala,8,1,8,8,8,0,0,0,0,0,0,0,0,0,0,0,0
1999,BOS,AL,oleartr01,Troy O'Leary,157,154,157,157,0,0,0,0,0,0,157,0,2,157,0,0,1
1999,NYN,NL,olerujo01,John Olerud,162,159,162,160,0,0,160,0,0,0,0,0,0,0,0,2,0
1999,OAK,AL,olivaom01,Omar Olivares,12,0,0,12,12,0,0,0,0,0,0,0,0,0,0,0,
1999,ANA,AL,olivaom01,Omar Olivares,20,2,2,20,20,0,0,0,0,0,0,0,0,0,0,0,0
1999,SLN,NL,oliveda02,Darren Oliver,35,29,34,30,30,0,0,0,0,0,0,0,0,0,0,5,0
1999,PIT,NL,olivejo01,Joe Oliver,45,40,45,44,0,44,0,0,0,0,0,0,0,0,0,1,0
1999,ARI,NL,olsongr01,Gregg Olson,61,0,59,61,61,0,0,0,0,0,0,0,0,0,0,0,0
1999,NYA,AL,oneilpa01,Paul O'Neill,153,150,153,151,0,0,0,0,0,0,0,0,151,151,0,3,0
1999,OAK,AL,oquismi01,Mike Oquist,28,1,1,28,28,0,0,0,0,0,0,0,0,0,0,0,0
1999,SLN,NL,ordazlu01,Luis Ordaz,10,2,10,9,0,0,0,1,1,8,0,0,0,0,0,0,3
1999,CHA,AL,ordonma01,Magglio Ordonez,157,155,157,153,0,0,0,0,0,0,0,0,153,153,2,2,0
1999,NYN,NL,ordonre01,Rey Ordonez,154,151,154,154,0,0,0,0,0,154,0,0,0,0,0,0,1
1999,BAL,AL,oroscje01,Jesse Orosco,65,0,2,65,65,0,0,0,0,0,0,0,0,0,0,0,0
1999,MIN,AL,ortizda01,David Ortiz,10,4,10,1,0,0,1,0,0,0,0,0,0,0,4,5,0
1999,ANA,AL,ortizra01,Ramon Ortiz,9,0,0,9,9,0,0,0,0,0,0,0,0,0,0,0,
1999,SFN,NL,ortizru01,Russ Ortiz,33,31,31,33,33,0,0,0,0,0,0,0,0,0,0,0,0
1999,SLN,NL,osbordo01,Donovan Osborne,6,6,6,6,6,0,0,0,0,0,0,0,0,0,0,0,0
1999,LAN,NL,osunaan01,Antonio Osuna,5,0,5,5,5,0,0,0,0,0,0,0,0,0,0,0,0
1999,TOR,AL,otanewi01,Willis Otanez,42,31,42,36,0,0,13,0,24,0,0,0,0,0,2,5,2
1999,BAL,AL,otanewi01,Willis Otanez,29,22,29,25,0,0,5,0,22,0,0,0,0,0,2,4,3
1999,SDN,NL,owenser01,Eric Owens,149,98,149,129,0,0,12,1,4,0,69,47,27,116,0,27,7
1999,ARI,NL,padilvi01,Vicente Padilla,5,0,4,5,5,0,0,0,0,0,0,0,0,0,0,0,0
1999,SLN,NL,paintla01,Lance Painter,56,3,55,56,56,0,0,0,0,0,0,0,0,0,0,0,0
1999,DET,AL,palmede01,Dean Palmer,150,149,150,141,0,0,0,0,141,0,0,0,0,0,9,0,0
1999,ANA,AL,palmeor01,Orlando Palmeiro,109,77,109,92,0,0,0,0,0,0,60,1,35,92,10,13,4
1999,TEX,AL,palmera01,Rafael Palmeiro,158,156,158,28,0,0,28,0,0,0,0,0,0,0,128,2,0
1999,SEA,AL,paniajo01,Jose Paniagua,59,0,4,59,59,0,0,0,0,0,0,0,0,0,0,0,0
1999,SLN,NL,paquecr01,Craig Paquette,48,37,48,44,0,0,6,7,10,0,3,0,25,27,0,6,0
1999,CHA,AL,parquji01,Jim Parque,31,2,2,31,31,0,0,0,0,0,0,0,0,0,0,0,0
1999,CIN,NL,parrist01,Steve Parris,22,20,21,22,22,0,0,0,0,0,0,0,0,0,0,0,0
1999,SFN,NL,patribr01,Bronswell Patrick,6,0,6,6,6,0,0,0,0,0,0,0,0,0,0,0,0
1999,TEX,AL,patteda04,Danny Patterson,53,0,5,53,53,0,0,0,0,0,0,0,0,0,0,0,0
1999,MON,NL,pavanca01,Carl Pavano,19,18,19,19,19,0,0,0,0,0,0,0,0,0,0,0,0
1999,NYN,NL,paytoja01,Jay Payton,13,0,13,6,0,0,0,0,0,0,5,2,0,6,0,5,6
1999,ANA,AL,percitr01,Troy Percival,60,0,3,60,60,0,0,0,0,0,0,0,0,0,0,0,0
1999,LAN,NL,perezca01,Carlos Perez,17,15,16,17,17,0,0,0,0,0,0,0,0,0,0,0,0
1999,SLN,NL,perezed01,Eduardo Perez,21,8,21,11,0,0,5,0,0,0,6,0,0,6,0,11,0
1999,ATL,NL,perezed02,Eddie Perez,104,86,104,100,0,98,2,0,0,0,0,0,0,0,0,6,3
1999,COL,NL,perezne01,Neifi Perez,157,156,157,157,0,0,0,0,0,157,0,0,0,0,0,0,0
1999,ATL,NL,perezod01,Odalis Perez,18,16,17,18,18,0,0,0,0,0,0,0,0,0,0,0,0
1999,PHI,NL,perezyo01,Yorkis Perez,35,0,33,35,35,0,0,0,0,0,0,0,0,0,0,0,0
1999,TEX,AL,perisma01,Matt Perisho,4,0,0,4,4,0,0,0,0,0,0,0,0,0,0,0,
1999,MIN,AL,perkida01,Dan Perkins,29,1,1,29,29,0,0,0,0,0,0,0,0,0,0,0,0
1999,TBA,AL,perryhe01,Herbert Perry,66,52,66,58,0,0,14,0,42,0,6,0,0,6,5,7,0
1999,TOR,AL,persoro01,Robert Person,11,0,0,11,11,0,0,0,0,0,0,0,0,0,0,0,
1999,PHI,NL,persoro01,Robert Person,31,20,29,31,31,0,0,0,0,0,0,0,0,0,0,0,0
1999,PIT,NL,peterch01,Chris Peters,19,11,19,19,19,0,0,0,0,0,0,0,0,0,0,0,0
1999,COL,NL,peterch02,Chris Petersen,7,4,7,7,0,0,0,6,0,1,0,0,0,0,0,1,0
1999,MIL,NL,peterky01,Kyle Peterson,17,12,17,17,17,0,0,0,0,0,0,0,0,0,0,0,0
1999,ANA,AL,petkoma01,Mark Petkovsek,64,0,5,64,64,0,0,0,0,0,0,0,0,0,0,0,0
1999,COL,NL,petribe01,Ben Petrick,19,18,19,19,0,19,0,0,0,0,0,0,0,0,0,0,0
1999,NYA,AL,pettian01,Andy Pettitte,31,3,3,31,31,0,0,0,0,0,0,0,0,0,0,0,0
1999,PIT,NL,phillja03,Jason Phillips,6,0,6,6,6,0,0,0,0,0,0,0,0,0,0,0,0
1999,COL,NL,philljr01,J. R. Phillips,25,6,25,9,0,0,4,0,0,0,1,0,6,7,0,17,0
1999,OAK,AL,phillto02,Tony Phillips,106,102,106,103,0,0,0,66,2,1,28,32,15,62,1,3,1
1999,NYN,NL,piazzmi01,Mike Piazza,141,136,141,137,0,137,0,0,0,0,0,0,0,0,1,4,0
1999,BAL,AL,pickeca01,Calvin Pickering,23,10,23,8,0,0,8,0,0,0,0,0,0,0,5,11,1
1999,MIN,AL,pierzaj01,A. J. Pierzynski,9,6,9,9,0,9,0,0,0,0,0,0,0,0,0,0,0
1999,KCA,AL,piscima01,Marc Pisciotta,8,0,0,8,8,0,0,0,0,0,0,0,0,0,0,0,
1999,MIL,NL,pittsji01,Jim Pittsley,15,0,14,15,15,0,0,0,0,0,0,0,0,0,0,0,0
1999,KCA,AL,pittsji01,Jim Pittsley,5,0,0,5,5,0,0,0,0,0,0,0,0,0,0,0,
1999,TOR,AL,plesada01,Dan Plesac,30,0,3,30,30,0,0,0,0,0,0,0,0,0,0,0,0
1999,ARI,NL,plesada01,Dan Plesac,34,0,31,34,34,0,0,0,0,0,0,0,0,0,0,0,0
1999,MIL,NL,plunker01,Eric Plunk,68,0,64,68,68,0,0,0,0,0,0,0,0,0,0,0,0
1999,SLN,NL,polanpl01,Placido Polanco,88,48,88,80,0,0,0,66,9,9,0,0,0,0,0,14,2
1999,PHI,NL,politcl01,Cliff Politte,13,0,13,13,13,0,0,0,0,0,0,0,0,0,0,0,0
1999,DET,AL,polonlu01,Luis Polonia,87,80,87,40,0,0,0,0,0,0,31,0,10,40,43,6,0
1999,BAL,AL,ponsosi01,Sidney Ponson,32,1,1,32,32,0,0,0,0,0,0,0,0,0,0,0,0
1999,CLE,AL,pooleji02,Jim Poole,3,0,0,3,3,0,0,0,0,0,0,0,0,0,0,0,
1999,PHI,NL,pooleji02,Jim Poole,51,0,46,51,51,0,0,0,0,0,0,0,0,0,0,0,0
1999,CHN,NL,portebo03,Bo Porter,24,5,24,21,0,0,0,0,0,0,16,5,3,21,0,6,5
1999,BOS,AL,portuma01,Mark Portugal,31,2,3,31,31,0,0,0,0,0,0,0,0,0,0,0,0
1999,COL,NL,porzimi01,Mike Porzio,16,0,15,16,16,0,0,0,0,0,0,0,0,0,0,0,0
1999,NYA,AL,posadjo01,Jorge Posada,112,100,112,110,0,109,1,0,0,0,0,0,0,0,1,12,0
1999,ARI,NL,powelda01,Dante Powell,22,5,22,15,0,0,0,0,0,0,0,8,7,15,0,4,8
1999,HOU,NL,powelja04,Jay Powell,67,0,63,67,67,0,0,0,0,0,0,0,0,0,0,0,0
1999,MON,NL,powelje01,Jeremy Powell,17,16,16,17,17,0,0,0,0,0,0,0,0,0,0,0,0
1999,NYN,NL,prattto02,Todd Pratt,71,29,71,53,0,52,1,0,0,0,1,0,0,1,0,27,1
1999,PHI,NL,princto01,Tom Prince,4,1,4,4,0,4,0,0,0,0,0,0,0,0,0,0,0
1999,ANA,AL,pritcch01,Chris Pritchett,20,11,20,15,0,0,15,0,0,0,0,0,0,0,3,3,2
1999,MIL,NL,pulsibi01,Bill Pulsipher,19,16,18,19,19,0,0,0,0,0,0,0,0,0,0,0,0
1999,TOR,AL,quantpa01,Paul Quantrill,41,0,1,41,41,0,0,0,0,0,0,0,0,0,0,0,0
1999,KCA,AL,quinnma01,Mark Quinn,17,16,17,15,0,0,0,0,0,0,15,0,1,15,1,1,0
1999,SLN,NL,radinsc01,Scott Radinsky,43,0,41,43,43,0,0,0,0,0,0,0,0,0,0,0,0
1999,MIN,AL,radkebr01,Brad Radke,33,2,2,33,33,0,0,0,0,0,0,0,0,0,0,0,0
1999,MIN,AL,radloro01,Rob Radlosky,7,0,0,7,7,0,0,0,0,0,0,0,0,0,0,0,
1999,OAK,AL,raineti01,Tim Raines,58,32,58,38,0,0,0,0,0,0,38,1,0,38,2,25,0
1999,CLE,AL,rakerja01,Jason Rakers,1,0,0,1,1,0,0,0,0,0,0,0,0,0,0,0,
1999,CLE,AL,ramiral02,Alex Ramirez,48,21,48,30,0,0,0,0,0,0,5,1,24,30,13,9,0
1999,PIT,NL,ramirar01,Aramis Ramirez,18,14,18,17,0,0,0,0,17,0,0,0,0,0,0,1,0
1999,MIL,NL,ramirhe01,Hector Ramirez,15,0,15,15,15,0,0,0,0,0,0,0,0,0,0,0,0
1999,FLO,NL,ramirju01,Julio Ramirez,15,4,15,11,0,0,0,0,0,0,0,11,0,11,0,0,4
1999,CLE,AL,ramirma02,Manny Ramirez,147,146,147,146,0,0,0,0,0,0,0,0,146,146,2,1,0
1999,COL,NL,ramirro01,Roberto Ramirez,32,3,31,32,32,0,0,0,0,0,0,0,0,0,0,0,0
1999,SEA,AL,ramsaro01,Robert Ramsay,6,0,0,6,6,0,0,0,0,0,0,0,0,0,0,0,
1999,KCA,AL,randajo01,Joe Randa,156,156,156,156,0,0,0,0,156,0,0,0,0,0,0,0,0
1999,BAL,AL,rebouje01,Jeff Reboulet,99,42,99,93,0,0,0,36,56,10,0,0,0,0,0,4,17
1999,MIN,AL,redmama01,Mark Redman,5,0,1,5,5,0,0,0,0,0,0,0,0,0,0,0,0
1999,FLO,NL,redmomi01,Mike Redmond,84,74,84,82,0,82,0,0,0,0,0,0,0,0,0,3,0
1999,CIN,NL,reesepo01,Pokey Reese,149,147,149,149,0,0,0,147,0,16,0,0,0,0,0,0,1
1999,KCA,AL,reichda01,Dan Reichert,8,2,2,8,8,0,0,0,0,0,0,0,0,0,0,0,0
1999,TBA,AL,rekarbr01,Bryan Rekar,27,2,3,27,27,0,0,0,0,0,0,0,0,0,0,0,0
1999,PHI,NL,relafde01,Desi Relaford,65,60,65,63,0,0,0,0,0,63,0,0,0,0,0,0,3
1999,ATL,NL,remlimi01,Mike Remlinger,73,0,70,73,73,0,0,0,0,0,0,0,0,0,0,0,0
1999,SLN,NL,renteed01,Edgar Renteria,154,140,154,151,0,0,0,0,0,151,0,0,0,0,0,8,0
1999,MIL,NL,reyesal01,Alberto Reyes,26,0,25,26,26,0,0,0,0,0,0,0,0,0,0,0,0
1999,BAL,AL,reyesal01,Alberto Reyes,27,0,0,27,27,0,0,0,0,0,0,0,0,0,0,0,
1999,SDN,NL,reyesca01,Carlos Reyes,65,0,64,65,65,0,0,0,0,0,0,0,0,0,0,0,0
1999,CIN,NL,reyesde01,Dennys Reyes,65,1,62,65,65,0,0,0,0,0,0,0,0,0,0,0,0
1999,ARI,NL,reynoar02,Armando Reynoso,31,25,29,31,31,0,0,0,0,0,0,0,0,0,0,0,0
1999,HOU,NL,reynosh01,Shane Reynolds,35,33,33,35,35,0,0,0,0,0,0,0,0,0,0,0,0
1999,BAL,AL,rhodear01,Arthur Rhodes,43,0,3,43,43,0,0,0,0,0,0,0,0,0,0,0,0
1999,OAK,AL,rigbybr01,Brad Rigby,29,0,1,29,29,0,0,0,0,0,0,0,0,0,0,0,0
1999,KCA,AL,rigbybr01,Brad Rigby,20,0,0,20,20,0,0,0,0,0,0,0,0,0,0,0,
1999,BAL,AL,rileyma01,Matt Riley,3,0,0,3,3,0,0,0,0,0,0,0,0,0,0,0,
1999,CLE,AL,rincori01,Ricardo Rincon,59,0,4,59,59,0,0,0,0,0,0,0,0,0,0,0,0
1999,BAL,AL,ripkeca01,Cal Ripken,86,85,86,85,0,0,0,0,85,0,0,0,0,0,0,1,0
1999,CLE,AL,riskeda01,David Riske,12,0,0,12,12,0,0,0,0,0,0,0,0,0,0,0,
1999,PIT,NL,ritchto01,Todd Ritchie,29,24,27,28,28,0,0,0,0,0,0,0,0,0,0,1,0
1999,NYA,AL,riverma01,Mariano Rivera,66,0,5,66,66,0,0,0,0,0,0,0,0,0,0,0,0
1999,SDN,NL,riverro01,Roberto Rivera,12,0,12,12,12,0,0,0,0,0,0,0,0,0,0,0,0
1999,SDN,NL,riverru01,Ruben Rivera,147,110,147,143,0,0,0,0,0,0,0,143,0,143,0,11,8
1999,CHA,AL,rizzoto01,Todd Rizzo,3,0,2,3,3,0,0,0,0,0,0,0,0,0,0,0,0
1999,CLE,AL,roberda07,Dave Roberts,41,30,41,39,0,0,0,0,0,0,1,38,0,39,0,2,2
1999,DET,AL,roberwi01,Willis Roberts,1,0,0,1,1,0,0,0,0,0,0,0,0,0,0,0,
1999,CIN,NL,robinke02,Kerry Robinson,9,0,9,2,0,0,0,0,0,0,2,0,0,2,0,0,7
1999,ATL,NL,rockejo01,John Rocker,74,0,69,74,74,0,0,0,0,0,0,0,0,0,0,0,0
1999,SEA,AL,rodrial01,Alex Rodriguez,129,129,129,129,0,0,0,0,0,129,0,0,0,0,0,0,0
1999,SFN,NL,rodrife01,Felix Rodriguez,47,0,44,47,47,0,0,0,0,0,0,0,0,0,0,0,0
1999,SEA,AL,rodrifr02,Frankie Rodriguez,30,1,4,28,28,0,0,0,0,0,0,0,0,0,0,0,2
1999,CHN,NL,rodrihe02,Henry Rodriguez,130,123,130,123,0,0,0,0,0,0,123,0,0,123,2,7,0
1999,TEX,AL,rodriiv01,Ivan Rodriguez,144,142,144,141,0,141,0,0,0,0,0,0,0,0,1,2,0
1999,CHA,AL,rodrili01,Liu Rodriguez,39,25,39,35,0,0,0,22,1,14,0,0,0,0,0,3,2
1999,TOR,AL,rodrine01,Nerio Rodriguez,2,0,0,2,2,0,0,0,0,0,0,0,0,0,0,0,
1999,SFN,NL,rodriri02,Rich Rodriguez,62,0,59,62,62,0,0,0,0,0,0,0,0,0,0,0,0
1999,OAK,AL,rogerke01,Kenny Rogers,19,1,1,19,19,0,0,0,0,0,0,0,0,0,0,0,0
1999,NYN,NL,rogerke01,Kenny Rogers,12,12,12,12,12,0,0,0,0,0,0,0,0,0,0,0,0
1999,MON,NL,rojasme01,Mel Rojas,3,0,3,3,3,0,0,0,0,0,0,0,0,0,0,0,0
1999,LAN,NL,rojasme01,Mel Rojas,5,0,5,5,5,0,0,0,0,0,0,0,0,0,0,0,0
1999,DET,AL,rojasme01,Mel Rojas,5,0,0,5,5,0,0,0,0,0,0,0,0,0,0,0,
1999,PHI,NL,rolensc01,Scott Rolen,112,111,112,112,0,0,0,0,112,0,0,0,0,0,0,1,0
1999,TOR,AL,romanmi01,Mike Romano,3,0,0,3,3,0,0,0,0,0,0,0,0,0,0,0,
1999,MIN,AL,romerjc01,J. C. Romero,5,0,1,5,5,0,0,0,0,0,0,0,0,0,0,0,0
1999,MIL,NL,roquera01,Rafael Roque,43,9,41,43,43,0,0,0,0,0,0,0,0,0,0,0,0
1999,KCA,AL,rosadjo01,Jose Rosado,33,2,2,33,33,0,0,0,0,0,0,0,0,0,0,0,0
1999,FLO,NL,roskojo01,John Roskos,13,0,13,1,0,1,0,0,0,0,0,0,0,0,0,12,0
1999,SFN,NL,rueteki01,Kirk Rueter,33,31,31,33,33,0,0,0,0,0,0,0,0,0,0,0,0
1999,DET,AL,runyase01,Sean Runyan,12,0,0,12,12,0,0,0,0,0,0,0,0,0,0,0,
1999,KCA,AL,ruschgl01,Glendon Rusch,3,0,0,3,3,0,0,0,0,0,0,0,0,0,0,0,
1999,NYN,NL,ruschgl01,Glendon Rusch,1,0,1,1,1,0,0,0,0,0,0,0,0,0,0,0,0
1999,ARI,NL,sabeler01,Erik Sabel,7,0,7,7,7,0,0,0,0,0,0,0,0,0,0,0,0
1999,BOS,AL,saberbr01,Bret Saberhagen,22,2,2,22,22,0,0,0,0,0,0,0,0,0,0,0,0
1999,BOS,AL,sadledo01,Donnie Sadler,49,29,49,39,0,0,0,10,9,14,1,6,1,8,0,1,11
1999,OAK,AL,saenzol01,Olmedo Saenz,97,60,97,80,0,0,28,0,56,0,0,0,0,0,5,23,2
1999,ANA,AL,salmoti01,Tim Salmon,98,96,98,89,0,0,0,0,0,0,0,0,89,89,7,2,0
1999,MIN,AL,sampsbe01,Benj Sampson,30,0,2,30,30,0,0,0,0,0,0,0,0,0,0,0,0
1999,FLO,NL,sanchje01,Jesus Sanchez,60,10,55,59,59,0,0,0,0,0,0,0,0,0,0,0,1
1999,KCA,AL,sanchre01,Rey Sanchez,134,131,134,134,0,0,0,0,0,134,0,0,0,0,0,0,0
1999,TOR,AL,sandean01,Anthony Sanders,3,2,3,1,0,0,0,0,0,0,1,0,0,1,1,1,0
1999,SDN,NL,sandere02,Reggie Sanders,133,128,133,129,0,0,0,0,0,0,97,15,41,129,1,3,1
1999,CHN,NL,sandesc02,Scott Sanders,67,6,66,67,67,0,0,0,0,0,0,0,0,0,0,0,0
1999,LAN,NL,sanfoch01,Chance Sanford,5,1,5,2,0,0,0,2,0,0,0,0,0,0,0,4,0
1999,SFN,NL,santafp01,F. P. Santangelo,113,58,113,93,0,0,0,11,3,1,26,49,9,81,0,30,2
1999,TBA,AL,santaju01,Julio Santana,22,0,4,22,22,0,0,0,0,0,0,0,0,0,0,0,0
1999,BOS,AL,santama01,Marino Santana,3,0,0,3,3,0,0,0,0,0,0,0,0,0,0,0,
1999,CHN,NL,santibe01,Benito Santiago,109,95,109,107,0,107,1,0,0,0,0,0,0,0,0,8,0
1999,KCA,AL,santijo03,Jose Santiago,34,0,1,34,34,0,0,0,0,0,0,0,0,0,0,0,0
1999,PIT,NL,sauersc01,Scott Sauerbeck,65,0,62,65,65,0,0,0,0,0,0,0,0,0,0,0,0
1999,TBA,AL,saundto01,Tony Saunders,9,0,0,9,9,0,0,0,0,0,0,0,0,0,0,0,
1999,KCA,AL,scarsst01,Steve Scarsone,46,17,46,40,0,0,12,9,3,16,0,0,0,0,0,7,4
1999,SEA,AL,schefaa01,Aaron Scheffer,4,0,1,4,4,0,0,0,0,0,0,0,0,0,0,0,0
1999,PHI,NL,schilcu01,Curt Schilling,24,23,23,24,24,0,0,0,0,0,0,0,0,0,0,0,0
1999,PIT,NL,schmija01,Jason Schmidt,33,31,31,33,33,0,0,0,0,0,0,0,0,0,0,0,0
1999,ANA,AL,schoesc01,Scott Schoeneweis,31,0,4,31,31,0,0,0,0,0,0,0,0,0,0,0,0
1999,PIT,NL,schoupe01,Pete Schourek,30,17,28,30,30,0,0,0,0,0,0,0,0,0,0,0,0
1999,PHI,NL,schrest01,Steve Schrenk,32,2,30,32,32,0,0,0,0,0,0,0,0,0,0,0,0
1999,ATL,NL,seaneru01,Rudy Seanez,56,0,52,56,56,0,0,0,0,0,0,0,0,0,0,0,0
1999,PHI,NL,sefcike01,Kevin Sefcik,111,34,111,77,0,0,0,15,0,0,31,19,17,64,0,57,0
1999,TOR,AL,seguida01,David Segui,31,27,31,4,0,0,4,0,0,0,0,0,0,0,23,4,0
1999,SEA,AL,seguida01,David Segui,90,86,90,90,0,0,90,0,0,0,0,0,0,0,0,3,0
1999,MON,NL,seguife01,Fernando Seguignol,35,28,35,30,0,0,23,0,0,0,6,0,3,8,0,6,0
1999,CHN,NL,serafda01,Dan Serafini,42,4,41,42,42,0,0,0,0,0,0,0,0,0,0,0,0
1999,SFN,NL,servasc01,Scott Servais,69,53,69,63,0,62,1,0,0,0,0,0,0,0,0,12,0
1999,KCA,AL,servisc01,Scott Service,68,0,5,68,68,0,0,0,0,0,0,0,0,0,0,0,0
1999,CLE,AL,sexsori01,Richie Sexson,134,115,134,104,0,0,61,0,0,0,48,0,3,49,21,11,2
1999,COL,NL,sextoch01,Chris Sexton,35,13,35,27,0,0,0,10,0,6,3,9,1,13,0,10,0
1999,TEX,AL,shavejo01,Jon Shave,43,18,43,40,0,0,9,1,6,24,0,0,0,0,0,1,3
1999,ANA,AL,sheetan01,Andy Sheets,87,71,87,84,0,0,0,7,1,76,0,0,0,0,0,7,2
1999,LAN,NL,sheffga01,Gary Sheffield,152,148,152,145,0,0,0,0,0,0,145,0,0,145,3,4,0
1999,TEX,AL,sheldsc01,Scott Sheldon,2,0,2,2,0,0,0,0,2,0,0,0,0,0,0,0,0
1999,CLE,AL,shueypa01,Paul Shuey,72,0,7,72,72,0,0,0,0,0,0,0,0,0,0,0,0
1999,PHI,NL,shumaan01,Anthony Shumaker,8,4,8,8,8,0,0,0,0,0,0,0,0,0,0,0,0
1999,COL,NL,shumpte01,Terry Shumpert,92,61,92,78,0,0,0,54,14,2,6,9,4,19,0,21,1
1999,PIT,NL,silvajo01,Jose Silva,34,10,32,34,34,0,0,0,0,0,0,0,0,0,0,0,0
1999,ANA,AL,silveda01,Dave Silvestri,3,3,3,3,0,0,0,1,0,1,1,0,0,1,0,0,0
1999,CHA,AL,simasbi01,Bill Simas,70,0,6,70,70,0,0,0,0,0,0,0,0,0,0,0,0
1999,CHA,AL,simmobr01,Brian Simmons,54,29,54,46,0,0,0,0,0,0,28,11,9,46,0,5,6
1999,TEX,AL,simmsmi01,Mike Simms,4,0,4,2,0,0,1,0,0,0,0,0,1,1,0,2,0
1999,ATL,NL,simonra01,Randall Simon,90,55,90,70,0,0,70,0,0,0,0,0,0,0,0,23,0
1999,SEA,AL,sinclst01,Steve Sinclair,18,0,1,18,18,0,0,0,0,0,0,0,0,0,0,0,0
1999,TOR,AL,sinclst01,Steve Sinclair,3,0,0,3,3,0,0,0,0,0,0,0,0,0,0,0,
1999,CHA,AL,singlch01,Chris Singleton,133,125,133,127,0,0,0,0,0,0,11,121,1,127,0,4,3
1999,CHA,AL,sirotmi01,Mike Sirotka,32,3,3,32,32,0,0,0,0,0,0,0,0,0,0,0,0
1999,SLN,NL,slocuhe01,Heathcliff Slocumb,40,0,38,40,40,0,0,0,0,0,0,0,0,0,0,0,0
1999,BAL,AL,slocuhe01,Heathcliff Slocumb,10,0,0,10,10,0,0,0,0,0,0,0,0,0,0,0,
1999,HOU,NL,slusajo01,Joe Slusarski,3,0,3,3,3,0,0,0,0,0,0,0,0,0,0,0,0
1999,MON,NL,smartjd01,J. D. Smart,29,0,28,29,29,0,0,0,0,0,0,0,0,0,0,0,0
1999,TBA,AL,smithbo06,Bob Smith,68,55,68,66,0,0,0,13,59,0,0,0,0,0,0,1,3
1999,MON,NL,smithda06,Dan Smith,20,16,19,20,20,0,0,0,0,0,0,0,0,0,0,0,0
1999,ATL,NL,smoltjo01,John Smoltz,29,29,29,29,29,0,0,0,0,0,0,0,0,0,0,0,0
1999,CHA,AL,snydejo02,John Snyder,25,0,0,25,25,0,0,0,0,0,0,0,0,0,0,0,
1999,SLN,NL,sodowcl01,Clint Sodowsky,3,1,3,3,3,0,0,0,0,0,0,0,0,0,0,0,0
1999,NYA,AL,soriaal01,Alfonso Soriano,9,1,9,1,0,0,0,0,0,1,0,0,0,0,0,0,8
1999,TBA,AL,sorrepa01,Paul Sorrento,99,84,99,82,0,0,27,0,0,0,57,0,0,57,8,11,3
1999,TBA,AL,sparkje01,Jeff Sparks,8,0,0,8,8,0,0,0,0,0,0,0,0,0,0,0,
1999,ANA,AL,sparkst01,Steve Sparks,29,1,3,28,28,0,0,0,0,0,0,0,0,0,0,0,1
1999,KCA,AL,spehrti01,Tim Spehr,60,53,60,59,0,59,0,0,0,0,0,0,0,0,0,1,0
1999,ATL,NL,speieju01,Justin Speier,19,0,18,19,19,0,0,0,0,0,0,0,0,0,0,0,0
1999,SEA,AL,spencse01,Sean Spencer,2,0,0,2,2,0,0,0,0,0,0,0,0,0,0,0,
1999,NYA,AL,spencsh01,Shane Spencer,71,54,71,64,0,0,0,0,0,0,46,0,22,64,2,8,6
1999,SDN,NL,spencst02,Stan Spencer,9,8,9,9,9,0,0,0,0,0,0,0,0,0,0,0,0
1999,HOU,NL,spierbi01,Bill Spiers,127,91,127,111,0,0,1,4,71,13,25,7,9,31,0,24,0
1999,OAK,AL,spiezsc01,Scott Spiezio,89,59,89,78,0,0,10,42,31,0,0,0,0,0,1,14,6
1999,TOR,AL,spoljpa01,Paul Spoljaric,37,0,2,37,37,0,0,0,0,0,0,0,0,0,0,0,0
1999,PHI,NL,spoljpa01,Paul Spoljaric,5,3,5,5,5,0,0,0,0,0,0,0,0,0,0,0,0
1999,SFN,NL,spradje01,Jerry Spradlin,59,0,55,59,59,0,0,0,0,0,0,0,0,0,0,0,0
1999,CLE,AL,spradje01,Jerry Spradlin,4,0,0,4,4,0,0,0,0,0,0,0,0,0,0,0,
1999,PIT,NL,spraged02,Ed Sprague,137,132,137,134,0,0,0,0,134,0,0,0,0,0,0,5,0
1999,FLO,NL,sprinde01,Dennis Springer,38,27,36,38,38,0,0,0,0,0,0,0,0,0,0,0,0
1999,ATL,NL,sprinru01,Russ Springer,49,0,46,49,49,0,0,0,0,0,0,0,0,0,0,0,0
1999,OAK,AL,stairma01,Matt Stairs,146,143,146,139,0,0,1,0,0,0,0,1,139,139,4,3,0
1999,BOS,AL,stanlmi02,Mike Stanley,136,112,136,111,0,0,111,0,0,0,0,0,0,0,12,23,0
1999,NYA,AL,stantmi02,Mike Stanton,73,0,5,73,73,0,0,0,0,0,0,0,0,0,0,0,0
1999,SEA,AL,starkde01,Denny Stark,5,0,1,5,5,0,0,0,0,0,0,0,0,0,0,0,0
1999,KCA,AL,steinbl01,Blake Stein,12,0,0,12,12,0,0,0,0,0,0,0,0,0,0,0,
1999,OAK,AL,steinbl01,Blake Stein,1,0,0,1,1,0,0,0,0,0,0,0,0,0,0,0,
1999,MIN,AL,steinte01,Terry Steinbach,101,96,101,96,0,96,0,0,0,0,0,0,0,0,0,5,0
1999,SLN,NL,stephga01,Garrett Stephenson,18,12,18,18,18,0,0,0,0,0,0,0,0,0,0,0,0
1999,CLE,AL,steveda01,Dave Stevens,5,0,0,5,5,0,0,0,0,0,0,0,0,0,0,0,
1999,TEX,AL,stevele01,Lee Stevens,146,138,146,133,0,0,133,0,0,0,0,0,0,0,8,6,0
1999,TOR,AL,stewash01,Shannon Stewart,145,144,145,143,0,0,0,0,0,0,141,7,0,143,2,0,1
1999,ARI,NL,stinnke01,Kelly Stinnett,88,79,88,86,0,86,0,0,0,0,0,0,0,0,0,4,0
1999,TBA,AL,stockke01,Kevin Stocker,79,73,79,76,0,0,0,0,0,76,0,0,0,0,0,3,1
1999,ARI,NL,stottto01,Todd Stottlemyre,17,17,17,17,17,0,0,0,0,0,0,0,0,0,0,0,0
1999,MON,NL,stowech01,Chris Stowers,4,0,4,2,0,0,0,0,0,0,0,1,1,2,0,1,2
1999,NYA,AL,strawda01,Darryl Strawberry,24,15,24,0,0,0,0,0,0,0,0,0,0,0,15,9,0
1999,MON,NL,stricsc01,Scott Strickland,17,0,17,17,17,0,0,0,0,0,0,0,0,0,0,0,0
1999,ATL,NL,stullev01,Everett Stull,1,0,1,1,1,0,0,0,0,0,0,0,0,0,0,0,0
1999,CHA,AL,sturtta01,Tanyon Sturtze,1,0,0,1,1,0,0,0,0,0,0,0,0,0,0,0,
1999,CIN,NL,stynech01,Chris Stynes,73,23,73,55,0,0,0,43,8,0,4,0,0,4,0,13,10
1999,CIN,NL,sullisc01,Scott Sullivan,79,0,76,79,79,0,0,0,0,0,0,0,0,0,0,0,0
1999,KCA,AL,suppaje01,Jeff Suppan,32,2,2,32,32,0,0,0,0,0,0,0,0,0,0,0,0
1999,BAL,AL,surhobj01,B. J. Surhoff,162,160,162,149,0,0,0,0,2,0,148,0,0,148,13,1,0
1999,KCA,AL,suttola01,Larry Sutton,43,27,43,31,0,0,30,0,0,0,0,0,1,1,4,11,0
1999,KCA,AL,suzukma01,Mac Suzuki,22,0,4,22,22,0,0,0,0,0,0,0,0,0,0,0,0
1999,SEA,AL,suzukma01,Mac Suzuki,16,0,1,16,16,0,0,0,0,0,0,0,0,0,0,0,0
1999,PIT,NL,sveumda01,Dale Sveum,49,11,49,22,0,0,4,2,12,4,1,0,0,1,0,32,0
1999,CIN,NL,sweenma01,Mark Sweeney,37,0,37,2,0,0,1,0,0,0,1,0,0,1,0,36,0
1999,KCA,AL,sweenmi01,Mike Sweeney,150,145,150,77,0,4,74,0,0,0,0,0,0,0,69,4,0
1999,ARI,NL,swindgr01,Greg Swindell,63,0,61,63,63,0,0,0,0,0,0,0,0,0,0,0,0
1999,CHN,NL,tapanke01,Kevin Tapani,23,22,22,23,23,0,0,0,0,0,0,0,0,0,0,0,0
1999,NYA,AL,tarasto01,Tony Tarasco,14,9,14,12,0,0,0,0,0,0,9,0,5,12,0,1,2
1999,SLN,NL,tatisfe01,Fernando Tatis,149,147,149,147,0,0,0,0,147,0,0,0,0,0,0,2,0
1999,CIN,NL,taubeed01,Ed Taubensee,126,110,126,124,0,124,0,0,0,0,0,0,0,0,0,7,0
1999,SFN,NL,tavarju01,Julian Tavarez,47,0,43,47,47,0,0,0,0,0,0,0,0,0,0,0,0
1999,NYN,NL,taylobi04,Billy Taylor,18,0,18,18,18,0,0,0,0,0,0,0,0,0,0,0,0
1999,OAK,AL,taylobi04,Billy Taylor,43,0,5,43,43,0,0,0,0,0,0,0,0,0,0,0,0
1999,OAK,AL,tejadmi01,Miguel Tejada,159,156,159,159,0,0,0,0,0,159,0,0,0,0,0,1,1
1999,FLO,NL,tejermi01,Michael Tejera,3,1,3,3,3,0,0,0,0,0,0,0,0,0,0,0,0
1999,PHI,NL,telemam01,Amaury Telemaco,44,0,41,44,44,0,0,0,0,0,0,0,0,0,0,0,0
1999,ARI,NL,telemam01,Amaury Telemaco,5,0,5,5,5,0,0,0,0,0,0,0,0,0,0,0,0
1999,MON,NL,telfoan01,Anthony Telford,79,0,76,79,79,0,0,0,0,0,0,0,0,0,0,0,0
1999,NYA,AL,tessmja01,Jay Tessmer,6,0,0,6,6,0,0,0,0,0,0,0,0,0,0,0,
1999,CHA,AL,thomafr04,Frank Thomas,135,132,135,50,0,0,50,0,0,0,0,0,0,0,82,3,0
1999,CLE,AL,thomeji01,Jim Thome,146,143,146,111,0,0,111,0,0,0,0,0,0,0,34,3,0
1999,DET,AL,thompju02,Justin Thompson,24,2,2,24,24,0,0,0,0,0,0,0,0,0,0,0,0
1999,SLN,NL,thompma01,Mark Thompson,5,5,5,5,5,0,0,0,0,0,0,0,0,0,0,0,0
1999,HOU,NL,thompry01,Ryan Thompson,12,3,12,10,0,0,0,0,0,0,2,5,3,10,0,6,0
1999,COL,NL,thomsjo01,John Thomson,14,13,14,14,14,0,0,0,0,0,0,0,0,0,0,0,0
1999,MON,NL,thurmmi01,Mike Thurman,29,24,26,29,29,0,0,0,0,0,0,0,0,0,0,0,0
1999,BAL,AL,timlimi01,Mike Timlin,62,0,4,62,62,0,0,0,0,0,0,0,0,0,0,0,0
1999,SEA,AL,timmooz01,Ozzie Timmons,26,10,26,18,0,0,1,0,0,0,12,0,5,17,2,9,3
1999,CIN,NL,tomkobr01,Brett Tomko,33,24,30,33,33,0,0,0,0,0,0,0,0,0,0,0,0
1999,CHN,NL,trachst01,Steve Trachsel,34,32,32,34,34,0,0,0,0,0,0,0,0,0,0,0,0
1999,TBA,AL,trammbu01,Bubba Trammell,82,77,82,74,0,0,0,0,0,0,61,0,20,74,5,5,0
1999,PIT,NL,tremich01,Chris Tremie,9,3,9,8,0,8,0,0,0,0,0,0,0,0,0,1,1
1999,MIN,AL,trombmi01,Mike Trombley,75,0,6,75,75,0,0,0,0,0,0,0,0,0,0,0,0
1999,CIN,NL,tuckemi01,Michael Tucker,133,66,133,114,0,0,0,0,0,0,0,13,107,114,0,25,4
1999,CLE,AL,turnech01,Chris Turner,12,6,12,12,0,12,0,0,0,0,0,0,0,0,0,0,0
1999,ANA,AL,unroeti01,Tim Unroe,27,13,27,16,0,0,0,1,3,0,4,0,8,12,1,7,5
1999,MON,NL,urbinug01,Ugueth Urbina,71,0,68,71,71,0,0,0,0,0,0,0,0,0,0,0,0
1999,LAN,NL,valdeis01,Ismael Valdez,32,30,30,32,32,0,0,0,0,0,0,0,0,0,0,0,0
1999,MIN,AL,valenja01,Javier Valentin,78,59,78,76,0,76,0,0,0,0,0,0,0,0,0,3,0
1999,BOS,AL,valenjo02,John Valentin,113,111,113,111,0,0,0,0,111,0,0,0,0,0,1,1,0
1999,MIL,NL,valenjo03,Jose Valentin,89,70,89,85,0,0,0,0,0,85,0,0,0,0,0,6,0
1999,SDN,NL,vandejo02,John Vander Wal,132,59,132,76,0,0,28,0,0,0,45,0,3,48,1,66,0
1999,BOS,AL,varitja01,Jason Varitek,144,131,144,140,0,140,0,0,0,0,0,0,0,0,1,8,0
1999,CIN,NL,vaughgr01,Greg Vaughn,153,150,153,144,0,0,0,0,0,0,144,0,0,144,6,3,0
1999,ANA,AL,vaughmo01,Mo Vaughn,139,139,139,72,0,0,72,0,0,0,0,0,0,0,67,0,0
1999,MON,NL,vazquja01,Javier Vazquez,26,25,25,26,26,0,0,0,0,0,0,0,0,0,0,0,0
1999,OAK,AL,velanjo01,Jorge Velandia,63,9,63,59,0,0,0,52,2,8,0,0,0,0,0,3,12
1999,OAK,AL,velarra01,Randy Velarde,61,61,61,61,0,0,0,61,0,0,0,0,0,0,0,0,0
1999,ANA,AL,velarra01,Randy Velarde,95,95,95,95,0,0,0,95,0,0,0,0,0,0,0,0,0
1999,TEX,AL,venafmi01,Mike Venafro,65,0,6,65,65,0,0,0,0,0,0,0,0,0,0,0,0
1999,NYN,NL,venturo01,Robin Ventura,161,157,161,160,0,0,1,0,160,0,0,0,0,0,0,2,0
1999,SDN,NL,verasqu01,Quilvio Veras,132,118,132,119,0,0,0,119,0,0,0,0,0,0,0,13,1
1999,BOS,AL,veraswi01,Wilton Veras,36,34,36,35,0,0,0,0,35,0,0,0,0,0,0,1,0
1999,COL,NL,veresda01,Dave Veres,73,0,70,73,73,0,0,0,0,0,0,0,0,0,0,0,0
1999,MON,NL,vidrojo01,Jose Vidro,140,122,140,131,0,0,14,121,2,0,3,0,0,3,0,15,1
1999,CIN,NL,villoro01,Ron Villone,29,20,27,29,29,0,0,0,0,0,0,0,0,0,0,0,0
1999,KCA,AL,vitiejo01,Joe Vitiello,13,11,13,10,0,0,10,0,0,0,0,0,0,0,2,1,0
1999,LAN,NL,vizcajo01,Jose Vizcaino,94,59,94,81,0,0,0,30,9,44,1,0,0,1,0,24,0
1999,OAK,AL,vizcalu01,Luis Vizcaino,1,0,0,1,1,0,0,0,0,0,0,0,0,0,0,0,
1999,CLE,AL,vizquom01,Omar Vizquel,144,140,144,143,0,0,0,0,0,143,0,0,1,1,0,2,0
1999,ARI,NL,vosbeed01,Ed Vosberg,4,0,4,4,4,0,0,0,0,0,0,0,0,0,0,0,0
1999,SDN,NL,vosbeed01,Ed Vosberg,15,0,15,15,15,0,0,0,0,0,0,0,0,0,0,0,0
1999,HOU,NL,wagnebi02,Billy Wagner,66,0,63,66,66,0,0,0,0,0,0,0,0,0,0,0,0
1999,CLE,AL,wagnepa01,Paul Wagner,3,0,0,3,3,0,0,0,0,0,0,0,0,0,0,0,
1999,COL,NL,wainhda01,Dave Wainhouse,19,0,19,19,19,0,0,0,0,0,0,0,0,0,0,0,0
1999,BOS,AL,wakefti01,Tim Wakefield,49,1,6,49,49,0,0,0,0,0,0,0,0,0,0,0,0
1999,ANA,AL,walbema01,Matt Walbeck,107,80,107,97,0,97,0,0,0,0,0,0,0,0,1,18,3
1999,COL,NL,walkela01,Larry Walker,127,111,127,114,0,0,0,0,0,0,0,0,114,114,1,15,0
1999,MIN,AL,walketo04,Todd Walker,143,133,143,103,0,0,0,103,0,0,0,0,0,0,34,9,0
1999,KCA,AL,wallade01,Derek Wallace,8,0,0,8,8,0,0,0,0,0,0,0,0,0,0,0,
1999,PIT,NL,wallaje01,Jeff Wallace,41,0,39,41,41,0,0,0,0,0,0,0,0,0,0,0,0
1999,BOS,AL,wasdijo01,John Wasdin,45,0,7,45,45,0,0,0,0,0,0,0,0,0,0,0,0
1999,ANA,AL,washbja01,Jarrod Washburn,16,0,1,16,16,0,0,0,0,0,0,0,0,0,0,0,0
1999,COL,NL,watkipa01,Pat Watkins,16,3,16,10,0,0,0,0,0,0,4,1,5,10,0,7,0
1999,NYN,NL,watsoal01,Allen Watson,14,4,13,14,14,0,0,0,0,0,0,0,0,0,0,0,0
1999,SEA,AL,watsoal01,Allen Watson,3,0,0,3,3,0,0,0,0,0,0,0,0,0,0,0,
1999,NYA,AL,watsoal01,Allen Watson,21,0,0,21,21,0,0,0,0,0,0,0,0,0,0,0,
1999,MIL,NL,weathda01,David Weathers,63,0,60,63,63,0,0,0,0,0,0,0,0,0,0,1,0
1999,SEA,AL,weaveer01,Eric Weaver,8,0,0,8,8,0,0,0,0,0,0,0,0,0,0,0,
1999,DET,AL,weaveje01,Jeff Weaver,31,2,3,30,30,0,0,0,0,0,0,0,0,0,0,0,1
1999,BOS,AL,webstle01,Lenny Webster,6,4,6,6,0,6,0,0,0,0,0,0,0,0,0,0,0
1999,BAL,AL,webstle01,Lenny Webster,16,12,16,12,0,12,0,0,0,0,0,0,0,0,1,4,0
1999,PIT,NL,wehnejo01,John Wehner,39,12,39,22,0,0,0,1,2,2,12,2,6,17,0,18,2
1999,ATL,NL,weisswa01,Walt Weiss,110,74,110,102,0,0,0,0,0,102,0,0,0,0,0,7,6
1999,MIN,AL,wellsbo01,Bob Wells,76,0,4,76,76,0,0,0,0,0,0,0,0,0,0,0,0
1999,TOR,AL,wellsda01,David Wells,34,2,2,34,34,0,0,0,0,0,0,0,0,0,0,0,0
1999,CHA,AL,wellski01,Kip Wells,7,0,0,7,7,0,0,0,0,0,0,0,0,0,0,0,
1999,TOR,AL,wellsve01,Vernon Wells,24,23,24,24,0,0,0,0,0,0,0,24,0,24,0,0,0
1999,NYN,NL,wendetu01,Turk Wendell,80,0,74,80,80,0,0,0,0,0,0,0,0,0,0,0,0
1999,KCA,AL,wengedo01,Don Wengert,11,0,0,11,11,0,0,0,0,0,0,0,0,0,0,0,
1999,TEX,AL,wettejo01,John Wetteland,62,0,5,62,62,0,0,0,0,0,0,0,0,0,0,0,0
1999,TBA,AL,wheelda01,Dan Wheeler,6,0,0,6,6,0,0,0,0,0,0,0,0,0,0,0,
1999,SDN,NL,whisema01,Matt Whisenant,19,0,19,19,19,0,0,0,0,0,0,0,0,0,0,0,0
1999,KCA,AL,whisema01,Matt Whisenant,48,0,4,48,48,0,0,0,0,0,0,0,0,0,0,0,0
1999,LAN,NL,whitede03,Devon White,134,122,134,128,0,0,0,0,0,0,0,128,0,128,1,9,0
1999,CIN,NL,whitega01,Gabe White,50,0,47,50,50,0,0,0,0,0,0,0,0,0,0,0,0
1999,CLE,AL,whitema01,Mark Whiten,8,7,8,7,0,0,0,0,0,0,5,2,0,7,0,1,0
1999,SDN,NL,whitema02,Matt Whiteside,10,0,10,10,10,0,0,0,0,0,0,0,0,0,0,0,0
1999,TBA,AL,whiteri01,Rick White,63,0,4,63,63,0,0,0,0,0,0,0,0,0,0,0,0
1999,MON,NL,whitero02,Rondell White,138,134,138,135,0,0,0,0,0,0,102,73,0,135,0,3,0
1999,MIL,NL,wickmbo01,Bob Wickman,71,0,67,71,71,0,0,0,0,0,0,0,0,0,0,0,0
1999,MON,NL,widgech01,Chris Widger,124,105,124,118,0,118,0,0,0,0,0,0,0,0,0,6,0
1999,PIT,NL,wilkima01,Marc Wilkins,46,0,44,46,46,0,0,0,0,0,0,0,0,0,0,0,0
1999,LAN,NL,wilkiri01,Rick Wilkins,3,0,3,1,0,1,0,0,0,0,0,0,0,0,0,3,0
1999,NYA,AL,willibe02,Bernie Williams,158,154,158,155,0,0,0,0,0,0,0,155,0,155,1,4,0
1999,HOU,NL,willibr01,Brian Williams,50,0,49,50,50,0,0,0,0,0,0,0,0,0,0,0,0
1999,ATL,NL,willige02,Gerald Williams,143,92,143,139,0,0,0,0,0,0,120,1,32,139,0,24,5
1999,LAN,NL,willije01,Jeff Williams,5,3,5,5,5,0,0,0,0,0,0,0,0,0,0,0,0
1999,ARI,NL,willima04,Matt Williams,154,151,154,153,0,0,0,0,153,0,0,0,0,0,0,1,0
1999,PIT,NL,willimi03,Mike Williams,58,0,55,58,58,0,0,0,0,0,0,0,0,0,0,0,0
1999,ANA,AL,willire02,Reggie Williams,30,15,30,24,0,0,0,0,0,0,4,3,18,24,0,5,6
1999,CIN,NL,willisc01,Scott Williamson,62,0,58,62,62,0,0,0,0,0,0,0,0,0,0,0,0
1999,SEA,AL,willito02,Todd Williams,13,0,0,13,13,0,0,0,0,0,0,0,0,0,0,0,
1999,SDN,NL,williwo02,Woody Williams,34,32,33,33,33,0,0,0,0,0,0,0,0,0,0,0,1
1999,CHA,AL,wilsocr02,Craig Wilson,98,66,98,96,0,0,1,7,72,22,0,0,0,0,0,5,5
1999,SEA,AL,wilsoda01,Dan Wilson,123,113,123,122,0,121,5,0,0,0,0,0,0,0,0,7,0
1999,CLE,AL,wilsoen01,Enrique Wilson,113,73,113,105,0,0,0,21,61,35,0,0,0,0,0,16,5
1999,FLO,NL,wilsopr01,Preston Wilson,149,128,149,136,0,0,0,0,0,0,23,111,15,136,0,13,1
1999,NYN,NL,wilsova01,Vance Wilson,1,0,1,1,0,1,0,0,0,0,0,0,0,0,0,0,0
1999,ATL,NL,winkejo01,Joe Winkelsas,1,0,1,1,1,0,0,0,0,0,0,0,0,0,0,0,0
1999,KCA,AL,witasja01,Jay Witasick,32,2,2,32,32,0,0,0,0,0,0,0,0,0,0,0,0
1999,ATL,NL,wohlema01,Mark Wohlers,2,0,2,2,2,0,0,0,0,0,0,0,0,0,0,0,0
1999,BOS,AL,wolcobo01,Bob Wolcott,4,0,0,4,4,0,0,0,0,0,0,0,0,0,0,0,
1999,ARI,NL,womacto01,Tony Womack,144,142,144,143,0,0,0,19,0,19,0,6,122,123,0,2,0
1999,CHN,NL,woodabr01,Brad Woodall,6,3,6,6,6,0,0,0,0,0,0,0,0,0,0,0,0
1999,MIL,NL,woodast01,Steve Woodard,31,27,29,31,31,0,0,0,0,0,0,0,0,0,0,0,0
1999,TOR,AL,woodwch01,Chris Woodward,14,6,14,12,0,0,0,0,2,10,0,0,0,0,0,1,3
1999,OAK,AL,worreti01,Tim Worrell,53,0,4,53,53,0,0,0,0,0,0,0,0,0,0,0,0
1999,COL,NL,wrighja01,Jamey Wright,16,16,16,16,16,0,0,0,0,0,0,0,0,0,0,0,0
1999,CLE,AL,wrighja02,Jaret Wright,26,1,1,26,26,0,0,0,0,0,0,0,0,0,0,0,0
1999,NYA,AL,yarnaed01,Ed Yarnall,5,0,0,5,5,0,0,0,0,0,0,0,0,0,0,0,
1999,NYN,NL,yoshima01,Masato Yoshii,31,27,29,31,31,0,0,0,0,0,0,0,0,0,0,0,0
1999,CIN,NL,youngdm01,Dmitri Young,127,88,127,99,0,0,9,0,0,0,23,0,75,91,1,33,0
1999,LAN,NL,younger01,Eric Young,119,116,119,117,0,0,0,117,0,0,0,0,0,0,0,2,0
1999,ARI,NL,younger02,Ernie Young,6,3,6,4,0,0,0,0,0,0,1,0,3,4,0,2,0
1999,PIT,NL,youngke01,Kevin Young,156,153,156,155,0,0,155,0,0,0,0,0,0,0,0,2,0
1999,TEX,AL,zeileto01,Todd Zeile,156,156,156,155,0,0,1,0,155,0,0,0,0,0,1,0,0
1999,TEX,AL,zimmeje02,Jeff Zimmerman,65,0,5,65,65,0,0,0,0,0,0,0,0,0,0,0,0
1999,SEA,AL,zimmejo01,Jordan Zimmerman,12,0,2,12,12,0,0,0,0,0,0,0,0,0,0,0,0
1999,MIL,NL,zoskyed01,Eddie Zosky,8,0,8,6,0,0,0,2,4,0,0,0,0,0,0,4,0
