2001,TBA,AL,coxst01,Steve Cox,108,83,108,86,0,0,78,0,0,0,6,0,2,8,4,18,0
2001,KCA,AL,dyeje01,Jermaine Dye,97,97,97,93,0,0,0,0,0,0,0,2,92,93,4,0,0
2001,OAK,AL,dyeje01,Jermaine Dye,61,61,61,61,0,0,0,0,0,0,0,0,61,61,0,0,0
2001,FLO,NL,foxan01,Andy Fox,54,17,54,25,0,0,0,2,9,12,1,1,0,2,0,30,3
2001,MIL,NL,foxch02,Chad Fox,65,0,61,65,65,0,0,0,0,0,0,0,0,0,0,0,0
2001,ANA,AL,gilbe01,Benji Gil,104,73,104,78,0,0,18,21,0,44,0,1,0,1,8,17,7
2001,BAL,AL,gilge01,Geronimo Gil,17,17,17,17,0,17,0,0,0,0,0,0,0,0,0,0,0
2001,ARI,NL,kimby01,Byung-Hyun Kim,78,0,74,78,78,0,0,0,0,0,0,0,0,0,0,0,0
2001,BOS,AL,kimsu01,Sun-Woo Kim,20,0,3,20,20,0,0,0,0,0,0,0,0,0,0,0,0
2001,CHA,AL,leeca01,Carlos Lee,150,144,150,130,0,0,0,0,0,0,130,0,0,130,15,6,0
2001,SDN,NL,leeda01,David Lee,41,0,38,41,41,0,0,0,0,0,0,0,0,0,0,0,0
2001,FLO,NL,leede02,Derrek Lee,158,146,158,156,0,0,156,0,0,0,0,0,0,0,0,5,1
2001,PHI,NL,leetr01,Travis Lee,157,150,157,156,0,0,156,0,0,0,0,0,0,0,0,4,0
2001,SFN,NL,nenro01,Robb Nen,79,0,75,79,79,0,0,0,0,0,0,0,0,0,0,0,0
2001,OAK,AL,tamje01,Jeff Tam,70,0,3,70,70,0,0,0,0,0,0,0,0,0,0,0,0
2001,TBA,AL,yanes01,Esteban Yan,54,0,2,54,54,0,0,0,0,0,0,0,0,0,0,0,0
2001,OAK,AL,abadan01,Andy Abad,1,0,1,1,0,0,1,0,0,0,0,0,0,0,0,1,0
2001,HOU,NL,aloumo01,Moises Alou,136,134,136,130,0,0,0,0,0,0,0,0,130,130,4,2,0
2001,LAN,NL,avenbr01,Bruce Aven,21,1,21,9,0,0,0,0,0,0,5,0,4,9,0,13,0
2001,FLO,NL,baezbe01,Benito Baez,8,0,8,8,8,0,0,0,0,0,0,0,0,0,0,0,0
2001,CLE,AL,baezda01,Danys Baez,43,0,4,43,43,0,0,0,0,0,0,0,0,0,0,0,0
2001,ATL,NL,bakopa01,Paul Bako,61,45,61,60,0,60,0,0,0,0,0,0,0,0,0,1,0
2001,BAL,AL,balejo01,John Bale,14,0,0,14,14,0,0,0,0,0,0,0,0,0,0,0,
2001,BOS,AL,beckro01,Rod Beck,68,0,4,68,68,0,0,0,0,0,0,0,0,0,0,0,0
2001,SEA,AL,bellda01,David Bell,135,121,135,134,0,0,2,0,134,0,0,0,0,0,0,3,0
2001,PIT,NL,bellde01,Derek Bell,46,42,46,46,0,0,0,0,0,0,5,1,43,46,0,1,0
2001,ARI,NL,bellja01,Jay Bell,129,114,129,115,0,0,0,80,40,0,0,0,0,0,3,13,1
2001,TEX,AL,bellro01,Rob Bell,18,0,0,18,18,0,0,0,0,0,0,0,0,0,0,0,
2001,CIN,NL,bellro01,Rob Bell,9,7,7,9,9,0,0,0,0,0,0,0,0,0,0,0,0
2001,CHN,NL,bereja01,Jason Bere,32,31,31,32,32,0,0,0,0,0,0,0,0,0,0,0,0
2001,FLO,NL,bergda01,Dave Berg,82,46,82,66,0,0,0,34,16,19,0,0,0,0,0,17,3
2001,MON,NL,blumge01,Geoff Blum,148,120,148,137,0,0,14,25,73,4,35,0,0,35,0,16,2
2001,BAL,AL,breale01,Leslie Brea,2,0,2,2,2,0,0,0,0,0,0,0,0,0,0,0,0
2001,TOR,AL,bushho01,Homer Bush,78,76,78,78,0,0,0,78,0,0,0,0,0,0,0,0,1
2001,KCA,AL,byrdpa01,Paul Byrd,16,1,2,16,16,0,0,0,0,0,0,0,0,0,0,0,0
2001,PHI,NL,byrdpa01,Paul Byrd,4,1,4,3,3,0,0,0,0,0,0,0,0,0,0,0,1
2001,PHI,NL,chenbr01,Bruce Chen,16,15,15,16,16,0,0,0,0,0,0,0,0,0,0,0,0
2001,NYN,NL,chenbr01,Bruce Chen,11,11,11,11,11,0,0,0,0,0,0,0,0,0,0,0,0
2001,TOR,AL,cocopa01,Pasqual Coco,7,0,0,7,7,0,0,0,0,0,0,0,0,0,0,0,
2001,BOS,AL,coneda01,David Cone,25,1,1,25,25,0,0,0,0,0,0,0,0,0,0,0,0
2001,PHI,NL,cookde01,Dennis Cook,19,0,19,19,19,0,0,0,0,0,0,0,0,0,0,0,0
2001,NYN,NL,cookde01,Dennis Cook,43,0,40,43,43,0,0,0,0,0,0,0,0,0,0,0,0
2001,LAN,NL,coraal01,Alex Cora,134,120,134,133,0,0,0,1,0,132,0,0,0,0,0,2,2
2001,PIT,NL,cotahu01,Humberto Cota,7,1,7,3,0,3,0,0,0,0,0,0,0,0,0,4,0
2001,DET,AL,cruzde01,Deivi Cruz,110,109,110,110,0,0,0,0,7,109,0,0,0,0,0,1,0
2001,COL,NL,cruzja01,Jacob Cruz,44,17,44,24,0,0,0,0,0,0,18,1,6,24,0,23,0
2001,CLE,AL,cruzja01,Jacob Cruz,28,13,28,22,0,0,0,0,0,0,3,15,5,22,0,10,2
2001,TOR,AL,cruzjo02,Jose Cruz,146,141,146,143,0,0,0,0,0,0,14,133,0,143,0,5,0
2001,CHN,NL,cruzju02,Juan Cruz,11,8,11,8,8,0,0,0,0,0,0,0,0,0,0,0,3
2001,HOU,NL,cruzne01,Nelson Cruz,66,0,62,66,66,0,0,0,0,0,0,0,0,0,0,0,0
2001,ARI,NL,custja01,Jack Cust,3,0,3,1,0,0,0,0,0,0,1,0,0,1,0,2,0
2001,PHI,NL,daalom01,Omar Daal,32,30,30,32,32,0,0,0,0,0,0,0,0,0,0,0,0
2001,SDN,NL,darrmi02,Mike Darr,105,73,105,93,0,0,0,0,0,0,5,29,69,93,0,10,8
2001,CLE,AL,diazei01,Einar Diaz,134,126,134,134,0,134,0,1,0,0,0,0,0,0,0,3,0
2001,SLN,NL,drewjd01,J. D. Drew,109,104,109,107,0,0,0,0,0,0,1,20,97,107,0,3,1
2001,CLE,AL,drewti01,Tim Drew,8,0,0,8,8,0,0,0,0,0,0,0,0,0,0,0,
2001,CIN,NL,dunnad01,Adam Dunn,66,63,66,63,0,0,0,0,0,0,30,0,38,63,0,3,0
2001,TOR,AL,eyresc01,Scott Eyre,17,0,0,17,17,0,0,0,0,0,0,0,0,0,0,0,
2001,DET,AL,fickro01,Robert Fick,124,102,124,103,0,78,26,0,0,0,0,0,8,8,7,20,0
2001,TOR,AL,filebo01,Bob File,60,0,4,60,60,0,0,0,0,0,0,0,0,0,0,0,0
2001,CHA,AL,foggjo01,Josh Fogg,11,0,0,11,11,0,0,0,0,0,0,0,0,0,0,0,
2001,TOR,AL,fryeje01,Jeff Frye,74,47,74,70,0,0,0,47,27,2,1,0,0,1,0,4,7
2001,COL,NL,gantro01,Ron Gant,59,48,59,51,0,0,0,0,0,0,51,0,0,51,0,11,0
2001,OAK,AL,gantro01,Ron Gant,34,19,34,11,0,0,0,0,0,0,11,0,0,11,11,13,1
2001,TBA,AL,hallto02,Toby Hall,49,46,49,46,0,46,0,0,0,0,0,0,0,0,0,3,0
2001,ANA,AL,hillgl01,Glenallen Hill,16,16,16,0,0,0,0,0,0,0,0,0,0,0,16,0,0
2001,TBA,AL,hillke01,Ken Hill,5,0,0,5,5,0,0,0,0,0,0,0,0,0,0,0,
2001,DET,AL,holtch01,Chris Holt,30,2,2,30,30,0,0,0,0,0,0,0,0,0,0,0,0
2001,TBA,AL,huffau01,Aubrey Huff,111,108,111,90,0,0,19,0,73,0,0,0,0,0,20,1,0
2001,DET,AL,ingebr01,Brandon Inge,79,60,79,79,0,79,0,0,0,0,0,0,0,0,0,0,4
2001,OAK,AL,jahajo01,John Jaha,12,12,12,0,0,0,0,0,0,0,0,0,0,0,12,0,0
2001,TEX,AL,juddmi01,Mike Judd,4,1,1,4,4,0,0,0,0,0,0,0,0,0,0,0,0
2001,TBA,AL,juddmi01,Mike Judd,8,0,0,8,8,0,0,0,0,0,0,0,0,0,0,0,
2001,SFN,NL,kentje01,Jeff Kent,159,156,159,159,0,0,30,140,0,0,0,0,0,0,0,1,0
2001,SLN,NL,kileda01,Darryl Kile,34,33,33,34,34,0,0,0,0,0,0,0,0,0,0,0,0
2001,MIL,NL,kingra01,Ray King,82,0,79,82,82,0,0,0,0,0,0,0,0,0,0,0,0
2001,TOR,AL,kochbi01,Billy Koch,69,0,3,69,69,0,0,0,0,0,0,0,0,0,0,0,0
2001,MIL,NL,kolbbr01,Brandon Kolb,10,0,10,10,10,0,0,0,0,0,0,0,0,0,0,0,0
2001,TEX,AL,kolbda01,Danny Kolb,17,0,0,17,17,0,0,0,0,0,0,0,0,0,0,0,
2001,TEX,AL,lambmi01,Mike Lamb,76,71,76,74,0,0,0,0,74,0,0,0,0,0,0,4,0
2001,HOU,NL,limajo01,Jose Lima,14,9,13,14,14,0,0,0,0,0,0,0,0,0,0,0,0
2001,DET,AL,limajo01,Jose Lima,18,1,1,18,18,0,0,0,0,0,0,0,0,0,0,0,0
2001,MON,NL,lirafe01,Felipe Lira,4,0,4,4,4,0,0,0,0,0,0,0,0,0,0,0,0
2001,OAK,AL,longte01,Terrence Long,162,158,162,162,0,0,0,0,0,0,62,74,28,162,0,3,0
2001,BOS,AL,lowede01,Derek Lowe,67,0,4,67,67,0,0,0,0,0,0,0,0,0,0,0,0
2001,CHA,AL,lowese01,Sean Lowe,45,1,3,45,45,0,0,0,0,0,0,0,0,0,0,0,0
2001,HOU,NL,lugoju01,Julio Lugo,140,125,140,136,0,0,0,2,0,133,6,0,2,8,0,8,0
2001,TOR,AL,lyonbr01,Brandon Lyon,11,0,0,11,11,0,0,0,0,0,0,0,0,0,0,0,
2001,HOU,NL,mannji01,Jim Mann,4,0,4,4,4,0,0,0,0,0,0,0,0,0,0,0,0
2001,MIN,AL,maysjo01,Joe Mays,34,1,1,34,34,0,0,0,0,0,0,0,0,0,0,0,0
2001,PHI,NL,mesajo01,Jose Mesa,71,0,68,71,71,0,0,0,0,0,0,0,0,0,0,0,0
2001,MIN,AL,mohrdu01,Dustan Mohr,20,16,20,19,0,0,0,0,0,0,6,0,15,19,0,1,0
2001,BAL,AL,morame01,Melvin Mora,128,119,128,123,0,0,0,1,0,44,0,88,0,88,0,2,4
2001,ATL,NL,mossda01,Damian Moss,5,1,5,5,5,0,0,0,0,0,0,0,0,0,0,0,0
2001,MON,NL,motagu01,Guillermo Mota,53,0,49,53,53,0,0,0,0,0,0,0,0,0,0,0,0
2001,CLE,AL,nagych01,Charles Nagy,15,1,1,15,15,0,0,0,0,0,0,0,0,0,0,0,0
2001,FLO,NL,nealbl01,Blaine Neal,4,0,4,4,4,0,0,0,0,0,0,0,0,0,0,0,0
2001,BOS,AL,nomohi01,Hideo Nomo,33,2,2,33,33,0,0,0,0,0,0,0,0,0,0,0,0
2001,BOS,AL,ohkato01,Tomo Ohka,12,1,1,12,12,0,0,0,0,0,0,0,0,0,0,0,0
2001,MON,NL,ohkato01,Tomo Ohka,10,10,10,10,10,0,0,0,0,0,0,0,0,0,0,0,0
2001,PIT,NL,osikke01,Keith Osik,56,32,56,49,0,39,5,2,3,0,0,0,1,1,0,9,0
2001,LAN,NL,parkch01,Chan Ho Park,36,33,34,36,36,0,0,0,0,0,0,0,0,0,0,0,0
2001,CHA,AL,pauljo01,Josh Paul,57,43,57,56,0,56,0,0,0,0,0,0,0,0,0,0,7
2001,LAN,NL,penaan01,Angel Peña,22,13,22,15,0,15,0,0,0,0,0,0,0,0,0,7,0
2001,TEX,AL,penaca01,Carlos Peña,22,17,22,16,0,0,16,0,0,0,0,0,0,0,1,5,0
2001,MIL,NL,penael01,Elvis Peña,15,8,15,11,0,0,0,11,0,0,0,0,0,0,0,4,1
2001,ANA,AL,potelo01,Lou Pote,44,0,5,44,44,0,0,0,0,0,0,0,0,0,0,0,0
2001,ANA,AL,rapppa01,Pat Rapp,31,2,2,31,31,0,0,0,0,0,0,0,0,0,0,0,0
2001,MIN,AL,reedri01,Rick Reed,12,0,0,12,12,0,0,0,0,0,0,0,0,0,0,0,
2001,NYN,NL,reedri01,Rick Reed,20,19,19,20,20,0,0,0,0,0,0,0,0,0,0,0,0
2001,ATL,NL,reedst01,Steve Reed,39,0,37,39,39,0,0,0,0,0,0,0,0,0,0,0,0
2001,CLE,AL,reedst01,Steve Reed,32,0,1,32,32,0,0,0,0,0,0,0,0,0,0,0,0
2001,CIN,NL,rijojo01,Jose Rijo,13,0,13,13,13,0,0,0,0,0,0,0,0,0,0,0,0
2001,PIT,NL,riosar01,Armando Rios,2,2,2,2,0,0,0,0,0,0,0,0,2,2,0,0,0
2001,SFN,NL,riosar01,Armando Rios,93,79,93,87,0,0,0,0,0,0,13,3,76,87,0,11,0
2001,TBA,AL,rosebr01,Brian Rose,7,0,0,7,7,0,0,0,0,0,0,0,0,0,0,0,
2001,NYN,NL,rosebr01,Brian Rose,3,0,3,3,3,0,0,0,0,0,0,0,0,0,0,0,0
2001,TBA,AL,rupery01,Ryan Rupe,28,1,1,28,28,0,0,0,0,0,0,0,0,0,0,0,0
2001,BAL,AL,ryanbj01,B. J. Ryan,61,0,4,61,61,0,0,0,0,0,0,0,0,0,0,0,0
2001,OAK,AL,ryanro02,Rob Ryan,7,0,7,5,0,0,0,0,0,0,0,4,1,5,0,5,0
2001,ARI,NL,ryanro02,Rob Ryan,1,0,1,0,0,0,0,0,0,0,0,0,0,0,0,1,0
2001,TBA,AL,seaybo01,Bobby Seay,12,0,0,12,12,0,0,0,0,0,0,0,0,0,0,0,
2001,SEA,AL,seleaa01,Aaron Sele,34,3,3,34,34,0,0,0,0,0,0,0,0,0,0,0,0
2001,LAN,NL,shawje01,Jeff Shaw,77,0,75,77,77,0,0,0,0,0,0,0,0,0,0,0,0
2001,SFN,NL,snowjt01,J. T. Snow,101,80,101,92,0,0,92,0,0,0,0,0,0,0,0,15,0
2001,NYA,AL,sojolu01,Luis Sojo,39,19,39,37,0,0,8,7,17,5,0,0,0,0,1,5,0
2001,ARI,NL,sosaju01,Juan Sosa,2,0,2,1,0,0,0,0,1,0,0,0,0,0,0,0,1
2001,CHN,NL,sosasa01,Sammy Sosa,160,160,160,160,0,0,0,0,0,0,0,0,160,160,0,0,0
2001,NYN,NL,tocajo01,Jorge Toca,13,1,13,5,0,0,3,0,0,0,2,0,0,2,0,8,1
2001,SLN,NL,vinafe01,Fernando Vina,154,150,154,152,0,0,0,152,0,0,0,0,0,0,0,2,0
2001,NYN,NL,walldo01,Donne Wall,33,0,32,32,32,0,0,0,0,0,0,0,0,0,0,0,1
2001,HOU,NL,wardda01,Daryle Ward,95,46,95,51,0,0,9,0,0,0,27,0,15,42,3,46,0
2001,PHI,NL,wardtu01,Turner Ward,17,0,17,0,0,0,0,0,0,0,0,0,0,0,0,17,0
2001,TBA,AL,winnra01,Randy Winn,128,108,128,117,0,0,0,0,0,0,9,48,62,117,2,7,6
2001,ANA,AL,wisema01,Matt Wise,11,0,0,11,11,0,0,0,0,0,0,0,0,0,0,0,
2001,ARI,NL,wittbo01,Bobby Witt,14,7,14,14,14,0,0,0,0,0,0,0,0,0,0,0,0
2001,SDN,NL,wittke01,Kevin Witt,14,6,14,9,0,0,9,0,0,0,0,0,0,0,0,3,2
2001,PHI,NL,wolfra02,Randy Wolf,28,23,25,28,28,0,0,0,0,0,0,0,0,0,0,0,0
2001,CHN,NL,woodke02,Kerry Wood,29,27,28,28,28,0,0,0,0,0,0,0,0,0,0,0,1
2001,KCA,AL,zaungr01,Gregg Zaun,39,33,39,35,0,35,0,0,0,0,0,0,0,0,2,6,0
2001,OAK,AL,zitoba01,Barry Zito,35,2,2,35,35,0,0,0,0,0,0,0,0,0,0,0,0
2001,FLO,NL,abbotje01,Jeff Abbott,28,8,28,17,0,0,0,0,0,0,1,9,8,17,0,9,7
2001,ATL,NL,abbotku01,Kurt Abbott,6,1,6,2,0,0,0,1,0,1,0,0,0,0,0,5,0
2001,SEA,AL,abbotpa01,Paul Abbott,28,2,2,28,28,0,0,0,0,0,0,0,0,0,0,0,0
2001,TBA,AL,abernbr01,Brent Abernathy,79,78,79,79,0,0,0,79,0,0,0,0,0,0,0,0,1
2001,PHI,NL,abreubo01,Bobby Abreu,162,159,162,162,0,0,0,0,0,0,0,0,162,162,0,3,0
2001,CIN,NL,acevejo01,Jose Acevedo,18,18,18,18,18,0,0,0,0,0,0,0,0,0,0,0,0
2001,COL,NL,aceveju01,Juan Acevedo,39,0,36,39,39,0,0,0,0,0,0,0,0,0,0,0,0
2001,FLO,NL,aceveju01,Juan Acevedo,20,0,20,20,20,0,0,0,0,0,0,0,0,0,0,0,0
2001,LAN,NL,adamste01,Terry Adams,43,20,41,43,43,0,0,0,0,0,0,0,0,0,0,0,0
2001,NYN,NL,agbaybe01,Benny Agbayani,91,82,91,84,0,0,0,0,0,0,84,0,0,84,0,8,0
2001,SFN,NL,ainswku01,Kurt Ainsworth,2,0,2,2,2,0,0,0,0,0,0,0,0,0,0,0,0
2001,BOS,AL,alcanis01,Israel Alcantara,14,10,14,12,0,0,4,0,0,0,6,0,2,8,1,2,0
2001,ATL,NL,aldrico01,Cory Aldridge,8,1,8,4,0,0,0,0,0,0,1,1,2,4,0,1,3
2001,FLO,NL,alfonan01,Antonio Alfonseca,58,0,54,58,58,0,0,0,0,0,0,0,0,0,0,0,0
2001,NYN,NL,alfoned01,Edgardo Alfonzo,124,119,124,122,0,0,0,122,0,0,0,0,0,0,0,2,1
2001,KCA,AL,alicelu01,Luis Alicea,113,91,113,84,0,0,0,67,18,0,0,0,0,0,18,21,1
2001,MIN,AL,allench01,Chad Allen,57,45,57,27,0,0,0,0,0,0,16,0,15,27,19,7,5
2001,FLO,NL,almanar01,Armando Almanza,52,0,49,52,52,0,0,0,0,0,0,0,0,0,0,0,0
2001,NYA,AL,almanca01,Carlos Almanzar,10,0,1,10,10,0,0,0,0,0,0,0,0,0,0,0,0
2001,NYA,AL,almoner01,Erick Almonte,8,0,8,4,0,0,0,0,0,4,0,0,0,0,0,0,4
2001,CLE,AL,alomaro01,Roberto Alomar,157,156,157,157,0,0,0,157,0,0,0,0,0,0,0,0,0
2001,CHA,AL,alomasa02,Sandy Alomar,70,63,70,69,0,69,0,0,0,0,0,0,0,0,0,4,0
2001,BAL,AL,anderbr01,Brady Anderson,131,112,131,121,0,0,0,0,0,0,57,6,66,121,3,6,6
2001,ARI,NL,anderbr02,Brian Anderson,33,20,31,29,29,0,0,0,0,0,0,0,0,0,0,1,3
2001,ANA,AL,anderga01,Garret Anderson,161,161,161,149,0,0,0,0,0,0,144,12,0,149,12,0,0
2001,PIT,NL,anderji02,Jimmy Anderson,34,32,32,34,34,0,0,0,0,0,0,0,0,0,0,0,0
2001,DET,AL,anderma01,Matt Anderson,62,0,4,62,62,0,0,0,0,0,0,0,0,0,0,0,0
2001,PHI,NL,anderma02,Marlon Anderson,147,138,147,140,0,0,0,140,0,0,0,0,0,0,0,8,0
2001,SLN,NL,ankieri01,Rick Ankiel,6,6,6,6,6,0,0,0,0,0,0,0,0,0,0,0,0
2001,NYN,NL,appieke01,Kevin Appier,33,31,31,33,33,0,0,0,0,0,0,0,0,0,0,0,0
2001,SDN,NL,ariasal01,Alex Arias,70,31,70,56,0,0,17,13,18,13,0,0,0,0,0,16,2
2001,MON,NL,armasto02,Tony Armas,34,32,32,34,34,0,0,0,0,0,0,0,0,0,0,0,0
2001,BOS,AL,arrojro01,Rolando Arrojo,41,2,3,41,41,0,0,0,0,0,0,0,0,0,0,0,0
2001,PIT,NL,arroybr01,Bronson Arroyo,24,12,23,24,24,0,0,0,0,0,0,0,0,0,0,0,0
2001,LAN,NL,ashbyan01,Andy Ashby,3,2,3,2,2,0,0,0,0,0,0,0,0,0,0,0,1
2001,COL,NL,astacpe01,Pedro Astacio,22,20,20,22,22,0,0,0,0,0,0,0,0,0,0,0,0
2001,HOU,NL,astacpe01,Pedro Astacio,4,4,4,4,4,0,0,0,0,0,0,0,0,0,0,0,0
2001,CIN,NL,atchlju01,Justin Atchley,15,0,14,15,15,0,0,0,0,0,0,0,0,0,0,0,0
2001,SFN,NL,aurilri01,Rich Aurilia,156,146,156,149,0,0,0,0,0,149,0,0,0,0,0,9,0
2001,HOU,NL,ausmubr01,Brad Ausmus,128,120,128,127,0,127,0,0,0,0,0,0,0,0,0,0,4
2001,KCA,AL,austije01,Jeff Austin,21,0,2,21,21,0,0,0,0,0,0,0,0,0,0,0,0
2001,CHN,NL,aybarma01,Manny Aybar,17,1,17,17,17,0,0,0,0,0,0,0,0,0,0,0,0
2001,CLE,AL,bacsimi02,Mike Bacsik,3,0,0,3,3,0,0,0,0,0,0,0,0,0,0,0,
2001,HOU,NL,bagweje01,Jeff Bagwell,161,159,161,160,0,0,160,0,0,0,0,0,0,0,0,2,0
2001,KCA,AL,baileco01,Cory Bailey,53,0,4,53,53,0,0,0,0,0,0,0,0,0,0,0,0
2001,CHA,AL,baineha01,Harold Baines,32,22,32,0,0,0,0,0,0,0,0,0,0,0,22,10,0
2001,CHA,AL,baldwja01,James Baldwin,17,1,1,17,17,0,0,0,0,0,0,0,0,0,0,0,0
2001,LAN,NL,baldwja01,James Baldwin,12,12,12,12,12,0,0,0,0,0,0,0,0,0,0,0,0
2001,MIN,AL,balfogr01,Grant Balfour,2,0,0,2,2,0,0,0,0,0,0,0,0,0,0,0,
2001,BOS,AL,bankswi01,Willie Banks,5,0,0,5,5,0,0,0,0,0,0,0,0,0,0,0,
2001,ARI,NL,barajro01,Rod Barajas,51,31,51,50,0,50,0,0,0,0,0,0,0,0,0,3,0
2001,CHA,AL,barcelo01,Lorenzo Barcelo,17,0,0,17,17,0,0,0,0,0,0,0,0,0,0,0,
2001,PIT,NL,barkean01,Andy Barkett,17,11,17,14,0,0,4,0,0,0,9,0,2,10,0,4,0
2001,HOU,NL,barkegl01,Glen Barker,70,5,70,60,0,0,0,0,0,0,0,60,0,60,0,5,30
2001,MIN,AL,barnejo01,John Barnes,9,6,9,9,0,0,0,0,0,0,3,0,6,9,0,0,0
2001,ANA,AL,barnela01,Larry Barnes,16,10,16,16,0,0,16,0,0,0,1,0,0,1,0,1,0
2001,MON,NL,barremi01,Michael Barrett,132,129,132,131,0,131,0,0,0,0,0,0,0,0,0,2,0
2001,COL,NL,barteki01,Kimera Bartee,12,3,12,10,0,0,0,0,0,0,9,2,0,10,0,2,1
2001,ARI,NL,batismi01,Miguel Batista,48,17,46,48,48,0,0,0,0,0,0,0,0,0,0,2,0
2001,TOR,AL,batisto01,Tony Batista,72,68,72,72,0,0,0,0,72,0,0,0,0,0,0,0,0
2001,BAL,AL,batisto01,Tony Batista,84,80,84,49,0,0,0,0,29,20,0,0,0,0,32,3,0
2001,BAL,AL,bauerri01,Rick Bauer,6,0,0,6,6,0,0,0,0,0,0,0,0,0,0,0,
2001,ARI,NL,bautida01,Danny Bautista,100,42,100,61,0,0,0,0,0,0,3,28,33,61,0,46,1
2001,FLO,NL,beckejo02,Josh Beckett,4,4,4,4,4,0,0,0,0,0,0,0,0,0,0,0,0
2001,PIT,NL,beimejo01,Joe Beimel,42,14,41,42,42,0,0,0,0,0,0,0,0,0,0,0,0
2001,TOR,AL,beirnke01,Kevin Beirne,5,0,0,5,5,0,0,0,0,0,0,0,0,0,0,0,
2001,COL,NL,belitto01,Todd Belitz,8,0,8,8,8,0,0,0,0,0,0,0,0,0,0,0,0
2001,OAK,AL,bellhma01,Mark Bellhorn,38,16,38,26,0,0,0,12,9,5,0,0,1,1,0,4,12
2001,NYA,AL,bellicl01,Clay Bellinger,51,22,51,47,0,0,6,0,17,2,13,10,2,25,0,3,7
2001,MIL,NL,belliro01,Ronnie Belliard,101,93,101,96,0,0,0,96,0,0,0,0,0,0,0,5,0
2001,LAN,NL,beltrad01,Adrian Beltre,126,122,126,125,0,0,0,0,124,2,0,0,0,0,0,2,1
2001,KCA,AL,beltrca01,Carlos Beltran,155,155,155,152,0,0,0,0,0,0,0,152,0,152,3,0,0
2001,SFN,NL,benarma01,Marvin Benard,129,85,129,109,0,0,0,0,0,0,15,75,37,109,0,30,0
2001,SLN,NL,benesal01,Alan Benes,9,1,9,9,9,0,0,0,0,0,0,0,0,0,0,0,0
2001,SLN,NL,benesan01,Andy Benes,27,18,26,27,27,0,0,0,0,0,0,0,0,0,0,0,0
2001,NYN,NL,benitar01,Armando Benitez,73,0,71,73,73,0,0,0,0,0,0,0,0,0,0,0,0
2001,NYN,NL,bennega01,Gary Bennett,1,0,1,0,0,0,0,0,0,0,0,0,0,0,0,1,0
2001,COL,NL,bennega01,Gary Bennett,19,15,19,19,0,19,0,0,0,0,0,0,0,0,0,0,2
2001,PHI,NL,bennega01,Gary Bennett,26,21,26,24,0,24,0,0,0,0,0,0,0,0,0,2,0
2001,TEX,AL,benoijo01,Joaquin Benoit,1,0,0,1,1,0,0,0,0,0,0,0,0,0,0,0,
2001,KCA,AL,bergebr01,Brandon Berger,6,5,6,5,0,0,0,0,0,0,5,0,0,5,0,0,1
2001,MON,NL,bergepe01,Peter Bergeron,102,97,102,101,0,0,0,0,0,0,0,101,0,101,0,1,0
2001,HOU,NL,berkmla01,Lance Berkman,156,153,156,155,0,0,0,0,0,0,128,40,7,155,0,3,0
2001,DET,AL,bernead01,Adam Bernero,5,0,0,5,5,0,0,0,0,0,0,0,0,0,0,0,
2001,KCA,AL,berroan01,Angel Berroa,15,12,15,14,0,0,0,0,0,14,0,0,0,0,0,0,1
2001,ATL,NL,betemwi01,Wilson Betemit,8,0,8,1,0,0,0,0,0,1,0,0,0,0,0,5,3
2001,BOS,AL,bicheda01,Dante Bichette,107,96,107,53,0,0,0,0,0,0,37,0,16,53,44,11,0
2001,CHA,AL,biddlro01,Rocky Biddle,30,1,1,30,30,0,0,0,0,0,0,0,0,0,0,0,0
2001,ARI,NL,bierbni01,Nick Bierbrodt,6,5,6,5,5,0,0,0,0,0,0,0,0,0,0,0,1
2001,TBA,AL,bierbni01,Nick Bierbrodt,11,0,0,11,11,0,0,0,0,0,0,0,0,0,0,0,
2001,BAL,AL,bigbila01,Larry Bigbie,47,33,47,40,0,0,0,0,0,0,5,19,17,40,0,8,1
2001,HOU,NL,biggicr01,Craig Biggio,155,153,155,154,0,0,0,154,0,0,0,0,0,0,1,1,0
2001,DET,AL,blairwi01,Willie Blair,9,1,3,9,9,0,0,0,0,0,0,0,0,0,0,0,0
2001,MIN,AL,blakeca01,Casey Blake,13,7,13,7,0,0,3,0,5,0,0,0,0,0,4,2,0
2001,BAL,AL,blakeca01,Casey Blake,6,3,6,5,0,0,5,0,0,0,0,0,0,0,0,0,1
2001,MIL,NL,blanche01,Henry Blanco,104,94,104,102,0,102,0,0,0,0,0,0,0,0,0,3,0
2001,MON,NL,blankma01,Matt Blank,5,3,4,5,5,0,0,0,0,0,0,0,0,0,0,0,0
2001,LAN,NL,bocachi01,Hiram Bocachica,75,24,75,38,0,0,0,19,8,0,10,0,3,13,0,36,7
2001,NYA,AL,boehrbr01,Brian Boehringer,22,0,1,22,22,0,0,0,0,0,0,0,0,0,0,0,0
2001,SFN,NL,boehrbr01,Brian Boehringer,29,0,25,29,29,0,0,0,0,0,0,0,0,0,0,0,0
2001,LAN,NL,bogarti01,Tim Bogar,12,2,12,6,0,0,3,0,1,2,0,0,0,0,0,7,0
2001,COL,NL,bohanbr01,Brian Bohanon,21,18,20,20,20,0,0,0,0,0,0,0,0,0,0,1,0
2001,SFN,NL,bondsba01,Barry Bonds,153,147,153,143,0,0,0,0,0,0,143,0,0,143,6,5,0
2001,FLO,NL,bonesri01,Ricky Bones,61,0,59,61,61,0,0,0,0,0,0,0,0,0,0,0,0
2001,SLN,NL,bonilbo01,Bobby Bonilla,93,33,93,42,1,0,33,0,0,0,4,0,6,10,2,54,0
2001,CIN,NL,booneaa01,Aaron Boone,103,101,103,103,0,0,0,0,103,0,0,0,0,0,0,0,1
2001,SEA,AL,boonebr01,Bret Boone,158,154,158,156,0,0,0,156,0,0,0,0,0,0,2,3,0
2001,TOR,AL,borbope02,Pedro Borbon,71,0,4,71,71,0,0,0,0,0,0,0,0,0,0,0,0
2001,SEA,AL,bordepa01,Pat Borders,5,1,5,5,0,5,0,0,0,0,0,0,0,0,0,1,0
2001,BAL,AL,bordimi01,Mike Bordick,58,58,58,58,0,0,0,0,0,58,0,0,0,0,0,0,0
2001,DET,AL,borkoda01,Dave Borkowski,15,0,1,15,15,0,0,0,0,0,0,0,0,0,0,0,0
2001,ANA,AL,borlato02,Toby Borland,2,0,0,2,2,0,0,0,0,0,0,0,0,0,0,0,
2001,CHN,NL,borowjo01,Joe Borowski,1,1,1,1,1,0,0,0,0,0,0,0,0,0,0,0,0
2001,PHI,NL,bottari01,Ricky Bottalico,66,0,64,66,66,0,0,0,0,0,0,0,0,0,0,0,0
2001,HOU,NL,botteke01,Kent Bottenfield,13,8,12,13,13,0,0,0,0,0,0,0,0,0,0,0,0
2001,TOR,AL,bowlebr01,Brian Bowles,2,0,0,2,2,0,0,0,0,0,0,0,0,0,0,0,
2001,OAK,AL,bradfch01,Chad Bradford,35,0,2,35,35,0,0,0,0,0,0,0,0,0,0,0,0
2001,CLE,AL,bradlmi01,Milton Bradley,10,3,10,9,0,0,0,0,0,0,0,8,1,9,0,1,1
2001,MON,NL,bradlmi01,Milton Bradley,67,61,67,65,0,0,0,0,0,0,13,52,2,65,0,2,2
2001,NYN,NL,braggda01,Darren Bragg,18,13,18,16,0,0,0,0,0,0,8,2,10,16,0,4,0
2001,NYA,AL,braggda01,Darren Bragg,5,0,5,3,0,0,0,0,0,0,0,0,3,3,0,2,2
2001,LAN,NL,bransje01,Jeff Branson,13,3,13,9,0,0,0,6,1,2,0,0,0,0,0,5,0
2001,TEX,AL,brantje01,Jeff Brantley,18,0,0,18,18,0,0,0,0,0,0,0,0,0,0,0,
2001,CLE,AL,branyru01,Russell Branyan,113,85,113,97,0,0,0,0,72,0,31,0,2,33,4,11,6
2001,PHI,NL,brockch01,Chris Brock,24,0,23,24,24,0,0,0,0,0,0,0,0,0,0,0,0
2001,ATL,NL,brognri01,Rico Brogna,72,54,72,67,0,0,67,0,0,0,0,0,0,0,0,7,0
2001,ARI,NL,brohatr01,Troy Brohawn,59,0,57,59,59,0,0,0,0,0,0,0,0,0,0,0,0
2001,NYA,AL,brosisc01,Scott Brosius,120,120,120,120,0,0,0,0,120,0,0,2,0,2,0,0,0
2001,CIN,NL,broweji01,Jim Brower,48,10,45,46,46,0,0,0,0,0,0,0,0,0,0,0,2
2001,PIT,NL,brownad01,Adrian Brown,8,7,8,7,0,0,0,0,0,0,0,7,0,7,0,1,0
2001,KCA,AL,brownde02,Dee Brown,106,99,106,83,0,0,0,0,0,0,77,4,3,83,20,5,0
2001,SDN,NL,brownem01,Emil Brown,13,3,13,11,0,0,0,0,0,0,4,6,2,11,0,1,4
2001,PIT,NL,brownem01,Emil Brown,61,27,61,54,0,0,0,0,0,0,2,51,2,54,0,15,3
2001,LAN,NL,brownke01,Kevin Brown,20,19,20,20,20,0,0,0,0,0,0,0,0,0,0,0,0
2001,MIL,NL,brownke04,Kevin Brown,17,11,17,16,0,16,0,0,0,0,0,0,0,0,0,1,0
2001,CHN,NL,brownro01,Roosevelt Brown,39,17,39,22,0,0,0,0,0,0,21,1,3,22,3,15,1
2001,COL,NL,brumbcl01,Cliff Brumbaugh,14,8,14,11,0,0,0,0,0,0,4,0,8,11,0,5,0
2001,TEX,AL,brumbcl01,Cliff Brumbaugh,7,4,7,6,0,0,0,0,0,0,2,0,4,6,0,0,1
2001,MIN,AL,buchabr01,Brian Buchanan,69,54,69,46,0,0,0,0,0,0,7,0,39,46,18,11,1
2001,MIL,NL,buddimi01,Mike Buddie,31,0,31,31,31,0,0,0,0,0,0,0,0,0,0,0,0
2001,CHA,AL,buehrma01,Mark Buehrle,32,1,1,32,32,0,0,0,0,0,0,0,0,0,0,0,0
2001,CHN,NL,buforda01,Damon Buford,35,23,35,34,0,0,0,0,0,0,0,33,1,34,0,1,0
2001,SEA,AL,buhneja01,Jay Buhner,19,12,19,12,0,0,0,0,0,0,10,0,2,12,2,5,0
2001,CLE,AL,burbada01,Dave Burba,32,2,3,32,32,0,0,0,0,0,0,0,0,0,0,0,0
2001,ANA,AL,burkeja02,Jamie Burke,9,0,9,9,0,8,1,0,0,0,0,0,0,0,0,3,0
2001,ATL,NL,burkejo03,John Burkett,34,32,32,34,34,0,0,0,0,0,0,0,0,0,0,0,0
2001,BOS,AL,burkhmo01,Morgan Burkhart,11,7,11,5,0,0,5,0,0,0,0,0,0,0,3,3,0
2001,CLE,AL,burksel01,Ellis Burks,124,121,124,20,0,0,0,0,0,0,18,0,2,20,102,3,0
2001,FLO,NL,burneaj01,A. J. Burnett,27,25,25,27,27,0,0,0,0,0,0,0,0,0,0,0,0
2001,MIL,NL,burnije01,Jeromy Burnitz,154,153,154,154,0,0,0,0,0,0,0,0,154,154,0,1,0
2001,PHI,NL,burrepa01,Pat Burrell,155,148,155,146,0,0,0,0,0,0,146,0,0,146,5,6,0
2001,COL,NL,butlebr02,Brent Butler,53,26,53,38,0,0,0,23,9,10,0,0,0,0,0,18,1
2001,OAK,AL,byrneer01,Eric Byrnes,19,8,19,12,0,0,0,0,0,0,8,2,5,12,0,3,5
2001,ATL,NL,cabrejo01,Jose Cabrera,55,0,53,55,55,0,0,0,0,0,0,0,0,0,0,0,0
2001,CLE,AL,cabrejo02,Jolbert Cabrera,141,56,141,135,0,0,0,28,27,14,36,35,18,83,0,15,12
2001,MON,NL,cabreor01,Orlando Cabrera,162,160,162,162,0,0,0,0,0,162,0,0,0,0,0,0,0
2001,SLN,NL,cairomi01,Miguel Cairo,27,3,27,13,0,0,1,5,3,1,6,0,0,6,0,20,1
2001,CHN,NL,cairomi01,Miguel Cairo,66,28,66,51,0,0,0,11,40,1,0,0,0,0,0,20,6
2001,TBA,AL,callami01,Mickey Callaway,2,0,0,2,2,0,0,0,0,0,0,0,0,0,0,0,
2001,SEA,AL,camermi01,Mike Cameron,150,141,150,149,0,0,0,0,0,0,0,149,0,149,1,1,1
2001,TEX,AL,caminke01,Ken Caminiti,54,51,54,53,0,0,0,0,53,0,0,0,0,0,0,2,0
2001,ATL,NL,caminke01,Ken Caminiti,64,46,64,46,0,0,33,0,13,0,0,0,0,0,1,17,0
2001,CHA,AL,cansejo01,Jose Canseco,76,70,76,2,0,0,0,0,0,0,0,0,2,2,68,6,0
2001,DET,AL,cardoja01,Javier Cardona,46,30,46,44,0,44,0,0,0,0,0,0,0,0,0,2,1
2001,TOR,AL,carpech01,Chris Carpenter,34,3,3,34,34,0,0,0,0,0,0,0,0,0,0,0,0
2001,LAN,NL,carragi01,Giovanni Carrara,47,3,44,47,47,0,0,0,0,0,0,0,0,0,0,0,0
2001,MIN,AL,carrahe01,Hector Carrasco,56,0,3,56,56,0,0,0,0,0,0,0,0,0,0,0,0
2001,MIL,NL,casanra01,Raul Casanova,71,49,71,56,0,56,0,0,0,0,0,0,0,0,1,18,0
2001,CIN,NL,caseyse01,Sean Casey,145,137,145,136,0,0,136,0,0,0,0,0,0,0,3,8,0
2001,TOR,AL,castial01,Alberto Castillo,66,44,66,66,0,66,0,0,0,0,0,0,0,0,0,0,0
2001,BOS,AL,castica02,Carlos Castillo,2,0,0,2,2,0,0,0,0,0,0,0,0,0,0,0,
2001,BOS,AL,castifr01,Frank Castillo,26,1,1,26,26,0,0,0,0,0,0,0,0,0,0,0,0
2001,FLO,NL,castilu01,Luis Castillo,134,131,134,133,0,0,0,133,0,0,0,0,0,0,0,1,0
2001,TBA,AL,castivi02,Vinny Castilla,24,24,24,24,0,0,0,0,24,0,0,0,0,0,0,0,0
2001,HOU,NL,castivi02,Vinny Castilla,122,119,122,121,0,0,0,0,121,3,0,0,0,0,0,1,0
2001,CIN,NL,castrju01,Juan Castro,96,57,96,88,0,0,1,37,19,46,0,0,0,0,0,12,7
2001,FLO,NL,castrra01,Ramon Castro,7,1,7,3,0,3,0,0,0,0,0,0,0,0,0,4,0
2001,TEX,AL,catalfr01,Frank Catalanotto,133,106,133,115,0,0,5,13,11,0,78,0,15,92,4,25,0
2001,DET,AL,cedenro01,Roger Cedeno,131,127,131,121,0,0,0,0,0,0,0,67,56,121,6,0,4
2001,COL,NL,chacosh01,Shawn Chacon,27,26,26,27,27,0,0,0,0,0,0,0,0,0,0,0,0
2001,SEA,AL,charlno01,Norm Charlton,44,0,1,44,44,0,0,0,0,0,0,0,0,0,0,0,0
2001,KCA,AL,chaveen01,Endy Chavez,29,16,29,28,0,0,0,0,0,0,22,5,2,28,0,0,3
2001,OAK,AL,chaveer01,Eric Chavez,151,147,151,149,0,0,1,0,149,1,0,0,0,0,1,3,0
2001,CHN,NL,chiassc01,Scott Chiasson,6,0,6,6,6,0,0,0,0,0,0,0,0,0,0,0,0
2001,NYA,AL,choatra01,Randy Choate,37,0,5,37,37,0,0,0,0,0,0,0,0,0,0,0,0
2001,COL,NL,chouibo01,Bobby Chouinard,8,0,8,8,8,0,0,0,0,0,0,0,0,0,0,0,0
2001,SFN,NL,chrisja01,Jason Christiansen,25,0,25,25,25,0,0,0,0,0,0,0,0,0,0,0,0
2001,SLN,NL,chrisja01,Jason Christiansen,30,0,28,30,30,0,0,0,0,0,0,0,0,0,0,0,0
2001,CHA,AL,chrismc01,McKay Christensen,7,1,7,6,0,0,0,0,0,0,0,6,0,6,0,1,2
2001,LAN,NL,chrismc01,McKay Christensen,28,10,28,14,0,0,0,0,0,0,3,11,0,14,0,7,8
2001,ARI,NL,chrisry01,Ryan Christenson,19,0,19,5,0,0,0,0,0,0,4,1,0,5,0,3,11
2001,OAK,AL,chrisry01,Ryan Christenson,7,0,7,4,0,0,0,0,0,0,1,1,3,4,0,2,3
2001,COL,NL,christi01,Tim Christman,1,0,1,1,1,0,0,0,0,0,0,0,0,0,0,0,0
2001,ARI,NL,cintral01,Alex Cintron,8,0,8,7,0,0,0,0,0,7,0,0,0,0,0,1,1
2001,COL,NL,cirilje01,Jeff Cirillo,138,137,138,137,0,0,0,0,137,0,0,0,0,0,0,1,0
2001,SLN,NL,clappst01,Stubby Clapp,23,2,23,8,0,0,0,4,0,0,4,0,0,4,0,17,1
2001,CIN,NL,clarkbr02,Brady Clark,89,18,89,43,0,0,0,0,0,0,26,7,14,43,0,61,1
2001,DET,AL,clarkje02,Jermaine Clark,3,0,3,0,0,0,0,0,0,0,0,0,0,0,0,0,3
2001,DET,AL,clarkto02,Tony Clark,126,116,126,78,0,0,78,0,0,0,0,0,0,0,41,10,0
2001,CHA,AL,claytro01,Royce Clayton,135,126,135,133,0,0,0,0,0,133,0,0,0,0,0,1,5
2001,FLO,NL,clemema01,Matt Clement,32,30,31,31,31,0,0,0,0,0,0,0,0,0,0,1,0
2001,NYA,AL,clemero02,Roger Clemens,33,1,1,33,33,0,0,0,0,0,0,0,0,0,0,0,0
2001,KCA,AL,coganto01,Tony Cogan,39,0,4,39,39,0,0,0,0,0,0,0,0,0,0,0,0
2001,PHI,NL,coggida01,Dave Coggin,17,17,17,17,17,0,0,0,0,0,0,0,0,0,0,0,0
2001,SDN,NL,colanmi01,Mike Colangelo,50,16,50,40,0,0,0,0,0,0,25,14,4,40,0,17,1
2001,ARI,NL,colbrgr01,Greg Colbrunn,59,17,59,24,0,0,14,0,10,0,0,0,0,0,0,37,0
2001,NYA,AL,colemmi01,Michael Coleman,12,10,12,9,0,0,0,0,0,0,1,7,3,9,3,0,1
2001,MIL,NL,collilo01,Lou Collier,50,28,50,38,0,0,0,0,16,0,12,11,0,23,0,12,2
2001,TBA,AL,colomje01,Jesus Colome,30,0,0,30,30,0,0,0,0,0,0,0,0,0,0,0,
2001,CLE,AL,colonba01,Bartolo Colon,34,2,2,34,34,0,0,0,0,0,0,0,0,0,0,0,0
2001,BAL,AL,coninje01,Jeff Conine,139,137,139,126,0,0,80,0,17,0,22,0,16,36,11,2,0
2001,ARI,NL,contija01,Jason Conti,5,0,5,1,0,0,0,0,0,0,0,0,1,1,0,4,0
2001,MIL,NL,coolbmi01,Mike Coolbaugh,39,14,39,29,0,0,0,0,27,3,0,0,0,0,0,12,0
2001,CHN,NL,coomero01,Ron Coomer,111,87,111,100,0,0,36,0,76,0,0,0,0,0,1,17,0
2001,ANA,AL,coopebr01,Brian Cooper,7,0,0,7,7,0,0,0,0,0,0,0,0,0,0,0,
2001,MIL,NL,coppiro01,Rocky Coppinger,8,3,8,8,8,0,0,0,0,0,0,0,0,0,0,0,0
2001,TEX,AL,cordefr01,Francisco Cordero,3,0,0,3,3,0,0,0,0,0,0,0,0,0,0,0,
2001,CLE,AL,cordewi01,Wil Cordero,89,67,89,70,0,0,22,0,0,0,49,0,4,51,10,12,2
2001,CLE,AL,cordoma01,Marty Cordova,122,105,122,107,0,0,0,0,0,0,83,2,31,107,7,11,0
2001,NYN,NL,coreyma02,Mark Corey,2,0,2,2,2,0,0,0,0,0,0,0,0,0,0,0,0
2001,PHI,NL,cormirh01,Rheal Cormier,60,0,55,60,60,0,0,0,0,0,0,0,0,0,0,0,0
2001,DET,AL,cornena01,Nate Cornejo,10,0,0,10,10,0,0,0,0,0,0,0,0,0,0,0,
2001,ARI,NL,counscr01,Craig Counsell,141,113,141,131,0,0,2,55,38,58,0,0,0,0,0,13,5
2001,TEX,AL,crabtti01,Tim Crabtree,21,0,3,21,21,0,0,0,0,0,0,0,0,0,0,0,0
2001,BOS,AL,crawfpa02,Paxton Crawford,8,0,0,8,8,0,0,0,0,0,0,0,0,0,0,0,
2001,CHA,AL,credejo01,Joe Crede,17,13,17,15,0,0,0,0,15,0,0,0,0,0,0,4,0
2001,TBA,AL,creekdo01,Doug Creek,66,0,4,66,66,0,0,0,0,0,0,0,0,0,0,0,0
2001,SDN,NL,crespce01,Cesar Crespo,55,39,55,53,0,0,0,34,2,1,6,11,2,18,0,2,2
2001,SFN,NL,crespfe01,Felipe Crespo,40,11,40,19,0,0,16,2,0,0,0,0,1,1,0,23,0
2001,PHI,NL,crespfe01,Felipe Crespo,33,3,33,7,0,0,2,1,0,0,4,0,0,4,0,29,0
2001,MIN,AL,cressja01,Jack Cressend,44,0,6,44,44,0,0,0,0,0,0,0,0,0,0,0,0
2001,CIN,NL,cromedt01,D. T. Cromer,50,5,50,8,0,0,8,0,0,0,0,0,0,0,1,42,0
2001,MON,NL,cubilda01,Darwin Cubillan,29,0,26,29,29,0,0,0,0,0,0,0,0,0,0,0,0
2001,MIN,AL,cuddymi01,Michael Cuddyer,8,6,8,7,0,0,5,0,2,0,0,0,0,0,1,0,0
2001,ARI,NL,cummimi01,Midre Cummings,20,0,20,4,0,0,0,0,0,0,3,0,1,4,0,17,1
2001,MIL,NL,cunnawi01,Will Cunnane,32,1,31,31,31,0,0,0,0,0,0,0,0,0,0,0,1
2001,TEX,AL,curtich01,Chad Curtis,38,33,38,33,0,0,0,0,0,0,10,16,9,33,2,3,2
2001,CHA,AL,dalesma01,Mark Dalesandro,1,0,1,1,0,1,0,0,0,0,0,0,0,0,0,0,0
2001,MIL,NL,damicje01,Jeff D'Amico,10,10,10,10,10,0,0,0,0,0,0,0,0,0,0,0,0
2001,OAK,AL,damonjo01,Johnny Damon,155,152,155,154,0,0,0,0,0,0,67,86,5,154,0,1,1
2001,FLO,NL,darenvi01,Vic Darensbourg,59,0,55,58,58,0,0,0,0,0,0,0,0,0,0,0,1
2001,BOS,AL,daubabr01,Brian Daubach,122,113,122,119,0,0,106,0,0,0,6,0,8,14,0,5,1
2001,ANA,AL,davanje02,Jeff DaVanon,40,25,40,29,0,0,0,0,0,0,0,13,17,29,3,5,6
2001,COL,NL,davenjo01,Joe Davenport,7,0,7,7,7,0,0,0,0,0,0,0,0,0,0,0,0
2001,SDN,NL,daveyto01,Tom Davey,39,0,37,39,39,0,0,0,0,0,0,0,0,0,0,0,0
2001,SDN,NL,davisbe01,Ben Davis,138,123,138,137,0,135,2,0,0,0,0,0,0,0,0,4,0
2001,TEX,AL,davisdo02,Doug Davis,30,2,2,30,30,0,0,0,0,0,0,0,0,0,0,0,0
2001,SFN,NL,daviser01,Eric Davis,74,35,74,48,0,0,0,0,0,0,0,0,48,48,1,31,0
2001,COL,NL,daviska01,Kane Davis,57,0,57,57,57,0,0,0,0,0,0,0,0,0,0,0,0
2001,CIN,NL,davisla01,Lance Davis,21,19,20,20,20,0,0,0,0,0,0,0,0,0,0,0,1
2001,SFN,NL,davisru01,Russ Davis,53,47,53,46,0,0,0,0,46,0,0,0,0,0,1,6,0
2001,MIL,NL,dejeami01,Mike DeJean,75,0,72,75,75,0,0,0,0,0,0,0,0,0,0,0,0
2001,MON,NL,delarto01,Tomas de la Rosa,1,0,1,0,0,0,0,0,0,0,0,0,0,0,0,1,0
2001,TOR,AL,delgaca01,Carlos Delgado,162,161,162,161,0,0,161,0,0,0,0,0,0,0,0,1,0
2001,KCA,AL,delgawi01,Wilson Delgado,14,6,14,11,0,0,0,2,3,6,0,0,0,0,0,5,0
2001,ARI,NL,delluda01,David Dellucci,115,40,115,58,0,0,0,0,0,0,8,18,35,58,0,67,0
2001,MIL,NL,delosva01,Valerio De Los Santos,1,0,1,1,1,0,0,0,0,0,0,0,0,0,0,0,0
2001,FLO,NL,dempsry01,Ryan Dempster,34,32,32,34,34,0,0,0,0,0,0,0,0,0,0,0,0
2001,ATL,NL,derosma01,Mark DeRosa,66,44,66,54,0,0,0,5,1,48,1,0,0,1,2,7,9
2001,CHN,NL,deshide01,Delino DeShields,68,40,68,53,0,0,1,16,5,0,33,0,0,33,0,21,0
2001,BAL,AL,deshide01,Delino DeShields,58,52,58,47,0,0,0,0,0,0,46,1,0,47,7,3,1
2001,CIN,NL,desseel01,Elmer Dessens,35,32,33,34,34,0,0,0,0,0,0,0,0,0,0,1,0
2001,TOR,AL,dewitma01,Matt DeWitt,16,0,0,16,16,0,0,0,0,0,0,0,0,0,0,0,
2001,TEX,AL,dickera01,R. A. Dickey,4,0,0,4,4,0,0,0,0,0,0,0,0,0,0,0,
2001,TBA,AL,difelmi01,Mike Difelice,48,46,48,48,0,48,0,0,0,0,0,0,0,0,0,0,0
2001,ARI,NL,difelmi01,Mike Difelice,12,7,12,12,0,12,0,0,0,0,0,0,0,0,0,0,0
2001,COL,NL,dingmcr01,Craig Dingman,7,0,7,7,7,0,0,0,0,0,0,0,0,0,0,0,0
2001,LAN,NL,donnech01,Chris Donnels,66,16,66,22,1,0,7,0,14,0,0,0,0,0,0,44,0
2001,HOU,NL,doteloc01,Octavio Dotel,61,4,57,61,61,0,0,0,0,0,0,0,0,0,0,0,0
2001,BAL,AL,douglse01,Sean Douglass,4,0,0,4,4,0,0,0,0,0,0,0,0,0,0,0,
2001,TEX,AL,dranske01,Kelly Dransfeldt,4,0,4,4,0,0,0,0,1,3,0,0,0,0,0,1,0
2001,LAN,NL,dreifda01,Darren Dreifort,16,16,16,16,16,0,0,0,0,0,0,0,0,0,0,0,0
2001,CLE,AL,dresery01,Ryan Drese,9,0,0,9,9,0,0,0,0,0,0,0,0,0,0,0,
2001,PHI,NL,duceyro01,Rob Ducey,30,2,30,3,0,0,0,0,0,0,1,1,1,3,0,27,0
2001,MON,NL,duceyro01,Rob Ducey,27,12,27,14,0,0,0,0,0,0,9,3,3,14,2,11,2
2001,TEX,AL,duchsju01,Justin Duchscherer,5,0,0,5,5,0,0,0,0,0,0,0,0,0,0,0,
2001,PHI,NL,duckwbr01,Brandon Duckworth,11,11,11,11,11,0,0,0,0,0,0,0,0,0,0,0,0
2001,CHN,NL,duncaco01,Courtney Duncan,36,0,35,36,36,0,0,0,0,0,0,0,0,0,0,0,0
2001,SFN,NL,dunstsh01,Shawon Dunston,88,35,88,61,0,0,1,0,0,0,12,23,26,60,1,36,1
2001,CHN,NL,dunwoto01,Todd Dunwoody,33,13,33,26,0,0,0,0,0,0,15,6,7,26,0,7,2
2001,ARI,NL,durazer01,Erubiel Durazo,92,34,92,40,0,0,38,0,0,0,0,0,2,2,6,49,0
2001,KCA,AL,durbich01,Chad Durbin,29,1,1,29,29,0,0,0,0,0,0,0,0,0,0,0,0
2001,CHA,AL,durhara01,Ray Durham,152,149,152,150,0,0,0,150,0,0,0,0,0,0,1,3,0
2001,MIN,AL,duvalmi01,Mike Duvall,8,0,0,8,8,0,0,0,0,0,0,0,0,0,0,0,
2001,DET,AL,easleda01,Damion Easley,154,153,154,153,0,0,0,153,0,0,0,0,0,0,0,0,1
2001,SDN,NL,eatonad01,Adam Eaton,23,17,23,17,17,0,0,0,0,0,0,0,0,0,0,1,5
2001,MIL,NL,echevan01,Angel Echevarria,75,22,75,33,0,0,10,0,0,0,19,0,5,23,1,42,2
2001,ANA,AL,eckstda01,David Eckstein,153,146,153,138,0,0,0,14,0,126,0,0,0,0,14,2,0
2001,SLN,NL,edmonji01,Jim Edmonds,150,142,150,148,0,0,2,0,0,0,0,147,0,147,0,5,1
2001,MON,NL,eischjo01,Joey Eischen,24,0,24,24,24,0,0,0,0,0,0,0,0,0,0,0,0
2001,HOU,NL,elartsc01,Scott Elarton,20,18,18,20,20,0,0,0,0,0,0,0,0,0,0,0,0
2001,COL,NL,elartsc01,Scott Elarton,4,4,4,4,4,0,0,0,0,0,0,0,0,0,0,0,0
2001,CHA,AL,eldreca01,Cal Eldred,2,0,0,2,2,0,0,0,0,0,0,0,0,0,0,0,
2001,ARI,NL,ellisro02,Robert Ellis,19,15,17,19,19,0,0,0,0,0,0,0,0,0,0,0,0
2001,SFN,NL,embreal01,Alan Embree,22,0,22,22,22,0,0,0,0,0,0,0,0,0,0,0,0
2001,CHA,AL,embreal01,Alan Embree,39,0,0,39,39,0,0,0,0,0,0,0,0,0,0,0,
2001,DET,AL,encarju01,Juan Encarnacion,120,115,120,116,0,0,0,0,0,0,0,56,63,116,1,2,2
2001,COL,NL,encarma01,Mario Encarnacion,20,16,20,20,0,0,0,0,0,0,14,0,6,20,0,0,0
2001,BOS,AL,erdosto01,Todd Erdos,10,0,0,10,10,0,0,0,0,0,0,0,0,0,0,0,
2001,ANA,AL,erstada01,Darin Erstad,157,157,157,153,0,0,12,0,0,0,0,146,0,146,4,0,0
2001,NYN,NL,escobal01,Alex Escobar,18,13,18,15,0,0,0,0,0,0,0,9,7,15,0,2,3
2001,TOR,AL,escobke01,Kelvim Escobar,59,0,6,59,59,0,0,0,0,0,0,0,0,0,0,0,0
2001,NYA,AL,estalbo02,Bobby Estalella,3,1,3,3,0,3,0,0,0,0,0,0,0,0,0,0,0
2001,SFN,NL,estalbo02,Bobby Estalella,29,28,29,28,0,28,0,0,0,0,0,0,0,0,0,1,0
2001,SFN,NL,estessh01,Shawn Estes,27,25,25,27,27,0,0,0,0,0,0,0,0,0,0,0,0
2001,COL,NL,estraho01,Horacio Estrada,4,0,4,4,4,0,0,0,0,0,0,0,0,0,0,0,0
2001,PHI,NL,estrajo01,Johnny Estrada,89,80,89,89,0,89,0,0,0,0,0,0,0,0,0,5,0
2001,HOU,NL,eusebto01,Tony Eusebio,59,40,59,48,0,48,0,0,0,0,0,0,0,0,0,13,0
2001,HOU,NL,everead01,Adam Everett,9,0,9,6,0,0,0,0,0,6,0,0,0,0,0,3,4
2001,BOS,AL,evereca01,Carl Everett,102,99,102,93,0,0,0,0,0,0,0,84,9,93,7,3,0
2001,ANA,AL,fabrejo01,Jorge Fabregas,53,42,53,53,0,53,0,0,0,0,0,0,0,0,0,0,0
2001,CHN,NL,farnsky01,Kyle Farnsworth,76,0,72,76,76,0,0,0,0,0,0,0,0,0,0,0,0
2001,KCA,AL,fasansa01,Sal Fasano,3,0,3,3,0,3,0,0,0,0,0,0,0,0,0,0,0
2001,COL,NL,fasansa01,Sal Fasano,25,19,25,25,0,25,0,0,0,0,0,0,0,0,0,0,0
2001,OAK,AL,fasansa01,Sal Fasano,11,6,11,9,0,9,0,0,0,0,0,0,0,0,0,2,0
2001,CHN,NL,fasseje01,Jeff Fassero,82,0,78,82,82,0,0,0,0,0,0,0,0,0,0,0,0
2001,KCA,AL,febleca01,Carlos Febles,79,73,79,78,0,0,0,78,0,0,0,0,0,0,0,0,3
2001,SFN,NL,felizpe01,Pedro Feliz,94,51,94,86,0,0,0,0,86,0,0,0,0,0,0,14,0
2001,CIN,NL,fernaja01,Jared Fernandez,5,2,5,5,5,0,0,0,0,0,0,0,0,0,0,0,0
2001,ANA,AL,fernajo01,Jose Fernandez,13,7,13,3,0,0,2,0,1,0,0,0,0,0,7,3,2
2001,CIN,NL,fernaos01,Osvaldo Fernandez,20,12,18,20,20,0,0,0,0,0,0,0,0,0,0,0,0
2001,MIL,NL,fernato01,Tony Fernandez,28,13,28,13,0,0,0,0,13,0,0,0,0,0,0,15,0
2001,TOR,AL,fernato01,Tony Fernandez,48,3,48,0,0,0,0,0,0,0,0,0,0,0,3,45,0
2001,PIT,NL,fettemi01,Mike Fetters,20,0,20,20,20,0,0,0,0,0,0,0,0,0,0,0,0
2001,LAN,NL,fettemi01,Mike Fetters,34,0,31,34,34,0,0,0,0,0,0,0,0,0,0,0,0
2001,PIT,NL,figuelu01,Luis Figueroa,4,0,4,3,0,0,0,3,0,0,0,0,0,0,0,1,0
2001,PHI,NL,figuene01,Nelson Figueroa,19,12,18,19,19,0,0,0,0,0,0,0,0,0,0,0,0
2001,SDN,NL,fikacje01,Jeremy Fikac,23,0,23,23,23,0,0,0,0,0,0,0,0,0,0,0,0
2001,CLE,AL,finlech01,Chuck Finley,22,0,0,22,22,0,0,0,0,0,0,0,0,0,0,0,
2001,ARI,NL,finlest01,Steve Finley,140,124,140,131,1,0,0,0,0,0,0,131,0,131,0,13,0
2001,MIN,AL,fioreto01,Tony Fiore,4,0,0,4,4,0,0,0,0,0,0,0,0,0,0,0,
2001,TBA,AL,fioreto01,Tony Fiore,3,0,0,3,3,0,0,0,0,0,0,0,0,0,0,0,
2001,TBA,AL,flahejo01,John Flaherty,78,69,78,78,0,78,0,0,0,0,0,0,0,0,0,0,0
2001,TOR,AL,fletcda01,Darrin Fletcher,134,114,134,129,0,129,0,0,0,0,0,0,0,0,0,11,0
2001,BOS,AL,floribr01,Bryce Florie,7,0,2,7,7,0,0,0,0,0,0,0,0,0,0,0,0
2001,FLO,NL,floydcl01,Cliff Floyd,149,143,149,142,0,0,0,0,0,0,142,0,0,142,3,4,1
2001,PHI,NL,forbepj01,P. J. Forbes,3,1,3,1,0,0,0,1,0,0,0,0,0,0,0,2,0
2001,BAL,AL,fordybr01,Brook Fordyce,95,89,95,95,0,95,0,0,0,0,0,0,0,0,0,0,0
2001,BOS,AL,fossuca01,Casey Fossum,13,0,0,13,13,0,0,0,0,0,0,0,0,0,0,0,
2001,TEX,AL,fosteke01,Kevin Foster,9,0,1,9,9,0,0,0,0,0,0,0,0,0,0,0,0
2001,BAL,AL,fostekr01,Kris Foster,7,0,0,7,7,0,0,0,0,0,0,0,0,0,0,0,
2001,CHA,AL,foulkke01,Keith Foulke,72,0,4,72,72,0,0,0,0,0,0,0,0,0,0,0,0
2001,NYN,NL,francjo01,John Franco,58,0,56,58,58,0,0,0,0,0,0,0,0,0,0,0,0
2001,ATL,NL,francju01,Julio Franco,25,22,25,23,0,0,23,0,0,0,0,0,0,0,0,3,0
2001,SEA,AL,frankry01,Ryan Franklin,38,0,2,38,38,0,0,0,0,0,0,0,0,0,0,0,0
2001,HOU,NL,frankwa01,Wayne Franklin,11,0,11,11,11,0,0,0,0,0,0,0,0,0,0,0,0
2001,TOR,AL,frascjo01,John Frascatore,12,0,0,12,12,0,0,0,0,0,0,0,0,0,0,0,
2001,TOR,AL,freelry01,Ryan Freel,9,6,9,7,0,0,0,7,0,0,1,0,0,1,0,0,2
2001,CLE,AL,frymatr01,Travis Fryman,98,95,98,96,0,0,0,0,96,1,0,0,0,0,1,1,1
2001,SEA,AL,fuentbr01,Brian Fuentes,10,0,1,10,10,0,0,0,0,0,0,0,0,0,0,0,0
2001,TOR,AL,fullmbr01,Brad Fullmer,146,136,146,1,0,0,1,0,0,0,0,0,0,0,135,10,0
2001,SFN,NL,fultzaa01,Aaron Fultz,66,0,62,66,66,0,0,0,0,0,0,0,0,0,0,0,0
2001,ATL,NL,furcara01,Rafael Furcal,79,79,79,79,0,0,0,0,0,79,0,0,0,0,0,0,0
2001,CHN,NL,fyhrimi01,Mike Fyhrie,15,0,15,15,15,0,0,0,0,0,0,0,0,0,0,0,0
2001,OAK,AL,fyhrimi01,Mike Fyhrie,3,0,0,3,3,0,0,0,0,0,0,0,0,0,0,0,
2001,LAN,NL,gagneer01,Eric Gagne,33,24,33,33,33,0,0,0,0,0,0,0,0,0,0,0,0
2001,TEX,AL,galaran01,Andres Galarraga,72,63,72,25,0,0,25,0,0,0,0,0,0,0,38,9,0
2001,SFN,NL,galaran01,Andres Galarraga,49,36,49,41,0,0,41,0,0,0,0,0,0,0,0,10,0
2001,MIL,NL,gandagu01,Gus Gandarillas,16,0,16,16,16,0,0,0,0,0,0,0,0,0,0,0,0
2001,BOS,AL,garceri01,Rich Garces,62,0,3,62,62,0,0,0,0,0,0,0,0,0,0,0,0
2001,SEA,AL,garcifr02,Freddy Garcia,34,2,2,34,34,0,0,0,0,0,0,0,0,0,0,0,0
2001,ATL,NL,garcije01,Jesse Garcia,22,0,22,6,0,0,0,4,0,2,0,0,0,0,0,2,18
2001,CLE,AL,garcika01,Karim Garcia,20,12,20,20,0,0,2,0,0,0,6,0,13,18,0,0,0
2001,BOS,AL,garcino01,Nomar Garciaparra,21,21,21,21,0,0,0,0,0,21,0,0,0,0,0,0,0
2001,SFN,NL,gardnma01,Mark Gardner,23,14,22,23,23,0,0,0,0,0,0,0,0,0,0,0,0
2001,CHA,AL,garlajo01,Jon Garland,35,1,4,35,35,0,0,0,0,0,0,0,0,0,0,0,0
2001,KCA,AL,georgch02,Chris George,13,0,0,13,13,0,0,0,0,0,0,0,0,0,0,0,
2001,OAK,AL,giambja01,Jason Giambi,154,153,154,136,0,0,136,0,0,0,0,0,0,0,17,1,0
2001,OAK,AL,giambje01,Jeremy Giambi,124,103,124,57,0,0,10,0,0,0,11,0,37,47,55,20,0
2001,BAL,AL,gibboja01,Jay Gibbons,73,57,73,34,0,0,7,0,0,0,28,0,0,28,27,12,0
2001,PIT,NL,gilesbr02,Brian Giles,160,160,160,160,0,0,0,0,0,0,125,61,0,160,0,0,0
2001,ATL,NL,gilesma01,Marcus Giles,68,59,68,62,0,0,0,62,0,0,0,0,0,0,0,7,2
2001,ATL,NL,gilkebe01,Bernard Gilkey,69,18,69,36,0,0,0,0,0,0,28,0,8,36,0,36,2
2001,HOU,NL,ginteke01,Keith Ginter,1,0,1,0,0,0,0,0,0,0,0,0,0,0,0,1,0
2001,CHA,AL,gintema01,Matt Ginter,20,0,2,20,20,0,0,0,0,0,0,0,0,0,0,0,0
2001,SEA,AL,gipsoch01,Charles Gipson,94,14,94,77,0,0,0,1,9,6,41,14,11,65,0,5,28
2001,CHN,NL,girarjo01,Joe Girardi,78,61,78,71,0,71,0,0,0,0,0,0,0,0,0,10,0
2001,PHI,NL,glanvdo01,Doug Glanville,153,147,153,150,0,0,0,0,0,0,0,150,0,150,0,4,0
2001,ANA,AL,glaustr01,Troy Glaus,161,160,161,159,0,0,0,0,159,2,0,0,0,0,2,0,1
2001,ATL,NL,glavito02,Tom Glavine,35,32,32,35,35,0,0,0,0,0,0,0,0,0,0,0,0
2001,CHA,AL,glovega01,Gary Glover,46,0,4,46,46,0,0,0,0,0,0,0,0,0,0,0,0
2001,TEX,AL,glynnry01,Ryan Glynn,12,0,0,12,12,0,0,0,0,0,0,0,0,0,0,0,
2001,PHI,NL,gomeswa01,Wayne Gomes,42,0,41,42,42,0,0,0,0,0,0,0,0,0,0,0,0
2001,SFN,NL,gomeswa01,Wayne Gomes,13,0,13,13,13,0,0,0,0,0,0,0,0,0,0,0,0
2001,SDN,NL,gomezch02,Chris Gomez,40,31,40,39,0,0,0,8,0,36,0,0,0,0,0,2,0
2001,TBA,AL,gomezch02,Chris Gomez,58,55,58,58,0,0,0,0,0,58,0,0,0,0,0,0,0
2001,TOR,AL,gonzaal01,Alex Gonzalez,154,153,154,154,0,0,0,0,0,154,0,0,0,0,0,0,0
2001,FLO,NL,gonzaal02,Alex Gonzalez,145,139,145,142,0,0,0,0,0,142,0,0,0,0,0,2,1
2001,NYN,NL,gonzadi01,Dicky Gonzalez,16,7,15,16,16,0,0,0,0,0,0,0,0,0,0,0,0
2001,CLE,AL,gonzaju03,Juan Gonzalez,140,140,140,119,0,0,0,0,0,0,0,0,119,119,21,0,0
2001,ARI,NL,gonzalu01,Luis Gonzalez,162,161,162,161,0,0,0,0,0,0,161,0,0,161,0,1,0
2001,CIN,NL,gonzara01,Raul Gonzalez,11,2,11,2,0,0,0,0,0,0,2,0,0,2,0,8,1
2001,SDN,NL,gonzawi01,Wiki Gonzalez,64,38,64,47,0,47,0,0,0,0,0,0,0,0,1,19,0
2001,LAN,NL,goodwto01,Tom Goodwin,105,69,105,78,0,0,0,0,0,0,8,70,0,78,0,17,11
2001,CHN,NL,gordoto01,Tom Gordon,47,0,45,47,47,0,0,0,0,0,0,0,0,0,0,0,0
2001,ARI,NL,gracema01,Mark Grace,145,127,145,135,0,0,135,0,0,0,0,0,0,0,0,10,0
2001,CHA,AL,graffto01,Tony Graffanino,74,28,74,63,0,0,1,20,38,5,3,0,0,3,0,18,8
2001,CIN,NL,graveda01,Danny Graves,66,0,63,66,66,0,0,0,0,0,0,0,0,0,0,0,0
2001,BOS,AL,grebecr01,Craig Grebeck,23,12,23,23,0,0,0,0,0,23,0,0,0,0,0,0,0
2001,LAN,NL,greensh01,Shawn Green,161,160,161,160,0,0,1,0,0,0,0,2,159,159,0,1,0
2001,ANA,AL,greenst01,Steve Green,1,0,0,1,1,0,0,0,0,0,0,0,0,0,0,0,
2001,NYA,AL,greento02,Todd Greene,35,25,35,34,0,34,0,0,0,0,0,0,0,0,1,0,1
2001,TEX,AL,greerru01,Rusty Greer,62,59,62,60,0,0,0,0,0,0,60,0,0,60,0,2,0
2001,TBA,AL,grievbe01,Ben Grieve,154,150,154,120,0,0,0,0,0,0,56,0,64,120,32,2,0
2001,CIN,NL,griffke02,Ken Griffey,111,92,111,90,0,0,0,0,0,0,0,90,0,90,2,19,0
2001,FLO,NL,grillja01,Jason Grilli,6,5,6,6,6,0,0,0,0,0,0,0,0,0,0,0,0
2001,KCA,AL,grimsja01,Jason Grimsley,73,0,5,73,73,0,0,0,0,0,0,0,0,0,0,0,0
2001,LAN,NL,grissma02,Marquis Grissom,135,102,135,123,0,0,0,0,0,0,26,95,3,123,1,21,2
2001,BAL,AL,groombu01,Buddy Groom,70,0,4,70,70,0,0,0,0,0,0,0,0,0,0,0,0
2001,LAN,NL,grudzma01,Mark Grudzielanek,133,131,133,133,0,0,0,133,0,0,0,0,0,0,0,0,0
2001,MIN,AL,guarded01,Eddie Guardado,67,0,2,67,67,0,0,0,0,0,0,0,0,0,0,0,0
2001,MON,NL,guerrvl01,Vladimir Guerrero,159,159,159,159,0,0,0,0,0,0,0,0,159,159,0,0,0
2001,CIN,NL,guerrwi01,Wilton Guerrero,60,26,60,36,0,0,0,11,4,16,6,0,0,6,0,27,2
2001,SEA,AL,guillca01,Carlos Guillen,140,123,140,137,0,0,0,0,0,137,0,0,0,0,0,6,1
2001,TBA,AL,guilljo01,Jose Guillen,41,35,41,36,0,0,0,0,0,0,0,0,36,36,0,5,0
2001,FLO,NL,gulanmi01,Mike Gulan,6,1,6,1,0,0,0,0,1,0,0,0,0,0,0,5,0
2001,OAK,AL,guthrma01,Mark Guthrie,54,0,4,54,54,0,0,0,0,0,0,0,0,0,0,0,0
2001,CHN,NL,gutieri01,Ricky Gutierrez,147,140,147,144,0,0,0,0,0,144,0,0,0,0,0,5,0
2001,MIN,AL,guzmacr01,Cristian Guzman,118,115,118,118,0,0,0,0,0,118,0,0,0,0,0,2,0
2001,SFN,NL,guzmaed01,Edwards Guzman,61,19,61,43,0,26,7,3,7,0,2,0,0,2,0,23,1
2001,ARI,NL,guzmage01,Geraldo Guzman,4,0,4,4,4,0,0,0,0,0,0,0,0,0,0,0,0
2001,SDN,NL,gwynnto01,Tony Gwynn,71,17,71,17,0,0,0,0,0,0,0,0,17,17,1,53,0
2001,SLN,NL,hackmlu01,Luther Hackman,35,0,34,35,35,0,0,0,0,0,0,0,0,0,0,0,0
2001,BAL,AL,hairsje02,Jerry Hairston,159,154,159,156,0,0,0,156,0,0,0,0,0,0,0,0,3
2001,SEA,AL,halamjo01,John Halama,31,1,1,31,31,0,0,0,0,0,0,0,0,0,0,0,0
2001,TOR,AL,hallaro01,Roy Halladay,17,1,1,17,17,0,0,0,0,0,0,0,0,0,0,0,0
2001,DET,AL,haltesh01,Shane Halter,136,127,136,135,0,0,8,0,74,62,0,0,0,0,1,0,1
2001,NYN,NL,hamilda02,Darryl Hamilton,52,32,52,37,0,0,0,0,0,0,24,11,3,37,0,18,0
2001,TOR,AL,hamiljo02,Joey Hamilton,22,1,1,22,22,0,0,0,0,0,0,0,0,0,0,0,0
2001,CIN,NL,hamiljo02,Joey Hamilton,4,4,4,4,4,0,0,0,0,0,0,0,0,0,0,0,0
2001,MIL,NL,hammoje01,Jeffrey Hammonds,49,46,49,46,0,0,0,0,0,0,0,46,0,46,0,1,2
2001,COL,NL,hamptmi01,Mike Hampton,43,31,42,32,32,0,0,0,0,0,0,0,0,0,0,3,8
2001,LAN,NL,hanseda01,Dave Hansen,92,30,92,43,0,0,25,0,21,0,0,0,0,0,1,55,0
2001,CIN,NL,harnipe01,Pete Harnisch,8,7,8,7,7,0,0,0,0,0,0,0,0,0,0,0,1
2001,TBA,AL,harpetr01,Travis Harper,2,0,0,2,2,0,0,0,0,0,0,0,0,0,0,0,
2001,NYN,NL,harrile01,Lenny Harris,110,11,110,27,0,0,7,1,11,0,5,0,3,8,1,95,0
2001,BAL,AL,harriwi01,Willie Harris,9,7,9,8,0,0,0,0,0,0,0,8,0,8,0,1,1
2001,KCA,AL,harveke01,Ken Harvey,4,4,4,3,0,0,3,0,0,0,0,0,0,0,1,0,0
2001,OAK,AL,harvich01,Chad Harville,3,0,0,3,3,0,0,0,0,0,0,0,0,0,0,0,
2001,ANA,AL,hasegsh01,Shigetoshi Hasegawa,46,0,1,46,46,0,0,0,0,0,0,0,0,0,0,0,0
2001,TEX,AL,haselbi01,Bill Haselman,47,35,47,47,0,47,0,0,0,0,0,0,0,0,0,1,0
2001,BOS,AL,hattesc01,Scott Hatteberg,94,71,94,72,0,72,0,0,0,0,0,0,0,0,6,20,0
2001,MIN,AL,hawkila01,LaTroy Hawkins,62,0,2,62,62,0,0,0,0,0,0,0,0,0,0,0,0
2001,HOU,NL,hayesch01,Charlie Hayes,31,10,31,13,0,0,2,0,11,0,0,0,0,0,1,19,0
2001,MIL,NL,hayneji01,Jimmy Haynes,32,28,31,31,31,0,0,0,0,0,0,0,0,0,0,0,1
2001,TEX,AL,helliri01,Rick Helling,34,2,2,34,34,0,0,0,0,0,0,0,0,0,0,0,0
2001,ATL,NL,helmswe01,Wes Helms,100,51,100,92,0,0,77,0,17,0,1,0,0,1,0,20,7
2001,COL,NL,heltoto01,Todd Helton,159,157,159,157,0,0,157,0,0,0,0,0,0,0,0,2,0
2001,SDN,NL,henderi01,Rickey Henderson,123,98,123,104,0,0,0,0,0,0,104,0,0,104,0,14,8
2001,KCA,AL,henrydo01,Doug Henry,53,0,2,53,53,0,0,0,0,0,0,0,0,0,0,0,0
2001,BAL,AL,hentgpa01,Pat Hentgen,9,0,0,9,9,0,0,0,0,0,0,0,0,0,0,0,
2001,CHN,NL,heredfe01,Felix Heredia,48,0,46,48,48,0,0,0,0,0,0,0,0,0,0,0,0
2001,OAK,AL,heredgi01,Gil Heredia,24,1,1,24,24,0,0,0,0,0,0,0,0,0,0,0,0
2001,LAN,NL,hergema01,Matt Herges,75,0,71,75,75,0,0,0,0,0,0,0,0,0,0,0,0
2001,PIT,NL,hermach01,Chad Hermansen,22,11,22,20,0,0,0,0,0,0,0,6,15,20,0,2,3
2001,SLN,NL,hermadu01,Dustin Hermanson,34,32,33,33,33,0,0,0,0,0,0,0,0,0,0,0,1
2001,NYA,AL,hernaad01,Adrian Hernandez,6,0,0,6,6,0,0,0,0,0,0,0,0,0,0,0,
2001,PIT,NL,hernaal01,Alex Hernandez,7,2,7,6,0,0,2,0,0,0,0,0,4,4,0,2,2
2001,HOU,NL,hernaca03,Carlos Hernandez,3,3,3,3,3,0,0,0,0,0,0,0,0,0,0,0,0
2001,MIL,NL,hernajo01,Jose Hernandez,152,147,152,151,0,0,0,0,0,150,1,1,0,2,0,1,0
2001,SFN,NL,hernali01,Livan Hernandez,35,32,33,34,34,0,0,0,0,0,0,0,0,0,0,1,0
2001,NYA,AL,hernaor01,Orlando Hernandez,17,0,0,17,17,0,0,0,0,0,0,0,0,0,0,0,
2001,OAK,AL,hernara02,Ramon Hernandez,136,127,136,136,0,135,2,0,0,0,0,0,0,0,0,3,1
2001,KCA,AL,hernaro01,Roberto Hernandez,63,0,4,63,63,0,0,0,0,0,0,0,0,0,0,0,0
2001,SDN,NL,herndju01,Junior Herndon,12,8,12,12,12,0,0,0,0,0,0,0,0,0,0,0,0
2001,LAN,NL,hiattph01,Phil Hiatt,30,8,30,22,0,0,6,0,17,0,0,0,0,0,0,11,0
2001,HOU,NL,hidalri01,Richard Hidalgo,146,137,146,144,0,0,0,0,0,0,23,128,37,144,0,4,0
2001,DET,AL,higgibo02,Bobby Higginson,147,147,147,142,0,0,0,0,0,0,142,0,0,142,5,0,0
2001,OAK,AL,hiljuer01,Erik Hiljus,16,0,0,16,16,0,0,0,0,0,0,0,0,0,0,0,
2001,BOS,AL,hillesh02,Shea Hillenbrand,139,121,139,134,0,0,6,0,129,0,0,0,0,0,0,5,2
2001,KCA,AL,hinchaj01,A. J. Hinch,45,37,45,43,0,43,0,0,0,0,0,0,0,0,0,2,0
2001,NYN,NL,hinchbr01,Brett Hinchliffe,1,1,1,1,1,0,0,0,0,0,0,0,0,0,0,0,0
2001,SDN,NL,hitchst01,Sterling Hitchcock,3,3,3,3,3,0,0,0,0,0,0,0,0,0,0,0,0
2001,NYA,AL,hitchst01,Sterling Hitchcock,10,0,0,10,10,0,0,0,0,0,0,0,0,0,0,0,
2001,MIN,AL,hockide01,Denny Hocking,112,74,112,90,0,0,11,17,6,47,6,5,5,16,6,29,1
2001,SDN,NL,hoffmtr01,Trevor Hoffman,62,0,60,62,62,0,0,0,0,0,0,0,0,0,0,0,0
2001,COL,NL,hollato01,Todd Hollandsworth,33,28,33,31,0,0,0,0,0,0,25,12,5,31,0,3,0
2001,CLE,AL,hollida01,Dave Hollins,2,2,2,0,0,0,0,0,0,0,0,0,0,0,2,0,0
2001,ANA,AL,holtzmi01,Mike Holtz,63,0,4,63,63,0,0,0,0,0,0,0,0,0,0,0,0
2001,TBA,AL,hoovepa01,Paul Hoover,3,1,3,2,0,2,0,0,0,0,0,0,0,0,0,1,0
2001,MIL,NL,houstty01,Tyler Houston,75,57,75,65,0,0,3,0,62,0,0,0,0,0,0,13,0
2001,CHA,AL,howrybo01,Bob Howry,69,0,2,69,69,0,0,0,0,0,0,0,0,0,0,0,0
2001,TEX,AL,hubbami01,Mike Hubbard,5,4,5,5,0,5,0,0,0,0,0,0,0,0,0,0,0
2001,KCA,AL,hubbatr01,Trent Hubbard,5,2,5,3,0,0,0,0,0,0,0,2,1,3,0,2,0
2001,ARI,NL,huckake01,Ken Huckaby,1,0,1,1,0,1,0,0,0,0,0,0,0,0,0,0,0
2001,OAK,AL,hudsoti01,Tim Hudson,36,3,4,35,35,0,0,0,0,0,0,0,0,0,0,0,1
2001,CHN,NL,hundlto01,Todd Hundley,79,67,79,70,0,70,0,0,0,0,0,0,0,0,0,12,0
2001,PHI,NL,huntebr02,Brian Hunter,83,27,83,41,0,0,0,0,0,0,22,18,5,41,0,38,8
2001,MIN,AL,hunteto01,Torii Hunter,148,147,148,147,0,0,0,0,0,0,0,147,0,147,0,1,0
2001,SLN,NL,hutchch01,Chad Hutchinson,3,0,3,3,3,0,0,0,0,0,0,0,0,0,0,0,0
2001,PIT,NL,hyzduad01,Adam Hyzdu,51,12,51,31,0,0,4,0,0,0,8,1,18,27,0,22,0
2001,KCA,AL,ibanera01,Raul Ibanez,104,70,104,50,0,0,10,0,1,0,17,2,24,42,33,26,1
2001,MON,NL,irabuhi01,Hideki Irabu,3,2,2,3,3,0,0,0,0,0,0,0,0,0,0,0,0
2001,OAK,AL,isrinja01,Jason Isringhausen,65,0,2,65,65,0,0,0,0,0,0,0,0,0,0,0,0
2001,TOR,AL,izturce01,Cesar Izturis,46,40,46,46,0,0,0,41,0,6,0,0,0,0,0,0,3
2001,SDN,NL,jacksda04,Damian Jackson,122,118,122,122,0,0,0,118,0,3,0,2,0,2,0,1,1
2001,HOU,NL,jacksmi02,Michael Jackson,67,0,63,67,67,0,0,0,0,0,0,0,0,0,0,0,0
2001,DET,AL,jacksry01,Ryan Jackson,79,24,79,65,0,0,35,0,0,0,19,0,15,34,0,12,17
2001,SLN,NL,jamesmi01,Mike James,40,0,38,40,40,0,0,0,0,0,0,0,0,0,0,0,0
2001,SDN,NL,jarvike01,Kevin Jarvis,34,31,33,32,32,0,0,0,0,0,0,0,0,0,0,2,0
2001,SEA,AL,javiest01,Stan Javier,89,67,89,78,0,0,6,0,0,0,62,13,11,76,1,19,0
2001,MIL,NL,jenkige01,Geoff Jenkins,105,104,105,104,0,0,0,0,0,0,104,0,0,104,0,1,0
2001,COL,NL,jennija01,Jason Jennings,7,7,7,7,7,0,0,0,0,0,0,0,0,0,0,0,0
2001,CIN,NL,jenniro01,Robin Jennings,27,19,27,21,0,0,8,0,0,0,0,0,15,15,0,6,0
2001,COL,NL,jenniro01,Robin Jennings,1,1,1,1,0,0,0,0,0,0,1,0,0,1,0,0,0
2001,OAK,AL,jenniro01,Robin Jennings,20,13,20,17,0,0,6,0,0,0,3,0,12,13,0,6,0
2001,TEX,AL,jensema01,Marcus Jensen,11,6,11,11,0,11,0,0,0,0,0,0,0,0,0,0,0
2001,BOS,AL,jensema01,Marcus Jensen,1,1,1,1,0,1,0,0,0,0,0,0,0,0,0,0,0
2001,SFN,NL,jensery01,Ryan Jensen,10,6,9,10,10,0,0,0,0,0,0,0,0,0,0,0,0
2001,NYA,AL,jeterde01,Derek Jeter,150,150,150,150,0,0,0,0,0,150,0,0,0,0,0,0,0
2001,SDN,NL,jimenda01,D'Angelo Jimenez,86,84,86,85,0,0,0,0,0,85,0,0,0,0,0,1,1
2001,COL,NL,jimenjo01,Jose Jimenez,56,0,56,56,56,0,0,0,0,0,0,0,0,0,0,0,0
2001,NYA,AL,jodiebr01,Brett Jodie,1,0,0,1,1,0,0,0,0,0,0,0,0,0,0,0,
2001,SDN,NL,jodiebr01,Brett Jodie,7,2,7,7,7,0,0,0,0,0,0,0,0,0,0,0,0
2001,MIN,AL,johnsad01,Adam Johnson,7,1,1,7,7,0,0,0,0,0,0,0,0,0,0,0,0
2001,LAN,NL,johnsbr01,Brian Johnson,3,0,3,2,0,2,0,0,0,0,0,0,0,0,0,1,0
2001,FLO,NL,johnsch04,Charles Johnson,128,120,128,125,0,125,0,0,0,0,0,0,0,0,0,8,0
2001,BAL,AL,johnsja02,Jason Johnson,32,2,2,32,32,0,0,0,0,0,0,0,0,0,0,0,0
2001,TEX,AL,johnsjo08,Jonathan Johnson,5,0,0,5,5,0,0,0,0,0,0,0,0,0,0,0,
2001,NYN,NL,johnsma01,Mark Johnson,71,26,71,37,0,0,21,0,0,0,12,0,7,19,3,36,0
2001,CHA,AL,johnsma02,Mark Johnson,61,56,61,61,0,61,0,0,0,0,0,0,0,0,0,0,0
2001,MON,NL,johnsmi02,Mike Johnson,10,0,10,10,10,0,0,0,0,0,0,0,0,0,0,0,0
2001,NYA,AL,johnsni01,Nick Johnson,23,16,23,15,0,0,15,0,0,0,0,0,0,0,6,5,0
2001,ARI,NL,johnsra05,Randy Johnson,35,32,33,35,35,0,0,0,0,0,0,0,0,0,0,0,0
2001,TBA,AL,johnsru01,Russ Johnson,85,63,85,72,0,0,0,33,36,6,0,0,0,0,2,21,1
2001,ATL,NL,jonesan01,Andruw Jones,161,161,161,161,0,0,0,0,0,0,0,161,0,161,0,0,0
2001,SDN,NL,jonesbo03,Bobby Jones,33,31,31,33,33,0,0,0,0,0,0,0,0,0,0,0,0
2001,ATL,NL,jonesch06,Chipper Jones,159,157,159,156,0,0,0,0,149,0,8,0,0,8,1,2,0
2001,MIN,AL,jonesja04,Jacque Jones,149,123,149,140,0,0,0,0,0,0,137,2,2,140,0,21,1
2001,MON,NL,joneste02,Terry Jones,30,16,30,23,0,0,0,0,0,0,11,13,2,23,0,10,1
2001,MIN,AL,jonesto02,Todd Jones,24,0,0,24,24,0,0,0,0,0,0,0,0,0,0,0,
2001,DET,AL,jonesto02,Todd Jones,45,0,3,45,45,0,0,0,0,0,0,0,0,0,0,0,0
2001,ATL,NL,jordabr01,Brian Jordan,148,144,148,145,0,0,0,0,0,0,0,1,145,145,2,3,0
2001,PHI,NL,jordake01,Kevin Jordan,68,21,68,29,0,0,10,10,10,0,0,0,0,0,0,43,1
2001,ANA,AL,joynewa01,Wally Joyner,53,38,53,39,0,0,39,0,0,0,0,0,0,0,7,10,0
2001,BAL,AL,juliojo01,Jorge Julio,18,0,0,18,18,0,0,0,0,0,0,0,0,0,0,0,
2001,NYA,AL,justida01,David Justice,111,107,111,25,0,0,0,0,0,0,16,0,11,25,85,3,0
2001,TEX,AL,kaplega01,Gabe Kapler,134,131,134,133,0,0,0,0,0,0,0,133,0,133,1,2,0
2001,SLN,NL,karnuja01,Jason Karnuth,4,0,4,4,4,0,0,0,0,0,0,0,0,0,0,0,0
2001,LAN,NL,karroer01,Eric Karros,121,118,121,119,0,0,119,0,0,0,0,0,0,0,0,2,0
2001,CLE,AL,karsast01,Steve Karsay,31,0,2,31,31,0,0,0,0,0,0,0,0,0,0,0,0
2001,ATL,NL,karsast01,Steve Karsay,43,0,43,43,43,0,0,0,0,0,0,0,0,0,0,0,0
2001,NYA,AL,keislra01,Randy Keisler,10,1,1,10,10,0,0,0,0,0,0,0,0,0,0,0,0
2001,PIT,NL,kendaja01,Jason Kendall,157,154,157,155,0,133,0,0,0,0,18,0,10,27,0,3,0
2001,ANA,AL,kennead01,Adam Kennedy,137,127,137,131,0,0,0,131,0,0,0,0,0,0,4,7,1
2001,TBA,AL,kennejo04,Joe Kennedy,20,2,2,20,20,0,0,0,0,0,0,0,0,0,0,0,0
2001,MIN,AL,kieltbo01,Bobby Kielty,37,28,37,34,0,0,0,0,0,0,11,11,17,34,0,6,0
2001,COL,NL,kiescbr01,Brooks Kieschnick,35,3,35,13,0,0,1,0,0,0,8,0,4,12,0,28,0
2001,SEA,AL,kingsge01,Gene Kingsale,10,3,10,9,0,0,0,0,0,0,5,1,3,9,0,0,2
2001,BAL,AL,kingsge01,Gene Kingsale,3,1,3,1,0,0,0,0,0,0,0,1,0,1,0,0,2
2001,BAL,AL,kinkami01,Mike Kinkade,61,40,61,46,0,2,3,0,10,0,29,0,3,32,7,15,1
2001,SDN,NL,kleskry01,Ryan Klesko,146,143,146,145,0,0,145,0,0,0,0,0,0,0,0,2,0
2001,SLN,NL,klinest02,Steve Kline,89,0,85,89,89,0,0,0,0,0,0,0,0,0,0,0,0
2001,NYA,AL,knighbr01,Brandon Knight,4,0,0,4,4,0,0,0,0,0,0,0,0,0,0,0,
2001,NYA,AL,knoblch01,Chuck Knoblauch,137,126,137,108,0,0,0,0,0,0,108,0,0,108,22,8,1
2001,MON,NL,knorrra01,Randy Knorr,34,24,34,27,0,27,0,0,0,0,0,0,0,0,0,7,0
2001,ARI,NL,knotter01,Eric Knott,3,1,3,3,3,0,0,0,0,0,0,0,0,0,0,0,0
2001,FLO,NL,knottga01,Gary Knotts,2,1,2,2,2,0,0,0,0,0,0,0,0,0,0,0,0
2001,BAL,AL,kohlmry01,Ryan Kohlmeier,34,0,1,34,34,0,0,0,0,0,0,0,0,0,0,0,0
2001,CHA,AL,konerpa01,Paul Konerko,156,155,156,144,0,0,144,0,0,0,0,0,0,0,11,1,0
2001,ARI,NL,koplomi01,Mike Koplove,9,0,9,9,9,0,0,0,0,0,0,0,0,0,0,0,0
2001,MIN,AL,koskico01,Corey Koskie,153,149,153,150,0,0,0,0,150,0,0,0,0,0,2,2,0
2001,SDN,NL,kotsama01,Mark Kotsay,119,99,119,111,0,0,0,0,0,0,1,106,5,111,0,6,7
2001,LAN,NL,kreutch01,Chad Kreuter,73,59,73,70,0,70,0,0,0,0,0,0,0,0,1,2,0
2001,CLE,AL,lakerti01,Tim Laker,16,8,16,15,1,14,0,0,0,0,0,0,0,0,0,2,0
2001,SEA,AL,lampkto01,Tom Lampkin,79,56,79,72,0,71,0,0,0,0,0,0,1,1,0,12,0
2001,SLN,NL,lankfra01,Ray Lankford,91,76,91,85,0,0,0,0,0,0,85,0,0,85,0,9,0
2001,SDN,NL,lankfra01,Ray Lankford,40,33,40,38,0,0,0,0,0,0,21,16,2,38,0,5,0
2001,BOS,AL,lansimi01,Mike Lansing,106,97,106,105,0,0,0,31,0,76,0,0,0,0,0,4,2
2001,CIN,NL,larkiba01,Barry Larkin,45,42,45,44,0,0,0,0,0,44,0,0,0,0,0,1,0
2001,CIN,NL,larsobr01,Brandon Larson,14,8,14,9,0,0,0,0,9,0,0,0,0,0,0,4,1
2001,CIN,NL,larueja01,Jason LaRue,121,98,121,112,0,107,1,0,3,0,2,0,0,2,0,11,1
2001,TOR,AL,lathach01,Chris Latham,43,16,43,31,0,0,0,0,0,0,15,2,14,31,0,13,2
2001,SDN,NL,lawrebr02,Brian Lawrence,27,14,25,27,27,0,0,0,0,0,0,0,0,0,0,0,0
2001,MIN,AL,lawtoma02,Matt Lawton,103,97,103,94,0,0,0,0,0,0,0,0,94,94,7,6,0
2001,NYN,NL,lawtoma02,Matt Lawton,48,46,48,48,0,0,0,0,0,0,0,0,48,48,0,0,0
2001,SFN,NL,leachja01,Jalal Leach,8,1,8,3,0,0,0,0,0,0,1,0,2,3,0,7,0
2001,MIN,AL,lecroma01,Matt LeCroy,15,9,15,5,0,3,2,0,0,0,0,0,0,0,9,3,0
2001,TEX,AL,ledeeri01,Ricky Ledee,78,62,78,72,0,0,0,0,0,0,6,10,60,72,0,11,1
2001,NYN,NL,leiteal01,Al Leiter,29,27,27,29,29,0,0,0,0,0,0,0,0,0,0,0,0
2001,MIL,NL,leitema01,Mark Leiter,20,3,20,20,20,0,0,0,0,0,0,0,0,0,0,0,0
2001,MIL,NL,leskacu01,Curt Leskanic,70,0,66,70,70,0,0,0,0,0,0,0,0,0,0,0,0
2001,ANA,AL,levinal01,Al Levine,64,0,4,64,64,0,0,0,0,0,0,0,0,0,0,0,0
2001,MIL,NL,levisje01,Jesse Levis,12,9,12,11,0,11,0,0,0,0,0,0,0,0,0,1,0
2001,MIL,NL,levraal01,Allen Levrault,32,19,30,32,32,0,0,0,0,0,0,0,0,0,0,0,0
2001,BOS,AL,lewisda01,Darren Lewis,82,41,82,69,0,0,0,0,0,0,27,21,29,69,0,3,18
2001,CLE,AL,lewisma01,Mark Lewis,6,3,6,6,0,0,0,3,4,0,0,0,0,0,0,2,0
2001,OAK,AL,lidleco01,Cory Lidle,29,1,1,29,29,0,0,0,0,0,0,0,0,0,0,0,0
2001,CHN,NL,liebejo01,Jon Lieber,35,32,33,34,34,0,0,0,0,0,0,0,0,0,0,1,0
2001,PHI,NL,liebemi01,Mike Lieberthal,34,33,34,33,0,33,0,0,0,0,0,0,0,0,0,1,0
2001,CHA,AL,liefeje01,Jeff Liefer,83,67,83,64,0,0,15,0,15,0,35,0,4,38,9,11,0
2001,ATL,NL,ligteke01,Kerry Ligtenberg,53,0,49,53,53,0,0,0,0,0,0,0,0,0,0,0,0
2001,NYA,AL,lillyte01,Ted Lilly,26,2,2,26,26,0,0,0,0,0,0,0,0,0,0,0,0
2001,PIT,NL,lincomi01,Mike Lincoln,31,0,30,31,31,0,0,0,0,0,0,0,0,0,0,0,0
2001,HOU,NL,linebsc01,Scott Linebrink,9,0,9,9,9,0,0,0,0,0,0,0,0,0,0,0,0
2001,COL,NL,littlma01,Mark Little,51,14,51,29,0,0,0,0,0,0,14,14,6,29,0,25,3
2001,MON,NL,lloydgr01,Graeme Lloyd,84,0,79,84,84,0,0,0,0,0,0,0,0,0,0,0,0
2001,TOR,AL,loaizes01,Esteban Loaiza,36,1,3,36,36,0,0,0,0,0,0,0,0,0,0,0,0
2001,ATL,NL,lockhke01,Keith Lockhart,104,34,104,51,0,0,0,47,4,0,0,0,0,0,0,59,4
2001,LAN,NL,loducpa01,Paul Lo Duca,125,116,125,122,0,99,33,0,0,0,4,0,1,5,1,6,1
2001,SDN,NL,loeweca01,Carlton Loewer,2,1,1,2,2,0,0,0,0,0,0,0,0,0,0,0,0
2001,BOS,AL,loftoja01,James Lofton,8,6,8,7,0,0,0,0,0,7,0,0,0,0,0,2,0
2001,CLE,AL,loftoke01,Kenny Lofton,133,124,133,131,0,0,0,0,0,0,0,131,0,131,0,5,1
2001,MIN,AL,lohseky01,Kyle Lohse,19,2,2,19,19,0,0,0,0,0,0,0,0,0,0,0,0
2001,PIT,NL,loiseri01,Rich Loiselle,18,0,17,18,18,0,0,0,0,0,0,0,0,0,0,0,0
2001,FLO,NL,loopebr01,Braden Looper,71,0,67,71,71,0,0,0,0,0,0,0,0,0,0,0,0
2001,TBA,AL,lopezal02,Albie Lopez,20,2,2,20,20,0,0,0,0,0,0,0,0,0,0,0,0
2001,ARI,NL,lopezal02,Albie Lopez,13,13,13,13,13,0,0,0,0,0,0,0,0,0,0,0,0
2001,TOR,AL,lopezfe01,Felipe Lopez,49,49,49,49,0,0,0,0,47,3,0,0,0,0,0,0,0
2001,ATL,NL,lopezja01,Javy Lopez,128,115,128,127,0,127,0,0,0,0,0,0,0,0,0,10,0
2001,MIL,NL,lopezlu02,Luis Lopez,92,51,92,70,0,0,0,15,46,17,0,0,0,0,0,26,2
2001,TOR,AL,lopezlu03,Luis Lopez,41,31,41,30,0,0,5,0,28,0,0,0,0,0,3,9,1
2001,PIT,NL,lopezme01,Mendy Lopez,22,10,22,19,0,0,0,9,4,6,0,0,0,0,0,5,1
2001,HOU,NL,lopezme01,Mendy Lopez,10,2,10,5,0,0,0,3,2,0,0,0,0,0,0,6,0
2001,MIL,NL,loretma01,Mark Loretta,102,97,102,97,1,0,0,52,39,9,0,0,0,0,4,2,0
2001,FLO,NL,lowelmi01,Mike Lowell,146,142,146,144,0,0,0,0,144,0,0,0,0,0,0,2,0
2001,ANA,AL,lukasma01,Mark Lukasiewicz,24,0,1,24,24,0,0,0,0,0,0,0,0,0,0,0,0
2001,BAL,AL,lunarfe01,Fernando Lunar,64,46,64,64,0,64,0,0,0,0,0,0,0,0,0,1,1
2001,SDN,NL,lundqda01,David Lundquist,17,0,17,17,17,0,0,0,0,0,0,0,0,0,0,0,0
2001,FLO,NL,mabryjo01,John Mabry,82,28,82,40,1,0,1,0,0,0,3,2,34,39,0,49,0
2001,SLN,NL,mabryjo01,John Mabry,5,2,5,4,0,0,2,0,0,0,0,0,2,2,0,0,1
2001,KCA,AL,macdomi01,Mike MacDougal,3,0,0,3,3,0,0,0,0,0,0,0,0,0,0,0,
2001,CHN,NL,macharo01,Robert Machado,52,34,52,47,0,47,0,0,0,0,0,0,0,0,0,8,0
2001,DET,AL,maciajo01,Jose Macias,137,118,137,129,0,0,0,18,89,0,3,22,4,29,0,10,2
2001,PIT,NL,mackoro01,Rob Mackowiak,83,56,83,66,0,0,1,21,2,0,10,0,40,46,0,23,1
2001,CIN,NL,macrasc01,Scott MacRae,24,0,24,24,24,0,0,0,0,0,0,0,0,0,0,0,0
2001,ATL,NL,maddugr01,Greg Maddux,35,33,34,34,34,0,0,0,0,0,0,0,0,0,0,1,0
2001,BAL,AL,madurca01,Calvin Maduro,22,0,1,22,22,0,0,0,0,0,0,0,0,0,0,0,0
2001,SDN,NL,magadda01,Dave Magadan,91,17,91,33,0,0,9,1,22,1,0,0,0,0,2,64,0
2001,DET,AL,mageewe01,Wendell Magee,90,54,90,74,0,0,0,0,0,0,21,36,19,74,7,11,4
2001,OAK,AL,magnami01,Mike Magnante,65,0,3,65,65,0,0,0,0,0,0,0,0,0,0,0,0
2001,TEX,AL,magruch01,Chris Magruder,17,5,17,12,0,0,0,0,0,0,8,1,3,12,0,4,3
2001,CHN,NL,mahayro01,Ron Mahay,17,0,17,17,17,0,0,0,0,0,0,0,0,0,0,0,0
2001,TEX,AL,mahompa01,Pat Mahomes,56,0,4,56,56,0,0,0,0,0,0,0,0,0,0,0,0
2001,ARI,NL,mantema01,Matt Mantei,8,0,8,8,8,0,0,0,0,0,0,0,0,0,0,0,0
2001,PIT,NL,manzajo01,Josias Manzanillo,71,0,68,71,71,0,0,0,0,0,0,0,0,0,0,0,0
2001,ATL,NL,marquja01,Jason Marquis,40,15,37,38,38,0,0,0,0,0,0,0,0,0,0,0,2
2001,SLN,NL,marreel01,Eli Marrero,86,50,86,80,0,65,6,0,0,0,8,0,7,15,0,14,7
2001,PIT,NL,marteda01,Damaso Marte,23,0,23,23,23,0,0,0,0,0,0,0,0,0,0,0,0
2001,SEA,AL,martial03,Al Martin,100,83,100,73,0,0,0,0,0,0,72,1,1,73,12,10,5
2001,ATL,NL,martida01,Dave Martinez,120,40,120,60,0,0,10,0,0,0,27,0,28,52,0,68,0
2001,SEA,AL,martied01,Edgar Martinez,132,128,132,1,0,0,1,0,0,0,0,0,0,0,127,4,0
2001,TBA,AL,martife01,Felix Martinez,77,66,77,77,0,0,0,10,0,67,0,0,0,0,0,2,1
2001,BOS,AL,martipe02,Pedro Martinez,18,0,0,18,18,0,0,0,0,0,0,0,0,0,0,0,
2001,PIT,NL,martira02,Ramon Martinez,4,4,4,4,4,0,0,0,0,0,0,0,0,0,0,0,0
2001,SFN,NL,martira03,Ramon Martinez,128,105,128,123,0,0,0,42,70,24,0,0,0,0,0,8,2
2001,MON,NL,martisa01,Sandy Martinez,1,0,1,1,0,1,0,0,0,0,0,0,0,0,0,0,0
2001,NYA,AL,martiti02,Tino Martinez,154,148,154,149,0,0,149,0,0,0,0,0,0,0,2,6,0
2001,NYN,NL,martito02,Tom Martin,14,0,14,14,14,0,0,0,0,0,0,0,0,0,0,0,0
2001,MON,NL,mateohe01,Henry Mateo,5,2,5,2,0,0,0,2,0,0,0,0,0,0,0,2,1
2001,TEX,AL,mateoru01,Ruben Mateo,40,37,40,39,0,0,0,0,0,0,0,0,39,39,0,1,0
2001,SLN,NL,mathemi01,Mike Matheny,121,117,121,121,0,121,2,0,0,0,0,0,0,0,0,0,0
2001,SLN,NL,mathetj01,T. J. Mathews,10,0,10,10,10,0,0,0,0,0,0,0,0,0,0,0,0
2001,OAK,AL,mathetj01,T. J. Mathews,20,0,0,20,20,0,0,0,0,0,0,0,0,0,0,0,
2001,BAL,AL,matoslu01,Luis Matos,31,26,31,31,0,0,0,0,0,0,1,23,10,31,0,3,0
2001,MON,NL,mattetr01,Troy Mattes,8,8,8,8,8,0,0,0,0,0,0,0,0,0,0,0,0
2001,PIT,NL,matthga02,Gary Matthews,46,40,46,44,0,0,0,0,0,0,0,44,0,44,0,4,0
2001,CHN,NL,matthga02,Gary Matthews,106,65,106,100,0,0,0,0,0,0,20,88,1,100,0,16,2
2001,SLN,NL,matthmi01,Mike Matthews,52,9,51,51,51,0,0,0,0,0,0,0,0,0,0,0,1
2001,SDN,NL,maureda01,Dave Maurer,3,0,3,3,3,0,0,0,0,0,0,0,0,0,0,0,0
2001,MIN,AL,maxweja01,Jason Maxwell,39,21,39,32,0,0,0,9,11,12,0,0,0,0,1,2,6
2001,COL,NL,maynebr01,Brent Mayne,49,42,49,44,0,44,1,0,0,0,0,0,0,0,0,7,0
2001,KCA,AL,maynebr01,Brent Mayne,51,48,51,49,0,49,0,0,0,0,0,0,0,0,0,2,0
2001,KCA,AL,mccarda01,Dave McCarty,98,49,98,76,0,0,68,0,0,0,8,0,1,9,2,29,1
2001,MIN,AL,mccraqu01,Quinton McCracken,24,14,24,10,0,0,0,0,0,0,6,2,3,10,8,8,0
2001,BOS,AL,mcdilal01,Allen McDill,15,0,0,15,15,0,0,0,0,0,0,0,0,0,0,0,
2001,NYA,AL,mcdondo01,Donzell McDonald,5,0,5,3,0,0,0,0,0,0,1,2,0,3,0,2,2
2001,CLE,AL,mcdonjo03,John McDonald,17,3,17,15,0,0,0,3,3,9,0,0,0,0,0,2,1
2001,SLN,NL,mcdonke01,Keith McDonald,2,0,2,2,0,2,0,0,0,0,0,0,0,0,0,1,0
2001,BAL,AL,mcelrch01,Chuck McElroy,18,0,1,18,18,0,0,0,0,0,0,0,0,0,0,0,0
2001,SDN,NL,mcelrch01,Chuck McElroy,31,0,31,31,31,0,0,0,0,0,0,0,0,0,0,0,0
2001,NYN,NL,mcewijo01,Joe McEwing,116,66,116,95,0,0,3,5,25,12,48,2,25,62,0,27,9
2001,CHN,NL,mcgrifr01,Fred McGriff,49,49,49,49,0,0,49,0,0,0,0,0,0,0,0,0,0
2001,TBA,AL,mcgrifr01,Fred McGriff,97,91,97,74,0,0,74,0,0,0,0,0,0,0,17,6,0
2001,FLO,NL,mcguiry01,Ryan McGuire,48,5,48,13,0,0,4,0,0,0,0,0,9,9,0,39,0
2001,SLN,NL,mcgwima01,Mark McGwire,97,87,97,90,0,0,90,0,0,0,0,0,0,0,0,8,0
2001,PIT,NL,mcknito01,Tony McKnight,12,12,12,12,12,0,0,0,0,0,0,0,0,0,0,0,0
2001,HOU,NL,mcknito01,Tony McKnight,3,3,3,3,3,0,0,0,0,0,0,0,0,0,0,0,0
2001,SEA,AL,mclemma01,Mark McLemore,125,101,125,115,0,0,0,9,36,35,63,8,2,68,1,15,1
2001,OAK,AL,mcmilbi01,Billy McMillon,20,15,20,16,0,0,0,0,0,0,15,0,2,16,1,4,0
2001,DET,AL,mcmilbi01,Billy McMillon,20,3,20,7,0,0,0,0,0,0,1,0,6,7,1,13,0
2001,TBA,AL,meachru01,Rusty Meacham,24,0,1,24,24,0,0,0,0,0,0,0,0,0,0,0,0
2001,KCA,AL,meadobr01,Brian Meadows,10,0,0,10,10,0,0,0,0,0,0,0,0,0,0,0,
2001,PIT,NL,mearepa01,Pat Meares,86,75,86,84,0,0,0,84,0,0,0,0,0,0,0,3,0
2001,OAK,AL,mecirji01,Jim Mecir,54,0,3,54,54,0,0,0,0,0,0,0,0,0,0,0,0
2001,COL,NL,melhuad01,Adam Melhuse,40,16,40,24,0,23,1,0,0,0,0,0,0,0,0,18,0
2001,SDN,NL,mendedo01,Donaldo Mendez,46,34,46,46,0,0,0,0,0,46,0,0,0,0,0,0,3
2001,NYA,AL,mendora01,Ramiro Mendoza,56,0,4,56,56,0,0,0,0,0,0,0,0,0,0,0,0
2001,OAK,AL,menecfr01,Frank Menechino,139,128,139,137,0,0,0,136,1,3,0,0,0,0,0,2,1
2001,CIN,NL,mercahe01,Hector Mercado,56,0,50,56,56,0,0,0,0,0,0,0,0,0,0,0,0
2001,BAL,AL,mercejo02,Jose Mercedes,33,2,2,33,33,0,0,0,0,0,0,0,0,0,0,0,0
2001,HOU,NL,merceor01,Orlando Merced,94,20,94,33,0,0,1,0,2,0,11,0,21,31,0,65,1
2001,BOS,AL,merlolo01,Lou Merloni,52,39,52,50,0,0,0,5,1,45,0,0,0,0,0,3,1
2001,CHN,NL,meyerch02,Chad Meyers,18,2,18,7,0,0,0,4,1,0,2,2,0,4,0,8,4
2001,ANA,AL,miadiba01,Bart Miadich,11,0,0,11,11,0,0,0,0,0,0,0,0,0,0,0,
2001,FLO,NL,micelda01,Dan Miceli,29,0,29,29,29,0,0,0,0,0,0,0,0,0,0,0,0
2001,COL,NL,micelda01,Dan Miceli,22,0,20,22,22,0,0,0,0,0,0,0,0,0,0,0,0
2001,TEX,AL,michach01,Chris Michalak,11,0,0,11,11,0,0,0,0,0,0,0,0,0,0,0,
2001,TOR,AL,michach01,Chris Michalak,24,2,2,24,24,0,0,0,0,0,0,0,0,0,0,0,0
2001,PHI,NL,michaja01,Jason Michaels,6,0,6,1,0,0,0,0,0,0,1,0,0,1,0,5,0
2001,SDN,NL,middlja01,Jason Middlebrook,4,3,4,4,4,0,0,0,0,0,0,0,0,0,0,0,0
2001,MIN,AL,mientdo01,Doug Mientkiewicz,151,145,151,148,0,0,148,0,0,0,0,0,0,0,2,5,0
2001,FLO,NL,millake01,Kevin Millar,144,116,144,110,0,0,15,0,10,0,27,0,66,86,6,28,0
2001,CIN,NL,milleco01,Corky Miller,17,16,17,17,0,17,0,0,0,0,0,0,0,0,0,0,0
2001,ARI,NL,milleda02,Damian Miller,123,111,123,121,0,121,0,0,0,0,0,0,0,0,0,4,0
2001,DET,AL,millema01,Matt Miller,13,0,0,13,13,0,0,0,0,0,0,0,0,0,0,0,
2001,MIN,AL,milletr01,Travis Miller,45,0,6,45,45,0,0,0,0,0,0,0,0,0,0,0,0
2001,HOU,NL,millewa04,Wade Miller,32,30,30,32,32,0,0,0,0,0,0,0,0,0,0,0,0
2001,BAL,AL,millsal01,Alan Mills,15,0,2,15,15,0,0,0,0,0,0,0,0,0,0,0,0
2001,ATL,NL,millwke01,Kevin Millwood,21,21,21,21,21,0,0,0,0,0,0,0,0,0,0,0,0
2001,MIN,AL,miltoer01,Eric Milton,35,1,1,35,35,0,0,0,0,0,0,0,0,0,0,0,0
2001,SFN,NL,minorda01,Damon Minor,19,11,19,11,0,0,11,0,0,0,0,0,0,0,0,8,0
2001,MON,NL,minorry01,Ryan Minor,55,18,55,27,0,0,1,0,24,0,2,0,0,2,1,31,1
2001,TEX,AL,mirabdo01,Doug Mirabelli,23,16,23,23,0,23,0,0,0,0,0,0,0,0,0,1,0
2001,BOS,AL,mirabdo01,Doug Mirabelli,54,43,54,52,0,52,0,0,0,0,0,0,0,0,0,4,0
2001,HOU,NL,mlickda01,Dave Mlicki,19,14,17,19,19,0,0,0,0,0,0,0,0,0,0,0,0
2001,DET,AL,mlickda01,Dave Mlicki,15,1,1,15,15,0,0,0,0,0,0,0,0,0,0,0,0
2001,DET,AL,moehlbr01,Brian Moehler,1,0,0,1,1,0,0,0,0,0,0,0,0,0,0,0,
2001,ARI,NL,moellch01,Chad Moeller,25,13,25,25,0,25,0,0,0,0,0,0,0,0,0,2,0
2001,ARI,NL,mohlemi01,Mike Mohler,13,0,12,13,13,0,0,0,0,0,0,0,0,0,0,0,0
2001,ANA,AL,molinbe01,Bengie Molina,96,90,96,94,0,94,0,0,0,0,0,0,0,0,1,5,0
2001,ANA,AL,molinjo01,Jose Molina,15,12,15,15,0,15,0,0,0,0,0,0,0,0,0,0,0
2001,TOR,AL,mondera01,Raul Mondesi,149,149,149,149,0,0,0,0,0,0,0,0,149,149,0,0,0
2001,TEX,AL,monrocr01,Craig Monroe,27,15,27,24,0,0,0,0,0,0,6,0,21,24,0,3,1
2001,ATL,NL,mooretr01,Trey Moore,2,0,2,2,2,0,0,0,0,0,0,0,0,0,0,0,0
2001,MON,NL,mordemi01,Mike Mordecai,96,56,96,78,0,1,1,32,42,4,0,0,1,1,0,22,3
2001,TEX,AL,morenju02,Juan Moreno,45,0,2,45,45,0,0,0,0,0,0,0,0,0,0,0,0
2001,ARI,NL,morgami01,Mike Morgan,31,1,31,31,31,0,0,0,0,0,0,0,0,0,0,0,0
2001,SLN,NL,morrima01,Matt Morris,34,32,32,34,34,0,0,0,0,0,0,0,0,0,0,0,0
2001,PIT,NL,morriwa02,Warren Morris,48,24,48,30,0,0,0,29,1,0,0,0,0,0,0,20,1
2001,FLO,NL,mottoch01,Chad Mottola,5,2,5,5,0,0,0,0,0,0,2,1,4,5,0,1,0
2001,MIL,NL,moutoja01,James Mouton,75,26,75,53,0,0,0,0,0,0,21,28,7,53,0,19,12
2001,FLO,NL,moutoly01,Lyle Mouton,21,2,21,11,0,0,0,0,0,0,6,0,5,11,0,8,4
2001,SEA,AL,moyerja01,Jamie Moyer,33,1,1,33,33,0,0,0,0,0,0,0,0,0,0,0,0
2001,CHN,NL,muellbi02,Bill Mueller,70,56,70,65,0,0,0,1,64,0,0,0,0,0,0,8,2
2001,OAK,AL,muldema01,Mark Mulder,34,2,2,34,34,0,0,0,0,0,0,0,0,0,0,0,0
2001,PIT,NL,mulhote01,Terry Mulholland,22,1,21,22,22,0,0,0,0,0,0,0,0,0,0,0,0
2001,LAN,NL,mulhote01,Terry Mulholland,19,3,19,19,19,0,0,0,0,0,0,0,0,0,0,0,0
2001,KCA,AL,mullesc01,Scott Mullen,17,0,0,17,17,0,0,0,0,0,0,0,0,0,0,0,
2001,MON,NL,munozbo01,Bobby Munoz,15,7,15,15,15,0,0,0,0,0,0,0,0,0,0,0,0
2001,DET,AL,munsoer01,Eric Munson,17,17,17,17,0,0,17,0,0,0,0,0,0,0,0,0,0
2001,SFN,NL,murraca01,Calvin Murray,106,73,106,104,0,0,0,0,0,0,0,104,0,104,0,4,8
2001,DET,AL,murrahe01,Heath Murray,40,0,2,40,40,0,0,0,0,0,0,0,0,0,0,0,0
2001,NYA,AL,mussimi01,Mike Mussina,34,3,3,34,34,0,0,0,0,0,0,0,0,0,0,0,0
2001,BAL,AL,myersgr01,Greg Myers,25,19,25,8,0,8,0,0,0,0,0,0,0,0,11,6,0
2001,OAK,AL,myersgr01,Greg Myers,33,24,33,28,0,28,0,0,0,0,0,0,0,0,1,5,0
2001,COL,NL,myersmi01,Mike Myers,73,0,71,73,73,0,0,0,0,0,0,0,0,0,0,0,0
2001,SDN,NL,myersro01,Rodney Myers,37,0,36,37,37,0,0,0,0,0,0,0,0,0,0,0,0
2001,TEX,AL,myettaa01,Aaron Myette,19,0,1,19,19,0,0,0,0,0,0,0,0,0,0,0,0
2001,COL,NL,neaglde01,Denny Neagle,30,29,29,30,30,0,0,0,0,0,0,0,0,0,0,0,0
2001,SEA,AL,nelsoje01,Jeff Nelson,69,0,3,69,69,0,0,0,0,0,0,0,0,0,0,0,0
2001,ATL,NL,nelsojo01,Joe Nelson,2,0,1,2,2,0,0,0,0,0,0,0,0,0,0,0,0
2001,MIL,NL,neugeni01,Nick Neugebauer,2,2,2,2,2,0,0,0,0,0,0,0,0,0,0,0,0
2001,SDN,NL,nevinph01,Phil Nevin,149,145,149,145,0,0,0,0,145,0,0,0,0,0,1,3,0
2001,PHI,NL,newhada01,David Newhan,7,1,7,1,0,0,0,1,0,0,0,0,0,0,0,6,0
2001,COL,NL,nichtch01,Chris Nichting,7,0,7,7,7,0,0,0,0,0,0,0,0,0,0,0,0
2001,CIN,NL,nichtch01,Chris Nichting,36,0,33,36,36,0,0,0,0,0,0,0,0,0,0,0,0
2001,PHI,NL,nickldo01,Doug Nickle,2,0,2,2,2,0,0,0,0,0,0,0,0,0,0,0,0
2001,ANA,AL,nievejo01,Jose Nieves,29,13,29,22,0,0,1,11,2,10,0,0,0,0,0,9,5
2001,NYN,NL,nitkocj01,C. J. Nitkowski,5,0,5,5,5,0,0,0,0,0,0,0,0,0,0,0,0
2001,DET,AL,nitkocj01,C. J. Nitkowski,56,0,3,56,56,0,0,0,0,0,0,0,0,0,0,0,0
2001,BOS,AL,nixontr01,Trot Nixon,148,137,148,145,0,0,0,0,0,0,0,70,83,145,0,3,3
2001,COL,NL,nortogr01,Greg Norton,117,40,117,58,0,0,13,0,24,0,22,0,4,25,1,69,3
2001,PIT,NL,nunezab01,Abraham Nunez,115,64,115,92,0,0,0,48,1,48,1,0,0,1,0,35,1
2001,LAN,NL,nunezjo02,Jose Nunez,6,0,6,6,6,0,0,0,0,0,0,0,0,0,0,0,0
2001,SDN,NL,nunezjo02,Jose Nunez,56,0,52,56,56,0,0,0,0,0,0,0,0,0,0,0,0
2001,FLO,NL,nunezvl01,Vladimir Nunez,52,3,49,52,52,0,0,0,0,0,0,0,0,0,0,0,0
2001,COL,NL,ochoaal01,Alex Ochoa,58,47,58,52,0,0,0,0,0,0,33,2,21,52,0,6,0
2001,CIN,NL,ochoaal01,Alex Ochoa,90,85,90,85,0,0,0,0,0,0,3,0,85,85,1,5,0
2001,BOS,AL,offerjo01,Jose Offerman,128,126,128,126,0,0,43,91,0,0,0,0,0,0,0,2,0
2001,CHN,NL,ohmanwi01,Will Ohman,11,0,11,11,11,0,0,0,0,0,0,0,0,0,0,0,0
2001,CHN,NL,ojedaau01,Augie Ojeda,78,32,78,73,0,0,0,10,35,31,0,0,0,0,0,12,1
2001,BOS,AL,oleartr01,Troy O'Leary,104,86,104,89,0,0,0,0,0,0,52,0,41,89,3,13,1
2001,SEA,AL,olerujo01,John Olerud,159,149,159,158,0,0,158,0,0,0,0,0,0,0,0,5,0
2001,PIT,NL,olivaom01,Omar Olivares,47,11,44,45,45,0,0,0,0,0,0,0,0,0,0,2,0
2001,TEX,AL,oliveda02,Darren Oliver,28,3,3,28,28,0,0,0,0,0,0,0,0,0,0,0,0
2001,NYA,AL,olivejo01,Joe Oliver,12,10,12,12,0,12,0,0,0,0,0,0,0,0,0,0,0
2001,BOS,AL,olivejo01,Joe Oliver,5,5,5,5,0,5,0,0,0,0,0,0,0,0,0,0,0
2001,FLO,NL,olsenke01,Kevin Olsen,4,2,4,4,4,0,0,0,0,0,0,0,0,0,0,0,0
2001,LAN,NL,olsongr01,Gregg Olson,28,0,28,28,28,0,0,0,0,0,0,0,0,0,0,0,0
2001,NYA,AL,oneilpa01,Paul O'Neill,137,133,137,130,0,0,0,0,0,0,0,0,130,130,6,4,0
2001,KCA,AL,ordazlu01,Luis Ordaz,28,16,28,27,0,0,0,19,1,8,0,0,0,0,0,1,1
2001,CHA,AL,ordonma01,Magglio Ordonez,160,154,160,155,0,0,0,0,0,0,0,1,155,155,3,4,0
2001,NYN,NL,ordonre01,Rey Ordonez,149,140,149,148,0,0,0,0,0,148,0,0,0,0,0,1,0
2001,PHI,NL,oropeed01,Eddie Oropesa,30,0,28,30,30,0,0,0,0,0,0,0,0,0,0,0,0
2001,LAN,NL,oroscje01,Jesse Orosco,35,0,32,35,35,0,0,0,0,0,0,0,0,0,0,0,0
2001,SLN,NL,ortegbi01,Bill Ortega,5,0,5,0,0,0,0,0,0,0,0,0,0,0,0,5,0
2001,MIN,AL,ortizda01,David Ortiz,89,82,89,8,0,0,8,0,0,0,0,0,0,0,75,7,0
2001,KCA,AL,ortizhe01,Hector Ortiz,56,46,56,55,0,55,0,0,0,0,0,0,0,0,0,1,0
2001,COL,NL,ortizjo02,Jose Ortiz,53,48,53,51,0,0,0,51,0,0,0,0,0,0,0,3,0
2001,OAK,AL,ortizjo02,Jose Ortiz,11,11,11,10,0,0,0,10,0,0,0,0,0,0,1,0,0
2001,ANA,AL,ortizra01,Ramon Ortiz,32,2,2,32,32,0,0,0,0,0,0,0,0,0,0,0,0
2001,SFN,NL,ortizru01,Russ Ortiz,33,32,32,33,33,0,0,0,0,0,0,0,0,0,0,0,0
2001,SDN,NL,ostinji01,Jimmy Osting,3,0,3,3,3,0,0,0,0,0,0,0,0,0,0,0,0
2001,CHA,AL,osunaan01,Antonio Osuna,4,0,0,4,4,0,0,0,0,0,0,0,0,0,0,0,
2001,HOU,NL,oswalro01,Roy Oswalt,28,18,26,28,28,0,0,0,0,0,0,0,0,0,0,0,0
2001,ARI,NL,overbly01,Lyle Overbay,2,0,2,0,0,0,0,0,0,0,0,0,0,0,0,2,0
2001,FLO,NL,owenser01,Eric Owens,119,91,119,106,0,0,0,0,0,0,1,37,72,106,0,13,4
2001,PHI,NL,padilvi01,Vicente Padilla,23,0,21,23,23,0,0,0,0,0,0,0,0,0,0,0,0
2001,TOR,AL,paintla01,Lance Painter,10,0,0,10,10,0,0,0,0,0,0,0,0,0,0,0,
2001,MIL,NL,paintla01,Lance Painter,13,0,13,13,13,0,0,0,0,0,0,0,0,0,0,0,0
2001,DET,AL,palmede01,Dean Palmer,57,57,57,0,0,0,0,0,0,0,0,0,0,0,57,0,0
2001,ANA,AL,palmeor01,Orlando Palmeiro,104,61,104,59,0,0,0,0,0,0,26,7,28,59,25,28,5
2001,TEX,AL,palmera01,Rafael Palmeiro,160,159,160,113,0,0,113,0,0,0,0,0,0,0,46,1,0
2001,SEA,AL,paniajo01,Jose Paniagua,60,0,3,60,60,0,0,0,0,0,0,0,0,0,0,0,0
2001,SLN,NL,paquecr01,Craig Paquette,123,79,123,104,0,0,23,4,33,0,33,0,26,57,0,25,3
2001,NYA,AL,parkech01,Christian Parker,1,0,0,1,1,0,0,0,0,0,0,0,0,0,0,0,
2001,BAL,AL,paronch01,Chad Paronto,24,0,3,24,24,0,0,0,0,0,0,0,0,0,0,0,0
2001,CHA,AL,parquji01,Jim Parque,5,0,0,5,5,0,0,0,0,0,0,0,0,0,0,0,
2001,BAL,AL,parrijo01,John Parrish,16,0,2,16,16,0,0,0,0,0,0,0,0,0,0,0,0
2001,TOR,AL,parrist01,Steve Parris,19,1,1,19,19,0,0,0,0,0,0,0,0,0,0,0,0
2001,CHN,NL,patteco01,Corey Patterson,59,26,59,54,0,0,0,0,0,0,13,45,1,54,0,13,7
2001,DET,AL,patteda04,Danny Patterson,60,0,4,60,60,0,0,0,0,0,0,0,0,0,0,0,0
2001,DET,AL,patteja01,Jarrod Patterson,13,12,13,13,0,0,0,0,13,0,0,0,0,0,0,1,0
2001,MON,NL,pavanca01,Carl Pavano,8,8,8,8,8,0,0,0,0,0,0,0,0,0,0,0,0
2001,NYN,NL,paytoja01,Jay Payton,104,90,104,103,0,0,0,0,0,0,0,103,0,103,0,3,1
2001,FLO,NL,pennybr01,Brad Penny,31,29,29,31,31,0,0,0,0,0,0,0,0,0,0,0,0
2001,ANA,AL,percitr01,Troy Percival,57,0,3,57,57,0,0,0,0,0,0,0,0,0,0,0,0
2001,ATL,NL,perezed02,Eddie Perez,5,2,5,5,0,5,0,0,0,0,0,0,0,0,0,2,0
2001,COL,NL,perezne01,Neifi Perez,87,87,87,87,0,0,0,0,0,87,0,0,0,0,0,0,0
2001,KCA,AL,perezne01,Neifi Perez,49,49,49,49,0,0,0,4,0,46,0,0,0,0,0,0,0
2001,ATL,NL,perezod01,Odalis Perez,24,15,24,24,24,0,0,0,0,0,0,0,0,0,0,0,0
2001,MIL,NL,perezro01,Robert Perez,2,1,2,1,0,0,0,0,0,0,0,0,1,1,0,1,0
2001,NYA,AL,perezro01,Robert Perez,6,4,6,5,0,0,0,0,0,0,0,3,2,5,1,0,0
2001,SDN,NL,perezsa01,Santiago Perez,43,16,43,34,0,0,0,2,0,8,9,10,8,26,0,9,6
2001,NYN,NL,perezti01,Timo Perez,85,54,85,73,0,0,0,0,0,0,6,8,62,73,0,13,5
2001,PHI,NL,perezto03,Tomas Perez,62,26,62,46,0,0,0,29,9,8,0,0,1,1,0,17,1
2001,DET,AL,perisma01,Matt Perisho,30,0,0,30,30,0,0,0,0,0,0,0,0,0,0,0,
2001,CHA,AL,perryhe01,Herbert Perry,92,76,92,73,0,0,12,0,68,0,0,0,0,0,8,16,0
2001,PHI,NL,persoro01,Robert Person,33,31,31,33,33,0,0,0,0,0,0,0,0,0,0,0,0
2001,MON,NL,peterch01,Chris Peters,13,6,13,13,13,0,0,0,0,0,0,0,0,0,0,0,0
2001,MIL,NL,peterky01,Kyle Peterson,3,2,3,3,3,0,0,0,0,0,0,0,0,0,0,0,0
2001,TEX,AL,petkoma01,Mark Petkovsek,55,0,4,55,55,0,0,0,0,0,0,0,0,0,0,0,0
2001,COL,NL,petribe01,Ben Petrick,85,70,85,78,0,77,2,0,0,0,0,0,0,0,0,7,4
2001,NYA,AL,pettian01,Andy Pettitte,31,2,2,31,31,0,0,0,0,0,0,0,0,0,0,0,0
2001,DET,AL,pettyad01,Adam Pettyjohn,16,1,1,16,16,0,0,0,0,0,0,0,0,0,0,0,0
2001,TOR,AL,phelpjo01,Josh Phelps,8,4,8,7,0,7,0,0,0,0,0,0,0,0,0,1,1
2001,TBA,AL,phelptr01,Travis Phelps,49,0,4,49,49,0,0,0,0,0,0,0,0,0,0,0,0
2001,NYN,NL,phillja04,Jason Phillips,6,0,6,5,0,5,0,0,0,0,0,0,0,0,0,1,0
2001,OAK,AL,piattad01,Adam Piatt,36,27,36,32,0,0,0,0,0,0,0,0,32,32,1,6,0
2001,NYN,NL,piazzmi01,Mike Piazza,141,133,141,131,0,131,0,0,0,0,0,0,0,0,5,7,0
2001,BOS,AL,pichahi01,Hipolito Pichardo,30,0,6,30,30,0,0,0,0,0,0,0,0,0,0,0,0
2001,CIN,NL,pickeca01,Calvin Pickering,4,0,4,0,0,0,0,0,0,0,0,0,0,0,0,4,0
2001,BOS,AL,pickeca01,Calvin Pickering,17,13,17,12,0,0,12,0,0,0,0,0,0,0,1,4,0
2001,COL,NL,pierrju01,Juan Pierre,156,140,156,154,0,0,0,0,0,0,0,154,0,154,0,6,1
2001,CIN,NL,piersch01,Chris Piersoll,11,0,11,11,11,0,0,0,0,0,0,0,0,0,0,0,0
2001,MIN,AL,pierzaj01,A. J. Pierzynski,114,103,114,110,0,110,0,0,0,0,0,0,0,0,1,10,0
2001,DET,AL,pinedlu01,Luis Pineda,16,0,0,16,16,0,0,0,0,0,0,0,0,0,0,0,
2001,SEA,AL,pineijo01,Joel Pineiro,17,0,0,17,17,0,0,0,0,0,0,0,0,0,0,0,
2001,TOR,AL,plesada01,Dan Plesac,62,0,4,62,62,0,0,0,0,0,0,0,0,0,0,0,0
2001,SEA,AL,podsesc01,Scott Podsednik,5,1,5,5,0,0,0,0,0,0,3,1,1,5,0,1,1
2001,SLN,NL,polanpl01,Placido Polanco,144,133,144,138,0,0,0,15,104,42,0,0,0,0,1,7,0
2001,PHI,NL,politcl01,Cliff Politte,23,0,22,23,23,0,0,0,0,0,0,0,0,0,0,0,0
2001,BAL,AL,ponsosi01,Sidney Ponson,23,2,2,23,23,0,0,0,0,0,0,0,0,0,0,0,0
2001,TEX,AL,portebo03,Bo Porter,48,22,48,40,0,0,0,0,0,0,18,10,12,40,0,5,5
2001,NYA,AL,posadjo01,Jorge Posada,138,133,138,131,0,131,2,0,0,0,0,0,0,0,6,5,0
2001,HOU,NL,powelbr01,Brian Powell,1,1,1,1,1,0,0,0,0,0,0,0,0,0,0,0,0
2001,SFN,NL,powelda01,Dante Powell,13,1,13,9,0,0,0,0,0,0,5,1,3,9,0,1,6
2001,HOU,NL,powelja04,Jay Powell,35,0,32,35,35,0,0,0,0,0,0,0,0,0,0,0,0
2001,COL,NL,powelja04,Jay Powell,39,0,36,39,39,0,0,0,0,0,0,0,0,0,0,0,0
2001,PHI,NL,prattto02,Todd Pratt,35,29,35,35,0,34,1,0,0,0,0,0,0,0,0,0,0
2001,NYN,NL,prattto02,Todd Pratt,45,20,45,31,0,31,0,0,0,0,0,0,0,0,0,16,0
2001,MON,NL,pridecu01,Curtis Pride,36,15,36,23,0,0,0,0,0,0,19,1,3,23,2,15,1
2001,TBA,AL,prietar01,Ariel Prieto,3,0,0,3,3,0,0,0,0,0,0,0,0,0,0,0,
2001,MIN,AL,princto01,Tom Prince,64,60,64,64,0,64,0,0,0,0,0,0,0,0,0,1,0
2001,ARI,NL,prinzbr01,Bret Prinz,46,0,44,46,46,0,0,0,0,0,0,0,0,0,0,0,0
2001,LAN,NL,prokolu01,Luke Prokopec,30,20,28,29,29,0,0,0,0,0,0,0,0,0,0,0,1
2001,SLN,NL,pujolal01,Albert Pujols,161,156,161,157,0,0,43,0,55,0,39,0,39,78,2,2,0
2001,BOS,AL,pulsibi01,Bill Pulsipher,23,0,4,23,23,0,0,0,0,0,0,0,0,0,0,0,0
2001,CHA,AL,pulsibi01,Bill Pulsipher,14,0,0,14,14,0,0,0,0,0,0,0,0,0,0,0,
2001,PHI,NL,puntoni01,Nick Punto,4,1,4,1,0,0,0,0,0,1,0,0,0,0,0,1,2
2001,TOR,AL,quantpa01,Paul Quantrill,80,0,4,80,80,0,0,0,0,0,0,0,0,0,0,0,0
2001,MIL,NL,queveru01,Ruben Quevedo,10,10,10,10,10,0,0,0,0,0,0,0,0,0,0,0,0
2001,KCA,AL,quinnma01,Mark Quinn,118,114,118,99,0,0,0,0,0,0,49,0,50,99,18,4,0
2001,CLE,AL,radinsc01,Scott Radinsky,2,0,0,2,2,0,0,0,0,0,0,0,0,0,0,0,
2001,MIN,AL,radkebr01,Brad Radke,33,2,2,33,33,0,0,0,0,0,0,0,0,0,0,0,0
2001,MON,NL,raineti01,Tim Raines,47,17,47,20,0,0,0,0,0,0,20,0,0,20,0,27,0
2001,BAL,AL,raineti01,Tim Raines,4,2,4,2,0,0,0,0,0,0,2,0,0,2,0,2,0
2001,BAL,AL,raineti02,Tim Raines,7,6,7,7,0,0,0,0,0,0,0,7,0,7,0,0,0
2001,PIT,NL,ramirar01,Aramis Ramirez,158,155,158,157,0,0,0,0,157,0,0,0,0,0,0,2,0
2001,CHA,AL,ramirju01,Julio Ramirez,22,12,22,21,0,0,0,0,0,0,1,21,0,21,0,0,3
2001,BOS,AL,ramirma02,Manny Ramirez,142,142,142,55,0,0,0,0,0,0,55,0,0,55,87,0,0
2001,KCA,AL,randajo01,Joe Randa,151,151,151,137,0,0,0,1,137,0,0,0,0,0,14,0,0
2001,SFN,NL,ransoco01,Cody Ransom,9,0,9,6,0,0,0,0,0,6,0,0,0,0,0,4,2
2001,MON,NL,reamebr01,Britt Reames,41,13,41,41,41,0,0,0,0,0,0,0,0,0,0,0,0
2001,LAN,NL,rebouje01,Jeff Reboulet,94,55,94,80,0,0,0,22,7,56,2,0,0,2,0,25,0
2001,HOU,NL,redditi01,Tim Redding,13,8,12,13,13,0,0,0,0,0,0,0,0,0,0,0,0
2001,DET,AL,redmama01,Mark Redman,2,0,0,2,2,0,0,0,0,0,0,0,0,0,0,0,
2001,MIN,AL,redmama01,Mark Redman,9,0,0,9,9,0,0,0,0,0,0,0,0,0,0,0,
2001,PIT,NL,redmati01,Tike Redman,37,28,37,35,0,0,0,0,0,0,0,28,7,35,0,2,1
2001,FLO,NL,redmomi01,Mike Redmond,48,41,48,47,0,47,0,0,0,0,0,0,0,0,0,1,0
2001,CIN,NL,reesepo01,Pokey Reese,133,116,133,126,0,0,0,51,0,78,0,0,0,0,0,5,6
2001,KCA,AL,reichda01,Dan Reichert,27,2,2,27,27,0,0,0,0,0,0,0,0,0,0,0,0
2001,CIN,NL,reithbr01,Brian Reith,9,8,9,9,9,0,0,0,0,0,0,0,0,0,0,0,0
2001,CIN,NL,reitsch01,Chris Reitsma,38,27,36,36,36,0,0,0,0,0,0,0,0,0,0,0,2
2001,TBA,AL,rekarbr01,Bryan Rekar,25,1,1,25,25,0,0,0,0,0,0,0,0,0,0,0,0
2001,NYN,NL,relafde01,Desi Relaford,120,69,120,94,1,0,0,54,20,25,0,0,0,0,0,31,9
2001,ATL,NL,remlimi01,Mike Remlinger,75,0,71,75,75,0,0,0,0,0,0,0,0,0,0,0,0
2001,SLN,NL,renteed01,Edgar Renteria,141,134,141,138,0,0,1,0,0,137,0,0,0,0,1,3,1
2001,LAN,NL,reyesal01,Alberto Reyes,19,0,17,19,19,0,0,0,0,0,0,0,0,0,0,0,0
2001,CIN,NL,reyesde01,Dennys Reyes,36,6,36,35,35,0,0,0,0,0,0,0,0,0,0,1,0
2001,ARI,NL,reynoar02,Armando Reynoso,9,8,8,9,9,0,0,0,0,0,0,0,0,0,0,0,0
2001,HOU,NL,reynosh01,Shane Reynolds,28,27,27,28,28,0,0,0,0,0,0,0,0,0,0,0,0
2001,SEA,AL,rhodear01,Arthur Rhodes,72,0,3,72,72,0,0,0,0,0,0,0,0,0,0,0,0
2001,BAL,AL,richach01,Chris Richard,136,125,136,111,0,0,18,0,0,0,0,36,69,96,19,4,3
2001,CIN,NL,riedljo01,John Riedling,29,0,29,29,29,0,0,0,0,0,0,0,0,0,0,0,0
2001,MIL,NL,rigdopa01,Paul Rigdon,15,14,14,15,15,0,0,0,0,0,0,0,0,0,0,0,0
2001,NYN,NL,riggaje01,Jerrod Riggan,35,0,35,35,35,0,0,0,0,0,0,0,0,0,0,0,0
2001,SDN,NL,riggsad01,Adam Riggs,12,10,12,12,0,0,0,11,1,0,0,0,0,0,0,0,1
2001,MIN,AL,rincoju01,Juan Rincon,4,0,1,4,4,0,0,0,0,0,0,0,0,0,0,0,0
2001,CLE,AL,rincori01,Ricardo Rincon,67,0,3,67,67,0,0,0,0,0,0,0,0,0,0,0,0
2001,BAL,AL,ripkeca01,Cal Ripken,128,125,128,111,0,0,0,0,111,0,0,0,0,0,14,3,0
2001,CLE,AL,riskeda01,David Riske,26,0,0,26,26,0,0,0,0,0,0,0,0,0,0,0,
2001,PIT,NL,ritchto01,Todd Ritchie,34,32,32,34,33,0,1,0,0,0,0,0,0,0,0,0,0
2001,MIN,AL,rivaslu01,Luis Rivas,153,148,153,150,0,0,0,150,0,0,0,0,0,0,0,4,0
2001,NYA,AL,riverju01,Juan Rivera,3,0,3,3,0,0,0,0,0,0,0,1,2,3,0,0,0
2001,NYA,AL,riverma01,Mariano Rivera,71,0,5,71,71,0,0,0,0,0,0,0,0,0,0,0,0
2001,DET,AL,rivermi02,Mike Rivera,4,3,4,4,0,4,0,0,0,0,0,0,0,0,0,0,0
2001,CIN,NL,riverru01,Ruben Rivera,117,56,117,99,0,0,0,0,0,0,10,70,21,99,0,27,11
2001,BAL,AL,roberbr01,Brian Roberts,75,60,75,61,0,0,0,12,0,51,0,0,0,0,6,10,3
2001,CLE,AL,roberda07,Dave Roberts,15,0,15,13,0,0,0,0,0,0,9,2,2,13,0,2,4
2001,NYN,NL,robergr01,Grant Roberts,16,0,16,16,16,0,0,0,0,0,0,0,0,0,0,0,0
2001,BAL,AL,roberwi01,Willis Roberts,46,2,2,46,46,0,0,0,0,0,0,0,0,0,0,0,0
2001,SLN,NL,robinke02,Kerry Robinson,114,31,114,74,0,0,0,0,0,0,42,22,17,74,0,50,5
2001,CLE,AL,rockejo01,John Rocker,38,0,2,38,38,0,0,0,0,0,0,0,0,0,0,0,0
2001,ATL,NL,rockejo01,John Rocker,30,0,28,30,30,0,0,0,0,0,0,0,0,0,0,0,0
2001,TEX,AL,rodrial01,Alex Rodriguez,162,162,162,161,0,0,0,0,0,161,0,0,0,0,1,0,0
2001,SFN,NL,rodrife01,Felix Rodriguez,80,0,77,80,80,0,0,0,0,0,0,0,0,0,0,0,0
2001,CIN,NL,rodrifr02,Frankie Rodriguez,7,0,6,7,7,0,0,0,0,0,0,0,0,0,0,0,0
2001,NYA,AL,rodrihe02,Henry Rodriguez,5,1,5,0,0,0,0,0,0,0,0,0,0,0,1,4,0
2001,TEX,AL,rodriiv01,Ivan Rodriguez,111,106,111,106,0,106,0,0,0,0,0,0,0,0,5,2,0
2001,CLE,AL,rodriri02,Rich Rodriguez,53,0,2,53,53,0,0,0,0,0,0,0,0,0,0,0,0
2001,HOU,NL,rodriwi01,Wilfredo Rodriguez,2,0,2,2,2,0,0,0,0,0,0,0,0,0,0,0,0
2001,TEX,AL,rogerke01,Kenny Rogers,20,1,1,20,20,0,0,0,0,0,0,0,0,0,0,0,0
2001,PHI,NL,rolensc01,Scott Rolen,151,151,151,151,0,0,0,0,151,0,0,0,0,0,0,0,0
2001,PHI,NL,rolliji01,Jimmy Rollins,158,156,158,157,0,0,0,0,0,157,0,0,0,0,0,1,0
2001,TBA,AL,rollsda01,Damian Rolls,81,57,81,68,0,0,0,42,1,0,7,18,0,25,0,6,13
2001,MIN,AL,romerjc01,J. C. Romero,14,1,1,14,14,0,0,0,0,0,0,0,0,0,0,0,0
2001,CHA,AL,rowanaa01,Aaron Rowand,63,34,63,61,0,0,0,0,0,0,34,32,11,61,0,4,0
2001,SFN,NL,rueteki01,Kirk Rueter,36,32,34,34,34,0,0,0,0,0,0,0,0,0,0,1,1
2001,FLO,NL,ruffijo01,Johnny Ruffin,3,0,3,3,3,0,0,0,0,0,0,0,0,0,0,0,0
2001,NYN,NL,ruschgl01,Glendon Rusch,33,31,31,33,33,0,0,0,0,0,0,0,0,0,0,0,0
2001,CLE,AL,sabatcc01,CC Sabathia,33,2,2,33,33,0,0,0,0,0,0,0,0,0,0,0,0
2001,ARI,NL,sabeler01,Erik Sabel,42,0,37,42,42,0,0,0,0,0,0,0,0,0,0,0,0
2001,BOS,AL,saberbr01,Bret Saberhagen,3,0,0,3,3,0,0,0,0,0,0,0,0,0,0,0,
2001,CIN,NL,sadledo01,Donnie Sadler,39,17,39,33,0,0,0,15,0,12,6,2,2,8,0,7,5
2001,KCA,AL,sadledo01,Donnie Sadler,54,33,54,47,0,0,0,13,15,6,5,4,7,16,0,3,11
2001,OAK,AL,saenzol01,Olmedo Saenz,106,72,106,41,0,0,28,0,14,0,0,0,0,0,47,26,0
2001,ANA,AL,salmoti01,Tim Salmon,137,136,137,125,0,0,0,0,0,0,0,0,125,125,12,0,1
2001,MIL,NL,sanchal03,Alex Sanchez,30,12,30,19,0,0,0,0,0,0,3,14,3,19,0,15,2
2001,FLO,NL,sanchje01,Jesus Sanchez,17,9,17,16,16,0,0,0,0,0,0,0,0,0,0,0,1
2001,ATL,NL,sanchre01,Rey Sanchez,49,45,49,48,0,0,0,0,0,48,0,0,0,0,0,1,0
2001,KCA,AL,sanchre01,Rey Sanchez,100,97,100,100,0,0,0,0,0,100,0,0,0,0,0,0,0
2001,TBA,AL,sandbja01,Jared Sandberg,39,38,39,38,0,0,1,0,38,0,0,0,0,0,0,0,1
2001,SEA,AL,sandean01,Anthony Sanders,9,6,9,9,0,0,0,0,0,0,8,0,1,9,0,1,0
2001,CIN,NL,sandede02,Deion Sanders,32,18,32,16,0,0,0,0,0,0,12,4,1,16,2,14,0
2001,ARI,NL,sandere02,Reggie Sanders,126,117,126,119,0,0,0,0,0,0,0,0,119,119,0,9,0
2001,OAK,AL,santafp01,F. P. Santangelo,32,20,32,28,0,0,0,20,3,0,0,5,1,6,0,6,4
2001,MIN,AL,santajo01,Johan Santana,15,0,1,15,15,0,0,0,0,0,0,0,0,0,0,0,0
2001,DET,AL,santape01,Pedro Santana,1,0,1,1,0,0,0,1,0,0,0,0,0,0,0,0,0
2001,SFN,NL,santibe01,Benito Santiago,133,120,133,130,0,130,2,0,0,0,0,0,0,0,0,3,0
2001,PHI,NL,santijo03,Jose Santiago,53,0,50,53,53,0,0,0,0,0,0,0,0,0,0,0,0
2001,KCA,AL,santijo03,Jose Santiago,20,0,0,20,20,0,0,0,0,0,0,0,0,0,0,0,
2001,BOS,AL,santoan01,Angel Santos,9,4,9,6,0,0,0,6,0,0,0,0,0,0,0,1,2
2001,DET,AL,santovi01,Victor Santos,33,0,0,33,33,0,0,0,0,0,0,0,0,0,0,0,
2001,SEA,AL,sasakka01,Kazuhiro Sasaki,69,0,3,69,69,0,0,0,0,0,0,0,0,0,0,0,0
2001,SLN,NL,saturlu01,Luis Saturria,13,0,13,9,0,0,0,0,0,0,3,3,3,9,0,4,3
2001,PIT,NL,sauersc01,Scott Sauerbeck,70,0,66,70,70,0,0,0,0,0,0,0,0,0,0,0,0
2001,MON,NL,scanlbo01,Bob Scanlan,18,0,15,18,18,0,0,0,0,0,0,0,0,0,0,0,0
2001,ARI,NL,schilcu01,Curt Schilling,35,34,34,35,35,0,0,0,0,0,0,0,0,0,0,0,0
2001,SFN,NL,schmija01,Jason Schmidt,11,11,11,11,11,0,0,0,0,0,0,0,0,0,0,0,0
2001,PIT,NL,schmija01,Jason Schmidt,14,12,12,14,14,0,0,0,0,0,0,0,0,0,0,0,0
2001,MON,NL,schnebr01,Brian Schneider,27,9,27,14,0,14,0,0,0,0,0,0,0,0,0,13,0
2001,ANA,AL,schoesc01,Scott Schoeneweis,32,1,1,32,32,0,0,0,0,0,0,0,0,0,0,0,0
2001,BOS,AL,schoupe01,Pete Schourek,33,0,1,33,33,0,0,0,0,0,0,0,0,0,0,0,0
2001,NYA,AL,seabosc01,Scott Seabol,1,0,1,0,0,0,0,0,0,0,0,0,0,0,0,1,0
2001,SDN,NL,seaneru01,Rudy Seanez,26,0,25,26,26,0,0,0,0,0,0,0,0,0,0,0,0
2001,ATL,NL,seaneru01,Rudy Seanez,12,0,12,12,12,0,0,0,0,0,0,0,0,0,0,0,0
2001,ATL,NL,seelbch02,Chris Seelbach,5,0,5,5,5,0,0,0,0,0,0,0,0,0,0,0,0
2001,COL,NL,sefcike01,Kevin Sefcik,1,0,1,0,0,0,0,0,0,0,0,0,0,0,0,1,0
2001,BAL,AL,seguida01,David Segui,82,81,82,65,0,0,65,0,0,0,0,0,0,0,16,1,0
2001,MON,NL,seguife01,Fernando Seguignol,46,5,46,19,0,0,7,0,0,0,7,0,7,13,0,29,1
2001,CIN,NL,selbybi01,Bill Selby,36,26,36,28,0,0,2,21,8,0,0,0,0,0,0,9,0
2001,SDN,NL,serrawa01,Wascar Serrano,20,5,20,20,20,0,0,0,0,0,0,0,0,0,0,0,0
2001,HOU,NL,servasc01,Scott Servais,11,2,11,9,0,9,0,0,0,0,0,0,0,0,0,2,0
2001,MIL,NL,sexsori01,Richie Sexson,158,157,158,158,0,0,158,0,0,0,0,0,0,0,0,0,0
2001,TBA,AL,sheetan01,Andy Sheets,49,47,49,49,0,0,0,0,0,49,0,0,0,0,0,0,1
2001,MIL,NL,sheetbe01,Ben Sheets,25,23,23,25,25,0,0,0,0,0,0,0,0,0,0,0,0
2001,LAN,NL,sheffga01,Gary Sheffield,143,143,143,141,0,0,0,0,0,0,141,0,2,141,2,0,0
2001,TEX,AL,sheldsc01,Scott Sheldon,61,31,61,57,0,1,0,0,38,16,2,0,1,3,0,7,2
2001,ANA,AL,shielsc01,Scot Shields,8,0,1,8,8,0,0,0,0,0,0,0,0,0,0,0,0
2001,NYN,NL,shinjts01,Tsuyoshi Shinjo,123,99,123,119,0,0,0,0,0,0,46,53,39,119,0,9,3
2001,CLE,AL,shueypa01,Paul Shuey,47,0,3,47,47,0,0,0,0,0,0,0,0,0,0,0,0
2001,COL,NL,shumpte01,Terry Shumpert,114,51,114,76,0,0,0,41,12,4,24,0,0,24,0,49,3
2001,TEX,AL,sierrru01,Ruben Sierra,94,82,94,36,0,0,0,0,0,0,1,0,35,36,49,11,0
2001,PIT,NL,silvajo01,Jose Silva,26,0,26,26,26,0,0,0,0,0,0,0,0,0,0,0,0
2001,TOR,AL,simmobr01,Brian Simmons,60,16,60,37,0,0,0,0,0,0,19,12,7,37,1,27,1
2001,DET,AL,simonra01,Randall Simon,81,65,81,43,0,0,43,0,0,0,0,0,0,0,27,11,0
2001,CHA,AL,singlch01,Chris Singleton,140,106,140,133,0,0,0,0,0,0,19,121,3,133,0,3,8
2001,ATL,NL,slusajo01,Joe Slusarski,4,0,4,4,4,0,0,0,0,0,0,0,0,0,0,0,0
2001,HOU,NL,slusajo01,Joe Slusarski,8,0,6,8,8,0,0,0,0,0,0,0,0,0,0,0,0
2001,TEX,AL,smartjd01,J. D. Smart,15,0,3,15,15,0,0,0,0,0,0,0,0,0,0,0,0
2001,TBA,AL,smithbo06,Bob Smith,6,6,6,6,0,0,0,6,0,0,0,0,0,0,0,0,0
2001,SLN,NL,smithbu02,Bud Smith,16,14,15,16,16,0,0,0,0,0,0,0,0,0,0,0,0
2001,FLO,NL,smithch06,Chuck Smith,15,13,13,15,15,0,0,0,0,0,0,0,0,0,0,0,0
2001,CHN,NL,smithja05,Jason Smith,2,0,2,1,0,0,0,0,0,1,0,0,0,0,0,1,0
2001,MON,NL,smithma03,Mark Smith,80,48,80,61,0,0,1,0,0,0,55,6,4,60,0,27,1
2001,CLE,AL,smithro03,Roy Smith,9,0,0,9,9,0,0,0,0,0,0,0,0,0,0,0,
2001,ATL,NL,smoltjo01,John Smoltz,36,4,35,36,36,0,0,0,0,0,0,0,0,0,0,0,0
2001,ATL,NL,sobkosc01,Scott Sobkowiak,1,0,1,1,1,0,0,0,0,0,0,0,0,0,0,0,0
2001,NYA,AL,soriaal01,Alfonso Soriano,158,157,158,156,0,0,0,156,0,0,0,0,0,0,1,1,0
2001,DET,AL,sparkst01,Steve Sparks,36,1,3,35,35,0,0,0,0,0,0,0,0,0,0,0,1
2001,CLE,AL,speieju01,Justin Speier,12,0,0,12,12,0,0,0,0,0,0,0,0,0,0,0,
2001,COL,NL,speieju01,Justin Speier,42,0,42,42,42,0,0,0,0,0,0,0,0,0,0,0,0
2001,NYA,AL,spencsh01,Shane Spencer,80,73,80,68,0,0,0,0,0,0,44,0,28,68,14,3,1
2001,HOU,NL,spierbi01,Bill Spiers,4,0,4,0,0,0,0,0,0,0,0,0,0,0,0,4,0
2001,ANA,AL,spiezsc01,Scott Spiezio,139,114,139,115,0,0,105,0,10,0,10,0,8,18,13,17,1
2001,ARI,NL,spiveju01,Junior Spivey,72,39,72,66,0,0,0,66,0,1,0,0,0,0,0,8,9
2001,ATL,NL,spoonti01,Tim Spooneybarger,4,0,4,4,4,0,0,0,0,0,0,0,0,0,0,0,0
2001,SEA,AL,spraged02,Ed Sprague,45,24,45,28,0,1,12,0,8,0,8,0,1,9,3,17,0
2001,LAN,NL,sprinde01,Dennis Springer,4,3,4,4,4,0,0,0,0,0,0,0,0,0,0,0,0
2001,ARI,NL,sprinru01,Russ Springer,18,0,18,18,18,0,0,0,0,0,0,0,0,0,0,0,0
2001,CHN,NL,stairma01,Matt Stairs,128,95,128,109,0,0,89,1,0,0,22,0,1,22,2,19,0
2001,TBA,AL,standja01,Jason Standridge,9,0,0,9,9,0,0,0,0,0,0,0,0,0,0,0,
2001,NYA,AL,stantmi02,Mike Stanton,76,0,6,76,76,0,0,0,0,0,0,0,0,0,0,0,0
2001,SEA,AL,starkde01,Denny Stark,4,0,0,4,4,0,0,0,0,0,0,0,0,0,0,0,
2001,SLN,NL,stechge01,Gene Stechschulte,69,0,65,67,67,0,0,0,0,0,0,0,0,0,0,2,0
2001,KCA,AL,steinbl01,Blake Stein,36,2,3,36,36,0,0,0,0,0,0,0,0,0,0,0,0
2001,MON,NL,stevele01,Lee Stevens,152,149,152,152,0,0,152,0,0,0,0,0,0,0,0,1,0
2001,MON,NL,stewasc01,Scott Stewart,62,0,57,62,62,0,0,0,0,0,0,0,0,0,0,0,0
2001,TOR,AL,stewash01,Shannon Stewart,155,153,155,142,0,0,0,0,0,0,142,0,0,142,11,2,0
2001,CIN,NL,stinnke01,Kelly Stinnett,63,51,63,59,0,59,0,0,0,0,0,0,0,0,0,5,1
2001,HOU,NL,stoneri01,Ricky Stone,6,0,6,6,6,0,0,0,0,0,0,0,0,0,0,0,0
2001,MON,NL,stricsc01,Scott Strickland,77,0,75,77,77,0,0,0,0,0,0,0,0,0,0,0,0
2001,FLO,NL,stronjo01,Joe Strong,5,0,5,5,5,0,0,0,0,0,0,0,0,0,0,0,0
2001,TBA,AL,sturtta01,Tanyon Sturtze,39,3,3,39,39,0,0,0,0,0,0,0,0,0,0,0,0
2001,BOS,AL,stynech01,Chris Stynes,96,87,96,91,0,0,0,43,46,0,3,0,0,3,0,7,0
2001,CIN,NL,sullisc01,Scott Sullivan,79,0,75,79,79,0,0,0,0,0,0,0,0,0,0,0,0
2001,KCA,AL,suppaje01,Jeff Suppan,34,2,2,34,34,0,0,0,0,0,0,0,0,0,0,0,0
2001,ATL,NL,surhobj01,B. J. Surhoff,141,123,141,129,0,0,0,0,0,0,129,0,0,129,3,13,0
2001,SLN,NL,suttola01,Larry Sutton,33,3,33,11,0,0,11,0,0,0,0,0,3,3,0,25,0
2001,SEA,AL,suzukic01,Ichiro Suzuki,157,152,157,152,0,0,0,0,0,0,0,0,152,152,4,4,0
2001,COL,NL,suzukma01,Mac Suzuki,3,1,3,3,3,0,0,0,0,0,0,0,0,0,0,0,0
2001,KCA,AL,suzukma01,Mac Suzuki,15,0,1,15,15,0,0,0,0,0,0,0,0,0,0,0,0
2001,MIL,NL,suzukma01,Mac Suzuki,15,9,15,15,15,0,0,0,0,0,0,0,0,0,0,0,0
2001,MIL,NL,sweenma01,Mark Sweeney,48,19,48,22,0,0,2,0,0,0,20,0,3,20,0,27,0
2001,KCA,AL,sweenmi01,Mike Sweeney,147,146,147,108,0,0,108,0,0,0,0,0,0,0,38,1,0
2001,ARI,NL,swindgr01,Greg Swindell,64,0,62,64,64,0,0,0,0,0,0,0,0,0,0,0,0
2001,SLN,NL,tabakje01,Jeff Tabaka,8,0,8,8,8,0,0,0,0,0,0,0,0,0,0,0,0
2001,CHN,NL,tapanke01,Kevin Tapani,29,29,29,29,29,0,0,0,0,0,0,0,0,0,0,0,0
2001,MON,NL,tatisfe01,Fernando Tatis,41,40,41,41,0,0,0,0,41,0,0,0,0,0,0,1,0
2001,CLE,AL,taubeed01,Ed Taubensee,52,29,52,38,0,38,0,0,0,0,0,0,0,0,1,16,0
2001,CHN,NL,tavarju01,Julian Tavarez,34,26,32,34,34,0,0,0,0,0,0,0,0,0,0,0,0
2001,PIT,NL,taylobi04,Billy Taylor,1,0,1,1,1,0,0,0,0,0,0,0,0,0,0,0,0
2001,PHI,NL,taylore01,Reggie Taylor,5,1,5,2,0,0,0,0,0,0,0,2,0,2,0,1,2
2001,OAK,AL,tejadmi01,Miguel Tejada,162,160,162,162,0,0,0,0,0,162,0,0,0,0,0,0,0
2001,PHI,NL,telemam01,Amaury Telemaco,24,13,22,24,24,0,0,0,0,0,0,0,0,0,0,0,0
2001,MON,NL,telfoan01,Anthony Telford,8,0,8,8,8,0,0,0,0,0,0,0,0,0,0,0,0
2001,MIN,AL,thomabr01,Brad Thomas,5,1,1,5,5,0,0,0,0,0,0,0,0,0,0,0,0
2001,CHA,AL,thomafr04,Frank Thomas,20,19,20,3,0,0,3,0,0,0,0,0,0,0,16,1,0
2001,CLE,AL,thomeji01,Jim Thome,156,149,156,148,0,0,148,0,0,0,0,0,0,0,5,7,0
2001,FLO,NL,thompry01,Ryan Thompson,18,6,18,16,0,0,0,0,0,0,1,4,12,16,0,3,3
2001,COL,NL,thomsjo01,John Thomson,14,14,14,14,14,0,0,0,0,0,0,0,0,0,0,0,0
2001,MON,NL,thurmmi01,Mike Thurman,28,25,27,28,28,0,0,0,0,0,0,0,0,0,0,0,0
2001,SLN,NL,timlimi01,Mike Timlin,68,0,65,68,68,0,0,0,0,0,0,0,0,0,0,0,0
2001,DET,AL,tolarke01,Kevin Tolar,9,0,1,9,9,0,0,0,0,0,0,0,0,0,0,0,0
2001,SDN,NL,tollbbr01,Brian Tollberg,19,18,18,19,19,0,0,0,0,0,0,0,0,0,0,0,0
2001,SEA,AL,tomkobr01,Brett Tomko,11,0,0,11,11,0,0,0,0,0,0,0,0,0,0,0,
2001,ATL,NL,torrest01,Steve Torrealba,2,0,2,2,0,2,0,0,0,0,0,0,0,0,0,1,0
2001,SFN,NL,torreyo01,Yorvit Torrealba,3,1,3,3,0,3,0,0,0,0,0,0,0,0,0,0,0
2001,BAL,AL,towerjo01,Josh Towers,24,1,1,24,24,0,0,0,0,0,0,0,0,0,0,0,0
2001,NYN,NL,trachst01,Steve Trachsel,28,26,26,28,28,0,0,0,0,0,0,0,0,0,0,0,0
2001,MON,NL,tracyan01,Andy Tracy,38,11,38,14,0,0,3,0,11,0,0,0,0,0,2,22,0
2001,SDN,NL,trammbu01,Bubba Trammell,142,125,142,132,0,0,0,0,0,0,34,0,102,132,1,15,1
2001,LAN,NL,trombmi01,Mike Trombley,19,0,19,19,19,0,0,0,0,0,0,0,0,0,0,0,0
2001,BAL,AL,trombmi01,Mike Trombley,50,0,3,50,50,0,0,0,0,0,0,0,0,0,0,0,0
2001,HOU,NL,trubych01,Chris Truby,48,33,48,36,0,0,1,0,35,0,0,0,0,0,0,12,0
2001,CIN,NL,tuckemi01,Michael Tucker,86,54,86,70,0,0,0,0,0,0,37,32,19,70,0,23,3
2001,CHN,NL,tuckemi01,Michael Tucker,63,51,63,61,0,0,4,0,0,0,38,44,6,57,0,4,2
2001,TBA,AL,tynerja01,Jason Tyner,105,89,105,100,0,0,0,0,0,0,57,47,3,100,0,5,2
2001,MON,NL,urbinug01,Ugueth Urbina,45,0,42,45,45,0,0,0,0,0,0,0,0,0,0,0,0
2001,BOS,AL,urbinug01,Ugueth Urbina,19,0,0,19,19,0,0,0,0,0,0,0,0,0,0,0,
2001,COL,NL,uribeju01,Juan Uribe,72,67,72,69,0,0,0,0,0,69,0,0,0,0,0,3,1
2001,ANA,AL,valdeis01,Ismael Valdez,27,2,2,27,27,0,0,0,0,0,0,0,0,0,0,0,0
2001,ATL,NL,valdema01,Marc Valdes,9,0,9,9,9,0,0,0,0,0,0,0,0,0,0,0,0
2001,OAK,AL,valdema02,Mario Valdez,32,11,32,13,0,0,6,0,0,0,7,0,0,7,6,15,1
2001,PHI,NL,valener01,Eric Valent,22,10,22,8,0,0,0,0,0,0,7,0,1,8,4,11,0
2001,BOS,AL,valenjo02,John Valentin,20,16,20,20,0,0,0,0,3,18,0,0,0,0,0,0,0
2001,CHA,AL,valenjo03,Jose Valentin,124,111,124,115,0,0,0,0,66,43,0,24,0,24,0,11,1
2001,PIT,NL,vandejo02,John Vander Wal,97,88,97,85,0,0,13,0,0,0,20,0,56,73,7,9,0
2001,SFN,NL,vandejo02,John Vander Wal,49,38,49,41,0,0,1,0,0,0,3,0,38,41,0,9,1
2001,CHN,NL,vanpoto01,Todd Van Poppel,59,0,57,59,59,0,0,0,0,0,0,0,0,0,0,0,0
2001,BOS,AL,varitja01,Jason Varitek,51,47,51,50,0,50,0,0,0,0,0,0,0,0,0,3,0
2001,TBA,AL,vaughgr01,Greg Vaughn,136,133,136,57,0,0,0,0,0,0,57,0,0,57,76,3,0
2001,MON,NL,vazquja01,Javier Vazquez,32,31,31,32,32,0,0,0,0,0,0,0,0,0,0,0,0
2001,SEA,AL,vazqura01,Ramon Vazquez,17,8,17,16,0,0,0,6,2,10,0,0,0,0,0,2,3
2001,NYN,NL,velanjo01,Jorge Velandia,9,2,9,9,0,0,0,0,1,8,0,0,0,0,0,0,0
2001,NYA,AL,velarra01,Randy Velarde,15,12,15,10,0,0,1,0,7,0,2,0,1,3,2,3,0
2001,TEX,AL,velarra01,Randy Velarde,78,70,78,71,0,0,9,53,7,0,0,0,2,2,6,6,0
2001,TEX,AL,venafmi01,Mike Venafro,70,0,6,70,70,0,0,0,0,0,0,0,0,0,0,0,0
2001,NYN,NL,venturo01,Robin Ventura,142,130,142,139,0,0,0,0,139,0,0,0,0,0,0,6,0
2001,ATL,NL,verasqu01,Quilvio Veras,71,64,71,67,0,0,0,67,0,0,0,0,0,0,0,7,0
2001,SLN,NL,veresda01,Dave Veres,71,0,69,71,71,0,0,0,0,0,0,0,0,0,0,0,0
2001,MON,NL,vidrojo01,Jose Vidro,124,123,124,121,0,0,0,121,0,0,0,0,0,0,2,1,0
2001,TEX,AL,villabr01,Brandon Villafuerte,6,0,0,6,6,0,0,0,0,0,0,0,0,0,0,0,
2001,HOU,NL,villoro01,Ron Villone,31,6,29,31,31,0,0,0,0,0,0,0,0,0,0,0,0
2001,COL,NL,villoro01,Ron Villone,22,6,22,22,22,0,0,0,0,0,0,0,0,0,0,0,0
2001,CHA,AL,vininke01,Ken Vining,8,0,2,8,8,0,0,0,0,0,0,0,0,0,0,0,0
2001,HOU,NL,vizcajo01,Jose Vizcaino,107,47,107,71,0,0,0,18,7,53,0,0,0,0,0,51,2
2001,OAK,AL,vizcalu01,Luis Vizcaino,36,0,0,36,36,0,0,0,0,0,0,0,0,0,0,0,
2001,CLE,AL,vizquom01,Omar Vizquel,155,152,155,154,0,0,0,0,0,154,0,0,0,0,0,2,0
2001,PIT,NL,vogelry01,Ryan Vogelsong,2,2,2,2,2,0,0,0,0,0,0,0,0,0,0,0,0
2001,SFN,NL,vogelry01,Ryan Vogelsong,13,0,11,13,13,0,0,0,0,0,0,0,0,0,0,0,0
2001,PHI,NL,vosbeed01,Ed Vosberg,18,0,16,18,18,0,0,0,0,0,0,0,0,0,0,0,0
2001,KCA,AL,voylebr01,Brad Voyles,7,0,0,7,7,0,0,0,0,0,0,0,0,0,0,0,
2001,HOU,NL,wagnebi02,Billy Wagner,64,0,63,64,64,0,0,0,0,0,0,0,0,0,0,0,0
2001,BOS,AL,wakefti01,Tim Wakefield,45,2,2,45,45,0,0,0,0,0,0,0,0,0,0,0,0
2001,DET,AL,wakelch01,Chris Wakeland,10,10,10,10,0,0,0,0,0,0,0,0,10,10,0,0,0
2001,PHI,NL,walbema01,Matt Walbeck,1,0,1,0,0,0,0,0,0,0,0,0,0,0,0,1,0
2001,SDN,NL,walkeke01,Kevin Walker,16,0,16,16,16,0,0,0,0,0,0,0,0,0,0,0,0
2001,COL,NL,walkela01,Larry Walker,142,131,142,129,0,0,0,0,0,0,0,0,129,129,5,9,0
2001,NYN,NL,walkepe01,Pete Walker,2,0,2,2,2,0,0,0,0,0,0,0,0,0,0,0,0
2001,COL,NL,walketo04,Todd Walker,85,71,85,77,0,0,0,77,0,0,0,0,0,0,0,14,0
2001,CIN,NL,walketo04,Todd Walker,66,63,66,65,0,0,0,65,0,1,0,0,0,0,0,3,0
2001,TBA,AL,wallaje01,Jeff Wallace,29,0,2,29,29,0,0,0,0,0,0,0,0,0,0,0,0
2001,BAL,AL,wasdijo01,John Wasdin,26,0,1,26,26,0,0,0,0,0,0,0,0,0,0,0,0
2001,COL,NL,wasdijo01,John Wasdin,18,0,18,18,18,0,0,0,0,0,0,0,0,0,0,0,0
2001,ANA,AL,washbja01,Jarrod Washburn,30,2,2,30,30,0,0,0,0,0,0,0,0,0,0,0,0
2001,CHN,NL,weathda01,David Weathers,28,0,28,28,28,0,0,0,0,0,0,0,0,0,0,0,0
2001,MIL,NL,weathda01,David Weathers,52,0,50,52,52,0,0,0,0,0,0,0,0,0,0,0,0
2001,DET,AL,weaveje01,Jeff Weaver,33,2,2,33,33,0,0,0,0,0,0,0,0,0,0,0,0
2001,ANA,AL,weberbe01,Ben Weber,56,0,4,56,56,0,0,0,0,0,0,0,0,0,0,0,0
2001,PIT,NL,wehnejo01,John Wehner,43,10,43,22,0,1,11,1,6,0,3,1,5,8,0,20,4
2001,MIN,AL,wellsbo01,Bob Wells,65,0,4,65,65,0,0,0,0,0,0,0,0,0,0,0,0
2001,CHA,AL,wellsda01,David Wells,16,1,1,16,16,0,0,0,0,0,0,0,0,0,0,0,0
2001,CHA,AL,wellski01,Kip Wells,40,3,3,40,40,0,0,0,0,0,0,0,0,0,0,0,0
2001,TOR,AL,wellsve01,Vernon Wells,30,23,30,30,0,0,0,0,0,0,0,27,3,30,0,0,0
2001,NYN,NL,wendetu01,Turk Wendell,49,0,46,49,49,0,0,0,0,0,0,0,0,0,0,0,0
2001,PHI,NL,wendetu01,Turk Wendell,21,0,21,21,21,0,0,0,0,0,0,0,0,0,0,0,0
2001,PIT,NL,wengedo01,Don Wengert,4,4,4,4,4,0,0,0,0,0,0,0,0,0,0,0,0
2001,CLE,AL,westbja01,Jake Westbrook,23,1,3,23,23,0,0,0,0,0,0,0,0,0,0,0,0
2001,TBA,AL,wheelda01,Dan Wheeler,13,0,0,13,13,0,0,0,0,0,0,0,0,0,0,0,
2001,MIL,NL,whitede03,Devon White,126,91,126,100,0,0,0,0,0,0,13,86,2,100,0,31,0
2001,COL,NL,whitega01,Gabe White,69,0,68,69,69,0,0,0,0,0,0,0,0,0,0,0,0
2001,ATL,NL,whitema02,Matt Whiteside,13,0,11,13,13,0,0,0,0,0,0,0,0,0,0,0,0
2001,NYN,NL,whiteri01,Rick White,55,0,52,55,55,0,0,0,0,0,0,0,0,0,0,0,0
2001,CHN,NL,whitero02,Rondell White,95,88,95,90,0,0,0,0,0,0,90,0,0,90,0,5,0
2001,CLE,AL,wickmbo01,Bob Wickman,70,0,3,70,70,0,0,0,0,0,0,0,0,0,0,0,0
2001,MON,NL,wilkebr01,Brad Wilkerson,47,34,47,38,0,0,0,0,0,0,38,0,0,38,0,10,1
2001,PIT,NL,wilkima01,Marc Wilkins,14,0,14,14,14,0,0,0,0,0,0,0,0,0,0,0,0
2001,SDN,NL,wilkiri01,Rick Wilkins,12,3,12,8,0,7,1,0,0,0,0,0,0,0,0,4,0
2001,NYA,AL,willibe02,Bernie Williams,146,145,146,145,0,0,0,0,0,0,0,145,0,145,1,1,0
2001,PIT,NL,willida07,David Williams,22,18,20,22,22,0,0,0,0,0,0,0,0,0,0,0,0
2001,NYA,AL,willige02,Gerald Williams,38,6,38,26,0,0,0,0,0,0,6,11,12,26,0,9,12
2001,TBA,AL,willige02,Gerald Williams,62,56,62,59,0,0,0,0,0,0,0,59,0,59,0,2,3
2001,LAN,NL,willije01,Jeff Williams,15,1,13,15,15,0,0,0,0,0,0,0,0,0,0,0,0
2001,ARI,NL,willima04,Matt Williams,106,101,106,103,0,0,0,0,102,2,0,0,0,0,0,5,0
2001,PIT,NL,willimi03,Mike Williams,40,0,38,40,40,0,0,0,0,0,0,0,0,0,0,0,0
2001,HOU,NL,willimi03,Mike Williams,25,0,25,25,25,0,0,0,0,0,0,0,0,0,0,0,0
2001,CIN,NL,willisc01,Scott Williamson,2,0,2,2,2,0,0,0,0,0,0,0,0,0,0,0,0
2001,NYA,AL,willito02,Todd Williams,15,0,0,15,15,0,0,0,0,0,0,0,0,0,0,0,
2001,SDN,NL,williwo02,Woody Williams,26,23,26,23,23,0,0,0,0,0,0,0,0,0,0,1,2
2001,SLN,NL,williwo02,Woody Williams,11,11,11,11,11,0,0,0,0,0,0,0,0,0,0,0,0
2001,PIT,NL,wilsocr03,Craig Wilson,88,34,88,46,0,10,26,0,0,0,1,0,13,14,2,43,0
2001,SEA,AL,wilsoda01,Dan Wilson,123,105,123,123,0,122,2,0,0,0,0,0,0,0,0,7,1
2001,NYA,AL,wilsoen01,Enrique Wilson,48,22,48,42,0,0,0,7,19,20,0,0,0,0,0,11,2
2001,PIT,NL,wilsoen01,Enrique Wilson,46,29,46,37,0,0,0,10,2,28,0,0,0,0,0,13,0
2001,PIT,NL,wilsoja02,Jack Wilson,108,105,108,107,0,0,0,0,0,107,0,0,0,0,0,1,0
2001,KCA,AL,wilsokr01,Kris Wilson,29,1,1,29,29,0,0,0,0,0,0,0,0,0,0,0,0
2001,TBA,AL,wilsopa02,Paul Wilson,37,0,4,37,37,0,0,0,0,0,0,0,0,0,0,0,0
2001,FLO,NL,wilsopr01,Preston Wilson,123,120,123,121,0,0,0,0,0,0,0,121,0,121,0,2,0
2001,OAK,AL,wilsoto02,Tom Wilson,9,6,9,9,0,9,0,0,0,0,0,0,0,0,0,0,0
2001,NYN,NL,wilsova01,Vance Wilson,32,14,32,27,0,27,0,0,0,0,0,0,0,0,0,5,0
2001,CIN,NL,winchsc01,Scott Winchester,12,1,11,12,12,0,0,0,0,0,0,0,0,0,0,0,0
2001,SDN,NL,witasja01,Jay Witasick,31,0,30,31,31,0,0,0,0,0,0,0,0,0,0,0,0
2001,NYA,AL,witasja01,Jay Witasick,32,0,3,32,32,0,0,0,0,0,0,0,0,0,0,0,0
2001,NYA,AL,wohlema01,Mark Wohlers,31,0,5,31,31,0,0,0,0,0,0,0,0,0,0,0,0
2001,CIN,NL,wohlema01,Mark Wohlers,30,0,29,30,30,0,0,0,0,0,0,0,0,0,0,0,0
2001,ARI,NL,womacto01,Tony Womack,125,114,125,119,0,0,0,0,0,118,0,1,0,1,0,8,1
2001,CLE,AL,woodast01,Steve Woodard,29,0,3,29,29,0,0,0,0,0,0,0,0,0,0,0,0
2001,TOR,AL,woodwch01,Chris Woodward,37,19,37,33,0,0,2,17,10,4,0,0,0,0,0,1,5
2001,ANA,AL,wootesh01,Shawn Wooten,79,61,79,47,0,25,21,0,1,0,0,0,0,0,25,11,0
2001,SFN,NL,worreti01,Tim Worrell,73,0,72,73,73,0,0,0,0,0,0,0,0,0,0,0,0
2001,CHA,AL,wrighda02,Dan Wright,13,0,0,13,13,0,0,0,0,0,0,0,0,0,0,0,
2001,MIL,NL,wrighja01,Jamey Wright,34,32,33,33,33,0,0,0,0,0,0,0,0,0,0,1,0
2001,CLE,AL,wrighja02,Jaret Wright,7,1,1,7,7,0,0,0,0,0,0,0,0,0,0,0,0
2001,CHA,AL,wunscke01,Kelly Wunsch,33,0,2,33,33,0,0,0,0,0,0,0,0,0,0,0,0
2001,MON,NL,yoshima01,Masato Yoshii,42,8,39,42,42,0,0,0,0,0,0,0,0,0,0,0,0
2001,CIN,NL,youngdm01,Dmitri Young,142,135,142,136,0,0,38,0,36,0,86,0,1,87,0,7,0
2001,CHN,NL,younger01,Eric Young,149,145,149,147,0,0,0,147,0,0,0,0,0,0,0,3,0
2001,PIT,NL,youngke01,Kevin Young,142,125,142,137,0,0,137,0,0,0,0,0,0,0,0,9,0
2001,TEX,AL,youngmi02,Michael Young,106,102,106,104,0,0,0,104,0,0,0,0,0,0,0,2,2
2001,CHN,NL,zambrca01,Carlos Zambrano,6,1,6,6,6,0,0,0,0,0,0,0,0,0,0,0,0
2001,TBA,AL,zambrvi01,Victor Zambrano,36,0,3,36,36,0,0,0,0,0,0,0,0,0,0,0,0
2001,NYN,NL,zeileto01,Todd Zeile,151,145,151,149,0,0,149,0,0,0,0,0,0,0,0,5,0
2001,SFN,NL,zerbech01,Chad Zerbe,27,1,26,27,27,0,0,0,0,0,0,0,0,0,0,0,0
2001,TEX,AL,zimmeje02,Jeff Zimmerman,66,0,3,66,66,0,0,0,0,0,0,0,0,0,0,0,0
2001,CHN,NL,zuletju01,Julio Zuleta,49,23,49,35,0,0,35,0,0,0,0,0,0,0,0,24,0
