2004,PIT,NL,bayja01,Jason Bay,120,110,120,119,0,0,0,0,0,0,117,5,0,119,0,6,0
2004,MON,NL,dayza01,Zach Day,19,17,17,19,19,0,0,0,0,0,0,0,0,0,0,0,0
2004,OAK,AL,dyeje01,Jermaine Dye,137,134,137,134,0,0,0,0,0,0,0,0,134,134,2,2,0
2004,MON,NL,foxan01,Andy Fox,34,4,34,12,0,0,1,3,3,5,0,0,0,0,0,21,1
2004,TEX,AL,foxan01,Andy Fox,12,2,12,7,0,0,0,3,2,0,1,0,1,2,0,3,5
2004,FLO,NL,foxch02,Chad Fox,12,0,12,12,12,0,0,0,0,0,0,0,0,0,0,0,0
2004,BAL,AL,gilge01,Geronimo Gil,12,8,12,11,0,11,0,0,0,0,0,0,0,0,0,1,0
2004,ARI,NL,gilje01,Jerry Gil,29,24,29,28,0,0,0,0,0,28,0,0,0,0,0,1,1
2004,BOS,AL,kimby01,Byung-Hyun Kim,7,0,0,7,7,0,0,0,0,0,0,0,0,0,0,0,
2004,MON,NL,kimsu01,Sun-Woo Kim,43,17,41,43,43,0,0,0,0,0,0,0,0,0,0,0,0
2004,CHA,AL,leeca01,Carlos Lee,153,153,153,148,0,0,0,0,0,0,148,0,0,148,5,0,0
2004,CLE,AL,leecl02,Cliff Lee,33,1,1,33,33,0,0,0,0,0,0,0,0,0,0,0,0
2004,CLE,AL,leeda01,David Lee,4,0,0,4,4,0,0,0,0,0,0,0,0,0,0,0,
2004,CHN,NL,leede02,Derrek Lee,161,159,161,161,0,0,161,0,0,0,0,0,0,0,0,1,0
2004,NYA,AL,leetr01,Travis Lee,7,4,7,6,0,0,6,0,0,0,0,0,0,0,0,1,0
2004,TEX,AL,loeka01,Kameron Loe,2,0,0,2,2,0,0,0,0,0,0,0,0,0,0,0,
2004,KCA,AL,mayda02,Darrell May,31,2,2,31,31,0,0,0,0,0,0,0,0,0,0,0,0
2004,FLO,NL,neumi01,Michael Neu,1,0,0,1,1,0,0,0,0,0,0,0,0,0,0,0,
2004,TEX,AL,nixla01,Laynce Nix,115,100,115,114,0,0,0,0,0,0,0,111,3,114,0,8,0
2004,MIN,AL,roajo01,Joe Roa,48,0,3,48,48,0,0,0,0,0,0,0,0,0,0,0,0
2004,NYN,NL,seoja01,Jae Weong Seo,26,20,25,24,24,0,0,0,0,0,0,0,0,0,0,0,2
2004,DET,AL,yanes01,Esteban Yan,69,0,3,69,69,0,0,0,0,0,0,0,0,0,0,0,0
2004,CHN,NL,aloumo01,Moises Alou,155,153,155,154,0,0,0,0,0,0,154,0,0,154,1,1,0
2004,SEA,AL,baekch01,Cha-Seung Baek,7,0,0,7,7,0,0,0,0,0,0,0,0,0,0,0,
2004,TBA,AL,baezda01,Danys Baez,62,0,5,62,62,0,0,0,0,0,0,0,0,0,0,0,0
2004,CHN,NL,bakopa01,Paul Bako,49,43,49,47,0,47,0,0,0,0,0,0,0,0,0,3,0
2004,CLE,AL,bardjo01,Josh Bard,7,6,7,7,0,7,0,0,0,0,0,0,0,0,0,0,0
2004,SDN,NL,beckro01,Rod Beck,26,0,22,26,26,0,0,0,0,0,0,0,0,0,0,0,0
2004,PHI,NL,bellda01,David Bell,143,141,143,142,0,0,0,0,142,0,0,0,0,0,0,1,0
2004,NYN,NL,bellhe01,Heath Bell,17,0,17,17,17,0,0,0,0,0,0,0,0,0,0,0,0
2004,TBA,AL,bellro01,Rob Bell,24,1,2,24,24,0,0,0,0,0,0,0,0,0,0,0,0
2004,TOR,AL,bergda01,Dave Berg,58,37,58,45,0,0,7,4,3,0,31,0,1,31,3,10,3
2004,TBA,AL,blumge01,Geoff Blum,112,88,112,108,0,0,2,52,59,1,7,0,0,7,0,8,1
2004,CIN,NL,bongju01,Jung Bong,3,2,2,3,3,0,0,0,0,0,0,0,0,0,0,0,0
2004,PIT,NL,boydja02,Jason Boyd,12,0,12,12,12,0,0,0,0,0,0,0,0,0,0,0,0
2004,KCA,AL,buckjo01,John Buck,71,69,71,68,0,68,0,0,0,0,0,0,0,0,3,0,0
2004,FLO,NL,bumpna01,Nate Bump,50,2,49,50,50,0,0,0,0,0,0,0,0,0,0,0,1
2004,TOR,AL,bushda01,Dave Bush,16,1,1,16,16,0,0,0,0,0,0,0,0,0,0,0,0
2004,NYA,AL,bushho01,Homer Bush,9,2,9,4,0,0,0,4,0,0,0,0,0,0,0,0,6
2004,PHI,NL,byrdma01,Marlon Byrd,106,86,106,92,0,0,0,0,0,0,0,92,0,92,0,12,3
2004,ATL,NL,byrdpa01,Paul Byrd,19,18,18,19,19,0,0,0,0,0,0,0,0,0,0,0,0
2004,SLN,NL,calica01,Carmen Cali,10,0,10,10,10,0,0,0,0,0,0,0,0,0,0,0,0
2004,KCA,AL,campsh01,Shawn Camp,42,0,1,42,42,0,0,0,0,0,0,0,0,0,0,0,0
2004,TOR,AL,cashke01,Kevin Cash,60,50,60,60,0,60,0,0,0,0,0,0,0,0,0,1,0
2004,BAL,AL,chenbr01,Bruce Chen,8,0,0,8,8,0,0,0,0,0,0,0,0,0,0,0,
2004,LAN,NL,chench01,Chin-Feng Chen,8,1,8,3,0,0,0,0,0,0,3,0,0,3,0,4,1
2004,FLO,NL,choihe01,Hee-Seop Choi,95,79,95,89,0,0,89,0,0,0,0,0,0,0,0,7,0
2004,LAN,NL,choihe01,Hee-Seop Choi,31,19,31,23,0,0,23,0,0,0,0,0,0,0,0,8,0
2004,COL,NL,cookaa01,Aaron Cook,16,15,15,16,16,0,0,0,0,0,0,0,0,0,0,0,0
2004,LAN,NL,coraal01,Alex Cora,138,122,138,138,0,0,0,138,0,0,0,0,0,0,0,5,1
2004,PIT,NL,cotahu01,Humberto Cota,36,13,36,24,0,24,0,0,0,0,0,0,0,0,0,12,1
2004,SFN,NL,cruzde01,Deivi Cruz,127,95,127,107,0,0,0,2,1,104,0,0,0,0,0,24,1
2004,CIN,NL,cruzja01,Jacob Cruz,96,22,96,35,0,0,6,0,0,0,4,0,26,29,2,67,1
2004,TBA,AL,cruzjo02,Jose Cruz,153,148,153,152,0,0,0,0,0,0,0,1,151,152,0,3,1
2004,ATL,NL,cruzju02,Juan Cruz,50,0,47,50,50,0,0,0,0,0,0,0,0,0,0,0,0
2004,BAL,AL,custja01,Jack Cust,1,0,1,0,0,0,0,0,0,0,0,0,0,0,0,1,0
2004,MON,NL,diazei01,Einar Diaz,55,37,55,45,0,44,0,0,1,0,0,0,0,0,0,10,1
2004,CHA,AL,diazfe01,Felix Diaz,18,1,1,18,18,0,0,0,0,0,0,0,0,0,0,0,0
2004,TBA,AL,diazma02,Matt Diaz,10,7,10,4,0,0,0,0,0,0,3,0,1,4,3,3,0
2004,NYN,NL,diazvi01,Victor Diaz,15,12,15,14,0,0,0,0,0,0,0,0,14,14,0,2,0
2004,ATL,NL,drewjd01,J. D. Drew,145,143,145,142,0,0,0,0,0,0,0,8,138,142,1,1,1
2004,ATL,NL,drewti01,Tim Drew,12,0,12,11,11,0,0,0,0,0,0,0,0,0,0,0,1
2004,CIN,NL,dunnad01,Adam Dunn,161,156,161,158,0,0,10,0,0,0,156,0,0,156,1,2,0
2004,ANA,AL,dunnsc01,Scott Dunn,3,0,0,3,3,0,0,0,0,0,0,0,0,0,0,0,
2004,SFN,NL,eyresc01,Scott Eyre,83,0,77,83,83,0,0,0,0,0,0,0,0,0,0,0,0
2004,SDN,NL,fickro01,Robert Fick,13,1,13,1,0,0,1,0,0,0,0,0,0,0,0,12,0
2004,TBA,AL,fickro01,Robert Fick,76,57,76,33,0,3,10,0,0,0,13,0,8,21,30,17,0
2004,TOR,AL,filebo01,Bob File,24,0,3,24,24,0,0,0,0,0,0,0,0,0,0,0,0
2004,PIT,NL,foggjo01,Josh Fogg,32,31,31,32,32,0,0,0,0,0,0,0,0,0,0,0,0
2004,MIL,NL,fordbe01,Ben Ford,19,0,19,19,19,0,0,0,0,0,0,0,0,0,0,0,0
2004,MIN,AL,fordle01,Lew Ford,154,146,154,126,0,0,0,0,0,0,81,46,10,126,25,3,0
2004,ARI,NL,goodan01,Andrew Good,17,1,16,17,17,0,0,0,0,0,0,0,0,0,0,0,0
2004,MIL,NL,hallbi03,Bill Hall,126,87,126,97,0,0,0,50,11,37,0,0,0,0,0,30,0
2004,TBA,AL,hallto02,Toby Hall,119,115,119,119,0,119,0,0,0,0,0,0,0,0,0,0,0
2004,SLN,NL,hartbo01,Bo Hart,11,3,11,5,0,0,0,4,0,1,0,0,0,0,0,6,0
2004,MIL,NL,hartco01,Corey Hart,1,0,1,0,0,0,0,0,0,0,0,0,0,0,0,1,0
2004,PIT,NL,hillbo01,Bobby Hill,126,50,126,63,0,0,0,40,25,0,0,0,0,0,0,70,0
2004,ARI,NL,hillko01,Koyie Hill,13,10,13,11,0,11,0,0,0,0,0,0,0,0,0,2,0
2004,MON,NL,hillsh01,Shawn Hill,3,3,3,3,3,0,0,0,0,0,0,0,0,0,0,0,0
2004,TBA,AL,huffau01,Aubrey Huff,157,155,157,123,0,0,38,0,87,0,8,0,1,9,32,2,0
2004,DET,AL,ingebr01,Brandon Inge,131,112,131,130,0,39,0,0,73,0,7,19,2,26,0,4,9
2004,ARI,NL,katama01,Matt Kata,42,38,42,41,0,0,0,38,3,1,0,0,0,0,0,1,1
2004,HOU,NL,kentje01,Jeff Kent,145,140,145,139,0,0,0,139,0,0,0,0,0,0,2,4,0
2004,SEA,AL,kidama01,Masao Kida,7,0,0,7,7,0,0,0,0,0,0,0,0,0,0,0,
2004,LAN,NL,kidama01,Masao Kida,3,0,3,3,3,0,0,0,0,0,0,0,0,0,0,0,0
2004,SLN,NL,kingra01,Ray King,86,0,84,86,86,0,0,0,0,0,0,0,0,0,0,0,0
2004,CHA,AL,kochbi01,Billy Koch,24,0,0,24,24,0,0,0,0,0,0,0,0,0,0,0,
2004,FLO,NL,kochbi01,Billy Koch,23,0,22,23,23,0,0,0,0,0,0,0,0,0,0,0,0
2004,MIL,NL,kolbda01,Danny Kolb,64,0,62,64,64,0,0,0,0,0,0,0,0,0,0,0,0
2004,HOU,NL,lambmi01,Mike Lamb,112,66,112,72,0,0,10,7,57,0,0,0,0,0,1,42,0
2004,HOU,NL,laneja01,Jason Lane,107,23,107,79,0,0,3,0,0,0,35,17,24,76,0,41,1
2004,OAK,AL,lehrju01,Justin Lehr,27,0,1,27,27,0,0,0,0,0,0,0,0,0,0,0,0
2004,BAL,AL,leonjo01,Jose Leon,31,17,31,21,0,0,16,0,6,0,0,0,0,0,3,7,4
2004,LAN,NL,limajo01,Jose Lima,38,23,37,36,36,0,0,0,0,0,0,0,0,0,0,0,2
2004,SDN,NL,longte01,Terrence Long,136,57,136,87,0,0,0,0,0,0,61,28,9,87,1,58,0
2004,BOS,AL,lowede01,Derek Lowe,33,2,2,33,33,0,0,0,0,0,0,0,0,0,0,0,0
2004,TBA,AL,lugoju01,Julio Lugo,157,155,157,151,0,0,0,8,0,143,0,0,0,0,5,2,0
2004,SLN,NL,lunahe01,Hector Luna,83,37,83,64,0,0,0,19,16,24,8,2,0,10,0,28,2
2004,PIT,NL,mesajo01,Jose Mesa,70,0,68,70,70,0,0,0,0,0,0,0,0,0,0,0,0
2004,SFN,NL,mohrdu01,Dustan Mohr,117,64,117,95,0,0,0,0,0,0,43,6,55,95,1,26,5
2004,BAL,AL,morame01,Melvin Mora,140,138,140,138,0,0,0,0,138,1,0,0,0,0,0,2,0
2004,TBA,AL,mossda01,Damian Moss,5,0,0,5,5,0,0,0,0,0,0,0,0,0,0,0,
2004,LAN,NL,motagu01,Guillermo Mota,52,0,49,52,52,0,0,0,0,0,0,0,0,0,0,0,0
2004,FLO,NL,motagu01,Guillermo Mota,26,0,26,26,26,0,0,0,0,0,0,0,0,0,0,0,0
2004,SDN,NL,nadyxa01,Xavier Nady,34,17,34,22,0,0,0,0,0,0,18,4,2,22,1,11,2
2004,SDN,NL,nealbl01,Blaine Neal,40,0,39,40,40,0,0,0,0,0,0,0,0,0,0,0,0
2004,LAN,NL,nomohi01,Hideo Nomo,18,16,16,18,18,0,0,0,0,0,0,0,0,0,0,0,0
2004,MON,NL,ohkato01,Tomo Ohka,15,14,14,15,15,0,0,0,0,0,0,0,0,0,0,0,0
2004,BAL,AL,osikke01,Keith Osik,11,6,11,11,0,11,0,0,0,0,0,0,0,0,0,1,0
2004,TEX,AL,parkch01,Chan Ho Park,16,0,0,16,16,0,0,0,0,0,0,0,0,0,0,0,
2004,ANA,AL,pauljo01,Josh Paul,46,18,46,41,0,37,0,0,0,0,4,0,0,4,1,7,8
2004,DET,AL,penaca01,Carlos Peña,142,135,142,135,0,0,135,0,0,0,0,0,0,0,4,6,0
2004,CIN,NL,penawi01,Wily Mo Peña,110,85,110,91,0,0,0,0,0,0,1,46,51,91,0,21,2
2004,TOR,AL,pondsi01,Simon Pond,16,15,16,9,0,0,0,0,0,0,6,0,3,9,6,1,0
2004,CLE,AL,potelo01,Lou Pote,2,0,0,2,2,0,0,0,0,0,0,0,0,0,0,0,
2004,SEA,AL,putzjj01,J. J. Putz,54,0,3,54,54,0,0,0,0,0,0,0,0,0,0,0,0
2004,SEA,AL,reedje03,Jeremy Reed,18,14,18,16,0,0,0,0,0,0,1,16,0,16,0,3,0
2004,COL,NL,reedst01,Steve Reed,65,0,61,65,65,0,0,0,0,0,0,0,0,0,0,0,0
2004,TOR,AL,riosal01,Alex Rios,111,109,111,111,0,0,0,0,0,0,0,3,108,111,0,1,0
2004,OAK,AL,rosemi01,Mike Rose,2,0,2,2,0,2,0,0,0,0,0,0,0,0,0,1,1
2004,LAN,NL,rossda01,David Ross,70,51,70,67,0,67,0,0,0,0,0,0,0,0,0,5,0
2004,BAL,AL,ryanbj01,B. J. Ryan,76,0,5,76,76,0,0,0,0,0,0,0,0,0,0,0,0
2004,MIN,AL,ryanmi03,Mike Ryan,36,12,36,15,0,0,0,0,0,0,10,2,3,15,5,14,5
2004,TBA,AL,seaybo01,Bobby Seay,21,0,0,21,21,0,0,0,0,0,0,0,0,0,0,0,
2004,ANA,AL,seleaa01,Aaron Sele,28,1,1,28,28,0,0,0,0,0,0,0,0,0,0,0,0
2004,SFN,NL,snowjt01,J. T. Snow,107,88,107,100,0,0,100,0,0,0,0,0,0,0,0,9,0
2004,TBA,AL,sosajo02,Jorge Sosa,43,0,3,43,43,0,0,0,0,0,0,0,0,0,0,0,0
2004,CHN,NL,sosasa01,Sammy Sosa,126,126,126,124,0,0,0,0,0,0,0,0,124,124,2,0,0
2004,COL,NL,tsaoch01,Chin-hui Tsao,10,0,10,10,10,0,0,0,0,0,0,0,0,0,0,0,0
2004,DET,AL,vinafe01,Fernando Vina,29,28,29,29,0,0,0,29,0,0,0,0,0,0,0,0,1
2004,PIT,NL,wardda01,Daryle Ward,79,73,79,74,0,0,71,0,0,0,0,0,12,12,0,5,0
2004,ARI,NL,webbbr01,Brandon Webb,35,33,33,35,35,0,0,0,0,0,0,0,0,0,0,0,0
2004,TBA,AL,webbjo01,John Webb,4,0,0,4,4,0,0,0,0,0,0,0,0,0,0,0,
2004,SEA,AL,winnra01,Randy Winn,157,153,157,154,0,0,0,0,0,0,40,128,0,154,2,2,0
2004,ATL,NL,wisede01,Dewayne Wise,77,30,77,56,0,0,0,0,0,0,34,7,15,56,0,27,7
2004,MIL,NL,wisema01,Matt Wise,30,3,30,30,30,0,0,0,0,0,0,0,0,0,0,0,0
2004,PHI,NL,wolfra02,Randy Wolf,25,22,24,23,23,0,0,0,0,0,0,0,0,0,0,1,1
2004,CHN,NL,woodke02,Kerry Wood,22,22,22,22,22,0,0,0,0,0,0,0,0,0,0,0,0
2004,KCA,AL,woodmi01,Mike Wood,17,1,1,17,17,0,0,0,0,0,0,0,0,0,0,0,0
2004,TOR,AL,zaungr01,Gregg Zaun,107,95,107,97,0,97,0,0,0,0,0,0,0,0,4,12,0
2004,OAK,AL,zitoba01,Barry Zito,34,2,2,34,34,0,0,0,0,0,0,0,0,0,0,0,0
2004,SFN,NL,aardsda01,David Aardsma,11,0,11,11,11,0,0,0,0,0,0,0,0,0,0,0,0
2004,TBA,AL,abbotpa01,Paul Abbott,10,0,0,10,10,0,0,0,0,0,0,0,0,0,0,0,
2004,PHI,NL,abbotpa01,Paul Abbott,10,8,8,10,10,0,0,0,0,0,0,0,0,0,0,0,0
2004,PHI,NL,abreubo01,Bobby Abreu,159,157,159,158,0,0,0,0,0,0,0,0,158,158,0,2,0
2004,CIN,NL,acevejo01,Jose Acevedo,39,26,38,39,39,0,0,0,0,0,0,0,0,0,0,0,0
2004,MIL,NL,adamsmi03,Mike Adams,46,0,43,46,46,0,0,0,0,0,0,0,0,0,0,0,0
2004,TOR,AL,adamsru01,Russ Adams,22,18,22,21,0,0,0,0,0,21,0,0,0,0,0,4,0
2004,TOR,AL,adamste01,Terry Adams,42,0,5,42,42,0,0,0,0,0,0,0,0,0,0,0,0
2004,BOS,AL,adamste01,Terry Adams,19,0,0,19,19,0,0,0,0,0,0,0,0,0,0,0,
2004,CHA,AL,adkinjo01,Jon Adkins,50,0,3,50,50,0,0,0,0,0,0,0,0,0,0,0,0
2004,KCA,AL,affelje01,Jeremy Affeldt,38,0,2,38,38,0,0,0,0,0,0,0,0,0,0,0,0
2004,FLO,NL,aguilch01,Chris Aguila,29,7,29,20,0,0,0,0,0,0,6,0,14,20,0,8,4
2004,BAL,AL,ainswku01,Kurt Ainsworth,7,0,0,7,7,0,0,0,0,0,0,0,0,0,0,0,
2004,TEX,AL,alexama02,Manny Alexander,21,5,21,21,0,0,0,11,3,7,0,0,0,0,0,0,4
2004,HOU,NL,alfarja01,Jason Alfaro,7,2,7,3,0,0,0,0,0,3,0,0,0,0,0,4,0
2004,ATL,NL,alfonan01,Antonio Alfonseca,79,0,76,79,79,0,0,0,0,0,0,0,0,0,0,0,0
2004,SFN,NL,alfoned01,Edgardo Alfonzo,139,127,139,133,0,0,0,5,129,0,0,0,0,0,0,9,0
2004,TEX,AL,allench01,Chad Allen,20,15,20,13,0,0,0,0,0,0,12,0,1,13,4,5,0
2004,ATL,NL,almanar01,Armando Almanza,13,0,11,13,13,0,0,0,0,0,0,0,0,0,0,0,0
2004,TEX,AL,almanca01,Carlos Almanzar,67,0,6,67,67,0,0,0,0,0,0,0,0,0,0,0,0
2004,CHA,AL,alomaro01,Roberto Alomar,18,17,18,13,0,0,0,13,0,0,0,0,0,0,4,0,1
2004,ARI,NL,alomaro01,Roberto Alomar,38,24,38,28,0,0,0,28,0,0,0,0,0,0,1,10,0
2004,CHA,AL,alomasa02,Sandy Alomar,50,47,50,49,0,49,0,0,0,0,0,0,0,0,1,1,0
2004,BOS,AL,alvarab01,Abe Alvarez,1,0,0,1,1,0,0,0,0,0,0,0,0,0,0,0,
2004,PIT,NL,alvarto01,Tony Alvarez,24,10,24,16,0,0,0,0,0,0,3,4,9,16,0,9,2
2004,LAN,NL,alvarwi01,Wilson Alvarez,40,15,39,40,40,0,0,0,0,0,0,0,0,0,0,0,0
2004,ANA,AL,amezaal01,Alfredo Amezaga,73,22,73,71,0,0,0,16,26,32,0,0,0,0,0,5,6
2004,KCA,AL,anderbr02,Brian Anderson,35,0,2,35,35,0,0,0,0,0,0,0,0,0,0,0,0
2004,ANA,AL,anderga01,Garret Anderson,112,110,112,94,0,0,0,0,0,0,0,94,0,94,18,2,0
2004,CLE,AL,anderja01,Jason Anderson,1,0,0,1,1,0,0,0,0,0,0,0,0,0,0,0,
2004,CHN,NL,anderji02,Jimmy Anderson,7,0,6,7,7,0,0,0,0,0,0,0,0,0,0,0,0
2004,BOS,AL,anderji02,Jimmy Anderson,5,0,1,5,5,0,0,0,0,0,0,0,0,0,0,0,0
2004,SLN,NL,anderma02,Marlon Anderson,113,50,113,72,0,0,2,37,0,0,28,0,11,36,1,54,3
2004,SLN,NL,ankieri01,Rick Ankiel,5,0,5,5,5,0,0,0,0,0,0,0,0,0,0,0,0
2004,KCA,AL,appieke01,Kevin Appier,2,0,0,2,2,0,0,0,0,0,0,0,0,0,0,0,
2004,ARI,NL,aquingr01,Greg Aquino,34,0,34,34,34,0,0,0,0,0,0,0,0,0,0,0,0
2004,TEX,AL,ardoida01,Danny Ardoin,6,2,6,6,0,6,0,0,0,0,0,0,0,0,0,0,0
2004,MON,NL,armasto02,Tony Armas,16,14,14,16,16,0,0,0,0,0,0,0,0,0,0,0,0
2004,BOS,AL,arroybr01,Bronson Arroyo,32,3,3,32,32,0,0,0,0,0,0,0,0,0,0,0,0
2004,SDN,NL,ashbyan01,Andy Ashby,2,0,2,2,2,0,0,0,0,0,0,0,0,0,0,0,0
2004,BOS,AL,astacpe01,Pedro Astacio,5,0,0,5,5,0,0,0,0,0,0,0,0,0,0,0,
2004,SEA,AL,atchisc01,Scott Atchison,25,0,0,25,25,0,0,0,0,0,0,0,0,0,0,0,
2004,COL,NL,atkinga01,Garrett Atkins,15,7,15,10,0,0,3,0,4,0,3,0,0,3,0,7,0
2004,SEA,AL,aurilri01,Rich Aurilia,73,71,73,73,0,0,0,0,0,73,0,0,0,0,0,1,0
2004,SDN,NL,aurilri01,Rich Aurilia,51,34,51,41,0,0,1,7,29,6,0,0,0,0,0,10,0
2004,HOU,NL,ausmubr01,Brad Ausmus,129,114,129,128,0,128,0,0,0,0,0,0,0,0,0,3,0
2004,MON,NL,ayalalu01,Luis Ayala,81,0,79,81,81,0,0,0,0,0,0,0,0,0,0,0,0
2004,HOU,NL,backebr01,Brandon Backe,34,9,34,33,33,0,0,0,0,0,0,0,0,0,0,1,0
2004,TEX,AL,bacsimi02,Mike Bacsik,3,0,0,3,3,0,0,0,0,0,0,0,0,0,0,0,
2004,ARI,NL,baergca01,Carlos Baerga,79,6,79,6,0,0,6,0,0,0,0,0,0,0,2,71,0
2004,HOU,NL,bagweje01,Jeff Bagwell,156,153,156,152,0,0,152,0,0,0,0,0,0,0,2,2,0
2004,CHA,AL,bajenje01,Jeff Bajenaru,9,0,0,9,9,0,0,0,0,0,0,0,0,0,0,0,
2004,TBA,AL,baldero01,Rocco Baldelli,136,131,136,124,0,0,0,0,0,0,0,124,0,124,11,1,2
2004,NYN,NL,baldwja01,James Baldwin,2,2,2,2,2,0,0,0,0,0,0,0,0,0,0,0,0
2004,MIN,AL,balfogr01,Grant Balfour,36,0,4,36,36,0,0,0,0,0,0,0,0,0,0,0,0
2004,TEX,AL,barajro01,Rod Barajas,108,102,108,107,0,105,2,0,0,0,0,0,0,0,0,1,2
2004,COL,NL,barmecl01,Clint Barmes,20,17,20,18,0,0,0,9,0,9,0,0,0,0,0,1,1
2004,CHN,NL,barremi01,Michael Barrett,134,119,134,130,0,130,0,0,0,0,0,0,0,0,0,11,0
2004,MIN,AL,bartlja01,Jason Bartlett,8,2,8,6,0,0,0,1,0,5,0,0,0,0,0,1,4
2004,CLE,AL,bartocl01,Cliff Bartosh,34,0,2,34,34,0,0,0,0,0,0,0,0,0,0,0,0
2004,TOR,AL,batismi01,Miguel Batista,38,2,2,38,38,0,0,0,0,0,0,0,0,0,0,0,0
2004,MON,NL,batisto01,Tony Batista,157,149,157,155,0,0,0,0,155,0,0,0,0,0,0,5,0
2004,BAL,AL,bauerri01,Rick Bauer,23,0,1,23,23,0,0,0,0,0,0,0,0,0,0,0,0
2004,ARI,NL,bautida01,Danny Bautista,141,138,141,137,0,0,0,0,0,0,0,2,135,137,1,3,0
2004,BAL,AL,bautide01,Denny Bautista,2,0,0,2,2,0,0,0,0,0,0,0,0,0,0,0,
2004,KCA,AL,bautide01,Denny Bautista,5,0,0,5,5,0,0,0,0,0,0,0,0,0,0,0,
2004,TBA,AL,bautijo02,Jose Bautista,12,3,12,10,0,0,0,0,2,0,5,0,3,8,0,0,6
2004,BAL,AL,bautijo02,Jose Bautista,16,2,16,10,0,0,0,0,4,0,0,0,6,6,0,4,7
2004,KCA,AL,bautijo02,Jose Bautista,13,6,13,12,0,0,0,0,11,0,0,0,1,1,0,1,1
2004,PIT,NL,bautijo02,Jose Bautista,23,9,23,12,0,0,0,0,0,0,0,3,9,12,0,12,0
2004,FLO,NL,beckejo02,Josh Beckett,26,26,26,26,26,0,0,0,0,0,0,0,0,0,0,0,0
2004,BAL,AL,bedarer01,Erik Bedard,27,2,2,27,27,0,0,0,0,0,0,0,0,0,0,0,0
2004,MIN,AL,beimejo01,Joe Beimel,3,0,0,3,3,0,0,0,0,0,0,0,0,0,0,0,
2004,BOS,AL,bellhma01,Mark Bellhorn,138,132,138,136,0,0,0,124,16,1,0,0,0,0,0,2,1
2004,CLE,AL,belliro01,Ronnie Belliard,152,149,152,151,0,0,0,151,0,0,0,0,0,0,1,3,0
2004,LAN,NL,beltrad01,Adrian Beltre,156,154,156,155,0,0,0,0,155,1,0,0,0,0,0,1,0
2004,KCA,AL,beltrca01,Carlos Beltran,69,69,69,69,0,0,0,0,0,0,0,69,0,69,0,0,0
2004,HOU,NL,beltrca01,Carlos Beltran,90,88,90,89,0,0,0,0,0,0,0,89,0,89,0,2,0
2004,CHN,NL,beltrfr01,Francis Beltran,34,0,31,34,34,0,0,0,0,0,0,0,0,0,0,0,0
2004,MON,NL,beltrfr01,Francis Beltran,11,0,11,11,11,0,0,0,0,0,0,0,0,0,0,0,0
2004,MON,NL,beltrri01,Rigo Beltran,2,0,2,2,2,0,0,0,0,0,0,0,0,0,0,0,0
2004,FLO,NL,benitar01,Armando Benitez,64,0,62,64,64,0,0,0,0,0,0,0,0,0,0,0,0
2004,MIL,NL,bennega01,Gary Bennett,75,65,75,75,0,75,0,0,0,0,0,0,0,0,0,0,1
2004,MIL,NL,benneje01,Jeff Bennett,60,0,57,60,60,0,0,0,0,0,0,0,0,0,0,0,0
2004,TEX,AL,benoijo01,Joaquin Benoit,28,2,2,28,28,0,0,0,0,0,0,0,0,0,0,0,0
2004,NYN,NL,bensokr01,Kris Benson,11,11,11,11,11,0,0,0,0,0,0,0,0,0,0,0,0
2004,PIT,NL,bensokr01,Kris Benson,20,19,19,20,20,0,0,0,0,0,0,0,0,0,0,0,0
2004,MON,NL,bentzch01,Chad Bentz,36,0,35,36,36,0,0,0,0,0,0,0,0,0,0,0,0
2004,KCA,AL,bergebr01,Brandon Berger,11,9,11,11,0,0,0,0,0,0,10,0,1,11,0,0,0
2004,MON,NL,bergepe01,Peter Bergeron,11,11,11,11,0,0,0,0,0,0,0,11,0,11,0,0,0
2004,ANA,AL,bergmdu01,Dusty Bergman,1,0,0,1,1,0,0,0,0,0,0,0,0,0,0,0,
2004,HOU,NL,berkmla01,Lance Berkman,160,158,160,160,0,0,4,0,0,0,70,2,90,160,0,1,0
2004,COL,NL,bernead01,Adam Bernero,16,2,16,16,16,0,0,0,0,0,0,0,0,0,0,0,0
2004,KCA,AL,berroan01,Angel Berroa,134,132,134,133,0,0,0,0,0,133,0,0,0,0,0,0,2
2004,CLE,AL,betanra01,Rafael Betancourt,68,0,3,68,68,0,0,0,0,0,0,0,0,0,0,0,0
2004,ATL,NL,betemwi01,Wilson Betemit,22,11,22,17,0,0,0,0,7,11,0,0,0,0,0,4,2
2004,MON,NL,biddlro01,Rocky Biddle,47,9,44,47,47,0,0,0,0,0,0,0,0,0,0,0,0
2004,TEX,AL,bierbni01,Nick Bierbrodt,4,1,1,4,4,0,0,0,0,0,0,0,0,0,0,0,0
2004,BAL,AL,bigbila01,Larry Bigbie,139,131,139,134,0,0,0,0,0,0,114,30,0,134,0,3,5
2004,HOU,NL,biggicr01,Craig Biggio,156,150,156,149,0,0,0,0,0,0,83,66,0,149,1,6,0
2004,SEA,AL,blacktr01,Travis Blackley,6,0,0,6,6,0,0,0,0,0,0,0,0,0,0,0,
2004,CLE,AL,blakeca01,Casey Blake,152,151,152,152,0,0,8,0,152,0,0,0,0,0,0,0,0
2004,TEX,AL,blaloha01,Hank Blalock,159,154,159,159,0,0,0,0,159,0,0,0,0,0,0,4,0
2004,KCA,AL,blancan01,Andres Blanco,19,19,19,19,0,0,0,0,0,19,0,0,0,0,0,0,0
2004,MIN,AL,blanche01,Henry Blanco,114,95,114,114,0,114,0,0,0,0,0,0,0,0,0,0,3
2004,OAK,AL,blantjo01,Joe Blanton,3,0,0,3,3,0,0,0,0,0,0,0,0,0,0,0,
2004,SEA,AL,bloomwi01,Willie Bloomquist,93,55,93,78,0,0,19,1,31,20,8,1,0,9,0,3,26
2004,SEA,AL,bocachi01,Hiram Bocachica,50,25,50,44,0,0,0,0,0,0,1,32,12,44,0,2,8
2004,PIT,NL,boehrbr01,Brian Boehringer,21,0,21,21,21,0,0,0,0,0,0,0,0,0,0,0,0
2004,DET,AL,bondeje01,Jeremy Bonderman,33,3,3,33,33,0,0,0,0,0,0,0,0,0,0,0,0
2004,SFN,NL,bondsba01,Barry Bonds,147,139,147,133,0,0,0,0,0,0,133,0,0,133,7,8,0
2004,SEA,AL,boonebr01,Bret Boone,148,148,148,148,0,0,0,148,0,0,0,0,0,0,0,0,0
2004,CHA,AL,borchjo01,Joe Borchard,63,54,63,56,0,0,0,0,0,0,0,2,54,56,2,6,1
2004,SEA,AL,bordepa01,Pat Borders,19,17,19,19,0,19,0,0,0,0,0,0,0,0,0,0,0
2004,MIN,AL,bordepa01,Pat Borders,19,14,19,19,0,19,0,0,0,0,0,0,0,0,0,0,1
2004,BAL,AL,borkoda01,Dave Borkowski,17,0,0,17,17,0,0,0,0,0,0,0,0,0,0,0,
2004,FLO,NL,borlato02,Toby Borland,18,0,16,18,18,0,0,0,0,0,0,0,0,0,0,0,0
2004,CHN,NL,borowjo01,Joe Borowski,22,0,22,22,22,0,0,0,0,0,0,0,0,0,0,0,0
2004,NYN,NL,bottari01,Ricky Bottalico,60,0,57,60,60,0,0,0,0,0,0,0,0,0,0,0,0
2004,MIN,AL,bowenro01,Rob Bowen,17,8,17,15,0,15,0,0,0,0,0,0,0,0,0,1,1
2004,OAK,AL,bradfch01,Chad Bradford,68,0,5,68,68,0,0,0,0,0,0,0,0,0,0,0,0
2004,LAN,NL,bradlmi01,Milton Bradley,141,137,141,138,0,0,0,0,0,0,17,93,31,138,0,4,0
2004,SDN,NL,braggda01,Darren Bragg,9,0,9,0,0,0,0,0,0,0,0,0,0,0,0,9,0
2004,CIN,NL,braggda01,Darren Bragg,38,18,38,26,0,0,0,0,0,0,2,14,11,26,0,14,0
2004,MIL,NL,branyru01,Russell Branyan,51,41,51,45,0,0,2,0,44,0,0,0,0,0,0,8,0
2004,NYN,NL,brazecr01,Craig Brazell,24,3,24,7,0,0,7,0,0,0,0,0,0,0,0,18,0
2004,TBA,AL,brazede01,Dewon Brazelton,22,1,1,22,22,0,0,0,0,0,0,0,0,0,0,0,0
2004,LAN,NL,brazoyh01,Yhency Brazoban,31,0,31,31,31,0,0,0,0,0,0,0,0,0,0,0,0
2004,ARI,NL,britoju01,Juan Brito,54,53,54,54,0,54,0,0,0,0,0,0,0,0,0,0,0
2004,TEX,AL,brocado01,Doug Brocail,43,0,4,43,43,0,0,0,0,0,0,0,0,0,0,0,0
2004,PIT,NL,brookfr01,Frank Brooks,11,1,11,11,11,0,0,0,0,0,0,0,0,0,0,0,0
2004,CLE,AL,brousbe01,Ben Broussard,139,107,139,133,0,0,133,0,0,0,0,0,0,0,0,16,2
2004,SFN,NL,broweji01,Jim Brower,89,0,85,89,89,0,0,0,0,0,0,0,0,0,0,0,0
2004,KCA,AL,brownad01,Adrian Brown,5,3,5,5,0,0,0,0,0,0,4,0,1,5,0,0,0
2004,KCA,AL,brownde02,Dee Brown,59,50,59,53,0,0,0,0,0,0,53,0,0,53,1,6,0
2004,BOS,AL,brownja04,Jamie Brown,4,0,0,4,4,0,0,0,0,0,0,0,0,0,0,0,
2004,NYA,AL,brownke01,Kevin Brown,22,0,0,22,22,0,0,0,0,0,0,0,0,0,0,0,
2004,ARI,NL,brunebr01,Brian Bruney,30,0,30,30,30,0,0,0,0,0,0,0,0,0,0,0,0
2004,HOU,NL,brunter01,Eric Bruntlett,45,12,45,40,0,0,0,5,0,33,1,1,0,2,0,5,5
2004,SDN,NL,buchabr01,Brian Buchanan,38,13,38,21,0,0,3,0,0,0,15,0,3,18,0,18,1
2004,NYN,NL,buchabr01,Brian Buchanan,2,1,2,1,0,0,1,0,0,0,0,0,0,0,0,1,0
2004,CHA,AL,buehrma01,Mark Buehrle,35,2,2,35,35,0,0,0,0,0,0,0,0,0,0,0,0
2004,KCA,AL,bukviry01,Ryan Bukvich,9,0,0,9,9,0,0,0,0,0,0,0,0,0,0,0,
2004,HOU,NL,bulliki01,Kirk Bullinger,27,0,26,27,27,0,0,0,0,0,0,0,0,0,0,0,0
2004,MIL,NL,burbada01,Dave Burba,45,0,43,45,45,0,0,0,0,0,0,0,0,0,0,0,0
2004,SFN,NL,burbada01,Dave Burba,6,0,6,6,6,0,0,0,0,0,0,0,0,0,0,0,0
2004,HOU,NL,burkech01,Chris Burke,17,2,17,7,0,0,0,7,0,0,0,0,0,0,0,10,2
2004,CHA,AL,burkeja02,Jamie Burke,57,35,57,51,0,45,2,0,2,0,0,0,2,2,2,6,1
2004,BOS,AL,burksel01,Ellis Burks,11,8,11,0,0,0,0,0,0,0,0,0,0,0,8,3,0
2004,FLO,NL,burneaj01,A. J. Burnett,20,17,18,20,20,0,0,0,0,0,0,0,0,0,0,0,0
2004,PIT,NL,burnese01,Sean Burnett,13,13,13,13,13,0,0,0,0,0,0,0,0,0,0,0,0
2004,COL,NL,burnije01,Jeromy Burnitz,150,140,150,143,0,0,0,0,0,0,21,69,79,143,3,9,0
2004,PHI,NL,burrepa01,Pat Burrell,127,121,127,122,0,0,0,0,0,0,122,0,0,122,0,5,0
2004,SDN,NL,burrose01,Sean Burroughs,130,119,130,125,0,0,0,0,125,0,0,0,0,0,0,6,1
2004,SDN,NL,bynummi01,Mike Bynum,2,0,2,2,2,0,0,0,0,0,0,0,0,0,0,0,0
2004,OAK,AL,byrneer01,Eric Byrnes,143,137,143,141,0,0,0,0,0,0,109,33,20,141,0,2,3
2004,BAL,AL,cabreda01,Daniel Cabrera,28,2,3,28,28,0,0,0,0,0,0,0,0,0,0,0,0
2004,CLE,AL,cabrefe01,Fernando Cabrera,4,0,0,4,4,0,0,0,0,0,0,0,0,0,0,0,
2004,SEA,AL,cabrejo02,Jolbert Cabrera,113,90,113,105,0,0,23,18,36,14,21,1,1,23,0,6,7
2004,FLO,NL,cabremi01,Miguel Cabrera,160,159,160,158,0,0,0,0,0,0,59,0,100,158,1,1,0
2004,BOS,AL,cabreor01,Orlando Cabrera,58,58,58,58,0,0,0,0,0,58,0,0,0,0,0,0,0
2004,MON,NL,cabreor01,Orlando Cabrera,103,100,103,101,0,0,0,0,0,101,0,0,0,0,0,2,0
2004,NYA,AL,cairomi01,Miguel Cairo,122,103,122,122,0,0,1,113,8,3,0,0,0,0,0,2,1
2004,SLN,NL,calerki01,Kiko Calero,41,0,38,41,41,0,0,0,0,0,0,0,0,0,0,0,0
2004,TEX,AL,callami01,Mickey Callaway,4,0,0,4,4,0,0,0,0,0,0,0,0,0,0,0,
2004,MON,NL,calloro01,Ron Calloway,46,15,46,20,0,0,0,0,0,0,6,0,15,20,0,28,0
2004,NYN,NL,camermi01,Mike Cameron,140,132,140,135,0,0,0,0,0,0,0,135,0,135,0,2,3
2004,TBA,AL,cantujo01,Jorge Cantu,50,46,50,45,0,0,0,33,11,1,0,0,0,0,3,1,2
2004,ATL,NL,capeljo01,Jose Capellan,3,2,3,3,3,0,0,0,0,0,0,0,0,0,0,0,0
2004,MIL,NL,capuach01,Chris Capuano,17,17,17,17,17,0,0,0,0,0,0,0,0,0,0,0,0
2004,SLN,NL,carpech01,Chris Carpenter,28,27,27,28,28,0,0,0,0,0,0,0,0,0,0,0,0
2004,KCA,AL,carradj01,D. J. Carrasco,30,0,0,30,30,0,0,0,0,0,0,0,0,0,0,0,
2004,LAN,NL,carragi01,Giovanni Carrara,42,0,41,42,42,0,0,0,0,0,0,0,0,0,0,0,0
2004,MON,NL,carroja01,Jamey Carroll,102,51,102,69,0,0,0,51,13,10,2,0,0,2,0,34,3
2004,TBA,AL,cartela02,Lance Carter,56,0,2,56,56,0,0,0,0,0,0,0,0,0,0,0,0
2004,CIN,NL,caseyse01,Sean Casey,146,143,146,145,0,0,145,0,0,0,0,0,0,0,1,2,0
2004,KCA,AL,castial01,Alberto Castillo,29,28,29,29,0,29,0,0,0,0,0,0,0,0,0,0,0
2004,BOS,AL,castifr01,Frank Castillo,2,0,0,2,2,0,0,0,0,0,0,0,0,0,0,0,
2004,PIT,NL,castijo02,Jose Castillo,129,105,129,124,0,0,0,123,0,2,0,0,0,0,0,4,1
2004,FLO,NL,castilu01,Luis Castillo,150,147,150,148,0,0,0,148,0,0,0,0,0,0,0,2,1
2004,COL,NL,castivi02,Vinny Castilla,148,147,148,148,0,0,0,0,148,0,0,0,0,0,0,1,0
2004,CIN,NL,castrju01,Juan Castro,111,66,111,107,0,0,4,12,78,31,0,0,0,0,0,13,3
2004,FLO,NL,castrra01,Ramon Castro,32,27,32,31,0,31,0,0,0,0,0,0,0,0,0,1,1
2004,OAK,AL,castrra02,Ramon Castro,9,3,9,7,0,0,0,0,6,1,0,0,0,0,0,2,2
2004,TOR,AL,catalfr01,Frank Catalanotto,75,60,75,41,0,0,0,0,0,0,41,0,0,41,26,13,0
2004,SLN,NL,cedenro01,Roger Cedeno,95,40,95,54,0,0,0,0,0,0,23,0,35,54,0,47,2
2004,MON,NL,cepicma01,Matthew Cepicky,32,12,32,11,0,0,0,0,0,0,9,0,2,11,2,19,0
2004,KCA,AL,cerdaja01,Jaime Cerda,53,0,3,53,53,0,0,0,0,0,0,0,0,0,0,0,0
2004,TOR,AL,chacigu01,Gustavo Chacin,2,0,0,2,2,0,0,0,0,0,0,0,0,0,0,0,
2004,COL,NL,chacosh01,Shawn Chacon,66,0,62,66,66,0,0,0,0,0,0,0,0,0,0,0,0
2004,MON,NL,chaveen01,Endy Chavez,132,122,132,127,0,0,0,0,0,0,0,127,0,127,0,5,1
2004,OAK,AL,chaveer01,Eric Chavez,125,125,125,125,0,0,0,0,125,0,1,0,0,1,0,0,0
2004,HOU,NL,chavera01,Raul Chavez,64,48,64,61,0,61,0,0,0,0,0,0,0,0,0,3,0
2004,ARI,NL,choatra01,Randy Choate,74,0,69,74,74,0,0,0,0,0,0,0,0,0,0,0,0
2004,SFN,NL,chrisja01,Jason Christiansen,60,0,57,60,60,0,0,0,0,0,0,0,0,0,0,0,0
2004,TOR,AL,chulkvi01,Vinnie Chulk,47,0,4,47,47,0,0,0,0,0,0,0,0,0,0,0,0
2004,MON,NL,churcry01,Ryan Church,30,14,30,18,0,0,0,0,0,0,12,2,6,18,0,14,1
2004,ARI,NL,cintral01,Alex Cintron,154,142,154,148,0,0,0,19,1,133,0,0,0,0,0,8,0
2004,SDN,NL,cirilje01,Jeff Cirillo,33,14,33,26,0,0,10,4,11,0,1,0,0,1,0,11,2
2004,MIL,NL,clarkbr02,Brady Clark,138,86,138,133,0,0,0,0,0,0,3,9,123,133,0,25,8
2004,TOR,AL,clarkho02,Howie Clark,40,31,40,31,0,0,11,1,1,0,9,0,11,19,2,6,2
2004,CIN,NL,clarkje02,Jermaine Clark,14,6,14,9,0,0,0,2,0,0,1,1,6,8,0,5,1
2004,NYA,AL,clarkto02,Tony Clark,106,64,106,99,0,0,99,0,0,0,0,0,0,0,0,10,1
2004,CIN,NL,clausbr01,Brandon Claussen,14,14,14,14,14,0,0,0,0,0,0,0,0,0,0,0,0
2004,COL,NL,claytro01,Royce Clayton,146,140,146,144,0,0,0,0,0,144,0,0,0,0,0,3,1
2004,CHN,NL,clemema01,Matt Clement,30,29,29,30,30,0,0,0,0,0,0,0,0,0,0,0,0
2004,HOU,NL,clemero02,Roger Clemens,33,32,32,33,33,0,0,0,0,0,0,0,0,0,0,0,0
2004,COL,NL,clossjd01,JD Closser,36,29,36,32,0,32,0,0,0,0,0,0,0,0,0,6,0
2004,ARI,NL,colbrgr01,Greg Colbrunn,20,3,20,2,0,0,2,0,0,0,0,0,0,0,2,16,0
2004,PHI,NL,collilo01,Lou Collier,32,4,32,9,0,0,0,0,1,0,8,0,0,8,0,22,3
2004,TBA,AL,colomje01,Jesus Colome,33,0,6,33,33,0,0,0,0,0,0,0,0,0,0,0,0
2004,ANA,AL,colonba01,Bartolo Colon,34,2,3,34,34,0,0,0,0,0,0,0,0,0,0,0,0
2004,ATL,NL,colonro01,Roman Colon,18,0,18,18,18,0,0,0,0,0,0,0,0,0,0,0,0
2004,DET,AL,colyest01,Steve Colyer,41,0,4,41,41,0,0,0,0,0,0,0,0,0,0,0,0
2004,FLO,NL,coninje01,Jeff Conine,140,138,140,138,0,0,57,0,0,0,83,0,0,83,0,2,0
2004,TEX,AL,contija01,Jason Conti,22,14,22,21,0,0,0,0,0,0,1,20,0,21,0,1,1
2004,CHA,AL,contrjo01,Jose Contreras,13,0,0,13,13,0,0,0,0,0,0,0,0,0,0,0,
2004,NYA,AL,contrjo01,Jose Contreras,18,3,3,18,18,0,0,0,0,0,0,0,0,0,0,0,0
2004,SFN,NL,coopebr01,Brian Cooper,5,2,5,5,5,0,0,0,0,0,0,0,0,0,0,0,0
2004,MON,NL,corcoro01,Roy Corcoran,5,0,5,5,5,0,0,0,0,0,0,0,0,0,0,0,0
2004,MON,NL,cordech01,Chad Cordero,69,0,67,69,69,0,0,0,0,0,0,0,0,0,0,0,0
2004,TEX,AL,cordefr01,Francisco Cordero,67,0,4,67,67,0,0,0,0,0,0,0,0,0,0,0,0
2004,FLO,NL,cordewi01,Wil Cordero,27,14,27,16,0,0,13,0,0,0,3,0,0,3,0,11,0
2004,PIT,NL,coreyma02,Mark Corey,31,0,27,31,31,0,0,0,0,0,0,0,0,0,0,0,0
2004,ARI,NL,cormila01,Lance Cormier,17,5,17,17,17,0,0,0,0,0,0,0,0,0,0,0,0
2004,PHI,NL,cormirh01,Rheal Cormier,84,0,79,84,84,0,0,0,0,0,0,0,0,0,0,0,0
2004,DET,AL,cornena01,Nate Cornejo,5,0,0,5,5,0,0,0,0,0,0,0,0,0,0,0,
2004,SFN,NL,correke01,Kevin Correia,12,1,12,12,12,0,0,0,0,0,0,0,0,0,0,0,0
2004,CHA,AL,cottsne01,Neal Cotts,56,0,3,56,56,0,0,0,0,0,0,0,0,0,0,0,0
2004,MIL,NL,counscr01,Craig Counsell,140,128,140,130,0,0,0,0,1,129,0,0,0,0,0,9,2
2004,MIN,AL,crainje01,Jesse Crain,22,0,0,22,22,0,0,0,0,0,0,0,0,0,0,0,
2004,TBA,AL,crawfca02,Carl Crawford,152,145,152,146,0,0,0,0,0,0,123,30,0,146,4,4,1
2004,CHA,AL,credejo01,Joe Crede,144,142,144,144,0,0,0,0,144,0,0,0,0,0,0,0,0
2004,BOS,AL,crespce01,Cesar Crespo,52,16,52,52,0,0,0,11,0,27,10,7,2,19,0,3,8
2004,CLE,AL,cressja01,Jack Cressend,11,0,0,11,11,0,0,0,0,0,0,0,0,0,0,0,
2004,CLE,AL,crispco01,Coco Crisp,139,124,139,128,0,0,0,0,0,0,37,94,0,128,3,6,5
2004,OAK,AL,crosbbo01,Bobby Crosby,151,151,151,151,0,0,0,0,0,151,0,0,0,0,0,0,0
2004,NYA,AL,crosbbu01,Bubba Crosby,55,6,55,45,0,0,0,0,0,0,11,12,25,45,0,6,15
2004,PHI,NL,croweji01,Jim Crowell,4,0,4,4,4,0,0,0,0,0,0,0,0,0,0,0,0
2004,TOR,AL,crozier01,Eric Crozier,14,10,14,5,0,0,5,0,0,0,0,0,0,0,6,3,0
2004,CLE,AL,crucefr01,Francisco Cruceta,2,0,0,2,2,0,0,0,0,0,0,0,0,0,0,0,
2004,BAL,AL,cubilda01,Darwin Cubillan,7,0,0,7,7,0,0,0,0,0,0,0,0,0,0,0,
2004,MIN,AL,cuddymi01,Michael Cuddyer,115,90,115,106,0,0,10,48,43,0,7,0,8,15,4,12,3
2004,TBA,AL,cummimi01,Midre Cummings,22,12,22,2,0,0,0,0,0,0,2,0,0,2,10,10,0
2004,ATL,NL,cunnawi01,Will Cunnane,9,0,9,9,9,0,0,0,0,0,0,0,0,0,0,0,0
2004,ARI,NL,daiglca01,Casey Daigle,11,10,11,10,10,0,0,0,0,0,0,0,0,0,0,1,0
2004,SFN,NL,dallibr01,Brian Dallimore,20,7,20,14,0,0,0,9,6,0,0,0,0,0,0,8,1
2004,CLE,AL,damicje01,Jeff D'Amico,7,0,0,7,7,0,0,0,0,0,0,0,0,0,0,0,
2004,BOS,AL,damonjo01,Johnny Damon,150,146,150,148,0,0,0,0,0,0,0,148,0,148,1,3,1
2004,CHA,AL,darenvi01,Vic Darensbourg,2,0,0,2,2,0,0,0,0,0,0,0,0,0,0,0,
2004,NYN,NL,darenvi01,Vic Darensbourg,5,0,5,5,5,0,0,0,0,0,0,0,0,0,0,0,0
2004,BOS,AL,daubabr01,Brian Daubach,30,19,30,21,0,0,14,0,0,0,6,0,1,7,0,9,1
2004,ANA,AL,davanje02,Jeff DaVanon,108,70,108,81,0,0,0,0,0,0,24,39,29,81,17,18,2
2004,CHA,AL,davisbe01,Ben Davis,54,44,54,53,0,53,0,0,0,0,0,0,0,0,0,1,1
2004,SEA,AL,davisbe01,Ben Davis,14,11,14,14,0,14,0,0,0,0,0,0,0,0,0,0,0
2004,MIL,NL,davisdo02,Doug Davis,34,33,33,34,34,0,0,0,0,0,0,0,0,0,0,0,0
2004,CLE,AL,davisja02,Jason Davis,26,2,2,26,26,0,0,0,0,0,0,0,0,0,0,0,0
2004,PIT,NL,davisjj01,J. J. Davis,25,9,25,17,0,0,0,0,0,0,5,0,12,17,0,7,3
2004,CLE,AL,dawlejo01,Joey Dawley,2,0,0,2,2,0,0,0,0,0,0,0,0,0,0,0,
2004,BAL,AL,dejeami01,Mike DeJean,37,0,4,37,37,0,0,0,0,0,0,0,0,0,0,0,0
2004,NYN,NL,dejeami01,Mike DeJean,17,0,17,17,17,0,0,0,0,0,0,0,0,0,0,0,0
2004,KCA,AL,dejesda01,David DeJesus,96,92,96,94,0,0,0,0,0,0,4,85,6,94,0,1,1
2004,MIL,NL,delarjo01,Jorge De La Rosa,5,5,5,5,5,0,0,0,0,0,0,0,0,0,0,0,0
2004,TOR,AL,delgaca01,Carlos Delgado,128,128,128,120,0,0,120,0,0,0,0,0,0,0,8,0,0
2004,NYN,NL,delgawi01,Wilson Delgado,42,37,42,39,0,0,0,0,0,39,0,0,0,0,0,4,0
2004,TEX,AL,delluda01,David Dellucci,107,93,107,94,0,0,0,0,0,0,84,7,6,94,7,11,0
2004,TOR,AL,delosva01,Valerio De Los Santos,17,0,0,17,17,0,0,0,0,0,0,0,0,0,0,0,
2004,CHN,NL,dempsry01,Ryan Dempster,23,0,23,23,23,0,0,0,0,0,0,0,0,0,0,0,0
2004,CLE,AL,denneky01,Kyle Denney,4,0,0,4,4,0,0,0,0,0,0,0,0,0,0,0,
2004,NYA,AL,depaujo01,Jorge De Paula,3,0,0,3,3,0,0,0,0,0,0,0,0,0,0,0,
2004,ATL,NL,derosma01,Mark DeRosa,118,71,118,87,0,0,0,5,72,11,3,0,0,3,0,32,5
2004,ARI,NL,desseel01,Elmer Dessens,38,9,36,38,38,0,0,0,0,0,0,0,0,0,0,0,0
2004,LAN,NL,desseel01,Elmer Dessens,12,1,12,12,12,0,0,0,0,0,0,0,0,0,0,0,0
2004,ARI,NL,devordo01,Doug DeVore,50,22,50,31,0,0,0,0,0,0,18,1,15,31,0,19,3
2004,TEX,AL,dickera01,R. A. Dickey,25,0,1,25,25,0,0,0,0,0,0,0,0,0,0,0,0
2004,CHN,NL,difelmi01,Mike Difelice,4,0,4,4,0,4,0,0,0,0,0,0,0,0,0,0,0
2004,DET,AL,difelmi01,Mike Difelice,13,4,13,12,0,12,0,0,0,0,0,0,0,0,0,1,1
2004,BOS,AL,dinarle01,Lenny DiNardo,22,0,3,22,22,0,0,0,0,0,0,0,0,0,0,0,0
2004,DET,AL,dingmcr01,Craig Dingman,24,0,5,24,24,0,0,0,0,0,0,0,0,0,0,0,0
2004,SEA,AL,dobbsgr01,Greg Dobbs,18,13,18,14,0,0,0,0,14,0,0,0,0,0,1,5,0
2004,COL,NL,dohmasc01,Scott Dohmann,41,0,39,41,41,0,0,0,0,0,0,0,0,0,0,0,0
2004,BOS,AL,dominan01,Andy Dominique,7,1,7,6,0,1,5,0,0,0,0,0,0,0,0,3,0
2004,TEX,AL,dominju01,Juan Dominguez,4,0,0,4,4,0,0,0,0,0,0,0,0,0,0,0,
2004,ANA,AL,donnebr01,Brendan Donnelly,40,0,5,40,40,0,0,0,0,0,0,0,0,0,0,0,0
2004,HOU,NL,doteloc01,Octavio Dotel,32,0,30,32,32,0,0,0,0,0,0,0,0,0,0,0,0
2004,OAK,AL,doteloc01,Octavio Dotel,45,0,2,45,45,0,0,0,0,0,0,0,0,0,0,0,0
2004,TOR,AL,douglse01,Sean Douglass,14,0,0,14,14,0,0,0,0,0,0,0,0,0,0,0,
2004,MON,NL,downssc01,Scott Downs,12,11,11,12,12,0,0,0,0,0,0,0,0,0,0,0,0
2004,CHA,AL,dranske01,Kelly Dransfeldt,15,5,15,10,0,0,0,0,3,8,0,0,0,0,0,5,2
2004,LAN,NL,dreifda01,Darren Dreifort,60,0,55,60,60,0,0,0,0,0,0,0,0,0,0,0,0
2004,TEX,AL,dresery01,Ryan Drese,34,2,2,34,34,0,0,0,0,0,0,0,0,0,0,0,0
2004,COL,NL,drisktr01,Travis Driskill,5,0,5,5,5,0,0,0,0,0,0,0,0,0,0,0,0
2004,CHN,NL,duboija01,Jason Dubois,20,2,20,6,0,0,1,0,0,0,1,0,4,5,0,16,0
2004,BAL,AL,duboser01,Eric DuBose,14,1,1,14,14,0,0,0,0,0,0,0,0,0,0,0,0
2004,OAK,AL,duchsju01,Justin Duchscherer,53,0,2,53,53,0,0,0,0,0,0,0,0,0,0,0,0
2004,HOU,NL,duckwbr01,Brandon Duckworth,19,5,18,19,19,0,0,0,0,0,0,0,0,0,0,0,0
2004,NYN,NL,duncaje01,Jeff Duncan,13,2,13,4,0,0,0,0,0,0,2,2,0,4,0,8,3
2004,OAK,AL,durazer01,Erubiel Durazo,142,128,142,4,0,0,4,0,0,0,0,0,0,0,125,13,0
2004,CLE,AL,durbich01,Chad Durbin,17,0,0,17,17,0,0,0,0,0,0,0,0,0,0,0,
2004,ARI,NL,durbich01,Chad Durbin,7,0,7,7,7,0,0,0,0,0,0,0,0,0,0,0,0
2004,MIN,AL,durbijd01,J. D. Durbin,4,0,0,4,4,0,0,0,0,0,0,0,0,0,0,0,
2004,SFN,NL,durhara01,Ray Durham,120,115,120,118,0,0,0,118,0,0,0,0,0,0,0,5,0
2004,MIL,NL,durritr01,Trent Durrington,53,11,53,17,1,0,0,6,11,0,0,0,0,0,1,30,9
2004,FLO,NL,easleda01,Damion Easley,98,48,98,66,0,0,18,25,6,15,0,0,5,5,3,35,2
2004,SDN,NL,eatonad01,Adam Eaton,38,31,36,33,33,0,0,0,0,0,0,0,0,0,0,5,0
2004,ANA,AL,eckstda01,David Eckstein,142,138,142,139,0,0,0,0,0,139,0,0,0,0,1,3,0
2004,SLN,NL,edmonji01,Jim Edmonds,153,143,153,147,0,0,1,0,0,0,0,146,0,146,1,6,0
2004,MON,NL,eischjo01,Joey Eischen,22,0,22,21,21,0,0,0,0,0,0,0,0,0,0,1,0
2004,CLE,AL,elartsc01,Scott Elarton,21,2,2,21,21,0,0,0,0,0,0,0,0,0,0,0,0
2004,COL,NL,elartsc01,Scott Elarton,8,8,8,8,8,0,0,0,0,0,0,0,0,0,0,0,0
2004,SLN,NL,eldreca01,Cal Eldred,52,0,51,52,52,0,0,0,0,0,0,0,0,0,0,0,0
2004,SFN,NL,ellisja01,Jason Ellison,13,0,13,4,0,0,0,0,0,0,0,4,0,4,0,1,9
2004,BOS,AL,embreal01,Alan Embree,71,0,5,71,71,0,0,0,0,0,0,0,0,0,0,0,0
2004,FLO,NL,encarju01,Juan Encarnacion,49,46,49,48,0,0,0,0,0,0,0,0,48,48,0,1,0
2004,LAN,NL,encarju01,Juan Encarnacion,86,85,86,85,0,0,0,0,0,0,9,0,77,85,0,1,0
2004,DET,AL,ennisjo01,John Ennis,12,0,0,12,12,0,0,0,0,0,0,0,0,0,0,0,
2004,HOU,NL,ensbemo01,Morgan Ensberg,131,103,131,118,0,0,0,0,118,1,0,0,0,0,0,19,1
2004,MIL,NL,erickma01,Matt Erickson,4,1,4,2,0,0,0,1,0,1,0,0,0,0,0,2,0
2004,TEX,AL,ericksc01,Scott Erickson,4,0,0,4,4,0,0,0,0,0,0,0,0,0,0,0,
2004,NYN,NL,ericksc01,Scott Erickson,2,2,2,2,2,0,0,0,0,0,0,0,0,0,0,0,0
2004,ANA,AL,erstada01,Darin Erstad,125,124,125,124,0,0,124,0,0,0,0,0,0,0,0,0,1
2004,NYA,AL,escalfe01,Felix Escalona,5,2,5,5,0,0,0,0,1,4,0,0,0,0,0,1,0
2004,CLE,AL,escobal01,Alex Escobar,46,45,46,42,0,0,0,0,0,0,8,21,16,42,3,1,0
2004,ANA,AL,escobke01,Kelvim Escobar,33,1,1,33,33,0,0,0,0,0,0,0,0,0,0,0,0
2004,TOR,AL,estalbo02,Bobby Estalella,5,4,5,3,0,3,0,0,0,0,0,0,0,0,1,1,0
2004,ARI,NL,estalbo02,Bobby Estalella,7,3,7,6,0,6,0,0,0,0,0,0,0,0,0,2,0
2004,COL,NL,estessh01,Shawn Estes,36,33,35,34,34,0,0,0,0,0,0,0,0,0,0,0,2
2004,ATL,NL,estrajo01,Johnny Estrada,134,120,134,133,0,133,0,0,0,0,0,0,0,0,0,12,0
2004,SFN,NL,estrele01,Leo Estrella,2,0,2,2,2,0,0,0,0,0,0,0,0,0,0,0,0
2004,HOU,NL,everead01,Adam Everett,104,97,104,99,0,0,0,0,0,99,0,0,0,0,0,4,2
2004,MON,NL,evereca01,Carl Everett,39,36,39,33,0,0,0,0,0,0,19,0,14,33,3,3,0
2004,CHA,AL,evereca01,Carl Everett,43,42,43,1,0,0,0,0,0,0,1,0,0,1,41,1,0
2004,LAN,NL,falkebr01,Brian Falkenborg,6,0,6,6,6,0,0,0,0,0,0,0,0,0,0,0,0
2004,CHN,NL,farnsky01,Kyle Farnsworth,72,0,67,72,72,0,0,0,0,0,0,0,0,0,0,0,0
2004,COL,NL,fasseje01,Jeff Fassero,40,9,37,40,40,0,0,0,0,0,0,0,0,0,0,0,0
2004,ARI,NL,fasseje01,Jeff Fassero,1,0,1,1,1,0,0,0,0,0,0,0,0,0,0,0,0
2004,NYN,NL,felicpe01,Pedro Feliciano,22,0,22,22,22,0,0,0,0,0,0,0,0,0,0,0,0
2004,SFN,NL,felizpe01,Pedro Feliz,144,110,144,127,0,0,70,0,51,20,2,0,2,4,0,25,0
2004,HOU,NL,fernaja01,Jared Fernandez,2,1,2,2,2,0,0,0,0,0,0,0,0,0,0,0,0
2004,ARI,NL,fettemi01,Mike Fetters,23,0,23,23,23,0,0,0,0,0,0,0,0,0,0,0,0
2004,KCA,AL,fieldna01,Nate Field,43,0,4,43,43,0,0,0,0,0,0,0,0,0,0,0,0
2004,ANA,AL,figgich01,Chone Figgins,148,142,148,146,0,0,0,20,92,13,1,54,2,57,0,1,2
2004,PIT,NL,figuene01,Nelson Figueroa,10,3,10,10,10,0,0,0,0,0,0,0,0,0,0,0,0
2004,MON,NL,fikacje01,Jeremy Fikac,19,0,18,19,19,0,0,0,0,0,0,0,0,0,0,0,0
2004,ARI,NL,finlest01,Steve Finley,104,103,104,103,0,0,0,0,0,0,0,103,0,103,1,0,0
2004,LAN,NL,finlest01,Steve Finley,58,55,58,55,0,0,0,0,0,0,0,55,0,55,0,3,0
2004,NYA,AL,flahejo01,John Flaherty,47,35,47,46,0,46,0,0,0,0,0,0,0,0,0,1,2
2004,LAN,NL,florejo01,Jose Flores,9,1,9,1,0,0,0,1,1,0,0,0,0,0,0,2,6
2004,SLN,NL,florera01,Randy Flores,9,1,9,9,9,0,0,0,0,0,0,0,0,0,0,0,0
2004,NYN,NL,floydcl01,Cliff Floyd,113,107,113,107,0,0,0,0,0,0,107,0,0,107,1,5,0
2004,PHI,NL,floydga01,Gavin Floyd,6,4,6,6,6,0,0,0,0,0,0,0,0,0,0,0,0
2004,SFN,NL,foppeje01,Jesse Foppert,1,0,1,1,1,0,0,0,0,0,0,0,0,0,0,0,0
2004,TBA,AL,fordybr01,Brook Fordyce,54,46,54,51,0,51,0,0,0,0,0,0,0,0,0,3,1
2004,TBA,AL,fortuba01,Bartolome Fortunato,3,0,1,3,3,0,0,0,0,0,0,0,0,0,0,0,0
2004,NYN,NL,fortuba01,Bartolome Fortunato,15,0,15,15,15,0,0,0,0,0,0,0,0,0,0,0,0
2004,ARI,NL,fossuca01,Casey Fossum,29,25,27,27,27,0,0,0,0,0,0,0,0,0,0,0,2
2004,BOS,AL,foulkke01,Keith Foulke,72,0,3,72,72,0,0,0,0,0,0,0,0,0,0,0,0
2004,TEX,AL,francfr01,Frank Francisco,45,0,5,45,45,0,0,0,0,0,0,0,0,0,0,0,0
2004,COL,NL,francje01,Jeff Francis,7,7,7,7,7,0,0,0,0,0,0,0,0,0,0,0,0
2004,NYN,NL,francjo01,John Franco,52,0,50,52,52,0,0,0,0,0,0,0,0,0,0,0,0
2004,ATL,NL,francju01,Julio Franco,125,72,125,84,0,0,84,0,0,0,0,0,0,0,1,50,0
2004,SEA,AL,frankry01,Ryan Franklin,32,2,2,32,32,0,0,0,0,0,0,0,0,0,0,0,0
2004,SFN,NL,frankwa01,Wayne Franklin,43,2,41,43,43,0,0,0,0,0,0,0,0,0,0,0,0
2004,TOR,AL,frasoja01,Jason Frasor,63,0,4,63,63,0,0,0,0,0,0,0,0,0,0,0,0
2004,TOR,AL,fredeke01,Kevin Frederick,22,0,0,22,22,0,0,0,0,0,0,0,0,0,0,0,
2004,CIN,NL,freelry01,Ryan Freel,143,128,143,137,0,0,0,15,56,0,12,42,46,89,0,3,4
2004,COL,NL,freemch01,Choo Freeman,45,24,45,41,0,0,0,0,0,0,0,41,0,41,0,4,7
2004,COL,NL,fuentbr01,Brian Fuentes,47,0,47,47,47,0,0,0,0,0,0,0,0,0,0,0,0
2004,TEX,AL,fullmbr01,Brad Fullmer,76,65,76,4,0,0,4,0,0,0,0,0,0,0,62,10,0
2004,MIN,AL,fultzaa01,Aaron Fultz,55,0,4,55,55,0,0,0,0,0,0,0,0,0,0,0,0
2004,ATL,NL,furcara01,Rafael Furcal,143,130,143,132,0,0,0,1,0,131,0,0,0,0,0,10,2
2004,LAN,NL,gagneer01,Eric Gagne,70,0,67,70,70,0,0,0,0,0,0,0,0,0,0,0,0
2004,ANA,AL,galaran01,Andres Galarraga,7,2,7,1,0,0,1,0,0,0,0,0,0,0,1,5,0
2004,HOU,NL,gallomi01,Mike Gallo,69,0,67,69,69,0,0,0,0,0,0,0,0,0,0,0,0
2004,NYN,NL,garcida03,Daniel Garcia,58,40,58,44,0,0,0,44,0,0,0,0,0,0,0,14,0
2004,SEA,AL,garcifr02,Freddy Garcia,15,2,2,15,15,0,0,0,0,0,0,0,0,0,0,0,0
2004,CHA,AL,garcifr02,Freddy Garcia,16,0,0,16,16,0,0,0,0,0,0,0,0,0,0,0,
2004,OAK,AL,garcija01,Santiago Casilla,4,0,0,4,4,0,0,0,0,0,0,0,0,0,0,0,
2004,ATL,NL,garcije01,Jesse Garcia,50,26,50,37,0,0,0,11,3,25,0,0,0,0,0,14,9
2004,BAL,AL,garcika01,Karim Garcia,23,17,23,20,0,0,1,0,0,0,0,15,7,19,0,2,1
2004,NYN,NL,garcika01,Karim Garcia,62,44,62,51,0,0,0,0,0,0,0,0,51,51,0,15,1
2004,BOS,AL,garcino01,Nomar Garciaparra,38,38,38,37,0,0,0,0,0,37,0,0,0,0,1,0,0
2004,CHN,NL,garcino01,Nomar Garciaparra,43,41,43,42,0,0,0,0,0,42,0,0,0,0,0,2,0
2004,TEX,AL,garciro01,Rosman Garcia,4,0,0,4,4,0,0,0,0,0,0,0,0,0,0,0,
2004,CHA,AL,garlajo01,Jon Garland,34,2,2,34,34,0,0,0,0,0,0,0,0,0,0,0,0
2004,TBA,AL,gathrjo01,Joey Gathright,19,14,19,16,0,0,0,0,0,0,4,11,1,16,0,2,1
2004,TBA,AL,gaudich01,Chad Gaudin,28,1,3,26,26,0,0,0,0,0,0,0,0,0,0,0,2
2004,PHI,NL,gearyge01,Geoff Geary,33,0,29,33,33,0,0,0,0,0,0,0,0,0,0,0,0
2004,KCA,AL,georgch02,Chris George,10,1,1,10,10,0,0,0,0,0,0,0,0,0,0,0,0
2004,OAK,AL,germaes01,Esteban German,31,13,31,25,0,0,0,10,15,0,0,0,0,0,0,5,4
2004,DET,AL,germafr01,Franklyn German,16,0,3,16,16,0,0,0,0,0,0,0,0,0,0,0,0
2004,SDN,NL,germaju01,Justin Germano,7,5,7,7,7,0,0,0,0,0,0,0,0,0,0,0,0
2004,CLE,AL,gerutjo01,Jody Gerut,134,122,134,131,0,0,0,0,0,0,2,12,118,131,1,7,1
2004,KCA,AL,gettiby01,Byron Gettis,21,15,21,21,0,0,0,0,0,0,11,0,10,21,0,0,2
2004,NYA,AL,giambja01,Jason Giambi,80,75,80,47,0,0,47,0,0,0,0,0,0,0,28,5,0
2004,BAL,AL,gibboja01,Jay Gibbons,97,91,97,79,0,0,14,0,0,0,0,0,66,66,16,4,0
2004,SDN,NL,gilesbr02,Brian Giles,159,158,159,159,0,0,0,0,0,0,0,0,159,159,0,1,0
2004,ATL,NL,gilesma01,Marcus Giles,102,94,102,97,0,0,0,97,0,0,0,0,0,0,0,7,1
2004,MIL,NL,ginteke01,Keith Ginter,113,96,113,103,0,0,0,54,47,0,0,0,2,2,1,10,0
2004,NYN,NL,gintema01,Matt Ginter,15,12,13,15,15,0,0,0,0,0,0,0,0,0,0,0,0
2004,TBA,AL,gipsoch01,Charles Gipson,5,0,5,4,0,0,0,0,0,2,1,2,0,2,0,1,0
2004,COL,NL,gissech01,Chris Gissell,5,1,5,5,5,0,0,0,0,0,0,0,0,0,0,0,0
2004,PHI,NL,glanvdo01,Doug Glanville,87,30,87,68,0,0,0,0,0,0,13,56,0,68,0,18,13
2004,ANA,AL,glaustr01,Troy Glaus,58,58,58,19,0,0,0,0,19,0,0,0,0,0,39,0,0
2004,NYN,NL,glavito02,Tom Glavine,35,31,33,33,33,0,0,0,0,0,0,0,0,0,0,2,0
2004,CHA,AL,gloadro01,Ross Gload,110,53,110,78,0,0,42,0,0,0,17,1,22,39,7,30,13
2004,MIL,NL,glovega01,Gary Glover,4,3,4,4,4,0,0,0,0,0,0,0,0,0,0,0,0
2004,TOR,AL,glynnry01,Ryan Glynn,6,0,0,6,6,0,0,0,0,0,0,0,0,0,0,0,
2004,KCA,AL,gobblji01,Jimmy Gobble,25,1,1,25,25,0,0,0,0,0,0,0,0,0,0,0,0
2004,TBA,AL,gomesjo01,Jonny Gomes,5,4,5,0,0,0,0,0,0,0,0,0,0,0,4,1,0
2004,KCA,AL,gomezal01,Alexis Gomez,13,7,13,12,0,0,0,0,0,0,6,2,5,12,0,0,2
2004,TOR,AL,gomezch02,Chris Gomez,109,90,109,102,0,0,19,3,5,77,0,0,0,0,2,8,4
2004,TEX,AL,gonzaad01,Adrian Gonzalez,16,10,16,11,0,0,11,0,0,0,0,0,0,0,0,5,0
2004,MON,NL,gonzaal01,Alex Gonzalez,35,33,35,33,0,0,0,0,0,33,0,0,0,0,0,2,0
2004,SDN,NL,gonzaal01,Alex Gonzalez,11,9,11,11,0,0,0,0,0,11,0,0,0,0,0,0,1
2004,CHN,NL,gonzaal01,Alex Gonzalez,37,35,37,37,0,0,0,0,0,37,0,0,0,0,0,2,0
2004,FLO,NL,gonzaal02,Alex Gonzalez,159,155,159,158,0,0,0,0,0,158,0,0,0,0,0,1,0
2004,TBA,AL,gonzadi01,Dicky Gonzalez,4,0,0,4,4,0,0,0,0,0,0,0,0,0,0,0,
2004,ARI,NL,gonzaed01,Edgar Gonzalez,10,10,10,10,10,0,0,0,0,0,0,0,0,0,0,0,0
2004,TBA,AL,gonzaje01,Geremi Gonzalez,11,0,0,11,11,0,0,0,0,0,0,0,0,0,0,0,
2004,KCA,AL,gonzaju03,Juan Gonzalez,33,33,33,29,0,0,0,0,0,0,0,0,29,29,4,0,0
2004,ARI,NL,gonzalu01,Luis Gonzalez,105,104,105,104,0,0,0,0,0,0,104,0,0,104,1,1,0
2004,COL,NL,gonzalu02,Luis Gonzalez,102,71,102,88,0,0,0,40,18,10,20,0,11,29,1,22,2
2004,PIT,NL,gonzami02,Mike Gonzalez,47,0,44,47,47,0,0,0,0,0,0,0,0,0,0,0,0
2004,CLE,AL,gonzara01,Raul Gonzalez,7,2,7,4,0,0,0,0,0,0,1,0,3,4,0,4,0
2004,CHN,NL,goodwto01,Tom Goodwin,77,11,77,28,0,0,0,0,0,0,14,8,7,28,0,55,3
2004,NYA,AL,gordoto01,Tom Gordon,80,0,4,80,80,0,0,0,0,0,0,0,0,0,0,0,0
2004,ARI,NL,goslimi01,Mike Gosling,6,4,6,6,6,0,0,0,0,0,0,0,0,0,0,0,0
2004,KCA,AL,gotayru01,Ruben Gotay,44,41,44,42,0,0,0,42,0,0,0,0,0,0,0,1,1
2004,LAN,NL,graboja01,Jason Grabowski,113,25,113,33,0,0,3,0,0,0,30,0,3,31,2,81,0
2004,PIT,NL,grabojo02,John Grabow,68,0,64,68,68,0,0,0,0,0,0,0,0,0,0,0,0
2004,FLO,NL,gracefr01,Frank Gracesqui,7,0,7,7,7,0,0,0,0,0,0,0,0,0,0,0,0
2004,KCA,AL,graffto01,Tony Graffanino,75,72,75,75,0,0,0,75,0,0,0,0,0,0,0,1,1
2004,NYA,AL,gramaal01,Alex Graman,3,0,0,3,3,0,0,0,0,0,0,0,0,0,0,0,
2004,DET,AL,grandcu01,Curtis Granderson,9,7,9,8,0,0,0,0,0,0,0,8,0,8,0,1,1
2004,CIN,NL,graveda01,Danny Graves,68,0,66,68,68,0,0,0,0,0,0,0,0,0,0,0,0
2004,ARI,NL,greenan01,Andy Green,46,22,46,36,0,0,0,14,18,0,9,0,0,9,0,11,3
2004,SDN,NL,greenkh01,Khalil Greene,139,134,139,136,0,0,0,0,0,136,0,0,0,0,0,0,3
2004,ATL,NL,greenni01,Nick Green,95,61,95,80,0,0,0,75,5,0,0,0,1,1,0,9,13
2004,LAN,NL,greensh01,Shawn Green,157,156,157,153,0,0,111,0,0,0,0,0,52,52,3,1,0
2004,COL,NL,greento02,Todd Greene,75,48,75,53,0,53,0,0,0,0,0,0,0,0,0,22,0
2004,ANA,AL,greggke01,Kevin Gregg,55,0,5,55,55,0,0,0,0,0,0,0,0,0,0,0,0
2004,KCA,AL,greinza01,Zack Greinke,24,1,1,24,24,0,0,0,0,0,0,0,0,0,0,0,0
2004,MIN,AL,greisse01,Seth Greisinger,12,0,0,12,12,0,0,0,0,0,0,0,0,0,0,0,
2004,CHN,NL,grievbe01,Ben Grieve,15,2,15,4,0,0,0,0,0,0,1,0,3,4,0,12,0
2004,MIL,NL,grievbe01,Ben Grieve,108,65,108,65,0,0,0,0,0,0,0,0,65,65,1,42,0
2004,HOU,NL,griffje01,Jeremy Griffiths,1,1,1,1,1,0,0,0,0,0,0,0,0,0,0,0,0
2004,CIN,NL,griffke02,Ken Griffey,83,78,83,77,0,0,0,0,0,0,0,76,1,77,1,5,0
2004,CHA,AL,grillja01,Jason Grilli,8,0,0,8,8,0,0,0,0,0,0,0,0,0,0,0,
2004,BAL,AL,grimsja01,Jason Grimsley,41,0,2,41,41,0,0,0,0,0,0,0,0,0,0,0,0
2004,KCA,AL,grimsja01,Jason Grimsley,32,0,3,32,32,0,0,0,0,0,0,0,0,0,0,0,0
2004,SFN,NL,grissma02,Marquis Grissom,145,138,145,142,0,0,0,0,0,0,0,142,0,142,0,5,0
2004,BAL,AL,groombu01,Buddy Groom,60,0,5,60,60,0,0,0,0,0,0,0,0,0,0,0,0
2004,TOR,AL,grossga01,Gabe Gross,44,38,44,38,0,0,0,0,0,0,38,0,0,38,5,6,0
2004,CHN,NL,grudzma01,Mark Grudzielanek,81,61,81,76,0,0,0,76,0,0,0,0,0,0,0,11,0
2004,ATL,NL,gryboke01,Kevin Gryboski,69,0,67,69,69,0,0,0,0,0,0,0,0,0,0,0,0
2004,SEA,AL,guarded01,Eddie Guardado,41,0,4,41,41,0,0,0,0,0,0,0,0,0,0,0,0
2004,MIN,AL,guerrma02,Matt Guerrier,9,1,1,9,9,0,0,0,0,0,0,0,0,0,0,0,0
2004,ANA,AL,guerrvl01,Vladimir Guerrero,156,156,156,143,0,0,0,0,0,0,0,0,143,143,13,0,0
2004,KCA,AL,guerrwi01,Wilton Guerrero,24,4,24,18,0,0,2,8,2,3,1,2,0,3,0,1,6
2004,KCA,AL,guielaa01,Aaron Guiel,42,36,42,39,0,0,0,0,0,0,38,0,1,39,1,3,0
2004,DET,AL,guillca01,Carlos Guillen,136,133,136,135,0,0,0,0,0,135,0,0,0,0,0,3,0
2004,ANA,AL,guilljo01,Jose Guillen,148,146,148,136,0,0,0,0,0,0,135,0,4,136,10,2,0
2004,CLE,AL,guthrje01,Jeremy Guthrie,6,0,0,6,6,0,0,0,0,0,0,0,0,0,0,0,
2004,BOS,AL,gutieri01,Ricky Gutierrez,21,8,21,20,0,0,0,14,0,6,0,0,0,0,0,3,3
2004,NYN,NL,gutieri01,Ricky Gutierrez,24,15,24,20,0,0,0,18,2,0,0,0,0,0,0,5,0
2004,MIN,AL,guzmacr01,Cristian Guzman,145,143,145,145,0,0,0,0,0,145,0,0,0,0,0,0,1
2004,SDN,NL,guzmafr01,Freddy Guzman,20,16,20,17,0,0,0,0,0,0,0,17,0,17,0,1,2
2004,CLE,AL,hafnetr01,Travis Hafner,140,131,140,11,0,0,11,0,0,0,0,0,0,0,121,9,0
2004,BAL,AL,hairsje02,Jerry Hairston,86,80,86,62,0,0,0,12,1,0,10,15,27,52,20,2,3
2004,ARI,NL,hairssc01,Scott Hairston,101,83,101,88,0,0,0,85,0,0,2,0,2,3,0,14,2
2004,TBA,AL,halamjo01,John Halama,34,2,2,34,34,0,0,0,0,0,0,0,0,0,0,0,0
2004,TOR,AL,hallaro01,Roy Halladay,21,2,2,21,21,0,0,0,0,0,0,0,0,0,0,0,0
2004,NYA,AL,halsebr01,Brad Halsey,8,1,1,8,8,0,0,0,0,0,0,0,0,0,0,0,0
2004,ANA,AL,haltesh01,Shane Halter,46,30,46,43,0,0,4,6,33,3,0,0,0,0,3,3,1
2004,OAK,AL,hammoch01,Chris Hammond,41,0,0,41,41,0,0,0,0,0,0,0,0,0,0,0,
2004,SFN,NL,hammoje01,Jeffrey Hammonds,40,22,40,28,0,0,0,0,0,0,7,1,20,28,0,13,0
2004,ARI,NL,hammoro01,Robby Hammock,62,52,62,59,0,46,0,0,1,0,12,0,0,12,0,4,1
2004,ATL,NL,hamptmi01,Mike Hampton,36,28,35,29,29,0,0,0,0,0,0,0,0,0,0,3,4
2004,CIN,NL,hancojo01,Josh Hancock,12,9,12,12,12,0,0,0,0,0,0,0,0,0,0,0,0
2004,PHI,NL,hancojo01,Josh Hancock,4,2,4,4,4,0,0,0,0,0,0,0,0,0,0,0,0
2004,SDN,NL,hanseda01,Dave Hansen,29,2,29,9,0,0,7,0,2,0,0,0,0,0,0,22,0
2004,SEA,AL,hanseda01,Dave Hansen,57,13,57,13,0,0,7,0,6,0,0,0,0,0,8,42,0
2004,CIN,NL,haranaa01,Aaron Harang,28,28,28,28,28,0,0,0,0,0,0,0,0,0,0,0,0
2004,OAK,AL,harderi01,Rich Harden,31,2,2,31,31,0,0,0,0,0,0,0,0,0,0,0,0
2004,SLN,NL,harenda01,Dan Haren,14,5,14,14,14,0,0,0,0,0,0,0,0,0,0,0,0
2004,COL,NL,harikti01,Tim Harikkala,55,0,51,55,55,0,0,0,0,0,0,0,0,0,0,0,0
2004,TBA,AL,harpetr01,Travis Harper,52,0,2,52,52,0,0,0,0,0,0,0,0,0,0,0,0
2004,CHN,NL,harribr01,Brendan Harris,3,3,3,3,0,0,0,0,3,0,0,0,0,0,0,0,0
2004,MON,NL,harribr01,Brendan Harris,20,13,20,14,0,0,0,11,4,0,0,0,0,0,0,7,0
2004,FLO,NL,harrile01,Lenny Harris,79,11,79,17,0,0,0,0,3,0,8,0,6,14,2,64,0
2004,CHA,AL,harriwi01,Willie Harris,129,101,129,117,0,0,0,92,0,0,1,29,0,30,0,19,3
2004,KCA,AL,harveke01,Ken Harvey,120,118,120,77,0,0,73,0,0,0,4,0,0,4,41,2,0
2004,OAK,AL,harvich01,Chad Harville,3,0,0,3,3,0,0,0,0,0,0,0,0,0,0,0,
2004,HOU,NL,harvich01,Chad Harville,56,0,54,56,56,0,0,0,0,0,0,0,0,0,0,0,0
2004,SEA,AL,hasegsh01,Shigetoshi Hasegawa,68,0,4,68,68,0,0,0,0,0,0,0,0,0,0,0,0
2004,OAK,AL,hattesc01,Scott Hatteberg,152,145,152,148,0,0,148,0,0,0,0,0,0,0,2,6,0
2004,CHN,NL,hawkila01,LaTroy Hawkins,77,0,74,77,77,0,0,0,0,0,0,0,0,0,0,0,0
2004,COL,NL,hawpebr01,Brad Hawpe,42,30,42,34,0,0,0,0,0,0,2,0,32,34,0,10,0
2004,CIN,NL,hayneji01,Jimmy Haynes,5,4,5,5,5,0,0,0,0,0,0,0,0,0,0,0,0
2004,NYN,NL,heilmaa01,Aaron Heilman,5,5,5,5,5,0,0,0,0,0,0,0,0,0,0,0,0
2004,MIL,NL,helmswe01,Wes Helms,92,76,92,77,0,0,10,0,67,0,0,0,0,0,0,16,0
2004,COL,NL,heltoto01,Todd Helton,154,151,154,153,0,0,153,0,0,0,0,0,0,0,0,3,0
2004,MIL,NL,hendrbe01,Ben Hendrickson,10,9,10,10,10,0,0,0,0,0,0,0,0,0,0,0,0
2004,TBA,AL,hendrma01,Mark Hendrickson,32,2,2,32,32,0,0,0,0,0,0,0,0,0,0,0,0
2004,SFN,NL,hennebr01,Brad Hennessey,7,7,7,7,7,0,0,0,0,0,0,0,0,0,0,0,0
2004,ANA,AL,henslma01,Matt Hensley,16,0,4,16,16,0,0,0,0,0,0,0,0,0,0,0,0
2004,TOR,AL,hentgpa01,Pat Hentgen,18,1,2,18,18,0,0,0,0,0,0,0,0,0,0,0,0
2004,NYA,AL,heredfe01,Felix Heredia,47,0,5,47,47,0,0,0,0,0,0,0,0,0,0,0,0
2004,SFN,NL,hergema01,Matt Herges,70,0,67,70,70,0,0,0,0,0,0,0,0,0,0,0,0
2004,TOR,AL,hermach01,Chad Hermansen,4,2,4,4,0,0,0,0,0,0,4,0,0,4,0,1,0
2004,SFN,NL,hermadu01,Dustin Hermanson,47,16,45,47,47,0,0,0,0,0,0,0,0,0,0,0,0
2004,MIL,NL,hernaad01,Adrian Hernandez,6,1,6,6,6,0,0,0,0,0,0,0,0,0,0,0,0
2004,HOU,NL,hernaca03,Carlos Hernandez,9,9,9,9,9,0,0,0,0,0,0,0,0,0,0,0,0
2004,LAN,NL,hernajo01,Jose Hernandez,95,52,95,84,0,0,8,50,12,13,9,0,0,9,0,21,3
2004,MON,NL,hernali01,Livan Hernandez,36,33,34,35,35,0,0,0,0,0,0,0,0,0,0,1,0
2004,NYA,AL,hernaor01,Orlando Hernandez,15,0,0,15,15,0,0,0,0,0,0,0,0,0,0,0,
2004,SDN,NL,hernara02,Ramon Hernandez,111,106,111,108,0,108,0,0,0,0,0,0,0,0,0,4,0
2004,PHI,NL,hernaro01,Roberto Hernandez,63,0,57,63,63,0,0,0,0,0,0,0,0,0,0,0,0
2004,ATL,NL,hessmmi01,Mike Hessman,29,13,29,23,0,0,16,0,7,0,3,0,0,3,0,9,2
2004,NYN,NL,hidalri01,Richard Hidalgo,86,86,86,86,0,0,0,0,0,0,5,0,83,86,0,0,0
2004,HOU,NL,hidalri01,Richard Hidalgo,58,51,58,56,0,0,0,0,0,0,0,0,56,56,0,3,0
2004,NYN,NL,hietpjo01,Joe Hietpas,1,0,1,1,0,1,0,0,0,0,0,0,0,0,0,0,0
2004,DET,AL,higgibo02,Bobby Higginson,131,119,131,115,0,0,0,0,0,0,0,0,115,115,9,6,2
2004,ARI,NL,hillesh02,Shea Hillenbrand,148,144,148,146,0,0,131,0,17,0,0,0,0,0,0,2,0
2004,PHI,NL,hinchaj01,A. J. Hinch,4,1,4,4,0,4,0,0,0,0,0,0,0,0,0,0,0
2004,TOR,AL,hinsker01,Eric Hinske,155,149,155,153,0,0,0,0,153,0,0,0,0,0,1,5,1
2004,SDN,NL,hitchst01,Sterling Hitchcock,4,4,4,4,4,0,0,0,0,0,0,0,0,0,0,0,0
2004,COL,NL,hockide01,Denny Hocking,55,16,55,48,0,0,0,8,2,13,20,8,4,30,0,10,2
2004,SDN,NL,hoffmtr01,Trevor Hoffman,55,0,53,55,55,0,0,0,0,0,0,0,0,0,0,0,0
2004,CHN,NL,hollato01,Todd Hollandsworth,57,35,57,38,0,0,3,0,0,0,4,0,32,36,3,18,0
2004,ATL,NL,hollida02,Damon Hollins,7,5,7,6,0,0,0,0,0,0,6,0,1,6,0,2,0
2004,COL,NL,hollima01,Matt Holliday,121,109,121,115,0,0,0,0,0,0,115,0,0,115,0,10,0
2004,MON,NL,horgajo01,Joe Horgan,47,0,45,47,47,0,0,0,0,0,0,0,0,0,0,0,0
2004,PIT,NL,housejr01,J. R. House,5,2,5,3,0,3,0,0,0,0,0,0,0,0,0,2,0
2004,FLO,NL,howarbe01,Ben Howard,31,0,29,31,31,0,0,0,0,0,0,0,0,0,0,0,0
2004,PHI,NL,howarry01,Ryan Howard,19,5,19,8,0,0,8,0,0,0,0,0,0,0,0,11,0
2004,CLE,AL,howrybo01,Bob Howry,37,0,1,37,37,0,0,0,0,0,0,0,0,0,0,0,0
2004,BAL,AL,huckake01,Ken Huckaby,8,4,8,8,0,8,0,0,0,0,0,0,0,0,0,0,1
2004,TEX,AL,huckake01,Ken Huckaby,16,12,16,16,0,16,0,0,0,0,0,0,0,0,0,1,0
2004,CIN,NL,hudsolu01,Luke Hudson,9,9,9,9,9,0,0,0,0,0,0,0,0,0,0,0,0
2004,TOR,AL,hudsoor01,Orlando Hudson,135,128,135,133,0,0,0,133,0,0,0,0,0,0,0,4,0
2004,OAK,AL,hudsoti01,Tim Hudson,27,1,1,27,27,0,0,0,0,0,0,0,0,0,0,0,0
2004,TEX,AL,hughetr01,Travis Hughes,2,0,0,2,2,0,0,0,0,0,0,0,0,0,0,0,
2004,KCA,AL,huismju01,Justin Huisman,14,0,1,14,14,0,0,0,0,0,0,0,0,0,0,0,0
2004,CIN,NL,hummeti01,Tim Hummel,56,23,56,41,0,0,13,1,32,1,0,0,0,0,0,18,3
2004,MIN,AL,hunteto01,Torii Hunter,138,134,138,126,0,0,0,0,0,0,0,126,0,126,10,2,1
2004,BOS,AL,hyzduad01,Adam Hyzdu,17,0,17,14,0,0,0,0,0,0,11,0,4,14,0,3,4
2004,SEA,AL,ibanera01,Raul Ibanez,123,119,123,120,0,0,10,0,0,0,110,0,3,112,2,4,0
2004,DET,AL,infanom01,Omar Infante,142,123,142,140,0,0,0,105,10,23,0,5,0,5,0,4,2
2004,LAN,NL,ishiika01,Kazuhisa Ishii,31,29,29,31,31,0,0,0,0,0,0,0,0,0,0,0,0
2004,SLN,NL,isrinja01,Jason Isringhausen,74,0,71,74,74,0,0,0,0,0,0,0,0,0,0,0,0
2004,LAN,NL,izturce01,Cesar Izturis,159,156,159,159,0,0,0,0,0,159,0,0,0,0,0,0,0
2004,MON,NL,izturma01,Maicer Izturis,32,30,32,31,0,0,0,10,0,23,0,0,0,0,0,1,0
2004,CHN,NL,jacksda04,Damian Jackson,7,3,7,5,0,0,0,5,0,0,0,0,0,0,0,2,0
2004,KCA,AL,jacksda04,Damian Jackson,14,1,14,7,0,0,0,1,0,1,1,1,3,5,1,9,2
2004,LAN,NL,jacksed01,Edwin Jackson,8,4,7,8,8,0,0,0,0,0,0,0,0,0,0,0,0
2004,CHA,AL,jacksmi02,Michael Jackson,45,0,3,45,45,0,0,0,0,0,0,0,0,0,0,0,0
2004,SEA,AL,jacobbu02,Bucky Jacobsen,42,40,42,21,0,0,21,0,0,0,0,0,0,0,19,2,0
2004,COL,NL,jarvike01,Kevin Jarvis,2,0,1,2,2,0,0,0,0,0,0,0,0,0,0,0,0
2004,SEA,AL,jarvike01,Kevin Jarvis,8,0,0,8,8,0,0,0,0,0,0,0,0,0,0,0,
2004,MIL,NL,jenkige01,Geoff Jenkins,157,154,157,156,0,0,0,0,0,0,156,0,0,156,0,1,0
2004,COL,NL,jennija01,Jason Jennings,37,31,35,33,33,0,0,0,0,0,0,0,0,0,0,4,0
2004,NYA,AL,jeterde01,Derek Jeter,154,154,154,154,0,0,0,0,0,154,0,0,0,0,0,0,0
2004,CIN,NL,jimenda01,D'Angelo Jimenez,152,146,152,149,0,0,0,146,0,5,0,0,0,0,0,4,0
2004,CLE,AL,jimenjo01,Jose Jimenez,31,0,2,31,31,0,0,0,0,0,0,0,0,0,0,0,0
2004,COL,NL,johnsch04,Charles Johnson,109,85,109,91,0,91,0,0,0,0,0,0,0,0,0,19,0
2004,DET,AL,johnsja02,Jason Johnson,33,1,1,33,33,0,0,0,0,0,0,0,0,0,0,0,0
2004,MIL,NL,johnsma02,Mark Johnson,7,4,7,5,0,5,0,0,0,0,0,0,0,0,0,2,0
2004,PIT,NL,johnsmi03,Mike Johnston,24,0,20,24,24,0,0,0,0,0,0,0,0,0,0,0,0
2004,MON,NL,johnsni01,Nick Johnson,73,70,73,73,0,0,73,0,0,0,0,0,0,0,0,2,0
2004,ARI,NL,johnsra05,Randy Johnson,35,33,33,35,35,0,0,0,0,0,0,0,0,0,0,0,0
2004,TOR,AL,johnsre02,Reed Johnson,141,125,141,137,0,0,0,0,0,0,57,33,53,137,2,9,1
2004,ATL,NL,jonesan01,Andruw Jones,154,153,154,154,0,0,0,0,0,0,0,154,0,154,0,1,0
2004,BOS,AL,jonesbo04,Bobby Jones,3,0,0,3,3,0,0,0,0,0,0,0,0,0,0,0,
2004,ATL,NL,jonesch06,Chipper Jones,137,130,137,126,0,0,0,0,96,0,30,0,0,30,7,7,0
2004,MIN,AL,jonesja04,Jacque Jones,151,142,151,142,0,0,0,0,0,0,0,2,141,142,3,7,0
2004,PHI,NL,jonesto02,Todd Jones,27,0,26,27,27,0,0,0,0,0,0,0,0,0,0,0,0
2004,CIN,NL,jonesto02,Todd Jones,51,0,48,51,51,0,0,0,0,0,0,0,0,0,0,0,0
2004,TEX,AL,jordabr01,Brian Jordan,61,57,61,44,0,0,0,0,0,0,1,0,44,44,17,3,0
2004,BAL,AL,juliojo01,Jorge Julio,65,0,4,65,65,0,0,0,0,0,0,0,0,0,0,0,0
2004,BOS,AL,kaplega01,Gabe Kapler,136,73,136,127,0,0,0,0,0,0,18,17,101,127,0,7,19
2004,OAK,AL,karroer01,Eric Karros,40,24,40,22,0,0,22,0,0,0,0,0,0,0,10,11,0
2004,NYA,AL,karsast01,Steve Karsay,7,0,1,7,7,0,0,0,0,0,0,0,0,0,0,0,0
2004,TBA,AL,kazmisc01,Scott Kazmir,8,0,0,8,8,0,0,0,0,0,0,0,0,0,0,0,
2004,CIN,NL,kearnau01,Austin Kearns,64,59,64,60,0,0,0,0,0,0,0,1,60,60,0,4,1
2004,CHN,NL,keltoda01,David Kelton,8,1,8,3,0,0,0,0,0,0,2,0,1,3,0,6,1
2004,PIT,NL,kendaja01,Jason Kendall,147,145,147,146,0,146,0,0,0,0,0,0,0,0,0,2,0
2004,ANA,AL,kennead01,Adam Kennedy,144,138,144,144,0,0,0,144,0,0,0,0,0,0,0,1,1
2004,COL,NL,kennejo04,Joe Kennedy,27,25,25,27,27,0,0,0,0,0,0,0,0,0,0,0,0
2004,FLO,NL,kensilo01,Logan Kensing,5,3,5,5,5,0,0,0,0,0,0,0,0,0,0,0,0
2004,NYN,NL,keppije01,Jeff Keppinger,33,27,33,32,0,0,0,32,0,0,0,0,0,0,0,3,0
2004,TOR,AL,kershja01,Jason Kershner,24,0,1,24,24,0,0,0,0,0,0,0,0,0,0,0,0
2004,OAK,AL,kieltbo01,Bobby Kielty,83,59,83,67,0,0,0,0,0,0,51,0,21,67,9,14,0
2004,MIL,NL,kiescbr01,Brooks Kieschnick,77,0,75,32,32,0,0,0,0,0,0,0,0,0,0,48,0
2004,MIL,NL,kinnema01,Matt Kinney,32,6,31,32,32,0,0,0,0,0,0,0,0,0,0,0,0
2004,KCA,AL,kinnema01,Matt Kinney,11,0,0,11,11,0,0,0,0,0,0,0,0,0,0,0,
2004,SDN,NL,kleskry01,Ryan Klesko,127,120,127,118,0,0,18,0,0,0,104,0,0,104,3,7,0
2004,SLN,NL,klinest02,Steve Kline,67,0,64,67,67,0,0,0,0,0,0,0,0,0,0,0,0
2004,SFN,NL,knoedju01,Justin Knoedler,1,0,1,1,0,1,0,0,0,0,0,0,0,0,0,0,0
2004,DET,AL,knottga01,Gary Knotts,36,2,2,36,36,0,0,0,0,0,0,0,0,0,0,0,0
2004,SDN,NL,knottjo02,Jon Knott,9,3,9,5,0,0,0,0,0,0,5,0,0,5,0,6,0
2004,CHA,AL,konerpa01,Paul Konerko,155,153,155,139,0,0,139,0,0,0,0,0,0,0,16,1,0
2004,ARI,NL,koplomi01,Mike Koplove,76,0,72,76,76,0,0,0,0,0,0,0,0,0,0,0,0
2004,MIN,AL,koskico01,Corey Koskie,118,113,118,115,0,0,0,0,115,0,0,0,0,0,1,4,0
2004,ANA,AL,kotchca01,Casey Kotchman,38,27,38,34,0,0,34,0,0,0,0,0,0,0,0,5,0
2004,OAK,AL,kotsama01,Mark Kotsay,148,140,148,145,0,0,0,0,0,0,0,145,0,145,0,6,1
2004,ARI,NL,kroegjo01,Josh Kroeger,22,13,22,19,0,0,0,0,0,0,11,2,8,19,0,2,3
2004,COL,NL,kroonma01,Marc Kroon,6,0,4,6,6,0,0,0,0,0,0,0,0,0,0,0,0
2004,MIL,NL,krynzda01,Dave Krynzel,16,9,16,10,0,0,0,0,0,0,0,2,8,10,0,6,1
2004,MIN,AL,kubelja01,Jason Kubel,23,13,23,10,0,0,0,0,0,0,2,0,8,10,7,7,0
2004,MON,NL,labanjo01,Josh Labandeira,7,2,7,5,0,0,0,2,0,3,0,0,0,0,0,3,0
2004,ANA,AL,lackejo01,John Lackey,33,1,2,33,33,0,0,0,0,0,0,0,0,0,0,0,0
2004,TEX,AL,lairdge01,Gerald Laird,49,46,49,49,0,49,0,0,0,0,0,0,0,0,0,0,0
2004,CLE,AL,lakerti01,Tim Laker,44,31,43,42,1,41,0,0,0,0,0,0,0,0,0,1,2
2004,SLN,NL,lankfra01,Ray Lankford,92,45,92,70,0,0,0,0,0,0,66,4,0,70,0,30,7
2004,CIN,NL,larkiba01,Barry Larkin,111,81,111,85,0,0,0,0,0,85,0,0,0,0,0,28,0
2004,ATL,NL,larocad01,Adam LaRoche,110,82,110,98,0,0,98,0,0,0,0,0,0,0,0,18,0
2004,CIN,NL,larsobr01,Brandon Larson,40,33,40,35,0,0,0,0,35,0,0,0,0,0,0,6,0
2004,CIN,NL,larueja01,Jason LaRue,114,107,114,111,0,111,0,0,0,0,0,0,1,1,1,2,1
2004,SDN,NL,lawrebr02,Brian Lawrence,36,32,34,34,34,0,0,0,0,0,0,0,0,0,0,1,1
2004,CLE,AL,lawtoma02,Matt Lawton,150,145,150,143,0,0,0,0,0,0,125,0,19,143,3,5,0
2004,TOR,AL,leagubr01,Brandon League,3,0,0,3,3,0,0,0,0,0,0,0,0,0,0,0,
2004,MIN,AL,lecroma01,Matt LeCroy,88,65,88,48,0,26,23,0,0,0,0,0,0,0,29,19,0
2004,PHI,NL,ledeeri01,Ricky Ledee,73,22,73,22,0,0,0,0,0,0,9,13,1,22,2,51,0
2004,SFN,NL,ledeeri01,Ricky Ledee,31,11,31,15,0,0,0,0,0,0,1,3,11,15,0,16,1
2004,DET,AL,ledezwi01,Wil Ledezma,15,0,0,15,15,0,0,0,0,0,0,0,0,0,0,0,
2004,CHN,NL,leicejo01,Jon Leicester,32,0,30,32,32,0,0,0,0,0,0,0,0,0,0,0,0
2004,NYN,NL,leiteal01,Al Leiter,30,28,28,30,30,0,0,0,0,0,0,0,0,0,0,0,0
2004,SEA,AL,leoneju01,Justin Leone,31,29,31,29,0,0,0,0,28,2,0,0,0,0,0,2,0
2004,KCA,AL,leskacu01,Curt Leskanic,19,0,0,19,19,0,0,0,0,0,0,0,0,0,0,0,
2004,BOS,AL,leskacu01,Curt Leskanic,32,0,1,32,32,0,0,0,0,0,0,0,0,0,0,0,0
2004,DET,AL,levinal01,Al Levine,65,0,6,65,65,0,0,0,0,0,0,0,0,0,0,0,0
2004,TEX,AL,lewisco01,Colby Lewis,3,0,0,3,3,0,0,0,0,0,0,0,0,0,0,0,
2004,HOU,NL,lidgebr01,Brad Lidge,80,0,77,80,80,0,0,0,0,0,0,0,0,0,0,0,0
2004,CIN,NL,lidleco01,Cory Lidle,24,22,22,24,24,0,0,0,0,0,0,0,0,0,0,0,0
2004,PHI,NL,lidleco01,Cory Lidle,10,10,10,10,10,0,0,0,0,0,0,0,0,0,0,0,0
2004,NYA,AL,liebejo01,Jon Lieber,27,1,1,27,27,0,0,0,0,0,0,0,0,0,0,0,0
2004,PHI,NL,liebemi01,Mike Lieberthal,131,123,131,129,0,129,0,0,0,0,0,0,0,0,0,5,0
2004,MIL,NL,liefeje01,Jeff Liefer,16,6,16,3,0,0,0,0,0,0,0,0,3,3,3,9,1
2004,TOR,AL,ligteke01,Kerry Ligtenberg,57,0,2,57,57,0,0,0,0,0,0,0,0,0,0,0,0
2004,TOR,AL,lillyte01,Ted Lilly,32,2,3,32,32,0,0,0,0,0,0,0,0,0,0,0,0
2004,SLN,NL,lincomi01,Mike Lincoln,13,0,13,13,13,0,0,0,0,0,0,0,0,0,0,0,0
2004,SFN,NL,lindeto01,Todd Linden,16,6,16,11,0,0,0,0,0,0,7,0,4,11,0,6,1
2004,SDN,NL,linebsc01,Scott Linebrink,73,0,68,73,73,0,0,0,0,0,0,0,0,0,0,0,0
2004,MIL,NL,liriape01,Pedro Liriano,11,0,11,11,11,0,0,0,0,0,0,0,0,0,0,0,0
2004,CLE,AL,littlma01,Mark Little,11,6,11,11,0,0,0,0,0,0,4,5,4,11,0,2,0
2004,NYA,AL,loaizes01,Esteban Loaiza,10,0,0,10,10,0,0,0,0,0,0,0,0,0,0,0,
2004,CHA,AL,loaizes01,Esteban Loaiza,21,2,2,21,21,0,0,0,0,0,0,0,0,0,0,0,0
2004,LAN,NL,loducpa01,Paul Lo Duca,91,88,91,90,0,81,3,0,0,0,9,0,0,9,0,2,0
2004,FLO,NL,loducpa01,Paul Lo Duca,52,47,52,49,0,49,0,0,0,0,0,0,0,0,0,5,0
2004,NYA,AL,loftoke01,Kenny Lofton,83,70,83,74,0,0,0,0,0,0,0,65,10,74,3,9,1
2004,DET,AL,loganno01,Nook Logan,47,41,47,46,0,0,0,0,0,0,0,46,0,46,0,0,3
2004,MIN,AL,lohseky01,Kyle Lohse,35,2,2,35,35,0,0,0,0,0,0,0,0,0,0,0,0
2004,NYN,NL,loopebr01,Braden Looper,71,0,69,71,71,0,0,0,0,0,0,0,0,0,0,0,0
2004,TOR,AL,lopezaq01,Aquilino Lopez,18,0,0,18,18,0,0,0,0,0,0,0,0,0,0,0,
2004,CIN,NL,lopezfe01,Felipe Lopez,79,65,79,75,0,0,0,2,24,51,0,0,0,0,0,2,4
2004,BAL,AL,lopezja01,Javy Lopez,150,146,150,132,0,132,0,0,0,0,0,0,0,0,21,4,0
2004,COL,NL,lopezja02,Javier Lopez,64,0,58,64,64,0,0,0,0,0,0,0,0,0,0,0,0
2004,SEA,AL,lopezjo01,Jose Lopez,57,55,57,57,0,0,0,0,1,57,0,0,0,0,0,0,1
2004,BAL,AL,lopezlu02,Luis Lopez,56,16,56,36,0,0,6,6,11,14,0,0,0,0,6,17,5
2004,MON,NL,lopezlu03,Luis Lopez,11,6,11,8,0,0,8,0,0,0,0,0,0,0,0,4,0
2004,KCA,AL,lopezme01,Mendy Lopez,18,10,18,17,0,0,2,6,4,4,2,0,2,4,0,2,1
2004,SEA,AL,lopezmi01,Mickey Lopez,6,0,6,3,0,0,0,3,0,0,0,0,0,0,0,3,2
2004,BAL,AL,lopezro01,Rodrigo Lopez,37,0,1,37,37,0,0,0,0,0,0,0,0,0,0,0,0
2004,SDN,NL,loretma01,Mark Loretta,154,154,154,154,0,0,0,154,0,0,0,0,0,0,0,0,0
2004,FLO,NL,lowelmi01,Mike Lowell,158,156,158,154,0,0,0,0,154,0,0,0,0,0,3,2,0
2004,SFN,NL,lowryno01,Noah Lowry,16,13,14,16,16,0,0,0,0,0,0,0,0,0,0,0,0
2004,CLE,AL,ludwiry01,Ryan Ludwick,15,13,15,15,0,0,0,0,0,0,0,0,15,15,0,0,0
2004,SLN,NL,mabryjo01,John Mabry,87,62,87,82,0,0,14,0,20,0,39,1,25,57,0,10,0
2004,KCA,AL,macdomi01,Mike MacDougal,13,0,0,13,13,0,0,0,0,0,0,0,0,0,0,0,
2004,CIN,NL,machaan01,Anderson Machado,17,16,17,17,0,0,0,0,0,17,0,0,0,0,0,0,0
2004,BAL,AL,macharo01,Robert Machado,37,19,37,35,0,35,0,0,0,0,0,0,0,0,0,4,0
2004,CHN,NL,maciajo01,Jose Macias,98,28,98,59,0,0,0,16,18,0,8,7,13,28,0,51,3
2004,PIT,NL,mackoro01,Rob Mackowiak,155,122,155,147,0,0,1,0,55,0,25,19,79,118,0,24,1
2004,CHN,NL,maddugr01,Greg Maddux,34,31,32,33,33,0,0,0,0,0,0,0,0,0,0,1,0
2004,SEA,AL,madribo01,Bobby Madritsch,15,0,0,15,15,0,0,0,0,0,0,0,0,0,0,0,
2004,PHI,NL,madsory01,Ryan Madson,52,0,49,52,52,0,0,0,0,0,0,0,0,0,0,0,0
2004,MIL,NL,magruch01,Chris Magruder,56,13,56,24,0,0,0,0,0,0,10,0,16,24,0,35,2
2004,TEX,AL,mahayro01,Ron Mahay,60,0,4,60,60,0,0,0,0,0,0,0,0,0,0,1,0
2004,BAL,AL,mainejo01,John Maine,1,0,0,1,1,0,0,0,0,0,0,0,0,0,0,0,
2004,MON,NL,majewga01,Gary Majewski,16,0,16,16,16,0,0,0,0,0,0,0,0,0,0,0,0
2004,BAL,AL,majewva01,Val Majewski,9,3,9,4,0,0,0,0,0,0,0,3,1,4,0,3,2
2004,BOS,AL,malasma01,Mark Malaska,19,0,1,19,19,0,0,0,0,0,0,0,0,0,0,0,0
2004,ARI,NL,mantema01,Matt Mantei,12,0,12,12,12,0,0,0,0,0,0,0,0,0,0,0,0
2004,FLO,NL,manzajo01,Josias Manzanillo,26,0,25,26,26,0,0,0,0,0,0,0,0,0,0,0,0
2004,DET,AL,marotmi01,Mike Maroth,33,2,2,33,33,0,0,0,0,0,0,0,0,0,0,0,0
2004,SLN,NL,marquja01,Jason Marquis,35,31,34,32,32,0,0,0,0,0,0,0,0,0,0,0,3
2004,ATL,NL,marreel01,Eli Marrero,90,60,90,73,0,0,0,0,0,0,47,4,25,73,0,19,1
2004,NYA,AL,marsosa01,Sam Marsonek,1,0,0,1,1,0,0,0,0,0,0,0,0,0,0,0,
2004,CHA,AL,marteda01,Damaso Marte,74,0,4,74,74,0,0,0,0,0,0,0,0,0,0,0,0
2004,BOS,AL,martian01,Anastacio Martinez,11,0,2,11,11,0,0,0,0,0,0,0,0,0,0,0,0
2004,SEA,AL,martied01,Edgar Martinez,141,118,141,1,0,0,0,0,1,0,0,0,0,0,118,23,0
2004,BOS,AL,martipe02,Pedro Martinez,33,1,1,33,33,0,0,0,0,0,0,0,0,0,0,0,0
2004,CHN,NL,martira03,Ramon Martinez,102,69,102,99,0,0,0,6,24,73,0,0,0,0,0,12,3
2004,CLE,AL,martisa01,Sandy Martinez,1,1,1,1,0,1,0,0,0,0,0,0,0,0,0,0,0
2004,BOS,AL,martisa01,Sandy Martinez,3,0,3,3,0,3,0,0,0,0,0,0,0,0,0,1,0
2004,TBA,AL,martiti02,Tino Martinez,138,128,138,114,0,0,114,0,0,0,0,0,0,0,18,8,0
2004,ATL,NL,martito02,Tom Martin,29,0,29,29,29,0,0,0,0,0,0,0,0,0,0,0,0
2004,LAN,NL,martito02,Tom Martin,47,0,44,47,47,0,0,0,0,0,0,0,0,0,0,0,0
2004,CLE,AL,martivi01,Victor Martinez,141,131,141,132,0,132,0,0,0,0,0,0,0,0,7,9,0
2004,MON,NL,mateohe01,Henry Mateo,40,1,40,10,0,0,0,9,0,0,1,0,0,1,0,28,4
2004,SEA,AL,mateoju01,Julio Mateo,45,0,4,45,45,0,0,0,0,0,0,0,0,0,0,0,0
2004,KCA,AL,mateoru01,Ruben Mateo,32,23,32,30,0,0,0,0,0,0,11,5,15,30,0,2,1
2004,PIT,NL,mateoru01,Ruben Mateo,19,9,19,10,0,0,0,0,0,0,2,5,4,10,0,9,0
2004,SLN,NL,mathemi01,Mike Matheny,122,110,122,122,0,122,1,0,0,0,0,0,0,0,0,2,0
2004,BAL,AL,matoslu01,Luis Matos,89,85,89,89,0,0,0,0,0,0,0,89,0,89,0,0,1
2004,NYA,AL,matsuhi01,Hideki Matsui,162,162,162,162,0,0,0,0,0,0,162,3,0,162,0,0,0
2004,NYN,NL,matsuka01,Kazuo Matsui,114,111,114,113,0,0,0,3,0,110,0,0,0,0,0,2,1
2004,TEX,AL,matthga02,Gary Matthews,87,77,87,85,0,0,0,0,0,0,3,30,66,85,0,2,2
2004,CIN,NL,matthmi01,Mike Matthews,35,0,31,35,35,0,0,0,0,0,0,0,0,0,0,0,0
2004,MIN,AL,mauerjo01,Joe Mauer,35,30,35,32,0,32,0,0,0,0,0,0,0,0,1,5,0
2004,TOR,AL,maureda01,Dave Maurer,3,0,0,3,3,0,0,0,0,0,0,0,0,0,0,0,
2004,ARI,NL,maynebr01,Brent Mayne,36,27,36,30,0,30,1,0,0,0,0,0,0,0,0,8,0
2004,LAN,NL,maynebr01,Brent Mayne,47,33,47,47,0,47,0,0,0,0,0,0,0,0,0,1,0
2004,BOS,AL,mccarda01,Dave McCarty,91,31,89,77,3,0,67,0,0,0,10,0,7,17,0,23,5
2004,ATL,NL,mcconsa02,Sam McConnell,10,0,8,10,10,0,0,0,0,0,0,0,0,0,0,0,0
2004,ARI,NL,mccraqu01,Quinton McCracken,55,34,55,37,0,0,0,0,0,0,27,3,10,37,0,19,0
2004,SEA,AL,mccraqu01,Quinton McCracken,19,7,19,8,0,0,0,0,0,0,4,4,0,8,0,0,11
2004,BAL,AL,mcdonda02,Darnell McDonald,17,9,17,13,0,0,0,0,0,0,1,4,8,13,0,2,3
2004,CLE,AL,mcdonjo03,John McDonald,66,20,66,50,0,0,0,12,9,30,0,0,0,0,0,7,19
2004,NYN,NL,mcewijo01,Joe McEwing,75,32,75,68,0,0,11,34,1,13,8,6,1,15,0,11,13
2004,TBA,AL,mcgrifr01,Fred McGriff,27,18,27,6,0,0,6,0,0,0,0,0,0,0,12,9,0
2004,SLN,NL,mckayco01,Cody McKay,35,13,35,27,1,18,1,0,7,0,0,0,0,0,0,16,1
2004,SDN,NL,mcleama01,Marty McLeary,3,0,3,3,3,0,0,0,0,0,0,0,0,0,0,0,0
2004,OAK,AL,mclemma01,Mark McLemore,77,68,77,74,0,0,0,47,27,0,1,0,0,1,0,8,0
2004,OAK,AL,mcmilbi01,Billy McMillon,52,16,52,24,0,0,3,0,0,0,20,0,1,21,3,32,0
2004,ANA,AL,mcpheda01,Dallas McPherson,16,11,16,14,0,0,0,0,14,0,0,0,0,0,0,2,2
2004,PIT,NL,meadobr01,Brian Meadows,68,0,65,68,68,0,0,0,0,0,0,0,0,0,0,0,0
2004,SEA,AL,mechegi01,Gil Meche,23,0,0,23,23,0,0,0,0,0,0,0,0,0,0,0,
2004,OAK,AL,mecirji01,Jim Mecir,65,0,4,65,65,0,0,0,0,0,0,0,0,0,0,0,0
2004,OAK,AL,melhuad01,Adam Melhuse,69,53,69,67,0,64,1,0,3,0,0,0,0,0,0,6,0
2004,TEX,AL,menchke01,Kevin Mench,125,116,125,109,0,0,0,0,0,0,53,5,62,109,14,7,0
2004,BOS,AL,mendora01,Ramiro Mendoza,27,0,0,27,27,0,0,0,0,0,0,0,0,0,0,0,
2004,OAK,AL,menecfr01,Frank Menechino,13,9,13,12,0,0,0,12,0,0,0,0,0,0,0,0,1
2004,TOR,AL,menecfr01,Frank Menechino,72,62,71,50,1,0,0,30,7,14,0,0,0,0,15,9,0
2004,CHN,NL,merckke01,Kent Mercker,71,0,66,71,71,0,0,0,0,0,0,0,0,0,0,0,0
2004,CLE,AL,merlolo01,Lou Merloni,71,52,71,59,0,0,42,7,10,0,4,0,0,4,0,10,3
2004,ATL,NL,meyerda02,Dan Meyer,2,0,2,2,2,0,0,0,0,0,0,0,0,0,0,0,0
2004,HOU,NL,micelda01,Dan Miceli,74,0,72,74,74,0,0,0,0,0,0,0,0,0,0,0,0
2004,PHI,NL,michaja01,Jason Michaels,115,69,115,78,0,0,0,0,0,0,39,44,12,78,1,39,0
2004,MIN,AL,mientdo01,Doug Mientkiewicz,78,74,78,78,0,0,78,0,0,0,0,0,0,0,0,0,0
2004,BOS,AL,mientdo01,Doug Mientkiewicz,49,27,49,47,0,0,47,1,0,0,0,0,0,0,0,3,2
2004,COL,NL,milesaa01,Aaron Miles,134,116,134,128,0,0,0,128,0,0,0,0,0,0,0,12,1
2004,BOS,AL,millake01,Kevin Millar,150,140,150,137,0,0,69,0,0,0,20,0,55,74,8,7,0
2004,CIN,NL,milleco01,Corky Miller,13,12,13,12,0,12,0,0,0,0,0,0,0,0,0,1,0
2004,OAK,AL,milleda02,Damian Miller,110,109,110,109,0,109,0,0,0,0,0,0,0,0,0,1,0
2004,TOR,AL,milleju01,Justin Miller,19,0,0,19,19,0,0,0,0,0,0,0,0,0,0,0,
2004,CLE,AL,millema02,Matt Miller,57,0,3,57,57,0,0,0,0,0,0,0,0,0,0,0,0
2004,TBA,AL,milletr02,Trever Miller,60,0,1,60,60,0,0,0,0,0,0,0,0,0,0,0,0
2004,HOU,NL,millewa04,Wade Miller,16,13,14,15,15,0,0,0,0,0,0,0,0,0,0,1,0
2004,PHI,NL,millwke01,Kevin Millwood,25,24,24,25,25,0,0,0,0,0,0,0,0,0,0,0,0
2004,PHI,NL,miltoer01,Eric Milton,34,33,33,34,34,0,0,0,0,0,0,0,0,0,0,0,0
2004,SFN,NL,minorda01,Damon Minor,24,16,24,17,0,0,17,0,0,0,0,0,0,0,1,8,0
2004,BOS,AL,mirabdo01,Doug Mirabelli,59,42,59,53,0,53,0,0,0,0,0,0,0,0,1,4,1
2004,CHN,NL,mitrese01,Sergio Mitre,13,9,13,12,12,0,0,0,0,0,0,0,0,0,0,0,1
2004,MIL,NL,moellch01,Chad Moeller,101,92,101,100,0,100,0,0,0,0,0,0,0,0,0,1,0
2004,ANA,AL,molinbe01,Bengie Molina,97,91,97,89,0,89,0,0,0,0,0,0,0,0,2,6,0
2004,ANA,AL,molinjo01,Jose Molina,73,57,73,72,0,70,2,0,0,0,0,0,0,0,0,0,2
2004,SLN,NL,molinya01,Yadier Molina,51,39,51,51,0,51,0,0,0,0,0,0,0,0,0,1,0
2004,ANA,AL,mondera01,Raul Mondesi,8,8,8,7,0,0,0,0,0,0,0,7,0,7,1,0,0
2004,PIT,NL,mondera01,Raul Mondesi,26,26,26,26,0,0,0,0,0,0,14,0,12,26,0,0,0
2004,DET,AL,monrocr01,Craig Monroe,128,115,128,125,0,0,0,0,0,0,65,27,51,125,0,5,2
2004,FLO,NL,mordemi01,Mike Mordecai,69,6,69,26,0,1,0,4,19,3,0,0,0,0,0,45,7
2004,NYN,NL,morenor01,Orber Moreno,33,0,32,33,33,0,0,0,0,0,0,0,0,0,0,0,0
2004,MIN,AL,morneju01,Justin Morneau,74,72,74,61,0,0,61,0,0,0,0,0,0,0,11,2,0
2004,SLN,NL,morrima01,Matt Morris,32,31,31,32,32,0,0,0,0,0,0,0,0,0,0,0,0
2004,BAL,AL,mottoch01,Chad Mottola,6,3,6,5,0,0,0,0,0,0,3,0,2,5,0,1,0
2004,SEA,AL,moyerja01,Jamie Moyer,34,2,2,34,34,0,0,0,0,0,0,0,0,0,0,0,0
2004,BOS,AL,muellbi02,Bill Mueller,110,108,110,110,0,0,0,14,96,0,0,0,0,0,0,1,0
2004,OAK,AL,muldema01,Mark Mulder,33,2,2,33,33,0,0,0,0,0,0,0,0,0,0,0,0
2004,MIN,AL,mulhote01,Terry Mulholland,39,1,4,39,39,0,0,0,0,0,0,0,0,0,0,0,0
2004,CHA,AL,munozar01,Arnie Munoz,11,1,1,11,11,0,0,0,0,0,0,0,0,0,0,0,0
2004,HOU,NL,munrope01,Peter Munro,22,19,21,21,21,0,0,0,0,0,0,0,0,0,0,0,1
2004,DET,AL,munsoer01,Eric Munson,109,88,109,95,0,1,0,0,94,0,0,0,0,0,1,17,0
2004,KCA,AL,murphdo01,Donnie Murphy,7,7,7,7,0,0,0,7,0,0,0,0,0,0,0,0,0
2004,CHN,NL,murraca01,Calvin Murray,11,0,11,8,0,0,0,0,0,0,1,5,2,8,0,2,3
2004,NYA,AL,mussimi01,Mike Mussina,27,1,1,27,27,0,0,0,0,0,0,0,0,0,0,0,0
2004,PHI,NL,myersbr01,Brett Myers,32,28,29,32,32,0,0,0,0,0,0,0,0,0,0,0,0
2004,TOR,AL,myersgr01,Greg Myers,8,5,8,4,0,4,0,0,0,0,0,0,0,0,1,3,0
2004,BOS,AL,myersmi01,Mike Myers,25,0,0,25,25,0,0,0,0,0,0,0,0,0,0,0,
2004,SEA,AL,myersmi01,Mike Myers,50,0,5,50,50,0,0,0,0,0,0,0,0,0,0,0,0
2004,LAN,NL,myersro01,Rodney Myers,1,0,1,1,1,0,0,0,0,0,0,0,0,0,0,0,0
2004,CIN,NL,myettaa01,Aaron Myette,5,0,5,5,5,0,0,0,0,0,0,0,0,0,0,0,0
2004,SEA,AL,nageocl01,Clint Nageotte,12,1,1,12,12,0,0,0,0,0,0,0,0,0,0,0,0
2004,TOR,AL,nakammi01,Micheal Nakamura,19,0,0,19,19,0,0,0,0,0,0,0,0,0,0,0,
2004,ARI,NL,nancesh01,Shane Nance,19,0,19,19,19,0,0,0,0,0,0,0,0,0,0,0,0
2004,TEX,AL,narrosa02,Sam Narron,1,0,0,1,1,0,0,0,0,0,0,0,0,0,0,0,
2004,MIN,AL,nathajo01,Joe Nathan,73,0,4,73,73,0,0,0,0,0,0,0,0,0,0,0,0
2004,NYA,AL,navardi01,Dioner Navarro,5,1,5,4,0,4,0,0,0,0,0,0,0,0,0,1,0
2004,TEX,AL,nelsoje01,Jeff Nelson,29,0,0,29,29,0,0,0,0,0,0,0,0,0,0,0,
2004,BOS,AL,nelsojo01,Joe Nelson,3,0,0,3,3,0,0,0,0,0,0,0,0,0,0,0,
2004,SDN,NL,nevinph01,Phil Nevin,147,144,147,144,0,1,144,0,0,0,0,0,0,0,2,2,0
2004,BAL,AL,newhada01,David Newhan,95,88,95,59,0,0,2,0,17,0,19,0,24,42,32,4,1
2004,ATL,NL,nitkocj01,C. J. Nitkowski,22,0,20,22,22,0,0,0,0,0,0,0,0,0,0,0,0
2004,NYA,AL,nitkocj01,C. J. Nitkowski,19,0,0,19,19,0,0,0,0,0,0,0,0,0,0,0,
2004,TEX,AL,nivarra01,Ramon Nivar,7,6,7,6,0,0,0,0,0,0,0,6,0,6,0,0,1
2004,BOS,AL,nixontr01,Trot Nixon,48,37,48,40,0,0,0,0,0,0,0,0,40,40,1,11,0
2004,DET,AL,nortogr01,Greg Norton,41,19,41,28,0,0,7,0,18,0,6,0,0,6,2,15,0
2004,CIN,NL,nortoph01,Phil Norton,69,0,65,69,69,0,0,0,0,0,0,0,0,0,0,0,0
2004,DET,AL,novoaro01,Roberto Novoa,16,0,0,16,16,0,0,0,0,0,0,0,0,0,0,0,
2004,PIT,NL,nunezab01,Abraham Nunez,112,29,112,49,1,0,0,32,6,13,0,0,0,0,0,68,1
2004,KCA,AL,nunezab02,Abraham Nunez,59,58,59,57,0,0,0,0,0,0,0,4,54,57,1,1,0
2004,FLO,NL,nunezab02,Abraham Nunez,58,12,58,48,0,0,0,0,0,0,28,0,20,48,0,9,11
2004,TBA,AL,nunezfr01,Franklin Nunez,8,0,0,8,8,0,0,0,0,0,0,0,0,0,0,0,
2004,COL,NL,nunezvl01,Vladimir Nunez,22,0,22,22,22,0,0,0,0,0,0,0,0,0,0,0,0
2004,MIL,NL,obermwe01,Wes Obermueller,26,18,24,25,25,0,0,0,0,0,0,0,0,0,0,1,0
2004,MIN,AL,offerjo01,Jose Offerman,77,39,77,9,0,0,7,3,0,0,0,0,0,0,33,36,1
2004,MIN,AL,ojedaau01,Augie Ojeda,30,16,30,29,0,0,0,20,4,7,0,0,0,0,0,0,6
2004,SDN,NL,ojedami01,Miguel Ojeda,62,37,62,50,0,50,0,0,0,0,0,0,0,0,0,17,0
2004,NYA,AL,olerujo01,John Olerud,49,47,49,47,0,0,47,0,0,0,0,0,0,0,0,2,0
2004,SEA,AL,olerujo01,John Olerud,78,71,78,77,0,0,77,0,0,0,0,0,0,0,0,3,0
2004,FLO,NL,oliveda02,Darren Oliver,18,8,15,18,18,0,0,0,0,0,0,0,0,0,0,1,0
2004,HOU,NL,oliveda02,Darren Oliver,10,2,10,9,9,0,0,0,0,0,0,0,0,0,0,1,0
2004,CHA,AL,olivomi01,Miguel Olivo,46,40,46,46,0,46,0,0,0,0,0,0,0,0,0,2,2
2004,SEA,AL,olivomi01,Miguel Olivo,50,43,50,49,0,49,0,0,0,0,0,0,0,0,0,0,4
2004,CIN,NL,olmedra01,Ray Olmedo,8,0,8,7,0,0,0,0,0,7,0,0,0,0,0,1,0
2004,ARI,NL,olsonti01,Tim Olson,48,23,48,37,0,0,0,0,19,17,1,2,1,4,0,11,1
2004,CHA,AL,ordonma01,Magglio Ordonez,52,50,52,43,0,0,0,0,0,0,0,0,43,43,7,2,0
2004,CHN,NL,ordonre01,Rey Ordonez,23,17,23,22,0,0,0,0,0,22,0,0,0,0,0,1,0
2004,SDN,NL,oropeed01,Eddie Oropesa,16,0,16,16,16,0,0,0,0,0,0,0,0,0,0,0,0
2004,BOS,AL,ortizda01,David Ortiz,150,145,150,34,0,0,34,0,0,0,0,0,0,0,114,5,0
2004,ANA,AL,ortizra01,Ramon Ortiz,34,1,1,34,34,0,0,0,0,0,0,0,0,0,0,0,0
2004,ATL,NL,ortizru01,Russ Ortiz,34,32,32,34,34,0,0,0,0,0,0,0,0,0,0,0,0
2004,NYA,AL,osbordo01,Donovan Osborne,9,0,0,9,9,0,0,0,0,0,0,0,0,0,0,0,
2004,SDN,NL,osunaan01,Antonio Osuna,31,0,29,31,31,0,0,0,0,0,0,0,0,0,0,0,0
2004,HOU,NL,oswalro01,Roy Oswalt,36,34,35,36,36,0,0,0,0,0,0,0,0,0,0,0,0
2004,SDN,NL,otsukak01,Akinori Otsuka,73,0,69,73,73,0,0,0,0,0,0,0,0,0,0,0,0
2004,MIL,NL,overbly01,Lyle Overbay,159,150,159,158,0,0,158,0,0,0,0,0,0,0,0,4,0
2004,NYA,AL,padilju01,Juan Padilla,6,0,0,6,6,0,0,0,0,0,0,0,0,0,0,0,
2004,CIN,NL,padilju01,Juan Padilla,12,0,12,12,12,0,0,0,0,0,0,0,0,0,0,0,0
2004,PHI,NL,padilvi01,Vicente Padilla,20,20,20,20,20,0,0,0,0,0,0,0,0,0,0,0,0
2004,HOU,NL,palmeor01,Orlando Palmeiro,102,17,102,37,0,0,0,0,0,0,20,4,13,37,0,76,1
2004,BAL,AL,palmera01,Rafael Palmeiro,154,147,154,130,0,0,130,0,0,0,0,0,0,0,19,7,0
2004,NYN,NL,parrajo01,Jose Parra,13,0,11,13,13,0,0,0,0,0,0,0,0,0,0,0,0
2004,BAL,AL,parrijo01,John Parrish,56,0,6,56,56,0,0,0,0,0,0,0,0,0,0,0,0
2004,MON,NL,pascuva01,Val Pascucci,32,17,32,19,0,0,5,0,0,0,4,0,13,17,0,13,0
2004,CHN,NL,patteco01,Corey Patterson,157,152,157,157,0,0,0,0,0,0,0,157,0,157,0,2,0
2004,DET,AL,patteda04,Danny Patterson,37,0,4,37,37,0,0,0,0,0,0,0,0,0,0,0,0
2004,MON,NL,pattejo02,John Patterson,19,19,19,19,19,0,0,0,0,0,0,0,0,0,0,0,0
2004,FLO,NL,pavanca01,Carl Pavano,31,29,29,31,31,0,0,0,0,0,0,0,0,0,0,0,0
2004,SDN,NL,paytoja01,Jay Payton,143,116,143,137,0,0,0,0,0,0,9,128,0,137,1,11,0
2004,SLN,NL,pearcjo01,Josh Pearce,3,0,3,3,3,0,0,0,0,0,0,0,0,0,0,0,0
2004,SDN,NL,peavyja01,Jake Peavy,27,27,27,27,27,0,0,0,0,0,0,0,0,0,0,0,0
2004,COL,NL,pelloki01,Kit Pellow,59,26,59,46,0,4,5,0,4,0,11,0,27,36,0,20,1
2004,FLO,NL,pennybr01,Brad Penny,21,20,20,21,21,0,0,0,0,0,0,0,0,0,0,0,0
2004,LAN,NL,pennybr01,Brad Penny,3,3,3,3,3,0,0,0,0,0,0,0,0,0,0,0,0
2004,CLE,AL,peraljh01,Jhonny Peralta,8,7,8,8,0,0,0,0,2,7,0,0,0,0,0,0,0
2004,ANA,AL,percitr01,Troy Percival,52,0,3,52,52,0,0,0,0,0,0,0,0,0,0,0,0
2004,LAN,NL,perezan01,Antonio Perez,13,0,13,2,0,0,0,2,0,1,0,0,0,0,0,8,3
2004,TBA,AL,perezed01,Eduardo Perez,13,10,13,8,0,0,5,0,1,0,2,0,1,3,2,3,0
2004,ATL,NL,perezed02,Eddie Perez,74,42,74,67,0,66,1,0,0,0,0,0,0,0,0,9,2
2004,SFN,NL,perezne01,Neifi Perez,103,79,103,93,0,0,0,39,2,57,0,0,0,0,0,10,3
2004,CHN,NL,perezne01,Neifi Perez,23,13,23,21,0,0,0,2,0,19,0,0,0,0,0,4,2
2004,LAN,NL,perezod01,Odalis Perez,31,30,30,31,31,0,0,0,0,0,0,0,0,0,0,0,0
2004,PIT,NL,perezol01,Oliver Perez,31,29,30,30,30,0,0,0,0,0,0,0,0,0,0,0,1
2004,CHA,AL,perezti01,Timo Perez,103,70,103,80,0,0,0,0,0,0,12,25,49,80,1,27,4
2004,PHI,NL,perezto03,Tomas Perez,86,33,86,59,0,0,10,17,22,10,0,0,0,0,0,29,1
2004,FLO,NL,perisma01,Matt Perisho,66,0,64,66,66,0,0,0,0,0,0,0,0,0,0,0,0
2004,TEX,AL,perryhe01,Herbert Perry,49,35,49,20,0,0,15,0,6,0,0,0,0,0,19,12,0
2004,TOR,AL,peterad02,Adam Peterson,3,0,0,3,3,0,0,0,0,0,0,0,0,0,0,0,
2004,HOU,NL,pettian01,Andy Pettitte,15,15,15,15,15,0,0,0,0,0,0,0,0,0,0,0,0
2004,TOR,AL,phelpjo01,Josh Phelps,79,75,79,12,0,0,12,0,0,0,0,0,0,0,64,3,0
2004,CLE,AL,phelpjo01,Josh Phelps,24,20,24,8,0,0,8,0,0,0,0,0,0,0,13,3,0
2004,FLO,NL,phelpto01,Tommy Phelps,19,3,18,19,19,0,0,0,0,0,0,0,0,0,0,0,0
2004,MIL,NL,phelptr01,Travis Phelps,4,0,4,4,4,0,0,0,0,0,0,0,0,0,0,0,0
2004,NYA,AL,phillan01,Andy Phillips,5,2,5,4,0,0,0,0,4,0,0,0,0,0,0,1,1
2004,CLE,AL,phillbr01,Brandon Phillips,6,6,6,6,0,0,0,6,0,0,0,0,0,0,0,0,0
2004,NYN,NL,phillja04,Jason Phillips,128,101,128,119,0,87,38,0,0,0,0,0,0,0,0,11,0
2004,KCA,AL,phillpa01,Paul Phillips,4,1,4,4,0,4,0,0,0,0,0,0,0,0,0,0,0
2004,NYN,NL,piazzmi01,Mike Piazza,129,123,129,115,0,50,68,0,0,0,0,0,0,0,8,6,0
2004,KCA,AL,pickeca01,Calvin Pickering,35,34,35,8,0,0,8,0,0,0,0,0,0,0,27,0,0
2004,COL,NL,piedrjo01,Jorge Piedra,38,22,38,34,0,0,0,0,0,0,14,18,7,34,0,9,1
2004,FLO,NL,pierrju01,Juan Pierre,162,162,162,162,0,0,0,0,0,0,0,162,0,162,0,0,0
2004,SFN,NL,pierzaj01,A. J. Pierzynski,131,117,131,118,0,118,0,0,0,0,0,0,0,0,0,14,0
2004,SEA,AL,pineijo01,Joel Pineiro,21,2,2,21,21,0,0,0,0,0,0,0,0,0,0,0,0
2004,MIL,NL,podsesc01,Scott Podsednik,154,152,154,153,0,0,0,0,0,0,0,153,0,153,0,2,0
2004,PHI,NL,polanpl01,Placido Polanco,126,116,126,120,0,0,0,109,13,0,0,0,0,0,0,8,0
2004,CHA,AL,politcl01,Cliff Politte,54,0,4,54,54,0,0,0,0,0,0,0,0,0,0,0,0
2004,BAL,AL,ponsosi01,Sidney Ponson,33,2,2,33,33,0,0,0,0,0,0,0,0,0,0,0,0
2004,SLN,NL,porteco01,Colin Porter,23,5,23,14,0,0,0,0,0,0,6,2,8,14,0,12,0
2004,NYA,AL,posadjo01,Jorge Posada,137,126,137,134,0,134,0,0,0,0,0,0,0,0,0,11,0
2004,PHI,NL,powelbr01,Brian Powell,17,2,16,17,17,0,0,0,0,0,0,0,0,0,0,0,0
2004,TEX,AL,powelja04,Jay Powell,23,0,0,23,23,0,0,0,0,0,0,0,0,0,0,0,
2004,CHN,NL,prattan01,Andy Pratt,4,0,4,4,4,0,0,0,0,0,0,0,0,0,0,0,0
2004,PHI,NL,prattto02,Todd Pratt,45,38,45,43,0,43,0,0,0,0,0,0,0,0,0,2,0
2004,ANA,AL,pridecu01,Curtis Pride,35,4,35,24,0,0,0,0,0,0,15,2,7,24,0,12,4
2004,MIN,AL,prietal01,Alex Prieto,16,9,16,15,0,0,0,8,5,3,0,0,0,0,0,1,2
2004,NYA,AL,prinzbr01,Bret Prinz,26,0,4,26,26,0,0,0,0,0,0,0,0,0,0,0,0
2004,CHN,NL,priorma01,Mark Prior,21,20,20,21,21,0,0,0,0,0,0,0,0,0,0,0,0
2004,NYA,AL,proctsc01,Scott Proctor,26,0,0,26,26,0,0,0,0,0,0,0,0,0,0,0,
2004,SDN,NL,puffebr01,Brandon Puffer,14,0,13,14,14,0,0,0,0,0,0,0,0,0,0,0,0
2004,SLN,NL,pujolal01,Albert Pujols,154,153,154,150,0,0,150,0,0,0,0,0,0,0,3,1,0
2004,MIN,AL,pulidca01,Carlos Pulido,6,0,0,6,6,0,0,0,0,0,0,0,0,0,0,0,
2004,MIN,AL,puntoni01,Nick Punto,38,22,38,32,0,0,0,19,2,11,0,2,0,2,0,4,6
2004,HOU,NL,quallch01,Chad Qualls,25,0,25,25,25,0,0,0,0,0,0,0,0,0,0,0,0
2004,NYA,AL,quantpa01,Paul Quantrill,86,0,6,86,86,0,0,0,0,0,0,0,0,0,0,0,0
2004,ANA,AL,quinlro01,Robb Quinlan,56,42,56,50,0,0,13,0,32,0,6,0,3,9,4,5,2
2004,SDN,NL,quinthu01,Humberto Quintero,23,19,23,21,0,21,0,0,0,0,0,0,0,0,0,2,0
2004,TOR,AL,quirogu01,Guillermo Quiroz,17,15,17,15,0,15,0,0,0,0,0,0,0,0,2,0,1
2004,DET,AL,raburry01,Ryan Raburn,12,7,12,11,0,0,0,11,0,0,0,0,0,0,0,5,0
2004,MIN,AL,radkebr01,Brad Radke,34,1,1,34,34,0,0,0,0,0,0,0,0,0,0,0,0
2004,BAL,AL,raineti02,Tim Raines,48,22,48,38,0,0,0,0,0,0,1,27,10,38,1,4,8
2004,BAL,AL,rakeraa01,Aaron Rakers,3,0,0,3,3,0,0,0,0,0,0,0,0,0,0,0,
2004,CHN,NL,ramirar01,Aramis Ramirez,145,141,145,144,0,0,0,0,144,0,0,0,0,0,0,4,0
2004,PHI,NL,ramirel01,Elizardo Ramirez,7,0,6,7,7,0,0,0,0,0,0,0,0,0,0,0,0
2004,TEX,AL,ramirer01,Erasmo Ramirez,34,0,1,34,34,0,0,0,0,0,0,0,0,0,0,0,0
2004,ATL,NL,ramirho01,Horacio Ramirez,11,9,11,10,10,0,0,0,0,0,0,0,0,0,0,0,1
2004,BOS,AL,ramirma02,Manny Ramirez,152,150,152,132,0,0,0,0,0,0,132,0,0,132,18,2,0
2004,KCA,AL,randajo01,Joe Randa,128,125,128,121,0,0,3,0,119,0,0,0,0,0,5,2,0
2004,ARI,NL,randost01,Steve Randolph,47,6,45,45,45,0,0,0,0,0,0,0,0,0,0,0,2
2004,SFN,NL,ransoco01,Cody Ransom,78,12,78,61,0,0,0,16,1,45,1,0,0,1,0,15,20
2004,MON,NL,rauchjo01,Jon Rauch,9,2,9,9,9,0,0,0,0,0,0,0,0,0,0,0,0
2004,CHA,AL,rauchjo01,Jon Rauch,2,0,0,2,2,0,0,0,0,0,0,0,0,0,0,0,
2004,HOU,NL,redditi01,Tim Redding,27,16,26,27,27,0,0,0,0,0,0,0,0,0,0,0,0
2004,OAK,AL,redmama01,Mark Redman,32,2,2,32,32,0,0,0,0,0,0,0,0,0,0,0,0
2004,PIT,NL,redmati01,Tike Redman,155,134,155,147,0,0,0,0,0,0,0,147,0,147,0,13,2
2004,FLO,NL,redmomi01,Mike Redmond,81,71,81,79,0,79,0,0,0,0,0,0,0,0,0,3,0
2004,BOS,AL,reesepo01,Pokey Reese,96,74,96,94,0,0,0,30,0,71,0,0,0,0,0,0,7
2004,TEX,AL,regilni01,Nick Regilio,6,0,0,6,6,0,0,0,0,0,0,0,0,0,0,0,
2004,CIN,NL,reithbr01,Brian Reith,22,0,20,22,22,0,0,0,0,0,0,0,0,0,0,0,0
2004,ATL,NL,reitsch01,Chris Reitsma,84,0,80,84,84,0,0,0,0,0,0,0,0,0,0,0,0
2004,KCA,AL,relafde01,Desi Relaford,114,103,114,111,0,0,0,36,42,12,22,3,9,32,0,9,0
2004,CHN,NL,remlimi01,Mike Remlinger,48,0,46,48,48,0,0,0,0,0,0,0,0,0,0,0,0
2004,SLN,NL,renteed01,Edgar Renteria,149,148,149,149,0,0,0,0,0,149,0,0,0,0,0,1,0
2004,MIN,AL,restomi01,Michael Restovich,29,11,29,19,0,0,0,0,0,0,12,0,7,19,2,5,6
2004,SLN,NL,reyesal01,Alberto Reyes,12,2,12,12,12,0,0,0,0,0,0,0,0,0,0,0,0
2004,KCA,AL,reyesde01,Dennys Reyes,40,3,3,40,40,0,0,0,0,0,0,0,0,0,0,0,0
2004,NYN,NL,reyesjo01,Jose Reyes,53,48,53,50,0,0,0,43,0,10,0,0,0,0,0,4,0
2004,COL,NL,reyesre01,Rene Reyes,28,12,28,21,0,0,0,0,0,0,1,16,4,21,0,8,1
2004,ARI,NL,reynosh01,Shane Reynolds,1,1,1,1,1,0,0,0,0,0,0,0,0,0,0,0,0
2004,OAK,AL,rhodear01,Arthur Rhodes,37,0,2,37,37,0,0,0,0,0,0,0,0,0,0,0,0
2004,CIN,NL,riedljo01,John Riedling,70,0,67,70,70,0,0,0,0,0,0,0,0,0,0,0,0
2004,ANA,AL,riggsad01,Adam Riggs,16,9,16,10,0,0,1,1,0,0,8,0,0,8,4,3,1
2004,BAL,AL,rileyma01,Matt Riley,14,2,2,14,14,0,0,0,0,0,0,0,0,0,0,0,0
2004,MIN,AL,rincoju01,Juan Rincon,77,0,3,77,77,0,0,0,0,0,0,0,0,0,0,0,0
2004,OAK,AL,rincori01,Ricardo Rincon,67,0,4,67,67,0,0,0,0,0,0,0,0,0,0,0,0
2004,CLE,AL,riskeda01,David Riske,72,0,4,72,72,0,0,0,0,0,0,0,0,0,0,0,0
2004,TBA,AL,ritchto01,Todd Ritchie,4,0,0,4,4,0,0,0,0,0,0,0,0,0,0,0,
2004,MIN,AL,rivaslu01,Luis Rivas,109,95,109,109,0,0,0,109,0,0,0,0,0,0,0,0,5
2004,PIT,NL,riverca01,Carlos Rivera,7,4,7,7,0,0,7,0,0,0,0,0,0,0,0,0,0
2004,MON,NL,riverju01,Juan Rivera,134,93,134,121,0,0,0,0,0,0,10,13,104,121,0,21,3
2004,NYA,AL,riverma01,Mariano Rivera,74,0,2,74,74,0,0,0,0,0,0,0,0,0,0,0,0
2004,SEA,AL,riverre01,Rene Rivera,2,0,2,2,0,2,0,0,0,0,0,0,0,0,0,2,0
2004,CLE,AL,robbija01,Jake Robbins,2,0,0,2,2,0,0,0,0,0,0,0,0,0,0,0,
2004,BAL,AL,roberbr01,Brian Roberts,159,153,159,150,0,0,0,150,0,0,0,0,0,0,5,4,2
2004,BOS,AL,roberda07,Dave Roberts,45,19,45,38,0,0,0,0,0,0,18,16,14,38,0,2,12
2004,LAN,NL,roberda07,Dave Roberts,68,57,68,62,0,0,0,0,0,0,48,19,0,62,0,7,3
2004,NYN,NL,robergr01,Grant Roberts,4,0,4,4,4,0,0,0,0,0,0,0,0,0,0,0,0
2004,CLE,AL,roberje02,Jeriome Robertson,8,0,2,8,8,0,0,0,0,0,0,0,0,0,0,0,0
2004,DET,AL,roberna01,Nate Robertson,34,1,1,34,34,0,0,0,0,0,0,0,0,0,0,0,0
2004,PIT,NL,roberwi01,Willis Roberts,9,0,9,9,9,0,0,0,0,0,0,0,0,0,0,0,0
2004,SDN,NL,robinke02,Kerry Robinson,80,8,80,49,0,0,0,0,0,0,39,9,2,49,1,29,14
2004,NYA,AL,rodrial01,Alex Rodriguez,155,155,155,155,0,0,0,0,155,2,0,0,0,0,0,0,0
2004,BAL,AL,rodried03,Eddy Rodriguez,29,0,3,29,29,0,0,0,0,0,0,0,0,0,0,0,0
2004,SFN,NL,rodrife01,Felix Rodriguez,53,0,48,53,53,0,0,0,0,0,0,0,0,0,0,0,0
2004,PHI,NL,rodrife01,Felix Rodriguez,23,0,23,23,23,0,0,0,0,0,0,0,0,0,0,0,0
2004,ANA,AL,rodrifr03,Francisco Rodriguez,69,0,3,69,69,0,0,0,0,0,0,0,0,0,0,0,0
2004,DET,AL,rodriiv01,Ivan Rodriguez,135,132,135,125,0,125,0,0,0,0,0,0,0,0,8,3,0
2004,TEX,AL,rodriri03,Ricardo Rodriguez,5,1,1,5,5,0,0,0,0,0,0,0,0,0,0,0,0
2004,TEX,AL,rogerke01,Kenny Rogers,35,2,2,35,35,0,0,0,0,0,0,0,0,0,0,0,0
2004,SLN,NL,rolensc01,Scott Rolen,142,140,142,142,0,0,0,0,142,0,0,0,0,0,0,0,0
2004,PHI,NL,rolliji01,Jimmy Rollins,154,153,154,154,0,0,0,0,0,154,0,0,0,0,0,0,0
2004,TBA,AL,rollsda01,Damian Rolls,53,28,53,44,0,0,1,2,19,0,16,5,5,24,0,8,7
2004,TBA,AL,romanja01,Jason Romano,4,2,4,2,0,0,0,1,0,0,1,0,0,1,0,1,1
2004,CIN,NL,romanja01,Jason Romano,22,4,22,11,0,0,0,0,0,0,0,5,6,11,0,11,3
2004,MIN,AL,romerjc01,J. C. Romero,74,0,1,74,74,0,0,0,0,0,0,0,0,0,0,0,0
2004,CHA,AL,rowanaa01,Aaron Rowand,140,122,140,137,0,0,0,0,0,0,0,126,12,137,0,10,3
2004,SFN,NL,rueteki01,Kirk Rueter,34,31,32,33,33,0,0,0,0,0,0,0,0,0,0,1,0
2004,CHN,NL,ruschgl01,Glendon Rusch,33,15,32,32,32,0,0,0,0,0,0,0,0,0,0,1,0
2004,OAK,AL,saarlki01,Kirk Saarloos,6,0,0,6,6,0,0,0,0,0,0,0,0,0,0,0,
2004,CLE,AL,sabatcc01,CC Sabathia,30,1,1,30,30,0,0,0,0,0,0,0,0,0,0,0,0
2004,ARI,NL,sadledo01,Donnie Sadler,18,2,18,13,0,0,0,2,2,3,3,3,1,6,0,6,6
2004,MIL,NL,saenzch01,Chris Saenz,1,1,1,1,1,0,0,0,0,0,0,0,0,0,0,0,0
2004,LAN,NL,saenzol01,Olmedo Saenz,77,18,77,27,0,0,25,0,2,0,0,0,0,0,4,55,0
2004,ANA,AL,salmoti01,Tim Salmon,60,46,60,8,0,0,0,0,0,0,3,0,6,8,39,14,0
2004,DET,AL,sanchal03,Alex Sanchez,79,77,79,78,0,0,0,0,0,0,0,78,0,78,0,0,2
2004,LAN,NL,sanchdu01,Duaner Sanchez,67,0,63,67,67,0,0,0,0,0,0,0,0,0,0,0,0
2004,PIT,NL,sanchfr01,Freddy Sanchez,9,4,9,6,0,0,0,3,1,4,0,0,0,0,0,3,1
2004,CIN,NL,sanchje01,Jesus Sanchez,3,3,3,3,3,0,0,0,0,0,0,0,0,0,0,0,0
2004,TBA,AL,sanchre01,Rey Sanchez,91,82,91,89,0,0,0,87,0,4,0,0,0,0,0,4,0
2004,SLN,NL,sandere02,Reggie Sanders,135,113,135,119,0,0,0,0,0,0,38,0,81,119,1,18,1
2004,MIN,AL,santajo01,Johan Santana,34,2,2,34,34,0,0,0,0,0,0,0,0,0,0,0,0
2004,KCA,AL,santibe01,Benito Santiago,49,48,49,49,0,49,0,0,0,0,0,0,0,0,0,0,0
2004,SEA,AL,santira01,Ramon Santiago,19,10,19,16,0,0,0,0,0,16,0,0,0,0,0,0,4
2004,MIL,NL,santovi01,Victor Santos,31,26,29,31,31,0,0,0,0,0,0,0,0,0,0,0,0
2004,BOS,AL,schilcu01,Curt Schilling,32,2,2,32,32,0,0,0,0,0,0,0,0,0,0,0,0
2004,SFN,NL,schmija01,Jason Schmidt,32,30,30,32,32,0,0,0,0,0,0,0,0,0,0,0,0
2004,MON,NL,schnebr01,Brian Schneider,135,125,135,133,0,133,0,0,0,0,0,0,0,0,0,5,0
2004,CHA,AL,schoesc01,Scott Schoeneweis,20,1,1,20,20,0,0,0,0,0,0,0,0,0,0,0,0
2004,OAK,AL,scutama01,Marco Scutaro,137,117,137,136,0,0,0,123,1,16,0,0,0,0,0,12,0
2004,FLO,NL,seaneru01,Rudy Seanez,23,0,23,23,23,0,0,0,0,0,0,0,0,0,0,0,0
2004,KCA,AL,seaneru01,Rudy Seanez,16,0,4,16,16,0,0,0,0,0,0,0,0,0,0,0,0
2004,BAL,AL,seguida01,David Segui,18,15,18,2,0,0,2,0,0,0,0,0,0,0,13,3,0
2004,BOS,AL,seibeph01,Phil Seibel,2,0,0,2,2,0,0,0,0,0,0,0,0,0,0,0,
2004,KCA,AL,serraji01,Jimmy Serrano,10,0,0,10,10,0,0,0,0,0,0,0,0,0,0,0,
2004,ARI,NL,servisc01,Scott Service,21,0,19,21,21,0,0,0,0,0,0,0,0,0,0,0,0
2004,ARI,NL,sexsori01,Richie Sexson,23,23,23,23,0,0,23,0,0,0,0,0,0,0,0,0,0
2004,MIL,NL,sheetbe01,Ben Sheets,34,33,33,34,34,0,0,0,0,0,0,0,0,0,0,0,0
2004,NYA,AL,sheffga01,Gary Sheffield,154,154,154,136,0,0,0,0,2,0,0,0,136,136,18,0,0
2004,DET,AL,sheltch01,Chris Shelton,27,11,27,15,0,6,8,0,0,0,0,0,1,1,9,7,0
2004,SEA,AL,sherrge01,George Sherrill,21,0,0,21,21,0,0,0,0,0,0,0,0,0,0,0,
2004,ANA,AL,shielsc01,Scot Shields,60,0,3,60,60,0,0,0,0,0,0,0,0,0,0,0,0
2004,TEX,AL,shousbr01,Brian Shouse,53,0,6,53,53,0,0,0,0,0,0,0,0,0,0,0,0
2004,NYA,AL,sierrru01,Ruben Sierra,107,76,107,29,0,0,0,0,0,0,8,0,22,29,54,31,0
2004,MIN,AL,silvaca01,Carlos Silva,33,2,2,33,33,0,0,0,0,0,0,0,0,0,0,0,0
2004,SLN,NL,simonja01,Jason Simontacchi,15,0,14,14,13,0,0,0,0,0,1,0,0,1,0,1,1
2004,PIT,NL,simonra01,Randall Simon,61,46,61,46,0,0,46,0,0,0,0,0,0,0,4,14,0
2004,TBA,AL,simonra01,Randall Simon,8,5,8,1,0,0,1,0,0,0,0,0,0,0,5,3,0
2004,COL,NL,simpsal01,Allan Simpson,32,0,31,32,32,0,0,0,0,0,0,0,0,0,0,0,0
2004,CLE,AL,sizemgr01,Grady Sizemore,43,38,43,42,0,0,0,0,0,0,0,42,0,42,0,1,1
2004,MON,NL,sledgte01,Terrmel Sledge,133,102,133,122,0,0,10,0,0,0,79,4,43,114,0,17,0
2004,FLO,NL,smallaa01,Aaron Small,7,0,7,7,7,0,0,0,0,0,0,0,0,0,0,0,0
2004,DET,AL,smithja05,Jason Smith,61,40,61,55,0,0,0,34,5,20,0,0,0,0,0,7,4
2004,ATL,NL,smithtr01,Travis Smith,16,3,14,16,16,0,0,0,0,0,0,0,0,0,0,0,0
2004,ATL,NL,smoltjo01,John Smoltz,73,0,69,73,73,0,0,0,0,0,0,0,0,0,0,0,0
2004,TEX,AL,snarery01,Ryan Snare,1,0,0,1,1,0,0,0,0,0,0,0,0,0,0,0,
2004,NYN,NL,sneades01,Esix Snead,1,0,1,1,0,0,0,0,0,0,1,0,0,1,0,0,1
2004,PIT,NL,snellia01,Ian Snell,3,1,3,3,3,0,0,0,0,0,0,0,0,0,0,0,0
2004,ARI,NL,snydech02,Chris Snyder,29,27,29,29,0,29,0,0,0,0,0,0,0,0,0,0,0
2004,BOS,AL,snydeea01,Earl Snyder,1,1,1,1,0,0,0,0,1,0,0,0,0,0,0,0,0
2004,TEX,AL,soriaal01,Alfonso Soriano,145,145,145,142,0,0,0,142,0,0,0,0,0,0,3,0,0
2004,SEA,AL,soriara01,Rafael Soriano,6,0,0,6,6,0,0,0,0,0,0,0,0,0,0,0,
2004,ARI,NL,sparkst01,Steve Sparks,29,16,27,29,29,0,0,0,0,0,0,0,0,0,0,0,0
2004,TOR,AL,speieju01,Justin Speier,62,0,6,62,62,0,0,0,0,0,0,0,0,0,0,0,0
2004,NYN,NL,spencsh01,Shane Spencer,74,39,74,63,0,0,1,0,0,0,43,6,20,62,0,21,2
2004,SEA,AL,spiezsc01,Scott Spiezio,112,96,112,106,0,0,42,0,66,0,0,0,0,0,1,4,2
2004,MIL,NL,spiveju01,Junior Spivey,59,58,59,58,0,0,0,58,0,1,0,0,0,0,0,1,0
2004,HOU,NL,sprinru01,Russ Springer,16,0,16,16,16,0,0,0,0,0,0,0,0,0,0,0,0
2004,KCA,AL,stairma01,Matt Stairs,126,115,126,98,0,0,30,0,0,0,14,0,57,71,22,9,0
2004,TBA,AL,standja01,Jason Standridge,3,0,0,3,3,0,0,0,0,0,0,0,0,0,0,0,
2004,CLE,AL,stanfja01,Jason Stanford,2,0,0,2,2,0,0,0,0,0,0,0,0,0,0,0,
2004,NYN,NL,stantmi02,Mike Stanton,83,0,79,83,83,0,0,0,0,0,0,0,0,0,0,0,0
2004,COL,NL,starkde01,Denny Stark,6,6,6,6,6,0,0,0,0,0,0,0,0,0,0,0,0
2004,CHA,AL,stewajo02,Josh Stewart,3,0,0,3,3,0,0,0,0,0,0,0,0,0,0,0,
2004,CLE,AL,stewasc01,Scott Stewart,23,0,0,23,23,0,0,0,0,0,0,0,0,0,0,0,
2004,LAN,NL,stewasc01,Scott Stewart,11,0,11,11,11,0,0,0,0,0,0,0,0,0,0,0,0
2004,MIN,AL,stewash01,Shannon Stewart,92,92,92,71,0,0,0,0,0,0,71,0,0,71,21,0,0
2004,KCA,AL,stinnke01,Kelly Stinnett,20,17,20,20,0,20,0,0,0,0,0,0,0,0,0,0,1
2004,SDN,NL,stoneri01,Ricky Stone,27,0,27,27,27,0,0,0,0,0,0,0,0,0,0,0,0
2004,HOU,NL,stoneri01,Ricky Stone,16,0,15,16,16,0,0,0,0,0,0,0,0,0,0,0,0
2004,NYA,AL,sturtta01,Tanyon Sturtze,28,1,3,28,28,0,0,0,0,0,0,0,0,0,0,0,0
2004,PIT,NL,stynech01,Chris Stynes,74,39,74,71,0,0,0,0,71,0,0,0,0,0,0,6,0
2004,KCA,AL,sullisc01,Scott Sullivan,49,0,4,49,49,0,0,0,0,0,0,0,0,0,0,0,0
2004,SLN,NL,suppaje01,Jeff Suppan,31,30,30,31,31,0,0,0,0,0,0,0,0,0,0,0,0
2004,BAL,AL,surhobj01,B. J. Surhoff,100,87,100,78,0,0,10,0,0,0,34,0,38,70,17,9,1
2004,FLO,NL,suttola01,Larry Sutton,8,0,8,1,0,0,1,0,0,0,0,0,0,0,0,7,0
2004,SEA,AL,suzukic01,Ichiro Suzuki,161,160,161,158,0,0,0,0,0,0,0,0,158,158,2,0,1
2004,SDN,NL,sweenbr01,Brian Sweeney,7,2,6,7,7,0,0,0,0,0,0,0,0,0,0,0,0
2004,COL,NL,sweenma01,Mark Sweeney,122,33,122,42,0,0,15,0,0,0,9,0,20,28,4,82,0
2004,KCA,AL,sweenmi01,Mike Sweeney,106,102,106,55,0,0,55,0,0,0,0,0,0,0,47,3,1
2004,OAK,AL,swishni01,Nick Swisher,20,18,20,17,0,0,3,0,0,0,12,1,4,16,2,1,1
2004,SDN,NL,szumija01,Jason Szuminski,7,0,7,7,7,0,0,0,0,0,0,0,0,0,0,0,0
2004,CLE,AL,tadanka01,Kazuhito Tadano,14,1,2,14,14,0,0,0,0,0,0,0,0,0,0,0,0
2004,SLN,NL,tagucso01,So Taguchi,109,36,109,103,0,0,0,0,0,0,53,31,28,103,0,19,4
2004,CHA,AL,takatsh01,Shingo Takatsu,59,0,3,59,59,0,0,0,0,0,0,0,0,0,0,0,0
2004,SDN,NL,tankede01,Dennis Tankersley,9,5,8,9,9,0,0,0,0,0,0,0,0,0,0,0,0
2004,SLN,NL,tavarju01,Julian Tavarez,77,0,75,77,77,0,0,0,0,0,0,0,0,0,0,0,0
2004,HOU,NL,taverwi01,Willy Taveras,10,0,10,7,0,0,0,0,0,0,2,4,1,7,0,0,6
2004,SEA,AL,tayloaa01,Aaron Taylor,5,0,1,5,5,0,0,0,0,0,0,0,0,0,0,0,0
2004,TEX,AL,teixema01,Mark Teixeira,145,144,145,143,0,0,142,0,0,0,0,0,7,7,2,1,0
2004,BAL,AL,tejadmi01,Miguel Tejada,162,162,162,162,0,0,0,0,0,162,0,0,0,0,0,0,0
2004,FLO,NL,tejermi01,Michael Tejera,2,1,1,2,2,0,0,0,0,0,0,0,0,0,0,0,0
2004,TEX,AL,tejermi01,Michael Tejera,6,0,0,6,6,0,0,0,0,0,0,0,0,0,0,0,
2004,PHI,NL,telemam01,Amaury Telemaco,42,0,41,42,42,0,0,0,0,0,0,0,0,0,0,0,0
2004,ARI,NL,terrelu01,Luis Terrero,62,59,62,61,0,0,0,0,0,0,1,57,4,61,0,1,0
2004,DET,AL,thamema01,Marcus Thames,61,41,61,52,0,0,0,0,0,0,40,0,12,52,3,13,0
2004,MIN,AL,thomabr01,Brad Thomas,3,0,0,3,3,0,0,0,0,0,0,0,0,0,0,0,
2004,ATL,NL,thomach01,Charles Thomas,83,62,83,71,0,0,0,0,0,0,70,1,2,71,0,9,6
2004,CHA,AL,thomafr04,Frank Thomas,74,69,74,4,0,0,4,0,0,0,0,0,0,0,65,5,0
2004,PHI,NL,thomeji01,Jim Thome,143,140,143,134,0,0,134,0,0,0,0,0,0,0,6,3,0
2004,KCA,AL,thompri02,Rich Thompson,6,0,6,3,0,0,0,0,0,0,1,0,2,3,0,0,5
2004,ATL,NL,thomsjo01,John Thomson,33,31,31,33,33,0,0,0,0,0,0,0,0,0,0,0,0
2004,SEA,AL,thornma01,Matt Thornton,19,0,1,19,19,0,0,0,0,0,0,0,0,0,0,0,0
2004,LAN,NL,thursjo01,Joe Thurston,17,0,17,4,0,0,0,4,0,0,0,0,0,0,0,12,1
2004,MIN,AL,tiffete01,Terry Tiffee,17,12,17,13,0,0,1,0,12,0,0,0,0,0,1,3,0
2004,BOS,AL,timlimi01,Mike Timlin,76,0,4,76,76,0,0,0,0,0,0,0,0,0,0,0,0
2004,SFN,NL,tomkobr01,Brett Tomko,33,31,33,32,32,0,0,0,0,0,0,0,0,0,0,1,0
2004,KCA,AL,tonismi01,Mike Tonis,2,2,2,2,0,2,0,0,0,0,0,0,0,0,0,0,0
2004,SFN,NL,torcato01,Tony Torcato,13,0,13,0,0,0,0,0,0,0,0,0,0,0,0,12,1
2004,DET,AL,torrean02,Andres Torres,3,0,3,1,0,0,0,0,0,0,0,1,0,1,0,0,2
2004,PIT,NL,torresa01,Salomon Torres,84,0,82,84,84,0,0,0,0,0,0,0,0,0,0,0,0
2004,SFN,NL,torreyo01,Yorvit Torrealba,64,45,64,59,0,59,0,0,0,0,0,0,0,0,0,4,4
2004,TOR,AL,towerjo01,Josh Towers,21,1,1,21,21,0,0,0,0,0,0,0,0,0,0,0,0
2004,NYN,NL,trachst01,Steve Trachsel,35,31,33,33,33,0,0,0,0,0,0,0,0,0,0,1,1
2004,COL,NL,tracyan01,Andy Tracy,15,1,15,1,0,0,0,0,1,0,0,0,0,0,0,14,0
2004,ARI,NL,tracych01,Chad Tracy,143,122,143,138,0,0,11,0,135,0,1,0,0,1,0,10,0
2004,FLO,NL,treanma01,Matt Treanor,29,14,29,27,0,27,0,0,0,0,0,0,0,0,0,3,0
2004,HOU,NL,tremich01,Chris Tremie,1,0,1,1,0,1,0,0,0,0,0,0,0,0,0,0,0
2004,SFN,NL,tuckemi01,Michael Tucker,140,114,140,124,0,0,0,0,0,0,0,25,106,124,0,19,1
2004,MON,NL,tucketj01,T. J. Tucker,54,1,51,54,54,0,0,0,0,0,0,0,0,0,0,2,0
2004,ANA,AL,turnbde01,Derrick Turnbow,4,0,3,4,4,0,0,0,0,0,0,0,0,0,0,0,0
2004,TBA,AL,uptonbj01,B. J. Upton,45,41,45,30,0,0,0,0,13,16,1,0,0,1,13,3,0
2004,DET,AL,urbinug01,Ugueth Urbina,54,0,3,54,54,0,0,0,0,0,0,0,0,0,0,0,0
2004,DET,AL,urdanli01,Lino Urdaneta,1,0,0,1,1,0,0,0,0,0,0,0,0,0,0,0,
2004,CHA,AL,uribeju01,Juan Uribe,134,121,134,130,0,0,0,77,27,38,0,0,0,0,0,8,3
2004,PHI,NL,utleych01,Chase Utley,94,57,94,63,0,0,13,50,0,0,0,0,0,0,0,34,0
2004,FLO,NL,valdeis01,Ismael Valdez,11,11,11,11,11,0,0,0,0,0,0,0,0,0,0,0,0
2004,SDN,NL,valdeis01,Ismael Valdez,23,18,21,23,23,0,0,0,0,0,0,0,0,0,0,0,0
2004,SFN,NL,valdeme01,Merkin Valdez,2,0,2,2,2,0,0,0,0,0,0,0,0,0,0,0,0
2004,CHA,AL,valdewi01,Wilson Valdez,19,12,19,17,0,0,0,5,0,12,0,0,0,0,0,3,1
2004,NYN,NL,valener01,Eric Valent,130,55,130,68,0,0,27,0,0,0,32,0,14,46,0,64,2
2004,CIN,NL,valenja01,Javier Valentin,82,47,82,61,0,55,7,0,0,0,0,0,0,0,0,23,2
2004,CHA,AL,valenjo03,Jose Valentin,125,119,125,122,0,0,0,0,0,122,0,0,0,0,2,5,0
2004,CIN,NL,valenjo04,Joe Valentine,24,1,23,24,24,0,0,0,0,0,0,0,0,0,0,0,0
2004,ARI,NL,valvejo01,Jose Valverde,29,0,26,29,29,0,0,0,0,0,0,0,0,0,0,0,0
2004,PIT,NL,vanbejo01,John Van Benschoten,6,5,6,6,6,0,0,0,0,0,0,0,0,0,0,0,0
2004,CIN,NL,vandejo02,John Vander Wal,42,7,42,11,0,0,4,0,0,0,0,0,7,7,0,32,0
2004,CIN,NL,vanpoto01,Todd Van Poppel,48,10,47,48,48,0,0,0,0,0,0,0,0,0,0,0,0
2004,MON,NL,vargacl01,Claudio Vargas,45,13,42,45,45,0,0,0,0,0,0,0,0,0,0,0,1
2004,BOS,AL,varitja01,Jason Varitek,137,122,137,130,0,130,0,0,0,0,0,0,0,0,1,13,0
2004,KCA,AL,vasqujo01,Jorge Vasquez,2,0,0,2,2,0,0,0,0,0,0,0,0,0,0,0,
2004,NYA,AL,vazquja01,Javier Vazquez,32,2,2,32,32,0,0,0,0,0,0,0,0,0,0,0,0
2004,SDN,NL,vazqura01,Ramon Vazquez,52,24,52,41,0,0,3,10,9,22,0,0,0,0,0,18,1
2004,LAN,NL,venafmi01,Mike Venafro,17,0,17,17,17,0,0,0,0,0,0,0,0,0,0,0,0
2004,LAN,NL,venturo01,Robin Ventura,102,25,102,50,1,0,40,0,11,0,0,0,0,0,0,61,0
2004,MON,NL,vidrojo01,Jose Vidro,110,108,110,105,0,0,0,105,0,0,0,0,0,0,4,2,0
2004,ARI,NL,villabr01,Brandon Villafuerte,20,0,15,20,20,0,0,0,0,0,0,0,0,0,0,0,0
2004,KCA,AL,villaed01,Eduardo Villacis,1,0,0,1,1,0,0,0,0,0,0,0,0,0,0,0,
2004,ARI,NL,villaos01,Oscar Villarreal,17,0,17,17,17,0,0,0,0,0,0,0,0,0,0,0,0
2004,SEA,AL,villoro01,Ron Villone,56,0,3,56,56,0,0,0,0,0,0,0,0,0,0,0,0
2004,HOU,NL,vizcajo01,Jose Vizcaino,138,78,138,105,0,0,8,37,21,64,0,0,0,0,0,45,2
2004,MIL,NL,vizcalu01,Luis Vizcaino,73,0,70,73,73,0,0,0,0,0,0,0,0,0,0,0,0
2004,CLE,AL,vizquom01,Omar Vizquel,148,141,148,147,0,0,0,0,0,147,0,0,0,0,0,5,1
2004,PIT,NL,vogelry01,Ryan Vogelsong,33,25,32,31,31,0,0,0,0,0,0,0,0,0,0,2,0
2004,TBA,AL,waechdo01,Doug Waechter,14,0,0,14,14,0,0,0,0,0,0,0,0,0,0,0,
2004,PHI,NL,wagnebi02,Billy Wagner,45,0,41,45,45,0,0,0,0,0,0,0,0,0,0,0,0
2004,CIN,NL,wagnery01,Ryan Wagner,49,0,49,49,49,0,0,0,0,0,0,0,0,0,0,0,0
2004,BOS,AL,wakefti01,Tim Wakefield,32,1,1,32,32,0,0,0,0,0,0,0,0,0,0,0,0
2004,DET,AL,walkeja01,Jamie Walker,70,0,5,70,70,0,0,0,0,0,0,0,0,0,0,0,0
2004,SFN,NL,walkeke01,Kevin Walker,5,0,5,5,5,0,0,0,0,0,0,0,0,0,0,0,0
2004,COL,NL,walkela01,Larry Walker,38,30,38,34,0,0,0,0,0,0,0,0,34,34,1,5,0
2004,SLN,NL,walkela01,Larry Walker,44,40,44,41,0,0,0,0,0,0,0,1,41,41,0,4,0
2004,CHN,NL,walketo04,Todd Walker,129,88,129,95,0,0,5,89,0,0,1,0,0,1,0,36,0
2004,SFN,NL,walkety01,Tyler Walker,52,0,48,52,52,0,0,0,0,0,0,0,0,0,0,0,0
2004,TEX,AL,wasdijo01,John Wasdin,15,1,1,15,15,0,0,0,0,0,0,0,0,0,0,0,0
2004,ANA,AL,washbja01,Jarrod Washburn,25,3,3,25,25,0,0,0,0,0,0,0,0,0,0,0,0
2004,SDN,NL,watkist01,Steve Watkins,11,0,11,11,11,0,0,0,0,0,0,0,0,0,0,0,0
2004,FLO,NL,wayneju01,Justin Wayne,19,1,19,19,19,0,0,0,0,0,0,0,0,0,0,0,0
2004,NYN,NL,weathda01,David Weathers,32,0,29,32,32,0,0,0,0,0,0,0,0,0,0,0,0
2004,HOU,NL,weathda01,David Weathers,26,0,25,26,26,0,0,0,0,0,0,0,0,0,0,0,0
2004,FLO,NL,weathda01,David Weathers,8,2,8,8,8,0,0,0,0,0,0,0,0,0,0,0,0
2004,LAN,NL,weaveje01,Jeff Weaver,35,32,33,34,34,0,0,0,0,0,0,0,0,0,0,0,1
2004,ANA,AL,weberbe01,Ben Weber,18,0,0,18,18,0,0,0,0,0,0,0,0,0,0,0,
2004,CHN,NL,welleto01,Todd Wellemeyer,20,0,20,20,20,0,0,0,0,0,0,0,0,0,0,0,0
2004,SDN,NL,wellsda01,David Wells,31,29,29,31,31,0,0,0,0,0,0,0,0,0,0,0,0
2004,PIT,NL,wellski01,Kip Wells,25,22,23,24,24,0,0,0,0,0,0,0,0,0,0,1,0
2004,TOR,AL,wellsve01,Vernon Wells,134,133,134,131,0,0,0,0,0,0,0,131,0,131,3,1,0
2004,COL,NL,wendetu01,Turk Wendell,12,0,12,12,12,0,0,0,0,0,0,0,0,0,0,0,0
2004,LAN,NL,werthja01,Jayson Werth,89,70,89,79,0,0,0,0,0,0,65,6,14,79,0,10,4
2004,CLE,AL,westbja01,Jake Westbrook,33,2,2,33,33,0,0,0,0,0,0,0,0,0,0,0,0
2004,HOU,NL,wheelda01,Dan Wheeler,14,0,14,14,14,0,0,0,0,0,0,0,0,0,0,0,0
2004,NYN,NL,wheelda01,Dan Wheeler,32,1,30,32,32,0,0,0,0,0,0,0,0,0,0,0,0
2004,NYA,AL,whitega01,Gabe White,24,0,1,24,24,0,0,0,0,0,0,0,0,0,0,0,0
2004,CIN,NL,whitega01,Gabe White,40,0,40,40,40,0,0,0,0,0,0,0,0,0,0,0,0
2004,CLE,AL,whiteri01,Rick White,59,0,6,59,59,0,0,0,0,0,0,0,0,0,0,0,0
2004,DET,AL,whitero02,Rondell White,121,116,121,74,0,0,0,0,0,0,74,0,0,74,43,5,0
2004,CLE,AL,wickmbo01,Bob Wickman,30,0,0,30,30,0,0,0,0,0,0,0,0,0,0,0,
2004,PIT,NL,wiggity01,Ty Wigginton,58,50,58,56,0,0,0,0,56,0,0,0,0,0,0,3,0
2004,NYN,NL,wiggity01,Ty Wigginton,86,81,86,85,0,0,5,25,66,0,0,0,0,0,0,3,0
2004,MON,NL,wilkebr01,Brad Wilkerson,160,154,160,157,0,0,86,0,0,0,59,18,10,80,0,3,1
2004,NYA,AL,willibe02,Bernie Williams,148,143,148,97,0,0,0,0,0,0,0,97,0,97,50,3,0
2004,PIT,NL,willida07,David Williams,10,6,10,10,10,0,0,0,0,0,0,0,0,0,0,0,0
2004,FLO,NL,willido03,Dontrelle Willis,42,30,40,32,32,0,0,0,0,0,0,0,0,0,0,10,0
2004,NYN,NL,willige02,Gerald Williams,57,27,57,45,0,0,0,0,0,0,21,20,7,45,0,14,8
2004,SFN,NL,willije02,Jerome Williams,22,20,20,22,22,0,0,0,0,0,0,0,0,0,0,0,0
2004,FLO,NL,willijo03,Josh Willingham,12,6,12,8,0,5,0,0,0,0,3,0,0,3,0,6,0
2004,SEA,AL,willira01,Randy Williams,6,0,0,6,6,0,0,0,0,0,0,0,0,0,0,0,
2004,BOS,AL,willisc01,Scott Williamson,28,0,3,28,28,0,0,0,0,0,0,0,0,0,0,0,0
2004,BAL,AL,willito02,Todd Williams,29,0,0,29,29,0,0,0,0,0,0,0,0,0,0,0,
2004,SLN,NL,williwo02,Woody Williams,34,29,32,31,31,0,0,0,0,0,0,0,0,0,0,3,0
2004,PIT,NL,wilsocr03,Craig Wilson,155,150,155,151,0,4,65,0,0,0,19,0,89,100,2,4,0
2004,SEA,AL,wilsoda01,Dan Wilson,103,91,103,103,0,103,0,0,0,0,0,0,0,0,0,2,0
2004,NYA,AL,wilsoen01,Enrique Wilson,93,68,93,91,0,0,0,80,0,16,0,0,0,0,0,2,8
2004,PIT,NL,wilsoja02,Jack Wilson,157,155,157,156,0,0,0,0,0,156,0,0,0,0,0,2,0
2004,CIN,NL,wilsopa02,Paul Wilson,29,28,28,29,29,0,0,0,0,0,0,0,0,0,0,0,0
2004,COL,NL,wilsopr01,Preston Wilson,58,51,58,52,0,0,0,0,0,0,0,52,0,52,0,7,0
2004,LAN,NL,wilsoto02,Tom Wilson,9,0,9,7,0,7,0,0,0,0,0,0,0,0,0,3,0
2004,NYN,NL,wilsoto02,Tom Wilson,4,1,4,3,0,3,0,0,0,0,0,0,0,0,0,1,0
2004,NYN,NL,wilsova01,Vance Wilson,79,38,79,69,0,69,0,0,0,0,0,0,0,0,0,13,8
2004,SDN,NL,witasja01,Jay Witasick,44,0,41,44,44,0,0,0,0,0,0,0,0,0,0,0,0
2004,SLN,NL,womacto01,Tony Womack,145,125,145,133,0,0,0,133,0,0,0,0,0,0,0,16,1
2004,TOR,AL,woodwch01,Chris Woodward,69,61,69,64,0,0,0,0,0,64,0,0,0,0,1,1,6
2004,PHI,NL,wootesh01,Shawn Wooten,33,9,33,15,0,0,11,0,4,0,0,0,0,0,0,19,1
2004,PHI,NL,worreti01,Tim Worrell,77,0,73,77,77,0,0,0,0,0,0,0,0,0,0,0,0
2004,CHA,AL,wrighda02,Dan Wright,4,0,0,4,4,0,0,0,0,0,0,0,0,0,0,0,
2004,NYN,NL,wrighda03,David Wright,69,68,69,69,0,0,0,0,69,0,0,0,0,0,0,0,1
2004,COL,NL,wrighja01,Jamey Wright,14,14,14,14,14,0,0,0,0,0,0,0,0,0,0,0,0
2004,ATL,NL,wrighja02,Jaret Wright,32,30,30,32,32,0,0,0,0,0,0,0,0,0,0,0,0
2004,CHN,NL,wuertmi01,Michael Wuertz,31,0,30,31,31,0,0,0,0,0,0,0,0,0,0,0,0
2004,CHA,AL,wunscke01,Kelly Wunsch,3,0,0,3,3,0,0,0,0,0,0,0,0,0,0,0,
2004,NYN,NL,yatesty01,Tyler Yates,21,7,21,21,21,0,0,0,0,0,0,0,0,0,0,0,0
2004,BOS,AL,youklke01,Kevin Youkilis,72,54,72,65,0,0,0,0,65,0,0,0,0,0,0,8,1
2004,TEX,AL,youngch03,Chris Young,7,0,0,7,7,0,0,0,0,0,0,0,0,0,0,0,
2004,DET,AL,youngdm01,Dmitri Young,104,101,104,27,0,0,25,0,1,0,2,0,0,2,74,3,0
2004,TEX,AL,younger01,Eric Young,104,89,104,75,0,0,0,20,1,8,47,9,0,53,23,11,0
2004,CLE,AL,younger02,Ernie Young,3,1,3,0,0,0,0,0,0,0,0,0,0,0,1,2,0
2004,COL,NL,youngja01,Jason Young,2,2,2,2,2,0,0,0,0,0,0,0,0,0,0,0,0
2004,TEX,AL,youngmi02,Michael Young,160,160,160,158,0,0,0,0,0,158,0,0,0,0,2,0,0
2004,CHN,NL,zambrca01,Carlos Zambrano,31,30,30,31,31,0,0,0,0,0,0,0,0,0,0,0,0
2004,TBA,AL,zambrvi01,Victor Zambrano,23,2,3,23,23,0,0,0,0,0,0,0,0,0,0,0,0
2004,NYN,NL,zambrvi01,Victor Zambrano,3,3,3,3,3,0,0,0,0,0,0,0,0,0,0,0,0
2004,NYN,NL,zeileto01,Todd Zeile,137,75,137,102,1,2,67,0,46,0,0,0,0,0,0,43,1
2004,ARI,NL,zinteal01,Alan Zinter,28,4,28,8,0,0,8,0,0,0,0,0,0,0,1,19,1
