2011,NYN,NL,huch01,Chin-lung Hu,22,2,22,11,0,0,0,10,0,1,0,0,0,0,0,12,3
2011,NYN,NL,bayja01,Jason Bay,123,121,123,122,0,0,0,0,0,0,122,0,0,122,0,0,1
2011,LAN,NL,elyjo01,John Ely,5,1,5,5,5,0,0,0,0,0,0,0,0,0,0,0,0
2011,BAL,AL,foxja02,Jake Fox,27,14,27,20,0,10,6,0,0,0,5,0,0,5,2,8,1
2011,NYN,NL,geedi01,Dillon Gee,30,27,29,30,30,0,0,0,0,0,0,0,0,0,0,0,0
2011,SLN,NL,jayjo02,Jon Jay,159,107,159,140,0,0,0,0,0,0,19,75,56,140,0,29,2
2011,LAN,NL,kuoho01,Hung-Chih Kuo,40,0,38,40,40,0,0,0,0,0,0,0,0,0,0,0,0
2011,HOU,NL,leeca01,Carlos Lee,155,154,155,148,0,0,79,0,0,0,80,0,0,80,6,1,0
2011,PHI,NL,leecl02,Cliff Lee,35,32,34,32,32,0,0,0,0,0,0,0,0,0,0,2,1
2011,BAL,AL,leede02,Derrek Lee,113,113,113,113,0,0,113,0,0,0,0,0,0,0,0,0,0
2011,MIL,NL,loeka01,Kameron Loe,72,0,69,72,72,0,0,0,0,0,0,0,0,0,0,0,0
2011,TOR,AL,nixja01,Jayson Nix,46,43,46,43,0,0,0,4,41,0,1,0,0,1,1,0,2
2011,WAS,NL,nixla01,Laynce Nix,124,79,124,92,0,0,9,0,0,0,73,4,12,85,2,36,3
2011,PHI,NL,orrpe01,Pete Orr,46,24,46,31,0,0,0,29,3,0,0,0,0,0,0,17,3
2011,BAL,AL,piefe01,Felix Pie,85,36,85,73,0,0,0,0,0,0,67,6,3,73,3,11,16
2011,SEA,AL,raych01,Chris Ray,29,0,3,29,29,0,0,0,0,0,0,0,0,0,0,0,0
2011,HOU,NL,abadfe01,Fernando Abad,29,0,28,29,29,0,0,0,0,0,0,0,0,0,0,0,0
2011,PHI,NL,baezda01,Danys Baez,29,0,28,29,29,0,0,0,0,0,0,0,0,0,0,0,0
2011,BOS,AL,bardda01,Daniel Bard,70,0,5,70,70,0,0,0,0,0,0,0,0,0,0,0,0
2011,SEA,AL,bardjo01,Josh Bard,26,24,26,25,0,25,0,0,0,0,0,0,0,0,1,0,0
2011,SDN,NL,bassan01,Anthony Bass,27,3,26,27,27,0,0,0,0,0,0,0,0,0,0,0,0
2011,TOR,AL,beckch01,Chad Beck,3,0,0,3,3,0,0,0,0,0,0,0,0,0,0,0,0
2011,SDN,NL,bellhe01,Heath Bell,64,0,62,64,64,0,0,0,0,0,0,0,0,0,0,0,0
2011,BAL,AL,belljo01,Josh Bell,26,16,26,22,0,0,0,0,21,0,1,0,1,2,2,2,1
2011,LAA,AL,belltr01,Trevor Bell,19,0,3,19,19,0,0,0,0,0,0,0,0,0,0,0,0
2011,SFN,NL,beltbr01,Brandon Belt,63,50,63,56,0,0,31,0,0,0,31,0,1,32,0,8,2
2011,CHN,NL,bergju01,Justin Berg,8,0,7,8,8,0,0,0,0,0,0,0,0,0,0,0,0
2011,ARI,NL,blumge01,Geoff Blum,23,12,23,14,0,0,0,0,14,0,0,0,0,0,0,11,0
2011,CIN,NL,braybi01,Bill Bray,79,0,74,79,79,0,0,0,0,0,0,0,0,0,0,0,0
2011,FLO,NL,buckjo01,John Buck,140,129,140,135,0,135,0,0,0,0,0,0,0,0,0,9,0
2011,CLE,AL,bucktr01,Travis Buck,50,40,50,40,0,0,0,0,0,0,25,1,14,40,6,7,2
2011,TEX,AL,bushda01,Dave Bush,17,3,3,17,17,0,0,0,0,0,0,0,0,0,0,0,0
2011,CHN,NL,byrdma01,Marlon Byrd,119,115,119,118,0,0,0,0,0,0,0,118,0,118,0,1,0
2011,KCA,AL,cainlo01,Lorenzo Cain,6,6,6,6,0,0,0,0,0,0,0,2,4,6,0,0,0
2011,SFN,NL,cainma01,Matt Cain,35,33,34,33,33,0,0,0,0,0,0,0,0,0,0,1,1
2011,TOR,AL,campsh01,Shawn Camp,67,0,3,67,67,0,0,0,0,0,0,0,0,0,0,0,0
2011,NYA,AL,canoro01,Robinson Cano,159,157,159,157,0,0,0,157,0,0,0,0,0,0,7,2,0
2011,SEA,AL,carpmi01,Mike Carp,79,75,79,57,0,0,34,0,0,0,27,0,1,28,19,4,0
2011,FLO,NL,cedajo01,Jose Ceda,17,0,16,17,17,0,0,0,0,0,0,0,0,0,0,0,0
2011,KCA,AL,chenbr01,Bruce Chen,25,25,1,25,25,0,0,0,0,0,0,0,0,0,0,0,0
2011,CLE,AL,choosh01,Shin-Soo Choo,85,84,85,85,0,0,0,0,0,0,0,0,85,85,0,0,0
2011,TBA,AL,cobbal01,Alex Cobb,9,9,0,9,9,0,0,0,0,0,0,0,0,0,0,0,0
2011,DET,AL,cokeph01,Phil Coke,48,14,1,48,48,0,0,0,0,0,0,0,0,0,0,0,0
2011,COL,NL,cookaa01,Aaron Cook,23,17,22,18,18,0,0,0,0,0,0,0,0,0,0,1,4
2011,ARI,NL,cookry01,Ryan Cook,12,0,12,12,12,0,0,0,0,0,0,0,0,0,0,0,0
2011,WAS,NL,coraal01,Alex Cora,91,34,91,55,0,0,9,5,31,16,0,0,0,0,0,37,4
2011,KCA,AL,crowaa01,Aaron Crow,57,0,3,57,57,0,0,0,0,0,0,0,0,0,0,0,0
2011,TBA,AL,cruzju02,Juan Cruz,56,0,2,56,56,0,0,0,0,0,0,0,0,0,0,0,0
2011,TEX,AL,cruzne02,Nelson Cruz,124,122,124,115,0,0,0,0,0,0,18,0,109,115,8,2,0
2011,SLN,NL,cruzto03,Tony Cruz,38,11,38,26,0,20,2,1,3,0,0,0,2,2,0,18,1
2011,SEA,AL,custja01,Jack Cust,67,63,67,0,0,0,0,0,0,0,0,0,0,0,63,4,0
2011,ATL,NL,diazma02,Matt Diaz,116,57,116,69,0,0,0,0,0,0,18,0,54,69,2,54,0
2011,BOS,AL,drewjd01,J. D. Drew,81,65,81,76,0,0,0,0,0,0,0,0,76,76,0,16,0
2011,ARI,NL,drewst01,Stephen Drew,86,83,86,84,0,0,0,0,0,84,0,0,0,0,0,3,0
2011,NYN,NL,dudalu01,Lucas Duda,100,79,100,83,0,0,43,0,0,0,4,0,42,46,1,19,0
2011,ARI,NL,dukeza01,Zach Duke,21,9,20,21,21,0,0,0,0,0,0,0,0,0,0,0,0
2011,CHA,AL,dunnad01,Adam Dunn,122,117,122,37,0,0,35,0,0,0,0,0,2,2,81,5,0
2011,FLO,NL,dunnmi01,Mike Dunn,72,0,69,72,72,0,0,0,0,0,0,0,0,0,0,0,0
2011,BAL,AL,eyrewi01,Willie Eyre,19,0,0,19,19,0,0,0,0,0,0,0,0,0,0,0,0
2011,SFN,NL,fordda03,Darren Ford,26,0,26,15,0,0,0,0,0,0,0,15,0,15,0,2,14
2011,TBA,AL,fuldsa01,Sam Fuld,105,77,105,87,0,0,0,0,0,0,75,7,9,87,2,21,1
2011,CHN,NL,gaubjo01,John Gaub,4,0,4,4,4,0,0,0,0,0,0,0,0,0,0,0,0
2011,KCA,AL,getzch01,Chris Getz,118,100,118,113,0,0,0,110,0,4,0,0,0,0,3,2,5
2011,CHA,AL,grayje02,Jeff Gray,30,0,0,30,30,0,0,0,0,0,0,0,0,0,0,0,0
2011,HOU,NL,hallbi03,Bill Hall,62,48,62,52,0,0,0,51,0,0,1,0,0,1,1,8,4
2011,FLO,NL,handbr01,Brad Hand,12,12,10,12,12,0,0,0,0,0,0,0,0,0,0,0,0
2011,HOU,NL,happja01,J. A. Happ,29,28,28,28,28,0,0,0,0,0,0,0,0,0,0,1,0
2011,MIL,NL,hartco01,Corey Hart,130,123,130,126,0,0,0,0,0,0,0,0,126,126,0,7,0
2011,CLE,AL,headje01,Jerad Head,10,5,10,9,0,0,0,0,0,0,9,0,0,9,0,1,1
2011,ARI,NL,hillaa01,Aaron Hill,137,133,137,137,0,0,0,137,0,0,0,0,0,0,0,2,1
2011,CHN,NL,hillko01,Koyie Hill,46,38,46,45,0,45,0,0,0,0,0,0,0,0,0,2,0
2011,BOS,AL,hillri01,Rich Hill,9,0,0,9,9,0,0,0,0,0,0,0,0,0,0,0,0
2011,MIN,AL,hoeyja02,Jim Hoey,26,0,1,26,26,0,0,0,0,0,0,0,0,0,0,0,0
2011,MIN,AL,holmst01,Steve Holm,6,5,6,6,0,6,0,0,0,0,0,0,0,0,0,0,0
2011,SFN,NL,huffau01,Aubrey Huff,150,136,150,135,0,0,120,0,0,0,9,0,13,16,2,13,0
2011,CLE,AL,huffda01,David Huff,11,10,0,11,11,0,0,0,0,0,0,0,0,0,0,0,0
2011,DET,AL,ingebr01,Brandon Inge,102,77,102,99,0,0,0,0,99,0,0,0,0,0,1,3,2
2011,TBA,AL,jasojo01,John Jaso,89,67,89,82,0,82,0,0,0,0,0,0,0,0,0,18,2
2011,CLE,AL,judyjo01,Josh Judy,12,0,1,12,12,0,0,0,0,0,0,0,0,0,0,0,0
2011,LAN,NL,kempma01,Matt Kemp,161,160,161,159,0,0,0,0,0,0,0,159,0,159,2,1,0
2011,LAA,AL,kohnmi01,Michael Kohn,14,0,3,14,14,0,0,0,0,0,0,0,0,0,0,0,0
2011,TOR,AL,lindad01,Adam Lind,125,125,125,109,0,0,109,0,0,0,0,0,0,0,16,0,0
2011,ATL,NL,lowede01,Derek Lowe,34,34,32,34,34,0,0,0,0,0,0,0,0,0,0,0,0
2011,TEX,AL,lowema01,Mark Lowe,52,0,3,52,52,0,0,0,0,0,0,0,0,0,0,0,0
2011,CHA,AL,lucydo01,Donny Lucy,6,2,6,3,0,3,0,0,0,0,0,0,0,0,1,3,0
2011,ATL,NL,lugoju01,Julio Lugo,22,8,22,14,0,0,0,2,8,5,0,0,0,0,0,8,2
2011,SLN,NL,lynnla01,Lance Lynn,18,2,16,18,18,0,0,0,0,0,0,0,0,0,0,0,0
2011,HOU,NL,lyonbr01,Brandon Lyon,15,0,15,15,15,0,0,0,0,0,0,0,0,0,0,0,0
2011,WAS,NL,mayayu01,Yunesky Maya,10,5,10,10,10,0,0,0,0,0,0,0,0,0,0,0,0
2011,PIT,NL,meekev01,Evan Meek,24,0,24,24,24,0,0,0,0,0,0,0,0,0,0,0,0
2011,ARI,NL,morame01,Melvin Mora,42,30,42,31,0,0,1,0,31,0,0,0,0,0,0,11,0
2011,PHI,NL,mossbr01,Brandon Moss,5,0,5,1,0,0,0,0,0,0,0,0,1,1,0,4,1
2011,SFN,NL,motagu01,Guillermo Mota,52,0,50,52,52,0,0,0,0,0,0,0,0,0,0,0,0
2011,ARI,NL,nadyxa01,Xavier Nady,82,49,82,59,0,0,52,0,0,0,10,0,0,10,0,29,0
2011,NYA,AL,novaiv01,Ivan Nova,28,27,2,28,28,0,0,0,0,0,0,0,0,0,0,0,0
2011,TEX,AL,odayda01,Darren O'Day,16,0,0,16,16,0,0,0,0,0,0,0,0,0,0,0,0
2011,LAN,NL,paulxa01,Xavier Paul,128,41,128,101,0,0,0,0,0,0,27,9,72,101,0,46,8
2011,KCA,AL,penabr01,Brayan Peña,72,57,72,69,0,69,0,0,0,0,0,0,0,0,0,4,0
2011,CHN,NL,penaca01,Carlos Peña,153,142,153,153,0,0,153,0,0,0,0,0,0,0,0,6,1
2011,NYA,AL,penara02,Ramiro Peña,23,10,23,22,0,0,0,7,13,4,0,0,0,0,0,1,4
2011,CHA,AL,penato03,Tony Peña,17,0,0,17,17,0,0,0,0,0,0,0,0,0,0,0,0
2011,ARI,NL,penawi01,Wily Mo Peña,39,27,39,1,0,0,0,0,0,0,1,0,0,1,29,9,3
2011,SFN,NL,pillbr01,Brett Pill,15,13,15,14,0,0,14,0,0,0,0,0,0,0,0,2,0
2011,KCA,AL,pinama01,Manny Pina,4,4,4,4,0,4,0,0,0,0,0,0,0,0,0,0,0
2011,ARI,NL,putzjj01,J. J. Putz,60,0,57,60,60,0,0,0,0,0,0,0,0,0,0,0,0
2011,CHA,AL,reedad01,Addison Reed,6,0,0,6,6,0,0,0,0,0,0,0,0,0,0,0,0
2011,MIL,NL,reedje03,Jeremy Reed,7,0,7,0,0,0,0,0,0,0,0,0,0,0,0,7,0
2011,CHA,AL,riosal01,Alex Rios,145,137,145,143,0,0,0,0,0,0,0,143,0,143,2,0,3
2011,SFN,NL,romose01,Sergio Romo,65,0,63,65,65,0,0,0,0,0,0,0,0,0,0,0,0
2011,SFN,NL,rossco01,Cody Ross,121,107,121,115,0,0,0,0,0,0,83,22,35,115,0,8,0
2011,ATL,NL,rossda01,David Ross,52,42,52,49,0,49,0,0,0,0,0,0,0,0,0,5,0
2011,OAK,AL,rossty01,Tyson Ross,9,6,0,9,9,0,0,0,0,0,0,0,0,0,0,0,0
2011,PHI,NL,ruizca01,Carlos Ruiz,132,114,132,129,0,129,0,0,1,0,0,0,0,0,0,13,0
2011,BAL,AL,rupejo01,Josh Rupe,9,0,0,9,9,0,0,0,0,0,0,0,0,0,0,0,0
2011,SEA,AL,ryanbr01,Brendan Ryan,123,120,123,123,0,0,0,0,0,123,0,0,0,0,0,0,2
2011,CHA,AL,salech01,Chris Sale,58,0,3,58,58,0,0,0,0,0,0,0,0,0,0,0,0
2011,ARI,NL,shawbr01,Bryan Shaw,33,0,31,33,33,0,0,0,0,0,0,0,0,0,0,0,0
2011,CLE,AL,sippto01,Tony Sipp,69,0,4,69,69,0,0,0,0,0,0,0,0,0,0,0,0
2011,HOU,NL,sosahe01,Henry Sosa,10,10,10,10,10,0,0,0,0,0,0,0,0,0,0,0,0
2011,CHN,NL,sotoge01,Geovany Soto,125,119,125,122,0,122,0,0,0,0,0,0,0,0,0,5,0
2011,MIN,AL,spande01,Denard Span,70,68,70,67,0,0,0,0,0,0,0,67,0,67,1,2,0
2011,NYA,AL,wadeco01,Cory Wade,40,0,4,40,40,0,0,0,0,0,0,0,0,0,0,0,0
2011,WAS,NL,wangch01,Chien-Ming Wang,11,11,11,11,11,0,0,0,0,0,0,0,0,0,0,0,0
2011,FLO,NL,webbry01,Ryan Webb,53,0,51,53,53,0,0,0,0,0,0,0,0,0,0,0,0
2011,DET,AL,wilkad01,Adam Wilk,5,0,1,5,5,0,0,0,0,0,0,0,0,0,0,0,0
2011,FLO,NL,wisede01,Dewayne Wise,69,20,69,50,0,0,0,0,0,0,13,37,2,50,0,20,15
2011,MIL,NL,wolfra02,Randy Wolf,33,33,31,33,33,0,0,0,0,0,0,0,0,0,0,0,0
2011,KCA,AL,woodbl01,Blake Wood,55,0,4,55,55,0,0,0,0,0,0,0,0,0,0,0,0
2011,LAA,AL,woodbr01,Brandon Wood,105,61,105,90,0,0,10,3,61,24,0,0,0,0,1,16,0
2011,CHN,NL,woodke02,Kerry Wood,55,0,53,55,55,0,0,0,0,0,0,0,0,0,0,0,0
2011,PIT,NL,woodti01,Tim Wood,13,0,10,13,13,0,0,0,0,0,0,0,0,0,0,0,0
2011,CIN,NL,woodtr01,Travis Wood,26,18,25,22,22,0,0,0,0,0,0,0,0,0,0,0,4
2011,SFN,NL,zitoba01,Barry Zito,13,9,12,13,13,0,0,0,0,0,0,0,0,0,0,0,0
2011,LAA,AL,abreubo01,Bobby Abreu,142,135,142,28,0,0,0,0,0,0,18,0,10,28,108,7,0
2011,HOU,NL,abreuju01,Juan Abreu,7,0,7,7,7,0,0,0,0,0,0,0,0,0,0,0,0
2011,BAL,AL,accarje01,Jeremy Accardo,31,0,1,31,31,0,0,0,0,0,0,0,0,0,0,0,0
2011,BOS,AL,aceveal01,Alfredo Aceves,55,4,2,55,55,0,0,0,0,0,0,0,0,0,0,0,0
2011,SEA,AL,ackledu01,Dustin Ackley,90,87,90,86,0,0,1,86,0,0,0,0,0,0,2,3,0
2011,NYN,NL,acostma01,Manny Acosta,44,0,41,44,44,0,0,0,0,0,0,0,0,0,0,0,0
2011,SDN,NL,adamsmi03,Mike Adams,75,0,46,75,75,0,0,0,0,0,0,0,0,0,0,0,0
2011,BAL,AL,adamsry01,Ryan Adams,29,24,29,26,0,0,0,26,0,0,0,0,0,0,0,2,1
2011,KCA,AL,adcocna01,Nathan Adcock,24,3,1,24,24,0,0,0,0,0,0,0,0,0,0,0,0
2011,SFN,NL,affelje01,Jeremy Affeldt,67,0,64,67,67,0,0,0,0,0,0,0,0,0,0,0,0
2011,BOS,AL,alberma01,Matt Albers,56,0,3,56,56,0,0,0,0,0,0,0,0,0,0,0,0
2011,DET,AL,albural01,Al Alburquerque,41,0,3,41,41,0,0,0,0,0,0,0,0,0,0,0,0
2011,COL,NL,alfonel01,Eliezer Alfonzo,25,18,25,19,0,19,0,0,0,0,0,0,0,0,0,6,0
2011,ARI,NL,allenbr01,Brandon Allen,52,49,52,51,0,0,51,0,0,0,0,0,0,0,0,1,0
2011,MIL,NL,almoner01,Erick Almonte,16,6,16,9,0,0,2,0,0,0,0,0,7,7,0,8,0
2011,CIN,NL,alonsyo01,Yonder Alonso,47,16,47,20,0,0,3,0,1,0,16,0,0,16,0,27,0
2011,HOU,NL,altuvjo01,Jose Altuve,57,51,57,55,0,0,0,55,0,0,0,0,0,0,0,2,2
2011,TOR,AL,alvarhe01,Henderson Alvarez,10,10,0,10,10,0,0,0,0,0,0,0,0,0,0,0,0
2011,PIT,NL,alvarpe01,Pedro Alvarez,74,62,74,66,0,0,0,0,66,0,0,0,0,0,0,10,0
2011,LAA,AL,amarial01,Alexi Amarista,23,13,23,21,0,0,0,14,0,1,8,0,0,8,0,3,1
2011,COL,NL,amezaal01,Alfredo Amezaga,40,16,40,25,0,0,0,16,2,2,4,0,2,6,0,14,1
2011,OAK,AL,anderbr04,Brett Anderson,13,13,1,13,13,0,0,0,0,0,0,0,0,0,0,0,0
2011,BOS,AL,anderla03,Lars Anderson,6,0,6,6,0,0,6,0,0,0,0,0,0,0,0,0,3
2011,BAL,AL,andinro01,Robert Andino,139,126,139,136,0,0,0,94,22,30,3,0,0,3,0,4,1
2011,TEX,AL,andruel01,Elvis Andrus,150,143,150,147,0,0,0,0,0,147,0,0,0,0,1,6,0
2011,BAL,AL,anglema01,Matt Angle,31,20,31,29,0,0,0,0,0,0,14,16,2,29,0,2,3
2011,WAS,NL,ankieri01,Rick Ankiel,122,90,122,113,0,0,0,0,0,0,0,105,9,113,0,13,2
2011,TOR,AL,arencjp01,J. P. Arencibia,129,122,129,122,0,122,0,0,0,0,0,0,0,0,4,3,0
2011,CIN,NL,arredjo01,Jose Arredondo,53,0,50,53,53,0,0,0,0,0,0,0,0,0,0,0,0
2011,BAL,AL,arrieja01,Jake Arrieta,22,22,2,22,22,0,0,0,0,0,0,0,0,0,0,0,0
2011,CIN,NL,arroybr01,Bronson Arroyo,36,32,35,32,32,0,0,0,0,0,0,0,0,0,0,0,4
2011,PIT,NL,ascanjo01,Jose Ascanio,8,0,8,8,8,0,0,0,0,0,0,0,0,0,0,0,0
2011,BOS,AL,atchisc01,Scott Atchison,17,0,0,17,17,0,0,0,0,0,0,0,0,0,0,0,0
2011,BAL,AL,atkinmi01,Mitch Atkins,3,3,0,3,3,0,0,0,0,0,0,0,0,0,0,0,0
2011,SLN,NL,augenbr01,Bryan Augenstein,5,0,5,5,5,0,0,0,0,0,0,0,0,0,0,0,0
2011,DET,AL,avilaal01,Alex Avila,141,135,141,134,0,133,0,0,1,0,0,0,0,0,4,4,0
2011,BOS,AL,avilemi01,Mike Aviles,91,67,91,83,0,0,0,27,46,14,1,0,4,5,2,6,8
2011,CHA,AL,axelrdy01,Dylan Axelrod,4,3,0,4,4,0,0,0,0,0,0,0,0,0,0,0,0
2011,MIL,NL,axforjo01,John Axford,74,0,71,74,74,0,0,0,0,0,0,0,0,0,0,0,0
2011,NYA,AL,ayalalu01,Luis Ayala,52,0,7,52,52,0,0,0,0,0,0,0,0,0,0,0,0
2011,LAA,AL,aybarer01,Erick Aybar,143,142,143,142,0,0,0,0,0,142,0,0,0,0,0,0,1
2011,FLO,NL,badenbu01,Burke Badenhop,50,0,45,50,50,0,0,0,0,0,0,0,0,0,0,0,0
2011,OAK,AL,bailean01,Andrew Bailey,42,0,1,42,42,0,0,0,0,0,0,0,0,0,0,0,0
2011,CIN,NL,baileho02,Homer Bailey,23,22,21,22,22,0,0,0,0,0,0,0,0,0,0,0,1
2011,CHN,NL,bakerje03,Jeff Baker,81,45,81,56,0,0,19,18,11,0,1,0,10,11,3,30,0
2011,FLO,NL,bakerjo01,John Baker,16,0,16,1,0,1,0,0,0,0,0,0,0,0,0,15,0
2011,MIN,AL,bakersc02,Scott Baker,23,21,2,23,23,0,0,0,0,0,0,0,0,0,0,0,0
2011,WAS,NL,balesco01,Collin Balester,23,0,21,23,23,0,0,0,0,0,0,0,0,0,0,0,0
2011,OAK,AL,balfogr01,Grant Balfour,62,0,3,62,62,0,0,0,0,0,0,0,0,0,0,0,0
2011,LAN,NL,barajro01,Rod Barajas,98,85,98,88,0,88,0,0,0,0,0,0,0,0,0,11,0
2011,HOU,NL,barmecl01,Clint Barmes,123,120,123,122,0,0,0,0,0,122,0,0,0,0,0,1,0
2011,CHN,NL,barneda01,Darwin Barney,143,128,143,139,0,0,0,135,0,5,0,0,0,0,0,8,0
2011,SDN,NL,bartlja01,Jason Bartlett,139,136,139,138,0,0,0,0,0,138,0,0,0,0,0,3,0
2011,OAK,AL,bartoda02,Daric Barton,67,62,67,65,0,0,65,0,0,0,0,0,0,0,0,3,1
2011,PHI,NL,bastaan01,Antonio Bastardo,64,0,62,64,64,0,0,0,0,0,0,0,0,0,0,0,0
2011,NYN,NL,batismi01,Miguel Batista,35,5,34,35,35,0,0,0,0,0,0,0,0,0,0,0,0
2011,TOR,AL,bautijo02,Jose Bautista,149,149,149,141,0,0,0,0,25,0,0,0,116,116,9,0,0
2011,NYN,NL,baxtemi01,Mike Baxter,22,7,22,13,0,0,0,0,0,0,3,0,10,13,0,8,1
2011,ATL,NL,beachbr01,Brandon Beachy,25,25,24,25,25,0,0,0,0,0,0,0,0,0,0,0,0
2011,NYN,NL,beatope01,Pedro Beato,60,0,56,60,60,0,0,0,0,0,0,0,0,0,0,0,0
2011,SEA,AL,beavabl01,Blake Beavan,15,15,0,15,15,0,0,0,0,0,0,0,0,0,0,0,0
2011,BOS,AL,beckejo02,Josh Beckett,30,30,2,30,30,0,0,0,0,0,0,0,0,0,0,0,0
2011,CHA,AL,beckhgo01,Gordon Beckham,150,147,150,149,0,0,0,149,0,0,0,0,0,0,1,1,1
2011,BOS,AL,bedarer01,Erik Bedard,24,24,2,24,24,0,0,0,0,0,0,0,0,0,0,0,0
2011,PIT,NL,beimejo01,Joe Beimel,35,0,35,35,35,0,0,0,0,0,0,0,0,0,0,0,0
2011,COL,NL,belisma01,Matt Belisle,74,0,71,74,74,0,0,0,0,0,0,0,0,0,0,0,0
2011,DET,AL,belowdu01,Duane Below,14,2,0,14,14,0,0,0,0,0,0,0,0,0,0,0,0
2011,TEX,AL,beltrad01,Adrian Beltre,124,123,124,112,0,0,0,0,112,0,0,0,0,0,11,1,0
2011,NYN,NL,beltrca01,Carlos Beltran,142,137,142,134,0,0,0,0,0,0,0,0,134,134,3,5,0
2011,DET,AL,benoijo01,Joaquin Benoit,66,0,3,66,66,0,0,0,0,0,0,0,0,0,0,0,0
2011,MIN,AL,bensojo01,Joe Benson,21,19,21,20,0,0,0,0,0,0,11,2,7,20,0,1,1
2011,BAL,AL,bergebr02,Brad Bergesen,34,12,3,34,34,0,0,0,0,0,0,0,0,0,0,0,0
2011,BAL,AL,berkeja01,Jason Berken,40,0,3,40,40,0,0,0,0,0,0,0,0,0,0,0,0
2011,SLN,NL,berkmla01,Lance Berkman,145,141,145,141,0,0,21,0,0,0,16,0,110,126,2,3,0
2011,WAS,NL,bernaro01,Roger Bernadina,91,71,91,84,0,0,0,0,0,0,36,56,10,84,0,7,4
2011,NYA,AL,betande01,Dellin Betances,2,1,0,2,2,0,0,0,0,0,0,0,0,0,0,0,0
2011,COL,NL,betanra01,Rafael Betancourt,68,0,65,68,68,0,0,0,0,0,0,0,0,0,0,0,0
2011,MIL,NL,betanyu01,Yuniesky Betancourt,152,146,152,149,0,0,0,0,0,149,0,0,0,0,0,4,1
2011,DET,AL,betemwi01,Wilson Betemit,97,86,97,91,0,0,3,1,87,0,0,0,0,0,3,10,0
2011,COL,NL,billibr02,Bruce Billings,4,0,1,4,4,0,0,0,0,0,0,0,0,0,0,0,0
2011,LAN,NL,billich01,Chad Billingsley,32,32,30,32,32,0,0,0,0,0,0,0,0,0,0,0,0
2011,WAS,NL,bixlebr01,Brian Bixler,79,15,79,51,0,0,2,0,14,2,27,4,6,34,1,23,21
2011,COL,NL,blackch02,Charlie Blackmon,27,25,27,27,0,0,0,0,0,0,25,2,0,27,0,2,0
2011,MIN,AL,blackni01,Nick Blackburn,26,26,1,26,26,0,0,0,0,0,0,0,0,0,0,0,0
2011,LAN,NL,blakeca01,Casey Blake,63,51,63,52,0,0,8,0,45,0,2,0,0,2,0,12,0
2011,TEX,AL,blancan01,Andres Blanco,36,18,36,34,0,0,0,5,6,23,0,0,1,1,0,2,2
2011,ARI,NL,blanche01,Henry Blanco,37,31,37,37,0,37,0,0,0,0,0,0,0,0,0,1,0
2011,SDN,NL,blankky01,Kyle Blanks,55,45,55,49,0,0,14,0,0,0,37,0,0,37,0,10,0
2011,PHI,NL,blantjo01,Joe Blanton,11,8,11,11,11,0,0,0,0,0,0,0,0,0,0,0,0
2011,OAK,AL,blevije01,Jerry Blevins,26,0,1,26,26,0,0,0,0,0,0,0,0,0,0,0,0
2011,ARI,NL,bloomwi01,Willie Bloomquist,97,80,97,83,0,0,0,1,0,59,25,0,0,25,0,16,1
2011,DET,AL,boescbr01,Brennan Boesch,115,108,115,101,0,0,0,0,0,0,57,0,51,101,10,6,1
2011,MIL,NL,boggsbr01,Brandon Boggs,16,2,16,5,0,0,0,0,0,0,2,1,2,5,0,12,1
2011,SLN,NL,boggsmi01,Mitchell Boggs,51,0,50,51,51,0,0,0,0,0,0,0,0,0,0,0,0
2011,HOU,NL,bogusbr01,Brian Bogusevic,87,35,87,53,0,0,0,0,0,0,13,0,40,53,0,38,5
2011,FLO,NL,bonifem01,Emilio Bonifacio,152,141,152,146,0,0,0,5,36,67,32,16,15,60,0,10,0
2011,TEX,AL,borboju01,Julio Borbon,32,28,32,32,0,0,0,0,0,0,0,32,0,32,0,0,0
2011,ATL,NL,boscajc01,J. C. Boscan,4,2,4,3,0,3,0,0,0,0,0,0,0,0,0,1,0
2011,HOU,NL,bourgja01,Jason Bourgeois,93,49,93,75,0,0,0,2,0,0,34,34,13,73,0,17,13
2011,LAA,AL,bourjpe01,Peter Bourjos,147,138,147,147,0,0,0,0,0,0,0,147,0,147,0,1,0
2011,ATL,NL,bournmi01,Michael Bourn,158,154,158,156,0,0,0,0,0,0,0,156,0,156,0,2,1
2011,BOS,AL,bowdemi01,Michael Bowden,14,0,0,14,14,0,0,0,0,0,0,0,0,0,0,0,0
2011,PHI,NL,bowkejo01,John Bowker,31,1,31,4,0,0,2,0,0,0,0,0,2,2,0,28,0
2011,NYN,NL,boyerbl01,Blaine Boyer,5,0,5,5,5,0,0,0,0,0,0,0,0,0,0,0,0
2011,SDN,NL,brachbr01,Brad Brach,9,0,9,9,9,0,0,0,0,0,0,0,0,0,0,0,0
2011,NYA,AL,brackan01,Andrew Brackman,3,0,0,3,3,0,0,0,0,0,0,0,0,0,0,0,0
2011,MIL,NL,braddza01,Zach Braddock,25,0,21,25,25,0,0,0,0,0,0,0,0,0,0,0,0
2011,OAK,AL,bradeda01,Dallas Braden,3,3,0,3,3,0,0,0,0,0,0,0,0,0,0,0,0
2011,SEA,AL,bradlmi01,Milton Bradley,28,27,28,26,0,0,0,0,0,0,26,0,0,26,1,1,0
2011,CLE,AL,brantmi02,Michael Brantley,114,109,114,111,0,0,0,0,0,0,66,52,0,111,3,1,2
2011,ARI,NL,branyru01,Russell Branyan,68,28,68,27,0,0,25,0,2,0,0,0,0,0,13,34,0
2011,MIL,NL,braunry02,Ryan Braun,150,147,150,147,0,0,0,0,0,0,147,0,0,147,1,3,0
2011,ARI,NL,brazoyh01,Yhency Brazoban,6,0,5,6,6,0,0,0,0,0,0,0,0,0,0,0,0
2011,OAK,AL,breslcr01,Craig Breslow,67,0,5,67,67,0,0,0,0,0,0,0,0,0,0,0,0
2011,TBA,AL,brignre01,Reid Brignac,92,76,92,91,0,0,0,0,0,91,0,0,0,0,0,0,1
2011,BAL,AL,brittza01,Zach Britton,28,28,3,28,28,0,0,0,0,0,0,0,0,0,0,0,0
2011,WAS,NL,brodebr01,Brian Broderick,11,0,11,11,11,0,0,0,0,0,0,0,0,0,0,0,0
2011,COL,NL,brothre01,Rex Brothers,48,0,45,48,48,0,0,0,0,0,0,0,0,0,0,0,0
2011,SLN,NL,brownan02,Andrew Brown,11,5,11,7,0,0,0,0,0,0,0,0,7,7,0,5,0
2011,WAS,NL,brownco01,Corey Brown,3,0,3,0,0,0,0,0,0,0,0,0,0,0,0,3,0
2011,PHI,NL,browndo01,Domonic Brown,56,49,56,52,0,0,0,0,0,0,0,0,52,52,0,5,1
2011,PIT,NL,browndu01,Dusty Brown,11,8,11,10,0,10,0,0,0,0,0,0,0,0,0,1,0
2011,LAN,NL,broxtjo01,Jonathan Broxton,14,0,14,14,14,0,0,0,0,0,0,0,0,0,0,0,0
2011,CIN,NL,bruceja01,Jay Bruce,157,151,157,155,0,0,0,0,0,0,0,0,155,155,0,4,0
2011,CHA,AL,brunebr01,Brian Bruney,23,0,5,23,23,0,0,0,0,0,0,0,0,0,0,0,0
2011,BOS,AL,buchhcl01,Clay Buchholz,14,14,0,14,14,0,0,0,0,0,0,0,0,0,0,0,0
2011,NYN,NL,buchhta01,Taylor Buchholz,23,0,22,23,23,0,0,0,0,0,0,0,0,0,0,0,0
2011,CHA,AL,buehrma01,Mark Buehrle,31,31,1,31,31,0,0,0,0,0,0,0,0,0,0,0,0
2011,FLO,NL,buentja01,Jay Buente,2,1,1,2,2,0,0,0,0,0,0,0,0,0,0,0,0
2011,LAA,AL,bulgeja01,Jason Bulger,5,0,0,5,5,0,0,0,0,0,0,0,0,0,0,0,0
2011,SFN,NL,bumgama01,Madison Bumgarner,35,33,34,33,33,0,0,0,0,0,0,0,0,0,0,2,0
2011,NYA,AL,burneaj01,A. J. Burnett,34,32,2,33,33,0,0,0,0,0,0,0,0,0,0,0,1
2011,MIN,AL,burneal01,Alex Burnett,66,0,7,66,66,0,0,0,0,0,0,0,0,0,0,0,0
2011,WAS,NL,burnese01,Sean Burnett,69,0,66,69,69,0,0,0,0,0,0,0,0,0,0,0,0
2011,PIT,NL,burrebr01,Brian Burres,5,2,5,5,5,0,0,0,0,0,0,0,0,0,0,0,0
2011,SFN,NL,burrepa01,Pat Burrell,92,50,92,54,0,0,0,0,0,0,54,0,0,54,0,41,0
2011,SFN,NL,burriem01,Emmanuel Burriss,59,28,59,50,0,0,2,39,2,9,2,0,0,2,0,8,15
2011,ARI,NL,burrose01,Sean Burroughs,78,14,78,20,0,0,0,0,20,0,0,0,0,0,0,60,0
2011,CIN,NL,burtoja01,Jared Burton,6,0,6,6,6,0,0,0,0,0,0,0,0,0,0,0,0
2011,MIN,AL,buterdr01,Drew Butera,93,75,93,93,0,93,0,0,0,0,0,0,0,0,0,1,1
2011,KCA,AL,butlebi03,Billy Butler,159,153,159,11,0,0,11,0,0,0,0,0,0,0,142,6,0
2011,NYN,NL,byrdati01,Tim Byrdak,72,0,68,72,72,0,0,0,0,0,0,0,0,0,0,0,0
2011,CLE,AL,cabreas01,Asdrubal Cabrera,151,151,151,151,0,0,0,0,0,151,0,0,0,0,0,0,0
2011,SDN,NL,cabreev01,Everth Cabrera,2,2,2,2,0,0,0,0,0,2,0,0,0,0,0,0,0
2011,KCA,AL,cabreme01,Melky Cabrera,155,153,155,153,0,0,0,0,0,0,12,144,2,153,2,1,0
2011,DET,AL,cabremi01,Miguel Cabrera,161,159,161,152,0,0,152,0,0,0,0,0,0,0,7,2,0
2011,CLE,AL,cabreor01,Orlando Cabrera,130,117,130,125,0,0,0,85,5,39,0,0,0,0,0,4,4
2011,OAK,AL,cahiltr01,Trevor Cahill,34,34,2,34,34,0,0,0,0,0,0,0,0,0,0,0,0
2011,CIN,NL,cairomi01,Miguel Cairo,102,56,102,73,0,0,5,13,58,0,0,0,0,0,0,34,1
2011,LAA,AL,callaal01,Alberto Callaspo,141,125,141,129,0,0,0,0,129,0,0,0,0,0,0,13,1
2011,BOS,AL,camermi01,Mike Cameron,78,64,78,69,0,0,0,0,0,0,4,42,25,69,2,12,0
2011,CHN,NL,campato01,Tony Campana,95,26,95,66,0,0,0,0,0,0,35,29,5,66,0,28,17
2011,HOU,NL,cancero01,Robinson Cancel,2,2,2,2,0,2,0,0,0,0,0,0,0,0,0,0,0
2011,SDN,NL,cantujo01,Jorge Cantu,57,30,57,37,0,0,26,1,10,0,0,0,0,0,0,25,0
2011,TBA,AL,canzlru01,Russ Canzler,3,0,3,0,0,0,0,0,0,0,0,0,0,0,2,3,0
2011,MIN,AL,cappsma01,Matt Capps,69,0,1,69,69,0,0,0,0,0,0,0,0,0,0,0,0
2011,NYN,NL,capuach01,Chris Capuano,36,31,34,33,33,0,0,0,0,0,0,0,0,0,0,1,2
2011,OAK,AL,carigan01,Andrew Carignan,6,0,0,6,6,0,0,0,0,0,0,0,0,0,0,0,0
2011,NYA,AL,carlybu01,Buddy Carlyle,8,0,0,8,8,0,0,0,0,0,0,0,0,0,0,0,0
2011,CLE,AL,carmofa01,Roberto Hernandez,32,32,2,32,32,0,0,0,0,0,0,0,0,0,0,0,0
2011,PHI,NL,carpean01,Drew Carpenter,12,0,12,12,12,0,0,0,0,0,0,0,0,0,0,0,0
2011,SLN,NL,carpech01,Chris Carpenter,34,34,32,34,34,0,0,0,0,0,0,0,0,0,0,0,0
2011,CHN,NL,carpech02,Chris Carpenter,10,0,7,10,10,0,0,0,0,0,0,0,0,0,0,0,0
2011,HOU,NL,carpeda01,David Carpenter,34,0,34,34,34,0,0,0,0,0,0,0,0,0,0,0,0
2011,SLN,NL,carpema01,Matt Carpenter,7,4,7,5,0,0,0,0,5,0,0,0,0,0,0,2,0
2011,CLE,AL,carraca01,Carlos Carrasco,21,21,2,21,21,0,0,0,0,0,0,0,0,0,0,0,0
2011,NYN,NL,carradj01,D. J. Carrasco,42,1,38,42,42,0,0,0,0,0,0,0,0,0,0,0,0
2011,CLE,AL,carreez01,Ezequiel Carrera,68,51,68,64,0,0,0,0,0,0,9,55,6,64,3,5,4
2011,TOR,AL,carrejo01,Joel Carreno,11,0,1,11,11,0,0,0,0,0,0,0,0,0,0,0,0
2011,MIL,NL,carrobr01,Brett Carroll,2,1,2,1,0,0,0,0,0,0,0,1,0,1,0,1,0
2011,LAN,NL,carroja01,Jamey Carroll,146,111,146,141,0,0,0,81,0,66,0,0,0,0,0,13,2
2011,OAK,AL,cartech02,Chris Carter,15,13,15,11,0,0,11,0,0,0,0,0,0,0,4,1,0
2011,CHN,NL,cashnan01,Andrew Cashner,7,1,7,7,7,0,0,0,0,0,0,0,0,0,0,0,0
2011,MIN,AL,casilal01,Alexi Casilla,97,89,97,92,0,0,0,56,0,36,0,0,0,0,3,1,5
2011,LAA,AL,cassebo01,Bobby Cassevah,30,0,3,30,30,0,0,0,0,0,0,0,0,0,0,0,0
2011,ARI,NL,castial02,Alberto Castillo,17,0,16,17,17,0,0,0,0,0,0,0,0,0,0,0,0
2011,CHN,NL,castiwe01,Welington Castillo,4,4,4,4,0,4,0,0,0,0,0,0,0,0,0,0,0
2011,LAN,NL,castrju01,Juan Castro,7,3,7,5,0,0,0,4,1,0,0,0,0,0,0,2,0
2011,CHA,AL,castrra01,Ramon Castro,23,20,23,21,0,21,0,0,0,0,0,0,0,0,1,2,0
2011,CHN,NL,castrst01,Starlin Castro,158,158,158,158,0,0,0,0,0,158,0,0,0,0,0,0,0
2011,TOR,AL,cecilbr01,Brett Cecil,20,20,0,20,20,0,0,0,0,0,0,0,0,0,0,0,0
2011,PIT,NL,cedenro02,Ronny Cedeno,128,119,128,126,0,0,0,1,0,125,0,0,0,0,0,2,2
2011,HOU,NL,cedenxa01,Xavier Cedeno,3,0,3,3,3,0,0,0,0,0,0,0,0,0,0,0,0
2011,NYA,AL,cervefr01,Francisco Cervelli,43,35,43,43,0,41,0,1,2,0,0,0,0,0,0,2,1
2011,COL,NL,chacijh01,Jhoulys Chacin,33,31,32,31,31,0,0,0,0,0,0,0,0,0,0,1,1
2011,SLN,NL,chambad01,Adron Chambers,18,0,18,11,0,0,0,0,0,0,6,5,1,11,0,5,6
2011,NYA,AL,chambjo03,Joba Chamberlain,27,0,0,27,27,0,0,0,0,0,0,0,0,0,0,0,0
2011,CIN,NL,chapmar01,Aroldis Chapman,54,0,52,54,54,0,0,0,0,0,0,0,0,0,0,0,0
2011,LAA,AL,chatwty01,Tyler Chatwood,27,25,2,27,27,0,0,0,0,0,0,0,0,0,0,0,0
2011,TEX,AL,chaveen01,Endy Chavez,83,66,83,75,0,0,0,0,0,0,12,66,6,75,0,11,3
2011,NYA,AL,chaveer01,Eric Chavez,58,40,58,44,0,0,3,0,42,0,0,0,0,0,7,12,0
2011,KCA,AL,chaveje01,Jesse Chavez,4,0,0,4,4,0,0,0,0,0,0,0,0,0,0,0,0
2011,TBA,AL,chiriro01,Robinson Chirinos,20,15,20,20,0,19,1,0,0,0,0,0,0,0,0,2,0
2011,CLE,AL,chiselo01,Lonnie Chisenhall,66,57,66,58,0,0,0,0,58,0,1,0,0,1,4,7,2
2011,FLO,NL,choatra01,Randy Choate,54,0,50,54,54,0,0,0,0,0,0,0,0,0,0,0,0
2011,SFN,NL,chrisju01,Justin Christian,18,12,18,17,0,0,0,0,0,0,6,10,3,17,0,0,2
2011,PIT,NL,ciriape01,Pedro Ciriaco,23,4,23,11,0,0,0,0,2,7,2,0,0,2,0,10,4
2011,FLO,NL,cishest01,Steve Cishek,45,0,43,45,45,0,0,0,0,0,0,0,0,0,0,0,0
2011,SLN,NL,cletoma01,Maikel Cleto,3,0,3,3,3,0,0,0,0,0,0,0,0,0,0,0,0
2011,CHN,NL,clevest01,Steve Clevenger,2,1,2,2,0,2,0,0,0,0,0,0,0,0,0,1,0
2011,WAS,NL,clippty01,Tyler Clippard,72,0,68,72,72,0,0,0,0,0,0,0,0,0,0,0,0
2011,WAS,NL,coffeto01,Todd Coffey,69,0,65,69,69,0,0,0,0,0,0,0,0,0,0,0,0
2011,FLO,NL,coghlch01,Chris Coghlan,65,64,65,65,0,0,0,0,0,0,0,65,0,65,0,0,0
2011,CHN,NL,colemca01,Casey Coleman,21,17,21,19,19,0,0,0,0,0,0,0,0,0,0,1,1
2011,KCA,AL,colemlo01,Louis Coleman,48,0,3,48,48,0,0,0,0,0,0,0,0,0,0,0,0
2011,KCA,AL,colliti01,Tim Collins,68,0,5,68,68,0,0,0,0,0,0,0,0,0,0,0,0
2011,ARI,NL,collmjo01,Josh Collmenter,31,24,29,31,31,0,0,0,0,0,0,0,0,0,0,0,0
2011,NYA,AL,colonba01,Bartolo Colon,29,26,1,29,29,0,0,0,0,0,0,0,0,0,0,0,0
2011,CHN,NL,colvity01,Tyler Colvin,80,49,80,60,0,0,4,0,0,0,10,8,44,58,0,21,2
2011,LAA,AL,congeha01,Hank Conger,59,48,59,56,0,56,0,0,0,0,0,0,0,0,1,7,0
2011,ATL,NL,conrabr01,Brooks Conrad,92,12,92,19,0,0,1,10,8,0,0,0,0,0,0,75,0
2011,ATL,NL,constjo01,Jose Constanza,42,29,42,33,0,0,0,0,0,0,17,4,16,33,0,8,4
2011,PHI,NL,contrjo01,Jose Contreras,17,0,15,17,17,0,0,0,0,0,0,0,0,0,0,0,0
2011,TOR,AL,coopeda01,David Cooper,27,19,27,15,0,0,15,0,0,0,0,0,0,0,9,4,1
2011,CIN,NL,cordefr01,Francisco Cordero,68,0,65,68,68,0,0,0,0,0,0,0,0,0,0,0,0
2011,LAN,NL,cormila01,Lance Cormier,9,0,8,9,9,0,0,0,0,0,0,0,0,0,0,0,0
2011,HOU,NL,corpoca01,Carlos Corporan,52,46,52,50,0,50,0,0,0,0,0,0,0,0,0,4,0
2011,PIT,NL,correke01,Kevin Correia,27,26,25,27,27,0,0,0,0,0,0,0,0,0,0,0,0
2011,SEA,AL,corteda02,Dan Cortes,10,0,0,10,10,0,0,0,0,0,0,0,0,0,0,0,0
2011,MIL,NL,counscr01,Craig Counsell,107,28,107,61,0,0,0,25,14,23,1,0,0,1,0,54,5
2011,FLO,NL,cousisc01,Scott Cousins,48,5,48,21,0,0,0,0,0,0,4,5,12,21,0,30,4
2011,ARI,NL,cowgico01,Collin Cowgill,36,21,36,25,0,0,0,0,0,0,18,10,0,25,0,9,3
2011,CIN,NL,cozarza01,Zack Cozart,11,9,11,11,0,0,0,0,0,11,0,0,0,0,0,1,0
2011,SLN,NL,craigal01,Allen Craig,75,47,75,56,0,0,2,8,2,0,26,5,18,48,0,23,0
2011,CHA,AL,crainje01,Jesse Crain,67,0,4,67,67,0,0,0,0,0,0,0,0,0,0,0,0
2011,OAK,AL,cramebo01,Bobby Cramer,5,0,0,5,5,0,0,0,0,0,0,0,0,0,0,0,0
2011,SFN,NL,crawfbr01,Brandon Crawford,66,53,66,65,0,0,0,0,0,65,0,0,0,0,0,0,1
2011,BOS,AL,crawfca02,Carl Crawford,130,128,130,127,0,0,0,0,0,0,127,0,0,127,2,2,0
2011,OAK,AL,crispco01,Coco Crisp,136,130,136,133,0,0,0,0,0,0,0,133,0,133,2,2,3
2011,PIT,NL,crottmi01,Michael Crotta,15,0,15,15,15,0,0,0,0,0,0,0,0,0,0,0,0
2011,CLE,AL,crowetr01,Trevor Crowe,15,9,15,14,0,0,0,0,0,0,10,7,0,14,0,1,0
2011,MIN,AL,cuddymi01,Michael Cuddyer,139,139,139,131,1,0,46,17,0,0,0,0,77,77,8,0,0
2011,CIN,NL,cuetojo01,Johnny Cueto,24,24,23,24,24,0,0,0,0,0,0,0,0,0,0,0,0
2011,SDN,NL,cunniaa01,Aaron Cunningham,52,20,52,26,0,0,0,0,0,0,13,0,18,26,0,28,2
2011,COL,NL,daleyma01,Matt Daley,7,0,7,7,7,0,0,0,0,0,0,0,0,0,0,0,0
2011,TBA,AL,damonjo01,Johnny Damon,150,144,150,16,0,0,1,0,0,0,16,0,0,16,135,6,0
2011,CHA,AL,danksjo01,John Danks,27,27,1,27,27,0,0,0,0,0,0,0,0,0,0,0,0
2011,PIT,NL,darnach01,Chase d'Arnaud,48,33,48,42,0,0,0,1,12,29,0,0,0,0,0,3,6
2011,SDN,NL,darneja01,James Darnell,18,11,18,15,0,0,0,0,12,0,3,0,0,3,0,4,0
2011,KCA,AL,davieky01,Kyle Davies,13,13,1,13,13,0,0,0,0,0,0,0,0,0,0,0,0
2011,BAL,AL,davisbl01,Blake Davis,25,16,25,21,0,0,0,18,1,2,0,0,0,0,0,3,1
2011,BAL,AL,davisch02,Chris Davis,59,51,59,54,0,0,31,0,26,0,0,0,0,0,2,3,0
2011,CHN,NL,davisdo02,Doug Davis,9,9,7,9,9,0,0,0,0,0,0,0,0,0,0,0,0
2011,NYN,NL,davisik02,Ike Davis,36,36,36,36,0,0,36,0,0,0,0,0,0,0,0,0,0
2011,TOR,AL,davisra01,Rajai Davis,95,82,95,91,0,0,0,0,0,0,4,79,8,91,1,4,5
2011,TBA,AL,daviswa01,Wade Davis,30,29,2,29,29,0,0,0,0,0,0,0,0,0,0,1,0
2011,CHA,AL,deazaal01,Alejandro De Aza,54,41,54,48,0,0,0,0,0,0,4,19,31,48,3,4,4
2011,SDN,NL,dedunsa01,Sam Deduno,2,0,2,2,2,0,0,0,0,0,0,0,0,0,0,0,0
2011,PHI,NL,defraju01,Justin De Fratus,5,0,5,5,5,0,0,0,0,0,0,0,0,0,0,0,0
2011,OAK,AL,dejesda01,David DeJesus,131,122,131,122,0,0,0,0,0,0,0,8,116,122,3,5,2
2011,LAN,NL,dejesiv02,Ivan De Jesus,17,7,17,11,0,0,0,11,0,0,0,0,0,0,0,7,1
2011,SEA,AL,delabst01,Steve Delabar,6,0,0,6,6,0,0,0,0,0,0,0,0,0,0,0,0
2011,MIL,NL,delaceu01,Frankie De La Cruz,11,0,11,11,11,0,0,0,0,0,0,0,0,0,0,0,0
2011,TBA,AL,delanro01,Rob Delaney,4,0,0,4,4,0,0,0,0,0,0,0,0,0,0,0,0
2011,TBA,AL,delarda01,Dane De La Rosa,7,0,0,7,7,0,0,0,0,0,0,0,0,0,0,0,0
2011,COL,NL,delarjo01,Jorge De La Rosa,10,10,10,10,10,0,0,0,0,0,0,0,0,0,0,0,0
2011,LAN,NL,delarru01,Rubby De La Rosa,13,10,12,13,13,0,0,0,0,0,0,0,0,0,0,0,0
2011,ATL,NL,delgara01,Randall Delgado,7,7,7,7,7,0,0,0,0,0,0,0,0,0,0,0,0
2011,OAK,AL,delosfa01,Fautino De Los Santos,34,0,0,34,34,0,0,0,0,0,0,0,0,0,0,0,0
2011,HOU,NL,delroen01,Enerio Del Rosario,54,0,52,54,54,0,0,0,0,0,0,0,0,0,0,0,0
2011,ARI,NL,demelsa01,Sam Demel,34,0,33,34,34,0,0,0,0,0,0,0,0,0,0,0,0
2011,CHN,NL,dempsry01,Ryan Dempster,35,34,34,34,34,0,0,0,0,0,0,0,0,0,0,1,0
2011,SDN,NL,denorch01,Chris Denorfia,111,72,111,96,0,0,0,0,0,0,34,15,62,96,0,25,4
2011,SFN,NL,derosma01,Mark DeRosa,47,19,47,26,0,0,10,2,16,0,0,0,0,0,0,22,0
2011,SLN,NL,descada01,Daniel Descalso,148,81,148,133,0,0,0,18,117,13,0,0,0,0,0,26,8
2011,WAS,NL,desmoia01,Ian Desmond,154,146,154,152,0,0,0,0,0,152,0,0,0,0,0,4,1
2011,WAS,NL,detwiro01,Ross Detwiler,15,10,15,15,15,0,0,0,0,0,0,0,0,0,0,0,0
2011,OAK,AL,devinjo01,Joey Devine,26,0,4,26,26,0,0,0,0,0,0,0,0,0,0,0,0
2011,CHN,NL,dewitbl01,Blake DeWitt,121,40,121,53,0,0,0,18,14,0,23,0,0,23,0,71,0
2011,MIN,AL,diamosc01,Scott Diamond,7,7,0,7,7,0,0,0,0,0,0,0,0,0,0,0,0
2011,NYA,AL,dickech01,Chris Dickerson,60,10,60,52,0,0,0,0,0,0,14,0,42,52,1,4,9
2011,NYN,NL,dickera01,R. A. Dickey,33,32,31,33,33,0,0,0,0,0,0,0,0,0,0,0,0
2011,SLN,NL,dicksbr01,Brandon Dickson,4,1,3,4,4,0,0,0,0,0,0,0,0,0,0,0,0
2011,MIL,NL,difelma01,Mark DiFelice,3,0,2,3,3,0,0,0,0,0,0,0,0,0,0,0,0
2011,MIL,NL,dillati01,Tim Dillard,24,0,21,24,24,0,0,0,0,0,0,0,0,0,0,0,0
2011,MIN,AL,dinkebr01,Brian Dinkelman,23,20,23,19,0,0,0,11,0,0,5,0,5,10,2,2,0
2011,DET,AL,dirksan01,Andy Dirks,78,54,78,71,0,0,0,0,0,0,38,16,22,71,2,10,4
2011,FLO,NL,dobbsgr01,Greg Dobbs,134,95,134,110,0,0,4,0,100,0,3,0,4,6,2,30,0
2011,CHN,NL,dolisra01,Rafael Dolis,1,0,1,1,1,0,0,0,0,0,0,0,0,0,0,0,0
2011,FLO,NL,dominma01,Matt Dominguez,17,13,17,16,0,0,0,0,16,0,0,0,0,0,0,1,0
2011,CLE,AL,donalja01,Jason Donald,39,32,39,37,0,0,0,19,4,16,0,0,0,0,0,3,0
2011,SLN,NL,doteloc01,Octavio Dotel,65,0,32,65,65,0,0,0,0,0,0,0,0,0,0,0,0
2011,BOS,AL,doubrfe01,Felix Doubront,11,0,0,11,11,0,0,0,0,0,0,0,0,0,0,0,0
2011,PIT,NL,doumiry01,Ryan Doumit,77,53,77,60,0,60,0,0,0,0,0,0,0,0,0,20,0
2011,HOU,NL,downsma01,Matt Downs,106,35,106,60,0,0,13,27,19,2,0,0,3,3,0,52,2
2011,LAA,AL,downssc01,Scott Downs,60,0,6,60,60,0,0,0,0,0,0,0,0,0,0,0,0
2011,TOR,AL,drabeky01,Kyle Drabek,18,14,0,18,18,0,0,0,0,0,0,0,0,0,0,0,0
2011,MIN,AL,duensbr01,Brian Duensing,33,28,3,32,32,0,0,0,0,0,0,0,0,0,0,0,1
2011,KCA,AL,duffyda01,Danny Duffy,20,20,2,20,20,0,0,0,0,0,0,0,0,0,0,0,0
2011,MIN,AL,dumatph01,Phil Dumatrait,45,0,4,45,45,0,0,0,0,0,0,0,0,0,0,0,0
2011,CLE,AL,duncash01,Shelley Duncan,76,65,76,46,0,0,7,0,0,0,37,0,2,39,23,10,1
2011,HOU,NL,duranlu01,Luis Durango,2,2,2,2,0,0,0,0,0,0,0,2,0,2,0,0,0
2011,CLE,AL,durbich01,Chad Durbin,56,0,3,56,56,0,0,0,0,0,0,0,0,0,0,0,0
2011,KCA,AL,dysonja01,Jarrod Dyson,26,11,26,17,0,0,0,0,0,0,0,17,0,17,1,2,12
2011,SFN,NL,edlefst01,Steve Edlefsen,13,0,13,13,13,0,0,0,0,0,0,0,0,0,0,0,0
2011,TBA,AL,ekstrmi01,Mike Ekstrom,1,0,0,1,1,0,0,0,0,0,0,0,0,0,0,0,0
2011,LAN,NL,elbersc01,Scott Elbert,47,0,44,47,47,0,0,0,0,0,0,0,0,0,0,0,0
2011,LAN,NL,ellisaj01,A. J. Ellis,31,25,31,29,0,29,0,0,0,0,0,0,0,0,0,2,0
2011,COL,NL,ellisma01,Mark Ellis,132,121,132,125,0,0,2,123,0,0,0,0,0,0,0,7,0
2011,BOS,AL,ellsbja01,Jacoby Ellsbury,158,153,158,154,0,0,0,0,0,0,0,154,0,154,3,3,2
2011,NYN,NL,emausbr01,Brad Emaus,14,10,14,11,0,0,0,11,0,0,0,0,0,0,0,3,0
2011,TOR,AL,encared01,Edwin Encarnacion,134,122,134,57,0,0,25,0,36,0,0,0,0,0,70,11,0
2011,ARI,NL,enrigba01,Barry Enright,8,7,8,7,7,0,0,0,0,0,0,0,0,0,0,1,0
2011,LAN,NL,eovalna01,Nathan Eovaldi,10,6,10,10,10,0,0,0,0,0,0,0,0,0,0,0,0
2011,TEX,AL,eppleco01,Cody Eppley,10,0,0,10,10,0,0,0,0,0,0,0,0,0,0,0,0
2011,COL,NL,escaled01,Edgmer Escalona,14,0,14,14,14,0,0,0,0,0,0,0,0,0,0,0,0
2011,HOU,NL,escalse01,Sergio Escalona,49,0,46,49,49,0,0,0,0,0,0,0,0,0,0,0,0
2011,KCA,AL,escobal02,Alcides Escobar,158,156,158,158,0,0,0,0,0,158,0,0,0,0,0,0,1
2011,CHA,AL,escobed01,Eduardo Escobar,9,0,9,5,0,0,0,2,0,3,0,0,0,0,1,3,3
2011,TOR,AL,escobyu01,Yunel Escobar,133,131,133,132,0,0,0,0,0,132,0,0,0,0,1,2,0
2011,WAS,NL,espinda01,Danny Espinosa,158,155,158,158,0,0,0,158,0,0,0,0,0,0,0,1,0
2011,MIL,NL,estrama01,Marco Estrada,43,7,40,43,43,0,0,0,0,0,0,0,0,0,0,0,0
2011,LAN,NL,ethiean01,Andre Ethier,135,126,135,126,0,0,0,0,0,0,0,0,126,126,2,8,0
2011,NYN,NL,evansni01,Nick Evans,59,42,59,49,0,0,45,0,2,0,1,0,8,9,0,14,0
2011,LAN,NL,evelada01,Dana Eveland,5,5,5,5,5,0,0,0,0,0,0,0,0,0,0,0,0
2011,CLE,AL,everead01,Adam Everett,34,17,34,27,0,0,0,8,16,4,0,0,0,0,5,3,9
2011,TBA,AL,farnsky01,Kyle Farnsworth,63,0,6,63,63,0,0,0,0,0,0,0,0,0,0,0,0
2011,TOR,AL,farquda01,Danny Farquhar,3,0,0,3,3,0,0,0,0,0,0,0,0,0,0,0,0
2011,MIL,NL,farrier01,Eric Farris,1,0,1,0,0,0,0,0,0,0,0,0,0,0,0,1,0
2011,LAN,NL,federti01,Tim Federowicz,7,4,7,7,0,7,0,0,0,0,0,0,0,0,0,1,0
2011,TEX,AL,feldmsc01,Scott Feldman,11,2,0,11,11,0,0,0,0,0,0,0,0,0,0,0,0
2011,TEX,AL,felizne01,Neftali Feliz,64,0,5,64,64,0,0,0,0,0,0,0,0,0,0,0,0
2011,MIL,NL,fieldpr01,Prince Fielder,162,162,162,159,0,0,159,0,0,0,0,0,0,0,3,0,0
2011,COL,NL,fieldth01,Thomas Field,16,12,16,16,0,0,0,0,0,15,0,0,1,1,0,1,0
2011,MIL,NL,fiersmi01,Mike Fiers,2,0,2,2,2,0,0,0,0,0,0,0,0,0,0,0,0
2011,SEA,AL,figgich01,Chone Figgins,81,78,81,80,0,0,0,0,80,0,2,0,0,2,0,0,3
2011,HOU,NL,figuene01,Nelson Figueroa,8,5,8,8,8,0,0,0,0,0,0,0,0,0,0,0,0
2011,CIN,NL,fisheca01,Carlos Fisher,17,0,17,17,17,0,0,0,0,0,0,0,0,0,0,0,0
2011,DET,AL,fistedo01,Doug Fister,32,31,2,32,32,0,0,0,0,0,0,0,0,0,0,0,0
2011,WAS,NL,floreje02,Jesus Flores,30,21,30,22,0,22,0,0,0,0,0,0,0,0,0,8,0
2011,BAL,AL,floripe01,Pedro Florimon,4,2,4,4,0,0,0,0,0,4,0,0,0,0,0,1,0
2011,CHA,AL,flowety01,Tyler Flowers,38,31,38,34,0,31,3,0,0,0,0,0,0,0,1,3,0
2011,CHA,AL,floydga01,Gavin Floyd,31,30,2,31,31,0,0,0,0,0,0,0,0,0,0,0,0
2011,SFN,NL,fontemi01,Mike Fontenot,85,50,85,63,0,0,0,23,8,37,0,0,0,0,0,28,0
2011,SDN,NL,forsylo01,Logan Forsythe,62,36,62,48,0,0,0,23,26,1,0,0,0,0,0,20,1
2011,COL,NL,fowlede01,Dexter Fowler,125,119,125,122,0,0,0,0,0,0,0,122,0,122,0,5,0
2011,PHI,NL,francbe01,Ben Francisco,100,63,100,69,0,0,0,0,0,0,14,0,55,69,1,33,0
2011,TOR,AL,francfr01,Frank Francisco,54,0,4,54,54,0,0,0,0,0,0,0,0,0,0,0,0
2011,KCA,AL,francje01,Jeff Francis,31,31,1,31,31,0,0,0,0,0,0,0,0,0,0,0,0
2011,KCA,AL,francje02,Jeff Francoeur,153,152,153,153,0,0,0,0,0,0,0,0,153,153,0,1,0
2011,CIN,NL,francju02,Juan Francisco,31,20,31,24,0,0,0,0,24,0,0,0,0,0,0,11,0
2011,SLN,NL,frankry01,Ryan Franklin,21,0,19,21,21,0,0,0,0,0,0,0,0,0,0,0,0
2011,CHA,AL,frasoja01,Jason Frasor,64,0,4,64,64,0,0,0,0,0,0,0,0,0,0,0,0
2011,CIN,NL,frazito01,Todd Frazier,41,27,41,32,0,0,1,2,27,2,4,0,0,4,0,12,0
2011,ATL,NL,freemfr01,Freddie Freeman,157,149,157,156,0,0,156,0,0,0,0,0,0,0,0,1,0
2011,SLN,NL,freesda01,David Freese,97,88,97,89,0,0,5,0,88,0,0,0,0,0,0,9,0
2011,SDN,NL,frierer01,Ernesto Frieri,59,0,55,59,59,0,0,0,0,0,0,0,0,0,0,0,0
2011,PIT,NL,fryerer01,Eric Fryer,10,7,10,8,0,8,0,0,0,0,0,0,0,0,0,2,0
2011,OAK,AL,fuentbr01,Brian Fuentes,67,0,5,67,67,0,0,0,0,0,0,0,0,0,0,0,0
2011,CHN,NL,fukudko01,Kosuke Fukudome,146,129,146,141,0,0,0,0,0,0,0,13,131,141,1,11,0
2011,HOU,NL,fulchje01,Jeff Fulchino,39,0,39,39,39,0,0,0,0,0,0,0,0,0,0,0,0
2011,DET,AL,furbuch01,Charlie Furbush,28,12,2,28,28,0,0,0,0,0,0,0,0,0,0,0,0
2011,LAN,NL,furcara01,Rafael Furcal,87,83,87,85,0,0,0,0,0,85,0,0,0,0,0,2,0
2011,ARI,NL,galarar01,Armando Galarraga,8,8,8,8,8,0,0,0,0,0,0,0,0,0,0,0,0
2011,MIL,NL,gallayo01,Yovani Gallardo,33,33,31,33,33,0,0,0,0,0,0,0,0,0,0,0,0
2011,MIL,NL,gamelma01,Mat Gamel,10,7,10,7,0,0,2,0,3,0,2,0,0,2,2,1,0
2011,NYA,AL,garcifr02,Freddy Garcia,26,25,3,26,26,0,0,0,0,0,0,0,0,0,0,0,0
2011,SFN,NL,garcija01,Santiago Casilla,49,0,48,49,49,0,0,0,0,0,0,0,0,0,0,0,0
2011,SLN,NL,garcija02,Jaime Garcia,32,32,30,32,32,0,0,0,0,0,0,0,0,0,0,0,0
2011,NYA,AL,gardnbr01,Brett Gardner,159,134,159,156,0,0,0,0,0,0,149,18,0,156,0,2,5
2011,LAN,NL,garlajo01,Jon Garland,9,9,8,9,9,0,0,0,0,0,0,0,0,0,0,0,0
2011,COL,NL,garneco01,Cole Garner,4,2,4,3,0,0,0,0,0,0,2,0,1,3,0,2,0
2011,NYA,AL,garrist01,Steve Garrison,1,0,0,1,1,0,0,0,0,0,0,0,0,0,0,0,0
2011,CHN,NL,garzama01,Matt Garza,31,31,30,31,31,0,0,0,0,0,0,0,0,0,0,0,0
2011,BOS,AL,gathrjo01,Joey Gathright,7,0,7,4,0,0,0,0,0,0,4,0,0,4,1,0,4
2011,WAS,NL,gaudich01,Chad Gaudin,10,0,10,10,10,0,0,0,0,0,0,0,0,0,0,0,0
2011,ATL,NL,gearrco01,Cory Gearrin,18,0,18,18,18,0,0,0,0,0,0,0,0,0,0,0,0
2011,TEX,AL,gentrcr01,Craig Gentry,64,38,64,60,0,0,0,0,0,0,2,55,7,60,0,5,8
2011,TEX,AL,germaes01,Esteban German,11,2,11,6,0,0,0,2,4,0,0,0,0,0,2,3,3
2011,CLE,AL,germaju01,Justin Germano,9,0,0,9,9,0,0,0,0,0,0,0,0,0,0,0,0
2011,COL,NL,giambja01,Jason Giambi,64,28,64,23,0,0,23,0,0,0,0,0,0,0,6,35,0
2011,KCA,AL,giavojo01,Johnny Giavotella,46,46,46,46,0,0,0,46,0,0,0,0,0,0,0,0,0
2011,LAN,NL,gibboja01,Jay Gibbons,24,15,24,14,0,0,0,0,0,0,10,0,4,14,1,9,0
2011,SFN,NL,gillaco01,Conor Gillaspie,15,2,15,4,0,0,0,0,4,0,0,0,0,0,0,12,0
2011,ARI,NL,gilleco01,Cole Gillespie,5,0,5,4,0,0,0,0,0,0,2,0,2,4,0,1,1
2011,SEA,AL,gimench01,Chris Gimenez,24,20,24,24,0,20,2,0,0,0,3,0,0,3,0,0,0
2011,LAN,NL,gimenhe01,Hector Gimenez,4,1,4,1,0,1,0,0,0,0,0,0,0,0,0,3,0
2011,PHI,NL,gloadro01,Ross Gload,93,11,93,13,0,0,10,0,0,0,0,0,3,3,1,79,0
2011,OAK,AL,godfrgr01,Graham Godfrey,5,4,1,5,5,0,0,0,0,0,0,0,0,0,0,0,0
2011,ARI,NL,goldspa01,Paul Goldschmidt,48,41,48,43,0,0,43,0,0,0,0,0,0,0,0,6,0
2011,NYA,AL,golsogr01,Greg Golson,9,2,9,9,0,0,0,0,0,0,4,3,3,9,0,1,2
2011,TBA,AL,gomesbr01,Brandon Gomes,40,0,3,40,40,0,0,0,0,0,0,0,0,0,0,0,0
2011,CIN,NL,gomesjo01,Jonny Gomes,120,81,120,84,0,0,0,0,0,0,73,0,11,84,8,34,1
2011,MIL,NL,gomezca01,Carlos Gomez,94,59,94,87,0,0,0,0,0,0,0,87,0,87,0,5,11
2011,COL,NL,gomezhe01,Hector Gomez,2,1,2,2,0,0,0,0,0,2,0,0,0,0,0,1,0
2011,CLE,AL,gomezje01,Jeanmar Gomez,11,10,0,11,11,0,0,0,0,0,0,0,0,0,0,0,0
2011,BOS,AL,gonzaad01,Adrian Gonzalez,159,159,159,157,0,0,156,0,0,0,0,0,2,2,2,0,0
2011,ATL,NL,gonzaal02,Alex Gonzalez,149,146,149,149,0,0,0,0,0,149,0,0,0,0,0,2,0
2011,SDN,NL,gonzaal03,Alberto Gonzalez,102,61,102,89,0,0,4,41,21,30,0,0,0,0,0,19,2
2011,COL,NL,gonzaca01,Carlos Gonzalez,127,122,127,125,0,0,0,0,0,0,61,30,34,125,0,2,0
2011,COL,NL,gonzaed01,Edgar Gonzalez,1,0,1,1,1,0,0,0,0,0,0,0,0,0,0,0,0
2011,DET,AL,gonzaen01,Enrique Gonzalez,8,0,0,8,8,0,0,0,0,0,0,0,0,0,0,0,0
2011,OAK,AL,gonzagi01,Gio Gonzalez,32,32,2,32,32,0,0,0,0,0,0,0,0,0,0,0,0
2011,BAL,AL,gonzami02,Mike Gonzalez,56,0,3,56,56,0,0,0,0,0,0,0,0,0,0,0,0
2011,KCA,AL,gordoal01,Alex Gordon,151,149,151,150,0,0,7,0,0,0,148,0,0,148,0,1,0
2011,NYA,AL,gordobr01,Brian Gordon,2,2,1,2,2,0,0,0,0,0,0,0,0,0,0,0,0
2011,LAN,NL,gordode01,Dee Gordon,56,51,56,54,0,0,0,0,0,54,0,0,0,0,0,1,3
2011,WAS,NL,gorzeto01,Tom Gorzelanny,30,15,29,30,30,0,0,0,0,0,0,0,0,0,0,0,0
2011,CHN,NL,grabojo02,John Grabow,58,0,55,58,58,0,0,0,0,0,0,0,0,0,0,0,0
2011,NYA,AL,grandcu01,Curtis Granderson,156,151,156,155,0,0,0,0,0,0,0,155,0,155,1,4,0
2011,MIL,NL,greense01,Sean Green,14,0,14,14,14,0,0,0,0,0,0,0,0,0,0,0,0
2011,MIL,NL,greenta01,Taylor Green,20,7,20,10,0,0,0,7,5,0,0,0,0,0,0,12,0
2011,SLN,NL,greenty02,Tyler Greene,58,24,58,48,0,0,0,25,0,20,2,0,8,10,0,13,9
2011,SDN,NL,gregelu01,Luke Gregerson,61,0,61,61,61,0,0,0,0,0,0,0,0,0,0,0,0
2011,BAL,AL,greggke01,Kevin Gregg,63,0,2,63,63,0,0,0,0,0,0,0,0,0,0,0,0
2011,MIL,NL,greinza01,Zack Greinke,29,28,27,28,28,0,0,0,0,0,0,0,0,0,0,1,0
2011,PIT,NL,grillja01,Jason Grilli,28,0,28,28,28,0,0,0,0,0,0,0,0,0,0,0,0
2011,LAN,NL,guerrja01,Javy Guerra,47,0,45,47,47,0,0,0,0,0,0,0,0,0,0,0,0
2011,LAN,NL,guerrma02,Matt Guerrier,70,0,69,70,70,0,0,0,0,0,0,0,0,0,0,0,0
2011,BAL,AL,guerrvl01,Vladimir Guerrero,145,137,145,0,0,0,0,0,0,0,0,0,0,0,137,8,0
2011,DET,AL,guillca01,Carlos Guillen,28,25,28,26,0,0,1,25,0,0,0,0,0,0,1,2,0
2011,BAL,AL,guthrje01,Jeremy Guthrie,35,32,3,34,34,0,0,0,0,0,0,0,0,0,0,0,1
2011,SEA,AL,gutiefr01,Franklin Gutierrez,92,85,92,92,0,0,0,0,0,0,0,92,0,92,0,2,0
2011,ARI,NL,gutieju01,J. C. Gutierrez,20,0,20,20,20,0,0,0,0,0,0,0,0,0,0,0,0
2011,TBA,AL,guyerbr01,Brandon Guyer,15,12,15,14,0,0,0,0,0,0,3,0,11,14,1,1,0
2011,SDN,NL,guzmaje01,Jesus Guzman,76,62,76,59,0,0,53,0,0,0,6,0,1,7,4,14,0
2011,LAN,NL,gwynnto02,Tony Gwynn,136,63,136,121,0,0,0,0,0,0,110,12,2,121,0,27,8
2011,MIN,AL,hackeer01,Eric Hacker,2,0,0,2,2,0,0,0,0,0,0,0,0,0,0,0,0
2011,CLE,AL,hafnetr01,Travis Hafner,94,84,94,0,0,0,0,0,0,0,0,0,0,0,85,10,0
2011,CLE,AL,hagadni01,Nick Hagadone,9,0,0,9,9,0,0,0,0,0,0,0,0,0,0,0,0
2011,MIL,NL,hairsje02,Jerry Hairston,120,92,120,112,0,0,0,30,49,2,23,20,0,42,0,13,4
2011,NYN,NL,hairssc01,Scott Hairston,79,25,79,35,0,0,0,1,0,0,10,10,15,35,3,49,0
2011,PHI,NL,hallaro01,Roy Halladay,32,32,31,32,32,0,0,0,0,0,0,0,0,0,0,0,0
2011,SEA,AL,halmagr01,Greg Halman,35,25,35,35,0,0,0,0,0,0,29,8,2,35,0,1,2
2011,TEX,AL,hambuma01,Mark Hamburger,5,0,0,5,5,0,0,0,0,0,0,0,0,0,0,0,0
2011,PHI,NL,hamelco01,Cole Hamels,33,31,32,32,32,0,0,0,0,0,0,0,0,0,0,1,0
2011,TEX,AL,hamiljo03,Josh Hamilton,121,120,121,112,0,0,0,0,0,0,85,35,0,112,9,0,0
2011,SLN,NL,hamilma01,Mark Hamilton,38,5,38,10,0,0,8,0,0,0,2,0,0,2,2,30,0
2011,COL,NL,hammeja01,Jason Hammel,33,27,32,32,32,0,0,0,0,0,0,0,0,0,0,1,0
2011,ARI,NL,hammoro01,Robby Hammock,2,0,2,1,0,0,0,0,0,0,1,0,0,1,0,1,0
2011,SDN,NL,hamreer01,Erik Hamren,14,0,14,14,14,0,0,0,0,0,0,0,0,0,0,0,0
2011,CIN,NL,hanigry01,Ryan Hanigan,91,73,91,89,0,89,0,0,0,0,0,0,0,0,0,3,0
2011,CLE,AL,hannaja01,Jack Hannahan,110,91,110,108,0,0,8,0,104,0,0,0,0,0,0,2,1
2011,PIT,NL,hanrajo01,Joel Hanrahan,70,0,69,70,70,0,0,0,0,0,0,0,0,0,0,0,0
2011,ATL,NL,hansoto01,Tommy Hanson,22,22,20,22,22,0,0,0,0,0,0,0,0,0,0,0,0
2011,SDN,NL,haranaa01,Aaron Harang,28,28,28,28,28,0,0,0,0,0,0,0,0,0,0,0,0
2011,OAK,AL,harderi01,Rich Harden,15,15,0,15,15,0,0,0,0,0,0,0,0,0,0,0,0
2011,BAL,AL,hardyjj01,J. J. Hardy,129,129,129,129,0,0,0,0,0,129,0,0,0,0,0,0,0
2011,LAA,AL,harenda01,Dan Haren,35,34,2,35,35,0,0,0,0,0,0,0,0,0,0,0,0
2011,CHA,AL,harrelu01,Lucas Harrell,9,2,6,9,9,0,0,0,0,0,0,0,0,0,0,0,0
2011,PIT,NL,harrijo05,Josh Harrison,65,51,65,56,0,0,0,6,50,0,0,0,0,0,0,9,4
2011,TEX,AL,harrima01,Matt Harrison,31,30,3,31,31,0,0,0,0,0,0,0,0,0,0,0,0
2011,NYN,NL,harriwi01,Willie Harris,126,46,126,61,0,0,0,10,7,0,33,7,6,44,2,72,1
2011,FLO,NL,hatchch02,Chris Hatcher,12,0,12,11,11,0,0,0,0,0,0,0,0,0,0,0,1
2011,MIL,NL,hawkila01,LaTroy Hawkins,52,0,49,52,52,0,0,0,0,0,0,0,0,0,0,0,0
2011,LAN,NL,hawksbl01,Blake Hawksworth,49,0,47,49,49,0,0,0,0,0,0,0,0,0,0,0,0
2011,SDN,NL,hawpebr01,Brad Hawpe,62,50,62,51,0,0,44,0,0,0,0,0,7,7,1,11,0
2011,FLO,NL,hayesbr01,Brett Hayes,64,33,64,53,0,50,1,0,0,0,1,0,1,2,0,11,11
2011,SDN,NL,headlch01,Chase Headley,113,102,113,107,0,0,0,0,107,0,0,0,0,0,0,7,1
2011,ARI,NL,heilmaa01,Aaron Heilman,32,0,28,32,32,0,0,0,0,0,0,0,0,0,0,0,0
2011,CIN,NL,heisech01,Chris Heisey,120,54,120,102,0,0,0,0,0,0,88,18,10,102,0,36,1
2011,TBA,AL,hellije01,Jeremy Hellickson,29,29,1,29,29,0,0,0,0,0,0,0,0,0,0,0,0
2011,FLO,NL,helmswe01,Wes Helms,69,18,69,39,0,0,5,2,33,0,0,0,0,0,0,39,0
2011,COL,NL,heltoto01,Todd Helton,124,113,124,119,0,0,119,0,0,0,0,0,0,0,0,5,0
2011,MIN,AL,hendrli01,Liam Hendriks,4,4,0,4,4,0,0,0,0,0,0,0,0,0,0,0,0
2011,BAL,AL,hendrma01,Mark Hendrickson,8,0,0,8,8,0,0,0,0,0,0,0,0,0,0,0,0
2011,FLO,NL,henslcl01,Clay Hensley,37,9,37,37,37,0,0,0,0,0,0,0,0,0,0,0,0
2011,CIN,NL,hermije01,Jeremy Hermida,30,14,30,17,0,0,0,0,0,0,3,0,14,17,0,13,0
2011,ARI,NL,hernada01,David Hernandez,74,0,69,74,74,0,0,0,0,0,0,0,0,0,0,0,0
2011,ATL,NL,hernadi01,Diory Hernandez,22,4,22,10,0,0,1,0,6,3,0,0,0,0,0,15,0
2011,SEA,AL,hernafe02,Felix Hernandez,33,33,2,33,33,0,0,0,0,0,0,0,0,0,0,0,0
2011,WAS,NL,hernali01,Livan Hernandez,31,29,30,29,29,0,0,0,0,0,0,0,0,0,0,2,0
2011,CIN,NL,hernara02,Ramon Hernandez,91,77,91,83,0,82,1,0,0,0,0,0,0,0,0,10,0
2011,PHI,NL,herndda01,David Herndon,45,0,43,45,45,0,0,0,0,0,0,0,0,0,0,0,0
2011,MIL,NL,herreda01,Danny Herrera,18,0,17,18,18,0,0,0,0,0,0,0,0,0,0,0,0
2011,COL,NL,herrejo03,Jonathan Herrera,104,62,104,87,0,0,0,62,9,21,0,0,0,0,0,23,1
2011,KCA,AL,herreke01,Kelvin Herrera,2,0,0,2,2,0,0,0,0,0,0,0,0,0,0,0,0
2011,CLE,AL,herrmfr01,Frank Herrmann,40,0,1,40,40,0,0,0,0,0,0,0,0,0,0,0,0
2011,ATL,NL,heywaja01,Jason Heyward,128,106,128,122,0,0,0,0,0,0,0,0,122,122,0,7,6
2011,ATL,NL,hicksbr01,Brandon Hicks,17,4,17,9,0,0,0,0,6,3,0,0,0,0,0,9,1
2011,ATL,NL,hinsker01,Eric Hinske,117,50,117,57,0,0,13,0,0,0,33,0,16,46,1,64,0
2011,KCA,AL,hochelu01,Luke Hochevar,31,31,1,31,31,0,0,0,0,0,0,0,0,0,0,0,0
2011,LAN,NL,hoffmja01,Jamie Hoffmann,2,1,2,1,0,0,0,0,0,0,1,0,0,1,0,1,0
2011,TEX,AL,hollade01,Derek Holland,32,32,0,32,32,0,0,0,0,0,0,0,0,0,0,0,0
2011,KCA,AL,hollagr01,Greg Holland,46,0,3,46,46,0,0,0,0,0,0,0,0,0,0,0,0
2011,SLN,NL,hollima01,Matt Holliday,124,119,124,115,0,0,0,0,0,0,115,0,0,115,5,5,0
2011,CIN,NL,horstje01,Jeremy Horst,12,0,12,12,12,0,0,0,0,0,0,0,0,0,0,0,0
2011,KCA,AL,hosmeer01,Eric Hosmer,128,127,128,127,0,0,127,0,0,0,0,0,0,0,0,1,0
2011,BOS,AL,hottoto01,Tommy Hottovy,8,0,1,8,8,0,0,0,0,0,0,0,0,0,0,0,0
2011,PHI,NL,howarry01,Ryan Howard,152,146,152,149,0,0,149,0,0,0,0,0,0,0,1,4,1
2011,TBA,AL,howeljp01,J. P. Howell,46,0,4,46,46,0,0,0,0,0,0,0,0,0,0,0,0
2011,ARI,NL,hudsoda01,Daniel Hudson,33,33,32,33,33,0,0,0,0,0,0,0,0,0,0,0,0
2011,BAL,AL,hudsoky01,Kyle Hudson,14,8,14,10,0,0,0,0,0,0,8,2,0,10,1,0,4
2011,SDN,NL,hudsoor01,Orlando Hudson,119,111,119,114,0,0,0,114,0,0,0,0,0,0,0,7,0
2011,ATL,NL,hudsoti01,Tim Hudson,33,33,32,33,33,0,0,0,0,0,0,0,0,0,0,0,0
2011,MIN,AL,hughedu01,Dusty Hughes,15,0,1,15,15,0,0,0,0,0,0,0,0,0,0,0,0
2011,PIT,NL,hugheja02,Jared Hughes,12,0,12,12,12,0,0,0,0,0,0,0,0,0,0,0,0
2011,MIN,AL,hughelu01,Luke Hughes,96,77,96,82,0,0,36,37,13,0,0,0,0,0,3,10,7
2011,NYA,AL,hugheph01,Phil Hughes,17,14,0,17,17,0,0,0,0,0,0,0,0,0,0,0,0
2011,CHA,AL,humbeph01,Philip Humber,28,26,2,28,28,0,0,0,0,0,0,0,0,0,0,0,0
2011,SDN,NL,hundlni01,Nick Hundley,82,73,82,76,0,76,0,0,0,0,0,0,0,0,0,9,0
2011,SDN,NL,huntece01,Cedric Hunter,6,0,6,2,0,0,0,0,0,0,0,2,0,2,0,4,1
2011,LAA,AL,hunteto01,Torii Hunter,156,153,156,137,0,0,0,0,0,0,0,1,136,137,19,0,0
2011,BAL,AL,hunteto02,Tommy Hunter,20,11,0,20,20,0,0,0,0,0,0,0,0,0,0,0,0
2011,COL,NL,iannech01,Chris Iannetta,112,105,112,107,0,105,2,0,1,0,0,0,0,0,0,6,0
2011,PHI,NL,ibanera01,Raul Ibanez,144,132,144,134,0,0,0,0,0,0,134,0,0,134,1,11,0
2011,NYN,NL,igarary01,Ryota Igarashi,45,0,45,45,45,0,0,0,0,0,0,0,0,0,0,0,0
2011,BOS,AL,iglesjo01,Jose Iglesias,10,1,10,8,0,0,0,0,0,8,0,0,0,0,0,0,5
2011,FLO,NL,infanom01,Omar Infante,148,145,148,146,0,0,0,146,0,0,0,0,0,0,0,2,0
2011,HOU,NL,inglejo01,Joe Inglett,20,2,20,3,0,0,0,3,2,0,0,0,0,0,0,18,0
2011,NYN,NL,isrinja01,Jason Isringhausen,53,0,50,53,53,0,0,0,0,0,0,0,0,0,0,0,0
2011,BAL,AL,izturce01,Cesar Izturis,18,10,18,16,0,0,0,3,1,12,0,0,0,0,1,0,3
2011,LAA,AL,izturma01,Maicer Izturis,122,105,122,98,0,0,0,49,37,16,0,0,0,0,12,17,0
2011,DET,AL,jacksau01,Austin Jackson,153,142,153,152,0,0,0,0,0,0,0,152,0,152,1,2,3
2011,BOS,AL,jacksco01,Conor Jackson,114,88,114,105,0,0,53,0,7,0,23,0,31,52,1,20,0
2011,CHA,AL,jacksed01,Edwin Jackson,32,31,15,32,32,0,0,0,0,0,0,0,0,0,0,0,0
2011,BAL,AL,jakubch01,Chris Jakubauskas,34,6,2,33,33,0,0,0,0,0,0,0,0,0,0,0,1
2011,MIN,AL,jamesch03,Chuck James,8,0,0,8,8,0,0,0,0,0,0,0,0,0,0,0,0
2011,CIN,NL,janispa01,Paul Janish,114,90,114,113,0,0,0,5,8,103,0,0,0,0,0,2,1
2011,LAN,NL,janseke01,Kenley Jansen,51,0,48,51,51,0,0,0,0,0,0,0,0,0,0,0,0
2011,TOR,AL,janssca01,Casey Janssen,55,0,0,55,55,0,0,0,0,0,0,0,0,0,0,0,0
2011,PIT,NL,jaramja01,Jason Jaramillo,23,7,23,14,0,14,0,0,0,0,0,0,0,0,0,13,0
2011,KCA,AL,jeffrje01,Jeremy Jeffress,14,0,0,14,14,0,0,0,0,0,0,0,0,0,0,0,0
2011,BOS,AL,jenksbo01,Bobby Jenks,19,0,3,19,19,0,0,0,0,0,0,0,0,0,0,0,0
2011,TBA,AL,jennide01,Desmond Jennings,63,61,63,60,0,0,0,0,0,0,53,8,1,60,1,2,0
2011,LAA,AL,jepseke01,Kevin Jepsen,16,0,0,16,16,0,0,0,0,0,0,0,0,0,0,0,0
2011,NYA,AL,jeterde01,Derek Jeter,131,131,131,122,0,0,0,0,0,122,0,0,0,0,10,0,0
2011,SEA,AL,jimence01,Cesar Jimenez,8,0,0,8,8,0,0,0,0,0,0,0,0,0,0,0,0
2011,CLE,AL,jimenub01,Ubaldo Jimenez,32,32,20,32,32,0,0,0,0,0,0,0,0,0,0,0,0
2011,SFN,NL,joaquwa01,Waldis Joaquin,5,0,5,5,5,0,0,0,0,0,0,0,0,0,0,0,0
2011,COL,NL,johnsal02,Alan Johnson,1,1,1,1,1,0,0,0,0,0,0,0,0,0,0,0,0
2011,HOU,NL,johnsch05,Chris Johnson,107,98,107,101,0,0,0,0,101,0,0,0,0,0,0,7,1
2011,TBA,AL,johnsda06,Dan Johnson,31,22,31,22,0,0,21,0,3,0,0,0,0,0,3,7,0
2011,TBA,AL,johnsel02,Elliot Johnson,70,41,70,61,0,0,2,9,0,52,1,1,0,2,0,16,6
2011,BAL,AL,johnsji04,Jim Johnson,69,0,3,69,69,0,0,0,0,0,0,0,0,0,0,0,0
2011,FLO,NL,johnsjo09,Josh Johnson,9,9,9,9,9,0,0,0,0,0,0,0,0,0,0,0,0
2011,ARI,NL,johnske05,Kelly Johnson,147,138,147,141,0,0,0,141,0,0,0,0,0,0,0,8,0
2011,CHN,NL,johnsre02,Reed Johnson,111,49,111,84,0,0,0,0,0,0,27,24,44,84,0,33,1
2011,SDN,NL,johnsro07,Rob Johnson,67,54,67,63,0,63,0,0,0,0,0,0,0,0,0,7,2
2011,BAL,AL,jonesad01,Adam Jones,151,145,151,148,0,0,0,0,0,0,0,148,0,148,2,0,3
2011,NYA,AL,jonesan01,Andruw Jones,77,58,77,57,0,0,0,0,0,0,39,0,19,57,16,12,1
2011,ATL,NL,jonesch06,Chipper Jones,126,114,126,116,0,0,0,0,116,0,0,0,0,0,3,11,0
2011,PIT,NL,jonesga02,Garrett Jones,148,109,148,121,0,0,34,0,0,0,0,0,90,90,2,33,1
2011,TBA,AL,joycema01,Matthew Joyce,141,121,141,136,0,0,0,0,0,0,15,0,126,136,1,16,0
2011,ATL,NL,jurrjja01,Jair Jurrjens,23,23,23,23,23,0,0,0,0,0,0,0,0,0,0,0,0
2011,KCA,AL,kaaihki01,Kila Ka'aihue,23,23,23,19,0,0,19,0,0,0,0,0,0,0,4,0,0
2011,PIT,NL,karstje01,Jeff Karstens,30,26,28,30,30,0,0,0,0,0,0,0,0,0,0,0,0
2011,LAA,AL,kazmisc01,Scott Kazmir,1,1,0,1,1,0,0,0,0,0,0,0,0,0,0,0,0
2011,CLE,AL,kearnau01,Austin Kearns,57,44,57,54,0,0,0,0,0,0,36,0,19,54,1,3,3
2011,SEA,AL,kellesh01,Shawn Kelley,10,0,0,10,10,0,0,0,0,0,0,0,0,0,0,0,0
2011,DET,AL,kellydo01,Don Kelly,113,62,112,107,1,1,15,0,45,0,17,4,39,58,2,9,9
2011,LAA,AL,kendrho01,Howie Kendrick,140,136,140,138,0,0,17,108,0,0,23,0,0,23,0,3,0
2011,PHI,NL,kendrky01,Kyle Kendrick,35,14,34,34,34,0,0,0,0,0,0,0,0,0,0,0,1
2011,SEA,AL,kennead01,Adam Kennedy,114,96,114,87,0,0,36,34,27,0,0,0,0,0,17,12,4
2011,ARI,NL,kenneia01,Ian Kennedy,34,33,32,33,33,0,0,0,0,0,0,0,0,0,0,1,0
2011,HOU,NL,keppije01,Jeff Keppinger,99,92,99,93,0,0,0,93,0,0,0,0,0,0,0,7,0
2011,LAN,NL,kershcl01,Clayton Kershaw,33,33,32,33,33,0,0,0,0,0,0,0,0,0,0,0,0
2011,WAS,NL,kimbaco01,Cole Kimball,12,0,11,12,12,0,0,0,0,0,0,0,0,0,0,0,0
2011,ATL,NL,kimbrcr01,Craig Kimbrel,79,0,75,79,79,0,0,0,0,0,0,0,0,0,0,0,0
2011,CHA,AL,kinnejo01,Josh Kinney,13,0,0,13,13,0,0,0,0,0,0,0,0,0,0,0,0
2011,TEX,AL,kinslia01,Ian Kinsler,155,154,155,144,0,0,0,144,0,0,0,0,0,0,11,1,0
2011,MIL,NL,kintzbr01,Brandon Kintzler,9,0,9,9,9,0,0,0,0,0,0,0,0,0,0,0,0
2011,CLE,AL,kipnija01,Jason Kipnis,36,34,36,36,0,0,0,36,0,0,0,0,0,0,0,1,0
2011,TEX,AL,kirkmmi01,Michael Kirkman,15,0,1,15,15,0,0,0,0,0,0,0,0,0,0,0,0
2011,CLE,AL,klubeco01,Corey Kluber,3,0,0,3,3,0,0,0,0,0,0,0,0,0,0,0,0
2011,CHA,AL,konerpa01,Paul Konerko,149,147,149,111,0,0,111,0,0,0,0,0,0,0,37,2,0
2011,NYA,AL,kontoge01,George Kontos,7,0,0,7,7,0,0,0,0,0,0,0,0,0,0,0,0
2011,TBA,AL,kotchca01,Casey Kotchman,146,135,146,146,0,0,146,0,0,0,0,0,0,0,0,1,0
2011,MIL,NL,kotsama01,Mark Kotsay,104,50,104,63,0,0,11,0,0,0,19,10,30,54,0,45,0
2011,MIL,NL,kottage01,George Kottaras,49,31,49,36,0,36,0,0,0,0,0,0,0,0,0,14,0
2011,COL,NL,kouzmke01,Kevin Kouzmanoff,73,66,73,71,0,0,0,0,71,0,0,0,0,0,0,4,0
2011,SLN,NL,kozmape01,Pete Kozma,16,3,16,14,0,0,0,10,1,3,0,0,0,0,0,5,2
2011,PHI,NL,kratzer01,Erik Kratz,2,1,2,1,0,1,0,0,0,0,0,0,0,0,0,1,0
2011,ARI,NL,kroenza01,Zach Kroenke,4,0,4,4,4,0,0,0,0,0,0,0,0,0,0,0,0
2011,MIN,AL,kubelja01,Jason Kubel,99,94,99,58,0,0,0,0,0,0,9,0,50,58,37,5,0
2011,LAN,NL,kurodhi01,Hiroki Kuroda,32,32,30,32,32,0,0,0,0,0,0,0,0,0,0,0,0
2011,BOS,AL,lackejo01,John Lackey,28,28,1,28,28,0,0,0,0,0,0,0,0,0,0,0,0
2011,NYA,AL,laffeaa01,Aaron Laffey,47,0,1,47,47,0,0,0,0,0,0,0,0,0,0,0,0
2011,CHN,NL,lahaibr01,Bryan LaHair,20,16,20,17,0,0,4,0,0,0,5,0,9,14,0,3,0
2011,NYA,AL,lairdbr01,Brandon Laird,11,6,11,11,0,0,3,0,9,0,0,0,0,0,0,1,0
2011,SLN,NL,lairdge01,Gerald Laird,37,22,37,32,0,31,1,0,0,0,0,0,0,0,1,7,1
2011,SEA,AL,langery01,Ryan Langerhans,19,15,19,17,0,0,0,0,0,0,5,12,1,17,1,1,2
2011,WAS,NL,lannajo01,John Lannan,33,33,31,33,33,0,0,0,0,0,0,0,0,0,0,0,0
2011,CLE,AL,laporma01,Matt LaPorta,107,96,107,97,0,0,97,0,0,0,0,0,0,0,8,6,0
2011,WAS,NL,larocad01,Adam LaRoche,43,42,43,43,0,0,43,0,0,0,0,0,0,0,0,0,0
2011,OAK,AL,larocan01,Andy LaRoche,40,28,40,40,0,0,1,8,27,9,0,0,0,0,0,0,0
2011,SDN,NL,latosma01,Mat Latos,31,31,29,31,31,0,0,0,0,0,0,0,0,0,0,0,0
2011,BOS,AL,lavarry01,Ryan Lavarnway,17,9,17,8,0,8,0,0,0,0,0,0,0,0,8,2,0
2011,TOR,AL,lawribr01,Brett Lawrie,43,43,43,43,0,0,0,0,43,0,0,0,0,0,0,0,0
2011,SEA,AL,leagubr01,Brandon League,65,0,3,65,65,0,0,0,0,0,0,0,0,0,0,0,0
2011,CIN,NL,leakemi01,Mike Leake,38,26,37,29,29,0,0,0,0,0,0,0,0,0,0,1,8
2011,SDN,NL,leblawa01,Wade LeBlanc,14,14,13,14,14,0,0,0,0,0,0,0,0,0,0,0,0
2011,CIN,NL,lecursa01,Sam LeCure,43,4,40,43,43,0,0,0,0,0,0,0,0,0,0,0,0
2011,TOR,AL,ledezwi01,Wil Ledezma,5,0,0,5,5,0,0,0,0,0,0,0,0,0,0,0,0
2011,CHN,NL,lemahdj01,DJ LeMahieu,37,15,37,27,0,0,1,15,11,0,0,0,0,0,0,8,4
2011,PIT,NL,lerouch01,Chris Leroux,23,0,23,23,23,0,0,0,0,0,0,0,0,0,0,0,0
2011,BOS,AL,lestejo01,Jon Lester,31,31,2,31,31,0,0,0,0,0,0,0,0,0,0,0,0
2011,TEX,AL,lewisco01,Colby Lewis,32,32,3,32,32,0,0,0,0,0,0,0,0,0,0,0,0
2011,CIN,NL,lewisfr02,Fred Lewis,81,45,81,48,0,0,0,0,0,0,45,0,4,48,1,33,1
2011,TOR,AL,lewisro01,Rommie Lewis,6,0,0,6,6,0,0,0,0,0,0,0,0,0,0,0,0
2011,SEA,AL,liddial01,Alex Liddi,15,13,15,14,0,0,0,0,14,0,0,0,0,0,0,1,0
2011,PHI,NL,lidgebr01,Brad Lidge,25,0,25,25,25,0,0,0,0,0,0,0,0,0,0,0,0
2011,CHA,AL,lillibr01,Brent Lillibridge,97,46,97,83,0,0,22,6,0,0,9,11,43,59,6,9,24
2011,LAN,NL,lillyte01,Ted Lilly,34,33,32,33,33,0,0,0,0,0,0,0,0,0,0,0,1
2011,SFN,NL,linceti01,Tim Lincecum,33,33,32,33,33,0,0,0,0,0,0,0,0,0,0,0,0
2011,PIT,NL,lincobr01,Brad Lincoln,13,8,13,12,12,0,0,0,0,0,0,0,0,0,0,1,0
2011,LAN,NL,lindbjo01,Josh Lindblom,27,0,27,27,27,0,0,0,0,0,0,0,0,0,0,0,0
2011,COL,NL,lindsma01,Matt Lindstrom,63,0,61,63,63,0,0,0,0,0,0,0,0,0,0,0,0
2011,CHA,AL,lindssh01,Shane Lindsay,4,0,0,4,4,0,0,0,0,0,0,0,0,0,0,0,0
2011,ATL,NL,linebsc01,Scott Linebrink,64,0,62,64,64,0,0,0,0,0,0,0,0,0,0,0,0
2011,MIN,AL,liriafr01,Francisco Liriano,26,24,2,26,26,0,0,0,0,0,0,0,0,0,0,0,0
2011,TOR,AL,litscje01,Jesse Litsch,28,8,1,28,28,0,0,0,0,0,0,0,0,0,0,0,0
2011,TBA,AL,lobatjo01,Jose Lobaton,15,9,15,14,0,14,0,0,0,0,0,0,0,0,0,3,0
2011,PIT,NL,lockeje01,Jeff Locke,4,4,4,4,4,0,0,0,0,0,0,0,0,0,0,0,0
2011,TOR,AL,loewead01,Adam Loewen,14,10,14,8,0,0,0,0,0,0,1,3,4,8,3,1,2
2011,NYA,AL,loganbo02,Boone Logan,64,0,4,64,64,0,0,0,0,0,0,0,0,0,0,0,0
2011,SLN,NL,lohseky01,Kyle Lohse,35,30,33,30,30,0,0,0,0,0,0,0,0,0,0,3,2
2011,WAS,NL,lombast02,Steve Lombardozzi,13,6,13,6,0,0,0,3,3,1,0,0,0,0,0,7,0
2011,LAN,NL,loneyja01,James Loney,158,134,158,150,0,0,150,0,0,0,0,0,0,0,1,14,0
2011,TBA,AL,longoev01,Evan Longoria,133,131,133,130,0,0,0,0,130,0,0,0,0,0,3,2,0
2011,MIL,NL,lopezfe01,Felipe Lopez,48,36,48,41,0,0,6,11,24,0,0,0,0,0,2,10,0
2011,SFN,NL,lopezja02,Javier Lopez,70,0,67,70,70,0,0,0,0,0,0,0,0,0,0,0,0
2011,COL,NL,lopezjo01,Jose Lopez,82,55,82,61,0,0,8,20,39,0,0,0,0,0,2,24,0
2011,CHN,NL,lopezro01,Rodrigo Lopez,26,16,25,26,26,0,0,0,0,0,0,0,0,0,0,0,0
2011,HOU,NL,lopezwi01,Wilton Lopez,73,0,70,73,73,0,0,0,0,0,0,0,0,0,0,0,0
2011,BOS,AL,lowrije01,Jed Lowrie,88,77,88,82,0,0,4,1,33,50,0,0,0,0,2,7,0
2011,MIL,NL,lucrojo01,Jonathan Lucroy,136,114,136,132,0,132,0,0,0,0,0,0,0,0,0,14,0
2011,PIT,NL,ludwiry01,Ryan Ludwick,139,133,139,131,0,0,0,0,0,0,117,0,14,131,4,5,0
2011,SDN,NL,luebkco01,Cory Luebke,47,17,44,46,46,0,0,0,0,0,0,0,0,0,0,0,1
2011,SEA,AL,luekejo01,Josh Lueke,25,0,0,25,25,0,0,0,0,0,0,0,0,0,0,0,0
2011,HOU,NL,lylesjo01,Jordan Lyles,20,15,19,20,20,0,0,0,0,0,0,0,0,0,0,0,0
2011,LAN,NL,macdomi01,Mike MacDougal,69,0,67,69,69,0,0,0,0,0,0,0,0,0,0,0,0
2011,PHI,NL,madsory01,Ryan Madson,62,0,61,62,62,0,0,0,0,0,0,0,0,0,0,0,0
2011,OAK,AL,magnutr01,Trystan Magnuson,9,0,0,9,9,0,0,0,0,0,0,0,0,0,0,0,0
2011,PIT,NL,maholpa01,Paul Maholm,26,26,24,26,26,0,0,0,0,0,0,0,0,0,0,0,0
2011,KCA,AL,maiermi01,Mitch Maier,45,20,44,30,1,0,0,0,0,0,11,9,10,29,3,12,6
2011,CHN,NL,mainesc01,Scott Maine,7,0,5,7,7,0,0,0,0,0,0,0,0,0,0,0,0
2011,MIL,NL,maldoma01,Martin Maldonado,3,0,3,3,0,3,0,0,0,0,0,0,0,0,0,1,0
2011,CIN,NL,malonma02,Matt Maloney,8,1,8,8,8,0,0,0,0,0,0,0,0,0,0,0,0
2011,MIN,AL,manshje01,Jeff Manship,5,0,0,5,5,0,0,0,0,0,0,0,0,0,0,0,0
2011,MIL,NL,marcush01,Shaun Marcum,33,33,31,33,33,0,0,0,0,0,0,0,0,0,0,0,0
2011,BAL,AL,markani01,Nick Markakis,160,160,160,159,0,0,3,0,0,0,0,0,157,157,1,0,0
2011,CHN,NL,marmoca01,Carlos Marmol,75,0,72,75,75,0,0,0,0,0,0,0,0,0,0,0,0
2011,ARI,NL,marquja01,Jason Marquis,28,23,26,23,23,0,0,0,0,0,0,0,0,0,0,2,3
2011,NYA,AL,marquje01,Jeff Marquez,3,0,1,3,3,0,0,0,0,0,0,0,0,0,0,0,0
2011,WAS,NL,marrech01,Chris Marrero,31,28,31,31,0,0,31,0,0,0,0,0,0,0,0,1,0
2011,CHN,NL,marshse01,Sean Marshall,78,0,75,78,78,0,0,0,0,0,0,0,0,0,0,0,0
2011,CLE,AL,marsolo01,Lou Marson,79,74,79,78,0,78,0,0,0,0,0,0,0,0,1,1,0
2011,DET,AL,martelu01,Luis Marte,4,0,0,4,4,0,0,0,0,0,0,0,0,0,0,0,0
2011,ATL,NL,marticr01,Cristhian Martinez,46,0,45,46,46,0,0,0,0,0,0,0,0,0,0,0,0
2011,NYN,NL,martife02,Fernando Martinez,11,4,11,3,0,0,0,0,0,0,1,0,3,3,2,6,0
2011,HOU,NL,martijd02,J. D. Martinez,53,52,53,52,0,0,0,0,0,0,51,0,1,52,0,1,0
2011,TEX,AL,martile01,Leonys Martin,8,1,8,8,0,0,0,0,0,0,0,8,0,8,0,3,0
2011,SDN,NL,martilu02,Luis Martinez,22,16,22,19,0,19,0,0,0,0,0,0,0,0,0,4,0
2011,PHI,NL,martimi02,Michael Martinez,88,48,88,68,0,0,0,19,26,13,2,12,0,14,0,20,8
2011,FLO,NL,martios01,Osvaldo Martinez,20,1,20,7,0,0,0,0,1,6,0,0,0,0,0,13,3
2011,NYA,AL,martiru01,Russell Martin,125,118,125,125,0,125,0,1,3,0,0,0,0,0,0,3,1
2011,DET,AL,martivi01,Victor Martinez,145,144,145,32,0,26,6,0,0,0,0,0,0,0,112,1,0
2011,CIN,NL,masseni01,Nick Masset,75,0,72,75,75,0,0,0,0,0,0,0,0,0,0,0,0
2011,CLE,AL,masteju01,Justin Masterson,34,33,2,34,34,0,0,0,0,0,0,0,0,0,0,0,0
2011,TOR,AL,mastrda01,Darin Mastroianni,1,1,1,1,0,0,0,0,0,0,0,1,0,1,0,0,0
2011,CHN,NL,mateoma01,Marcos Mateo,23,0,23,23,23,0,0,0,0,0,0,0,0,0,0,0,0
2011,ATL,NL,mathejo02,Joe Mather,36,16,36,27,0,0,1,0,1,0,4,3,22,25,0,13,2
2011,LAA,AL,mathije01,Jeff Mathis,93,79,93,91,0,91,0,0,0,0,0,0,0,0,2,2,0
2011,PHI,NL,mathisc01,Scott Mathieson,4,0,4,4,4,0,0,0,0,0,0,0,0,0,0,0,0
2011,BOS,AL,matsuda01,Daisuke Matsuzaka,8,7,0,8,8,0,0,0,0,0,0,0,0,0,0,0,0
2011,OAK,AL,matsuhi01,Hideki Matsui,141,135,141,27,0,0,0,0,0,0,27,0,0,27,109,6,0
2011,WAS,NL,matthry01,Ryan Mattheus,35,0,31,35,35,0,0,0,0,0,0,0,0,0,0,0,0
2011,BAL,AL,matusbr01,Brian Matusz,12,12,1,12,12,0,0,0,0,0,0,0,0,0,0,0,0
2011,MIN,AL,mauerjo01,Joe Mauer,82,78,82,66,0,52,18,0,0,0,0,0,1,1,14,4,0
2011,PHI,NL,maybejo02,John Mayberry,104,60,104,73,0,0,18,0,0,0,21,32,10,61,0,35,4
2011,SDN,NL,maybica01,Cameron Maybin,137,132,137,136,0,0,0,0,0,0,0,136,0,136,0,2,1
2011,KCA,AL,mazzavi01,Vin Mazzaro,7,4,1,7,7,0,0,0,0,0,0,0,0,0,0,0,0
2011,CLE,AL,mcallza01,Zach McAllister,4,4,0,4,4,0,0,0,0,0,0,0,0,0,0,0,0
2011,ATL,NL,mccanbr01,Brian McCann,128,120,128,126,0,126,0,0,0,0,0,0,0,0,2,6,0
2011,OAK,AL,mccarbr01,Brandon McCarthy,25,25,0,25,25,0,0,0,0,0,0,0,0,0,0,0,0
2011,SLN,NL,mccleky01,Kyle McClellan,44,17,43,43,43,0,0,0,0,0,0,0,0,0,0,0,1
2011,MIL,NL,mcclemi01,Mike McClendon,9,0,9,9,9,0,0,0,0,0,0,0,0,0,0,0,0
2011,TOR,AL,mccoymi01,Mike McCoy,80,52,80,71,1,0,0,10,16,26,0,16,5,20,5,3,11
2011,PIT,NL,mccutan01,Andrew McCutchen,158,155,158,156,0,0,0,0,0,0,0,156,0,156,1,2,0
2011,PIT,NL,mccutda01,Daniel McCutchen,73,0,73,73,73,0,0,0,0,0,0,0,0,0,0,0,0
2011,BOS,AL,mcdonda02,Darnell McDonald,79,40,79,67,1,0,0,0,0,0,23,13,37,67,5,9,13
2011,PIT,NL,mcdonja03,James McDonald,31,31,31,31,31,0,0,0,0,0,0,0,0,0,0,0,0
2011,ARI,NL,mcdonjo03,John McDonald,84,56,84,80,0,0,0,21,26,38,0,0,0,0,0,3,5
2011,TBA,AL,mcgeeja01,Jake McGee,37,0,3,37,37,0,0,0,0,0,0,0,0,0,0,0,0
2011,MIL,NL,mcgehca01,Casey McGehee,155,140,155,148,0,0,5,0,147,0,0,0,0,0,1,9,0
2011,TOR,AL,mcgowdu01,Dustin McGowan,5,4,0,5,5,0,0,0,0,0,0,0,0,0,0,0,0
2011,PIT,NL,mckenmi01,Michael McKenry,58,54,58,58,0,58,0,0,1,0,0,0,0,0,0,0,0
2011,ATL,NL,mclouna01,Nate McLouth,81,80,81,80,0,0,0,0,0,0,26,56,3,80,0,1,0
2011,CHA,AL,mcpheda01,Dallas McPherson,11,3,11,10,0,0,6,0,5,0,0,0,0,0,0,2,2
2011,ATL,NL,medlekr01,Kris Medlen,2,0,2,2,2,0,0,0,0,0,0,0,0,0,0,0,0
2011,HOU,NL,melanma01,Mark Melancon,71,0,67,71,71,0,0,0,0,0,0,0,0,0,0,0,0
2011,KCA,AL,mendolu01,Luis Mendoza,2,2,0,2,2,0,0,0,0,0,0,0,0,0,0,0,0
2011,CIN,NL,mesorde01,Devin Mesoraco,18,13,18,16,0,16,0,0,0,0,0,0,0,0,0,3,0
2011,HOU,NL,michaja01,Jason Michaels,89,29,89,41,0,0,0,0,0,0,26,0,16,41,0,51,1
2011,ARI,NL,mickoka01,Kam Mickolio,6,0,6,6,6,0,0,0,0,0,0,0,0,0,0,0,0
2011,MIN,AL,mijarjo01,Jose Mijares,58,0,4,58,58,0,0,0,0,0,0,0,0,0,0,0,0
2011,LAN,NL,milesaa01,Aaron Miles,136,110,136,125,0,0,0,72,61,1,0,0,0,0,0,18,0
2011,ARI,NL,mileywa01,Wade Miley,8,7,8,8,8,0,0,0,0,0,0,0,0,0,0,0,0
2011,BOS,AL,millean01,Andrew Miller,17,12,2,17,17,0,0,0,0,0,0,0,0,0,0,0,0
2011,OAK,AL,milleja04,Jai Miller,7,2,7,5,0,0,0,0,0,0,0,3,2,5,0,3,1
2011,COL,NL,milleji02,Jim Miller,6,0,6,6,6,0,0,0,0,0,0,0,0,0,0,0,0
2011,CHA,AL,millela02,Lastings Milledge,2,1,2,2,0,0,0,0,0,0,2,0,0,2,0,0,0
2011,BOS,AL,milletr02,Trever Miller,48,0,35,48,48,0,0,0,0,0,0,0,0,0,0,0,0
2011,TOR,AL,millsbr02,Brad Mills,5,4,0,5,5,0,0,0,0,0,0,0,0,0,0,0,0
2011,COL,NL,millwke01,Kevin Millwood,9,9,9,9,9,0,0,0,0,0,0,0,0,0,0,0,0
2011,WAS,NL,milonto01,Tommy Milone,5,5,5,5,5,0,0,0,0,0,0,0,0,0,0,0,0
2011,ATL,NL,minormi01,Mike Minor,15,15,15,15,15,0,0,0,0,0,0,0,0,0,0,0,0
2011,ARI,NL,miranju01,Juan Miranda,65,46,65,46,0,0,46,0,0,0,0,0,0,0,0,19,0
2011,NYN,NL,mischpa01,Pat Misch,6,0,5,6,6,0,0,0,0,0,0,0,0,0,0,0,0
2011,LAN,NL,mitchru01,Russ Mitchell,25,14,25,17,0,0,6,0,11,0,0,0,1,1,0,8,1
2011,MIL,NL,mitrese01,Sergio Mitre,26,0,22,26,26,0,0,0,0,0,0,0,0,0,0,0,0
2011,NYA,AL,molingu01,Gustavo Molina,3,2,3,3,0,3,0,0,0,0,0,0,0,0,0,0,0
2011,TOR,AL,molinjo01,Jose Molina,55,48,55,48,0,48,0,0,0,0,0,0,0,0,4,3,0
2011,SLN,NL,molinya01,Yadier Molina,139,132,139,138,0,138,2,0,0,0,0,0,0,0,0,2,0
2011,CHN,NL,montalu01,Luis Montanez,36,12,36,25,0,0,0,0,0,0,10,1,14,25,0,12,3
2011,NYA,AL,monteje01,Jesus Montero,18,17,18,3,0,3,0,0,0,0,0,0,0,0,14,1,0
2011,ARI,NL,montemi01,Miguel Montero,140,131,140,134,0,134,0,0,0,0,0,0,0,0,0,9,0
2011,SEA,AL,mooread01,Adam Moore,2,2,2,2,0,2,0,0,0,0,0,0,0,0,0,0,0
2011,LAA,AL,mooreje02,Jeremy Moore,8,1,8,5,0,0,0,0,0,0,2,0,3,5,0,1,3
2011,TBA,AL,moorema02,Matt Moore,3,1,0,3,3,0,0,0,0,0,0,0,0,0,0,0,0
2011,BOS,AL,moralfr01,Franklin Morales,50,0,17,50,50,0,0,0,0,0,0,0,0,0,0,0,0
2011,COL,NL,moraljo02,Jose Morales,22,17,22,19,0,17,0,2,0,0,0,0,0,0,0,4,0
2011,CHA,AL,morelbr01,Brent Morel,126,116,126,125,0,0,0,0,125,0,0,0,0,0,0,1,0
2011,TEX,AL,morelmi01,Mitch Moreland,134,124,134,123,0,0,99,0,0,0,0,0,34,34,8,6,0
2011,MIL,NL,morgany01,Nyjer Morgan,119,90,119,111,0,0,0,0,0,0,17,95,20,111,0,18,2
2011,MIN,AL,morneju01,Justin Morneau,69,68,69,56,0,0,56,0,0,0,0,0,0,0,13,1,0
2011,FLO,NL,morrilo01,Logan Morrison,123,119,123,120,0,0,1,0,0,0,119,0,0,119,1,3,0
2011,TOR,AL,morrobr01,Brandon Morrow,30,30,2,30,30,0,0,0,0,0,0,0,0,0,0,0,0
2011,WAS,NL,morsemi01,Mike Morse,146,133,146,138,0,0,85,0,0,0,55,0,0,55,1,12,0
2011,COL,NL,mortecl01,Clayton Mortensen,16,6,15,16,16,0,0,0,0,0,0,0,0,0,0,0,0
2011,PIT,NL,mortoch02,Charlie Morton,29,29,29,29,29,0,0,0,0,0,0,0,0,0,0,0,0
2011,OAK,AL,moscogu01,Guillermo Moscoso,23,21,1,23,23,0,0,0,0,0,0,0,0,0,0,0,0
2011,SDN,NL,moseldu01,Dustin Moseley,20,20,18,20,20,0,0,0,0,0,0,0,0,0,0,0,0
2011,PIT,NL,moskoda01,Daniel Moskos,31,0,30,31,31,0,0,0,0,0,0,0,0,0,0,0,0
2011,SLN,NL,motteja01,Jason Motte,78,0,74,78,78,0,0,0,0,0,0,0,0,0,0,0,0
2011,KCA,AL,moustmi01,Mike Moustakas,89,89,89,89,0,0,0,0,89,0,0,0,0,0,0,0,0
2011,ATL,NL,moylape01,Peter Moylan,13,0,13,13,13,0,0,0,0,0,0,0,0,0,0,0,0
2011,FLO,NL,mujiced01,Edward Mujica,67,0,64,67,67,0,0,0,0,0,0,0,0,0,0,0,0
2011,TEX,AL,murphda07,David Murphy,120,105,120,109,0,0,0,0,0,0,78,13,32,109,9,10,1
2011,NYN,NL,murphda08,Daniel Murphy,109,90,109,99,0,0,52,24,28,0,1,0,0,1,0,19,0
2011,FLO,NL,murphdo01,Donnie Murphy,36,22,36,33,0,0,0,1,15,18,0,0,0,0,0,7,2
2011,HOU,NL,myersbr01,Brett Myers,34,33,32,34,34,0,0,0,0,0,0,0,0,0,0,0,0
2011,TEX,AL,napolmi01,Mike Napoli,113,102,113,92,0,61,35,0,0,0,0,0,0,0,19,7,0
2011,MIL,NL,narvech01,Chris Narveson,30,28,29,30,30,0,0,0,0,0,0,0,0,0,0,0,0
2011,MIN,AL,nathajo01,Joe Nathan,48,0,2,48,48,0,0,0,0,0,0,0,0,0,0,0,0
2011,LAN,NL,navardi01,Dioner Navarro,64,46,64,54,0,54,0,0,0,0,0,0,0,0,1,11,0
2011,LAA,AL,navaref01,Efren Navarro,8,2,8,8,0,0,8,0,0,0,0,0,0,0,0,2,0
2011,BOS,AL,navarya01,Yamaico Navarro,22,15,22,21,0,0,0,0,16,4,3,0,0,3,0,2,1
2011,COL,NL,nelsoch01,Chris Nelson,63,39,63,52,0,0,0,29,24,2,0,0,0,0,0,11,2
2011,SDN,NL,neshepa01,Pat Neshek,25,0,22,25,25,0,0,0,0,0,0,0,0,0,0,0,0
2011,COL,NL,nicasju01,Juan Nicasio,13,13,11,13,13,0,0,0,0,0,0,0,0,0,0,0,0
2011,NYN,NL,nickemi01,Mike Nickeas,21,15,21,20,0,20,0,0,0,0,0,0,0,0,0,2,0
2011,TBA,AL,niemaje01,Jeff Niemann,23,23,2,23,23,0,0,0,0,0,0,0,0,0,0,0,0
2011,NYN,NL,niesejo01,Jonathon Niese,29,26,28,27,27,0,0,0,0,0,0,0,0,0,0,1,1
2011,MIL,NL,nievewi01,Wil Nieves,20,16,20,17,0,17,0,0,0,0,0,0,0,0,0,3,1
2011,MIN,AL,nishits01,Tsuyoshi Nishioka,68,65,68,66,0,0,0,6,0,60,0,0,0,0,1,1,2
2011,NYA,AL,noesihe01,Hector Noesi,30,2,6,30,30,0,0,0,0,0,0,0,0,0,0,0,0
2011,FLO,NL,nolasri01,Ricky Nolasco,33,33,31,33,33,0,0,0,0,0,0,0,0,0,0,0,0
2011,OAK,AL,norbejo01,Jordan Norberto,6,0,0,6,6,0,0,0,0,0,0,0,0,0,0,0,0
2011,HOU,NL,norribu01,Bud Norris,31,31,31,31,31,0,0,0,0,0,0,0,0,0,0,0,0
2011,NYA,AL,nunezed02,Eduardo Nunez,112,83,112,100,0,0,0,16,40,50,1,0,3,4,8,4,15
2011,FLO,NL,nunezle01,Juan Carlos Oviedo,68,0,65,68,68,0,0,0,0,0,0,0,0,0,0,0,0
2011,NYN,NL,oconnmi01,Mike O'Connor,9,0,8,9,9,0,0,0,0,0,0,0,0,0,0,0,0
2011,LAN,NL,oeltjtr01,Trent Oeltjen,61,12,61,23,0,0,0,0,0,0,13,1,11,23,2,31,5
2011,ATL,NL,oflaher01,Eric O'Flaherty,78,0,75,78,78,0,0,0,0,0,0,0,0,0,0,0,0
2011,TEX,AL,ogandal01,Alexi Ogando,31,29,1,31,31,0,0,0,0,0,0,0,0,0,0,0,0
2011,PIT,NL,ohlenro01,Ross Ohlendorf,9,9,9,9,9,0,0,0,0,0,0,0,0,0,0,0,0
2011,CHA,AL,ohmanwi01,Will Ohman,59,0,6,59,59,0,0,0,0,0,0,0,0,0,0,0,0
2011,BOS,AL,okajihi01,Hideki Okajima,7,0,0,7,7,0,0,0,0,0,0,0,0,0,0,0,0
2011,DET,AL,olivean01,Andy Oliver,2,2,0,2,2,0,0,0,0,0,0,0,0,0,0,0,0
2011,TEX,AL,oliveda02,Darren Oliver,61,0,2,61,61,0,0,0,0,0,0,0,0,0,0,0,0
2011,DET,AL,olivele01,Lester Oliveros,19,0,0,19,19,0,0,0,0,0,0,0,0,0,0,0,0
2011,SEA,AL,olivomi01,Miguel Olivo,130,122,130,127,0,127,0,0,0,0,0,0,0,0,2,5,0
2011,PIT,NL,olsonga01,Garrett Olson,4,0,4,4,4,0,0,0,0,0,0,0,0,0,0,0,0
2011,CIN,NL,ondrulo01,Logan Ondrusek,66,0,61,66,66,0,0,0,0,0,0,0,0,0,0,0,0
2011,DET,AL,ordonma01,Magglio Ordonez,92,89,92,69,0,0,0,0,0,0,0,0,69,69,21,3,0
2011,BOS,AL,ortizda01,David Ortiz,146,138,146,2,0,0,2,0,0,0,0,0,0,0,136,8,0
2011,CHN,NL,ortizra01,Ramon Ortiz,22,2,22,22,22,0,0,0,0,0,0,0,0,0,0,0,0
2011,KCA,AL,osullse01,Sean O'Sullivan,12,10,0,12,12,0,0,0,0,0,0,0,0,0,0,0,0
2011,PHI,NL,oswalro01,Roy Oswalt,24,24,23,24,24,0,0,0,0,0,0,0,0,0,0,0,0
2011,OAK,AL,outmajo01,Josh Outman,13,9,2,13,13,0,0,0,0,0,0,0,0,0,0,0,0
2011,ARI,NL,overbly01,Lyle Overbay,121,102,121,109,0,0,109,0,0,0,0,0,0,0,0,14,0
2011,ARI,NL,owingmi01,Micah Owings,34,4,31,33,33,0,0,0,0,0,0,0,0,0,0,1,0
2011,COL,NL,pachejo01,Jordan Pacheco,21,20,21,20,0,2,13,2,7,0,0,0,0,0,0,1,0
2011,LAN,NL,padilvi01,Vicente Padilla,9,0,9,9,9,0,0,0,0,0,0,0,0,0,0,0,0
2011,NYN,NL,paganan01,Angel Pagan,123,119,123,121,0,0,0,0,0,0,0,121,0,121,0,3,0
2011,COL,NL,pagnoma01,Matt Pagnozzi,12,9,12,9,0,9,0,0,0,0,0,0,0,0,0,3,0
2011,LAA,AL,palmema01,Matt Palmer,3,3,0,3,3,0,0,0,0,0,0,0,0,0,0,0,0
2011,BOS,AL,papeljo01,Jonathan Papelbon,63,0,5,63,63,0,0,0,0,0,0,0,0,0,0,0,0
2011,HOU,NL,paredji01,Jimmy Paredes,46,44,46,46,0,0,0,0,46,0,0,0,0,0,0,0,1
2011,ARI,NL,parkeja02,Jarrod Parker,1,1,1,1,1,0,0,0,0,0,0,0,0,0,0,0,0
2011,MIN,AL,parmech01,Chris Parmelee,21,20,21,20,0,0,20,0,0,0,0,0,0,0,0,1,0
2011,NYN,NL,parnebo01,Bobby Parnell,60,0,57,60,60,0,0,0,0,0,0,0,0,0,0,0,0
2011,ARI,NL,parrage01,Gerardo Parra,141,124,141,135,0,0,0,0,0,0,125,2,14,135,0,9,3
2011,SDN,NL,parrian01,Andy Parrino,24,13,24,22,0,0,0,3,11,4,1,0,4,5,0,4,0
2011,NYN,NL,pascuva01,Val Pascucci,10,1,10,1,0,0,1,0,0,0,0,0,0,0,0,9,0
2011,ARI,NL,paterjo01,Joe Paterson,62,0,61,62,62,0,0,0,0,0,0,0,0,0,0,0,0
2011,SLN,NL,patteco01,Corey Patterson,133,82,133,114,0,0,0,0,0,0,56,40,25,114,2,24,6
2011,SDN,NL,patteer01,Eric Patterson,47,21,47,26,0,0,0,10,0,0,4,7,6,16,0,22,2
2011,BAL,AL,pattotr01,Troy Patton,20,0,0,20,20,0,0,0,0,0,0,0,0,0,0,0,0
2011,DET,AL,pauleda01,David Pauley,53,0,5,53,53,0,0,0,0,0,0,0,0,0,0,0,0
2011,COL,NL,paulife01,Felipe Paulino,39,20,20,39,39,0,0,0,0,0,0,0,0,0,0,0,0
2011,NYN,NL,pauliro01,Ronny Paulino,78,56,78,68,0,68,0,0,0,0,0,0,0,0,0,19,0
2011,MIN,AL,pavanca01,Carl Pavano,33,33,2,33,33,0,0,0,0,0,0,0,0,0,0,0,0
2011,WAS,NL,peacobr01,Brad Peacock,3,2,3,3,3,0,0,0,0,0,0,0,0,0,0,0,0
2011,PIT,NL,pearcst01,Steve Pearce,50,18,50,29,0,0,16,0,10,0,0,0,5,5,0,26,0
2011,CHA,AL,peavyja01,Jake Peavy,19,18,1,19,19,0,0,0,0,0,0,0,0,0,0,0,0
2011,BOS,AL,pedrodu01,Dustin Pedroia,159,158,159,159,0,0,0,159,0,0,0,0,0,0,0,1,0
2011,SEA,AL,pegueca01,Carlos Peguero,46,43,46,43,0,0,0,0,0,0,40,0,3,43,2,1,0
2011,NYN,NL,pelfrmi01,Mike Pelfrey,34,33,31,34,34,0,0,0,0,0,0,0,0,0,0,0,0
2011,HOU,NL,pencehu01,Hunter Pence,154,152,154,153,0,0,0,0,0,0,0,0,153,153,0,2,0
2011,HOU,NL,pendlla01,Lance Pendleton,15,0,4,15,15,0,0,0,0,0,0,0,0,0,0,0,0
2011,OAK,AL,pennicl01,Cliff Pennington,148,143,148,147,0,0,0,0,0,147,0,0,0,0,0,0,2
2011,DET,AL,pennybr01,Brad Penny,31,31,2,31,31,0,0,0,0,0,0,0,0,0,0,0,0
2011,DET,AL,peraljh01,Jhonny Peralta,146,140,146,146,0,0,1,0,0,145,0,0,0,0,0,6,0
2011,TBA,AL,peraljo01,Joel Peralta,71,0,4,71,71,0,0,0,0,0,0,0,0,0,0,0,0
2011,CLE,AL,perezch01,Chris Perez,64,0,2,64,64,0,0,0,0,0,0,0,0,0,0,0,0
2011,PHI,NL,perezju01,Juan Perez,8,0,8,8,8,0,0,0,0,0,0,0,0,0,0,0,0
2011,TOR,AL,perezlu01,Luis Perez,37,4,2,37,37,0,0,0,0,0,0,0,0,0,0,0,0
2011,CLE,AL,perezra01,Rafael Perez,71,0,4,71,71,0,0,0,0,0,0,0,0,0,0,0,0
2011,KCA,AL,perezsa02,Salvador Perez,39,39,39,39,0,39,0,0,0,0,0,0,0,0,0,0,0
2011,MIN,AL,perkigl01,Glen Perkins,65,0,4,65,65,0,0,0,0,0,0,0,0,0,0,0,0
2011,DET,AL,perryry01,Ryan Perry,36,0,1,36,36,0,0,0,0,0,0,0,0,0,0,0,0
2011,CLE,AL,pestavi01,Vinnie Pestano,67,0,4,67,67,0,0,0,0,0,0,0,0,0,0,0,0
2011,FLO,NL,peterbr01,Bryan Petersen,74,51,74,62,1,0,0,0,0,0,22,42,10,62,0,16,1
2011,LAA,AL,pettich01,Chris Pettit,1,0,1,0,0,0,0,0,0,0,0,0,0,0,0,0,1
2011,CLE,AL,phelpco01,Cord Phelps,35,18,35,20,0,0,0,20,0,0,0,0,0,0,8,3,11
2011,CIN,NL,phillbr01,Brandon Phillips,150,148,150,148,0,0,0,148,0,0,0,0,0,0,0,1,1
2011,SDN,NL,phillky01,Kyle Phillips,36,19,36,24,0,24,0,0,0,0,0,0,0,0,0,14,0
2011,BAL,AL,phillza01,Zach Phillips,10,0,0,10,10,0,0,0,0,0,0,0,0,0,0,0,0
2011,CHA,AL,pierrju01,Juan Pierre,158,154,158,155,0,0,0,0,0,0,155,0,0,155,2,1,2
2011,CHA,AL,pierzaj01,A. J. Pierzynski,129,119,129,120,0,120,0,0,0,0,0,0,0,0,7,8,0
2011,SEA,AL,pinedmi01,Michael Pineda,28,28,2,28,28,0,0,0,0,0,0,0,0,0,0,0,0
2011,LAA,AL,pineijo01,Joel Pineiro,27,24,2,27,27,0,0,0,0,0,0,0,0,0,0,0,0
2011,MIN,AL,plouftr01,Trevor Plouffe,81,72,81,75,0,0,1,17,0,45,3,0,11,13,4,6,3
2011,PHI,NL,polanpl01,Placido Polanco,122,116,122,118,0,0,0,1,118,0,0,0,0,0,1,5,0
2011,COL,NL,pomerdr01,Drew Pomeranz,4,4,4,4,4,0,0,0,0,0,0,0,0,0,0,0,0
2011,DET,AL,porceri01,Rick Porcello,31,31,3,31,31,0,0,0,0,0,0,0,0,0,0,0,0
2011,NYA,AL,posadjo01,Jorge Posada,115,93,115,16,0,1,14,1,0,0,0,0,0,0,90,18,1
2011,SFN,NL,poseybu01,Buster Posey,45,43,45,43,0,41,2,0,0,0,0,0,0,0,0,2,0
2011,OAK,AL,powella01,Landon Powell,36,31,36,34,0,33,1,0,0,0,0,0,0,0,0,2,0
2011,ATL,NL,pradoma01,Martin Prado,129,127,129,128,0,0,2,0,42,0,100,0,0,100,0,1,0
2011,PIT,NL,preslal01,Alex Presley,52,50,52,51,0,0,0,0,0,0,49,5,0,51,0,1,0
2011,TBA,AL,priceda01,David Price,34,34,2,34,34,0,0,0,0,0,0,0,0,0,0,0,0
2011,NYN,NL,pridija01,Jason Pridie,101,45,101,75,0,0,0,0,0,0,13,43,21,75,0,29,6
2011,ATL,NL,proctsc01,Scott Proctor,39,0,28,39,39,0,0,0,0,0,0,0,0,0,0,0,0
2011,SLN,NL,pujolal01,Albert Pujols,147,145,147,147,0,0,146,0,7,0,0,0,0,0,0,2,0
2011,SLN,NL,puntoni01,Nick Punto,63,32,63,55,0,0,0,45,7,8,0,0,0,0,0,15,1
2011,DET,AL,purceda01,David Purcey,33,0,2,33,33,0,0,0,0,0,0,0,0,0,0,0,0
2011,CLE,AL,putnaza01,Zach Putnam,8,0,0,8,8,0,0,0,0,0,0,0,0,0,0,0,0
2011,SDN,NL,quallch01,Chad Qualls,77,0,73,77,77,0,0,0,0,0,0,0,0,0,0,0,0
2011,CHA,AL,quentca01,Carlos Quentin,118,114,118,102,0,0,0,0,0,0,0,0,102,102,15,4,0
2011,HOU,NL,quinthu01,Humberto Quintero,79,73,79,77,0,77,0,0,0,0,0,0,0,0,0,1,1
2011,TEX,AL,quintom01,Omar Quintanilla,11,6,11,11,0,0,0,5,3,3,0,0,0,0,0,0,1
2011,DET,AL,raburry01,Ryan Raburn,121,98,121,116,0,0,2,56,4,0,52,2,20,72,2,11,3
2011,CHA,AL,ramiral03,Alexei Ramirez,158,155,158,155,0,0,0,0,0,155,0,0,0,0,1,2,0
2011,CHN,NL,ramirar01,Aramis Ramirez,149,146,149,145,0,0,0,0,145,0,0,0,0,0,3,3,0
2011,FLO,NL,ramirha01,Hanley Ramirez,92,89,92,86,0,0,0,0,0,86,0,0,0,0,3,3,0
2011,LAA,AL,ramirho01,Horacio Ramirez,12,0,0,12,12,0,0,0,0,0,0,0,0,0,0,0,0
2011,TBA,AL,ramirma02,Manny Ramirez,5,4,5,0,0,0,0,0,0,0,0,0,0,0,4,1,0
2011,SFN,NL,ramirra02,Ramon Ramirez,66,0,65,66,66,0,0,0,0,0,0,0,0,0,0,0,0
2011,ATL,NL,ramirwi01,Wilkin Ramirez,20,6,20,7,0,0,0,0,0,0,5,0,2,7,1,10,3
2011,TBA,AL,ramosce01,Cesar Ramos,59,0,6,59,59,0,0,0,0,0,0,0,0,0,0,0,0
2011,WAS,NL,ramoswi01,Wilson Ramos,113,107,113,108,0,108,0,0,0,0,0,0,0,0,1,4,1
2011,ARI,NL,ransoco01,Cody Ransom,12,9,12,12,0,0,0,0,6,8,0,0,0,0,0,1,0
2011,BAL,AL,rapadcl01,Clay Rapada,32,0,2,32,32,0,0,0,0,0,0,0,0,0,0,0,0
2011,SLN,NL,rasmuco01,Colby Rasmus,129,122,129,127,0,0,0,0,0,0,0,127,0,127,0,5,0
2011,TOR,AL,rauchjo01,Jon Rauch,53,0,3,53,53,0,0,0,0,0,0,0,0,0,0,0,0
2011,OAK,AL,reckean01,Anthony Recker,5,5,5,5,0,5,0,0,0,0,0,0,0,0,0,0,0
2011,BOS,AL,reddijo01,Josh Reddick,87,64,87,80,0,0,0,0,0,0,21,3,56,80,2,11,2
2011,BAL,AL,reimono01,Nolan Reimold,87,76,87,76,0,0,0,0,0,0,73,0,8,76,6,6,2
2011,CIN,NL,reinech01,Chad Reineke,2,1,2,2,2,0,0,0,0,0,0,0,0,0,0,0,0
2011,CIN,NL,renteed01,Edgar Renteria,96,71,96,89,0,0,0,4,0,86,0,0,0,0,0,15,1
2011,MIN,AL,repkoja01,Jason Repko,67,34,67,55,0,0,0,0,0,0,24,5,27,55,3,7,15
2011,PIT,NL,resopch01,Chris Resop,76,0,72,76,76,0,0,0,0,0,0,0,0,0,0,0,0
2011,MIN,AL,reverbe01,Ben Revere,117,105,117,106,0,0,0,0,0,0,13,89,5,106,1,11,1
2011,BOS,AL,reyesde01,Dennys Reyes,4,0,0,4,4,0,0,0,0,0,0,0,0,0,0,0,0
2011,NYN,NL,reyesjo01,Jose Reyes,126,124,126,124,0,0,0,0,0,124,0,0,0,0,0,2,0
2011,BAL,AL,reyesjo03,Jo-Jo Reyes,29,25,2,29,29,0,0,0,0,0,0,0,0,0,0,0,0
2011,COL,NL,reynogr01,Greg Reynolds,13,3,13,13,13,0,0,0,0,0,0,0,0,0,0,0,0
2011,BAL,AL,reynoma01,Mark Reynolds,155,154,155,154,0,0,44,0,114,0,0,0,0,0,0,1,0
2011,COL,NL,reynoma02,Matt Reynolds,73,0,69,73,73,0,0,0,0,0,0,0,0,0,0,0,0
2011,SLN,NL,rhodear01,Arthur Rhodes,51,0,23,51,51,0,0,0,0,0,0,0,0,0,0,0,0
2011,DET,AL,rhymewi01,Will Rhymes,29,22,29,24,0,0,0,24,0,0,0,0,0,0,4,4,3
2011,ATL,NL,richaan01,Antoan Richardson,9,0,9,0,0,0,0,0,0,0,0,0,0,0,0,4,5
2011,SDN,NL,richacl01,Clayton Richard,20,18,18,18,18,0,0,0,0,0,0,0,0,0,0,1,1
2011,LAA,AL,richaga01,Garrett Richards,7,3,0,7,7,0,0,0,0,0,0,0,0,0,0,0,0
2011,TOR,AL,richmsc01,Scott Richmond,1,0,0,1,1,0,0,0,0,0,0,0,0,0,0,0,0
2011,LAN,NL,riverju01,Juan Rivera,132,122,132,106,0,0,38,0,0,0,56,0,17,72,19,10,0
2011,NYA,AL,riverma01,Mariano Rivera,64,0,9,64,64,0,0,0,0,0,0,0,0,0,0,0,0
2011,MIL,NL,rivermi02,Mike Rivera,1,1,1,1,0,1,0,0,0,0,0,0,0,0,0,0,0
2011,MIN,AL,riverre01,Rene Rivera,45,35,45,44,0,44,0,0,0,0,0,0,0,0,0,1,0
2011,SDN,NL,rizzoan01,Anthony Rizzo,49,36,49,45,0,0,45,0,0,0,0,0,0,0,0,6,0
2011,BAL,AL,roberbr01,Brian Roberts,39,39,39,39,0,0,0,39,0,0,0,0,0,0,0,0,0
2011,NYA,AL,roberda08,David Robertson,70,0,8,70,70,0,0,0,0,0,0,0,0,0,0,0,0
2011,ARI,NL,roberry01,Ryan Roberts,143,127,143,130,0,0,0,28,107,1,3,0,0,3,0,15,0
2011,SLN,NL,robinsh01,Shane Robinson,9,1,9,9,0,0,0,0,0,0,1,5,3,9,0,3,0
2011,SEA,AL,robintr01,Trayvon Robinson,44,39,44,40,0,0,0,0,0,0,30,15,0,40,2,2,1
2011,LAA,AL,rodnefe01,Fernando Rodney,39,0,0,39,39,0,0,0,0,0,0,0,0,0,0,0,0
2011,NYA,AL,rodrial01,Alex Rodriguez,99,97,99,89,0,0,0,0,89,0,0,0,0,0,10,1,1
2011,HOU,NL,rodrian01,Aneury Rodriguez,43,8,41,43,43,0,0,0,0,0,0,0,0,0,0,0,0
2011,HOU,NL,rodrife02,Fernando Rodriguez,47,0,46,47,47,0,0,0,0,0,0,0,0,0,0,0,0
2011,MIL,NL,rodrifr03,Francisco Rodriguez,73,0,70,73,73,0,0,0,0,0,0,0,0,0,0,0,0
2011,LAA,AL,rodrifr04,Francisco Rodriguez,10,0,0,10,10,0,0,0,0,0,0,0,0,0,0,0,0
2011,WAS,NL,rodrihe03,Henry Rodriguez,59,0,55,59,59,0,0,0,0,0,0,0,0,0,0,0,0
2011,WAS,NL,rodriiv01,Ivan Rodriguez,44,34,44,37,0,37,1,0,0,0,0,0,0,0,0,8,0
2011,PIT,NL,rodrijo05,Josh Rodriguez,7,3,7,5,0,0,0,1,0,4,0,0,0,0,0,1,1
2011,SEA,AL,rodrilu01,Luis Rodriguez,44,32,44,40,0,0,1,7,11,23,0,0,0,0,0,5,1
2011,TBA,AL,rodrise01,Sean Rodriguez,131,108,131,126,0,0,5,48,30,60,2,0,0,2,0,10,2
2011,HOU,NL,rodriwa01,Wandy Rodriguez,30,30,29,30,30,0,0,0,0,0,0,0,0,0,0,0,0
2011,COL,NL,roenijo01,Josh Roenicke,19,0,19,19,19,0,0,0,0,0,0,0,0,0,0,0,0
2011,COL,NL,rogeres01,Esmil Rogers,22,13,22,18,18,0,0,0,0,0,0,0,0,0,0,0,4
2011,SFN,NL,rohliry01,Ryan Rohlinger,1,0,1,0,0,0,0,0,0,0,0,0,0,0,0,1,0
2011,CIN,NL,rolensc01,Scott Rolen,65,60,65,63,0,0,0,0,63,0,0,0,0,0,0,3,0
2011,PHI,NL,rolliji01,Jimmy Rollins,142,135,142,138,0,0,0,0,0,138,0,0,0,0,1,5,0
2011,COL,NL,romerjc01,J. C. Romero,36,0,36,36,36,0,0,0,0,0,0,0,0,0,0,0,0
2011,TOR,AL,romerri01,Ricky Romero,32,32,2,32,32,0,0,0,0,0,0,0,0,0,0,0,0
2011,LAA,AL,rominan01,Andrew Romine,10,4,10,10,0,0,0,0,3,7,0,0,0,0,0,0,0
2011,NYA,AL,rominau01,Austin Romine,9,4,9,8,0,8,0,0,0,0,0,0,0,0,1,1,0
2011,OAK,AL,rosalad01,Adam Rosales,24,18,24,22,0,0,5,3,6,7,2,0,0,2,0,1,1
2011,FLO,NL,rosarsa02,Sandy Rosario,4,0,4,4,4,0,0,0,0,0,0,0,0,0,0,0,0
2011,COL,NL,rosarwi01,Wilin Rosario,16,14,16,14,0,14,0,0,0,0,0,0,0,0,0,2,0
2011,FLO,NL,rottivi01,Vinny Rottino,8,2,8,3,0,0,0,0,0,0,1,0,2,3,0,5,0
2011,SFN,NL,rowanaa01,Aaron Rowand,108,75,108,84,0,0,0,0,0,0,46,60,3,84,2,26,0
2011,DET,AL,ruffich01,Chance Ruffin,15,0,0,15,15,0,0,0,0,0,0,0,0,0,0,0,0
2011,TBA,AL,ruggiju01,Justin Ruggiano,46,26,46,36,0,0,0,0,0,0,27,4,6,36,3,12,3
2011,SFN,NL,runzlda01,Dan Runzler,31,1,31,31,31,0,0,0,0,0,0,0,0,0,0,0,0
2011,TBA,AL,russead01,Adam Russell,36,0,5,36,36,0,0,0,0,0,0,0,0,0,0,0,0
2011,CHN,NL,russeja02,James Russell,64,5,59,64,64,0,0,0,0,0,0,0,0,0,0,0,0
2011,SLN,NL,rzepcma01,Marc Rzepczynski,71,0,32,71,71,0,0,0,0,0,0,0,0,0,0,0,0
2011,NYA,AL,sabatcc01,CC Sabathia,33,33,1,33,33,0,0,0,0,0,0,0,0,0,0,0,0
2011,MIL,NL,saitota01,Takashi Saito,30,0,29,30,30,0,0,0,0,0,0,0,0,0,0,0,0
2011,SLN,NL,salasfe01,Fernando Salas,68,0,63,68,68,0,0,0,0,0,0,0,0,0,0,0,0
2011,BOS,AL,saltaja01,Jarrod Saltalamacchia,103,96,103,101,0,101,0,0,0,0,0,0,0,0,0,2,1
2011,CHN,NL,samarje01,Jeff Samardzija,75,0,71,75,75,0,0,0,0,0,0,0,0,0,0,0,0
2011,FLO,NL,sanabal01,Alex Sanabia,3,2,3,3,3,0,0,0,0,0,0,0,0,0,0,0,0
2011,FLO,NL,sanchan01,Anibal Sanchez,32,32,31,32,32,0,0,0,0,0,0,0,0,0,0,0,0
2011,HOU,NL,sanchan02,Angel Sanchez,110,63,110,74,0,0,0,19,10,46,0,0,0,0,0,37,0
2011,FLO,NL,sanchbr01,Brian Sanches,39,2,37,39,39,0,0,0,0,0,0,0,0,0,0,0,0
2011,SLN,NL,sanched01,Eduardo Sanchez,26,0,25,26,26,0,0,0,0,0,0,0,0,0,0,0,0
2011,SFN,NL,sanchfr01,Freddy Sanchez,60,58,60,58,0,0,0,58,0,0,0,0,0,0,0,2,0
2011,FLO,NL,sanchga01,Gaby Sanchez,159,151,159,153,0,0,153,0,0,0,0,0,0,0,1,6,1
2011,SFN,NL,sanchhe01,Hector Sanchez,13,6,13,11,0,11,0,0,0,0,0,0,0,0,0,6,0
2011,SFN,NL,sanchjo01,Jonathan Sanchez,19,19,18,19,19,0,0,0,0,0,0,0,0,0,0,0,0
2011,SFN,NL,sandopa01,Pablo Sandoval,117,109,117,112,0,0,6,0,107,0,0,0,0,0,1,7,0
2011,LAN,NL,sandsje01,Jerry Sands,61,53,61,60,0,0,6,0,0,0,41,1,22,57,0,5,0
2011,NYA,AL,sanitam01,Amauri Sanit,4,0,0,4,4,0,0,0,0,0,0,0,0,0,0,0,0
2011,CLE,AL,santaca01,Carlos Santana,155,152,155,153,0,95,66,0,0,0,0,0,0,0,1,3,0
2011,LAA,AL,santaer01,Ervin Santana,33,33,1,33,33,0,0,0,0,0,0,0,0,0,0,0,0
2011,CHA,AL,santihe01,Hector Santiago,2,0,0,2,2,0,0,0,0,0,0,0,0,0,0,0,0
2011,DET,AL,santira01,Ramon Santiago,101,62,101,99,0,0,0,75,5,27,0,0,0,0,0,7,6
2011,DET,AL,santoom01,Omir Santos,11,6,11,10,0,10,0,0,0,0,0,0,0,0,0,2,1
2011,CHA,AL,santose01,Sergio Santos,63,0,5,63,63,0,0,0,0,0,0,0,0,0,0,0,0
2011,CIN,NL,sappeda01,Dave Sappelt,38,22,38,33,0,0,0,0,0,0,31,4,0,33,0,9,3
2011,PHI,NL,sardida01,Dane Sardinha,15,12,15,15,0,15,0,0,0,0,0,0,0,0,0,1,1
2011,NYN,NL,satinjo01,Josh Satin,15,4,15,9,0,0,8,0,1,0,0,0,0,0,0,9,1
2011,ARI,NL,saundjo01,Joe Saunders,33,33,30,33,33,0,0,0,0,0,0,0,0,0,0,0,0
2011,SEA,AL,saundmi01,Michael Saunders,58,47,58,56,0,0,0,0,0,0,12,46,0,56,0,0,4
2011,PHI,NL,saverjo01,Joe Savery,4,0,4,4,4,0,0,0,0,0,0,0,0,0,0,0,0
2011,ATL,NL,schafjo02,Jordan Schafer,82,72,82,79,0,0,0,0,0,0,0,79,0,79,0,3,1
2011,MIL,NL,schaflo01,Logan Schafer,8,0,8,2,0,0,0,0,0,0,0,1,1,2,0,4,3
2011,DET,AL,scherma01,Max Scherzer,33,33,2,33,33,0,0,0,0,0,0,0,0,0,0,0,0
2011,SFN,NL,schiena01,Nate Schierholtz,115,77,115,103,0,0,0,0,0,0,8,0,96,103,0,22,3
2011,DET,AL,schleda01,Daniel Schlereth,49,0,4,49,49,0,0,0,0,0,0,0,0,0,0,0,0
2011,PHI,NL,schnebr01,Brian Schneider,41,35,41,40,0,40,0,0,0,0,0,0,0,0,0,3,0
2011,SLN,NL,schumsk01,Skip Schumaker,117,94,117,110,1,0,0,95,0,0,6,5,31,40,0,15,0
2011,NYN,NL,schwich01,Chris Schwinden,4,4,4,4,4,0,0,0,0,0,0,0,0,0,0,0,0
2011,PHI,NL,schwimi01,Michael Schwimer,12,0,12,12,12,0,0,0,0,0,0,0,0,0,0,0,0
2011,BAL,AL,scottlu01,Luke Scott,64,57,64,56,0,0,12,0,0,0,45,0,0,45,4,7,0
2011,SDN,NL,scribev01,Evan Scribner,10,0,9,10,10,0,0,0,0,0,0,0,0,0,0,0,0
2011,BOS,AL,scutama01,Marco Scutaro,113,104,113,111,0,0,0,2,0,109,0,0,0,0,0,2,2
2011,SEA,AL,seageky01,Kyle Seager,53,49,53,52,0,0,0,3,42,10,0,0,0,0,0,3,0
2011,LAN,NL,selleju01,Justin Sellers,36,32,36,35,0,0,0,12,5,19,0,0,0,0,0,3,1
2011,WAS,NL,severat01,Atahualpa Severino,6,0,6,6,6,0,0,0,0,0,0,0,0,0,0,0,0
2011,ATL,NL,sherrge01,George Sherrill,51,0,47,51,51,0,0,0,0,0,0,0,0,0,0,0,0
2011,TBA,AL,shielja02,James Shields,33,33,3,33,33,0,0,0,0,0,0,0,0,0,0,0,0
2011,TBA,AL,shoppke01,Kelly Shoppach,87,71,87,86,0,86,0,0,0,0,0,0,0,0,0,5,0
2011,HOU,NL,shuckja01,J. B. Shuck,37,14,37,26,0,0,0,0,0,0,6,9,16,26,0,14,0
2011,BAL,AL,simonal01,Alfredo Simon,23,16,0,23,23,0,0,0,0,0,0,0,0,0,0,0,0
2011,CLE,AL,sizemgr01,Grady Sizemore,71,67,71,57,0,0,0,0,0,0,0,57,0,57,11,4,0
2011,DET,AL,sizemsc01,Scott Sizemore,110,105,110,109,0,0,0,18,91,0,0,0,0,0,0,4,0
2011,MIN,AL,slamaan01,Anthony Slama,2,0,0,2,2,0,0,0,0,0,0,0,0,0,0,0,0
2011,WAS,NL,slatedo01,Doug Slaten,31,0,30,31,31,0,0,0,0,0,0,0,0,0,0,0,0
2011,MIN,AL,sloweke01,Kevin Slowey,14,8,1,14,14,0,0,0,0,0,0,0,0,0,0,0,0
2011,CLE,AL,smithjo05,Joe Smith,71,0,5,71,71,0,0,0,0,0,0,0,0,0,0,0,0
2011,CIN,NL,smithjo06,Jordan Smith,17,0,16,17,17,0,0,0,0,0,0,0,0,0,0,0,0
2011,COL,NL,smithse01,Seth Smith,147,119,147,129,0,0,0,0,0,0,25,0,107,129,0,25,0
2011,SEA,AL,smoakju01,Justin Smoak,123,119,123,108,0,0,108,0,0,0,0,0,0,0,12,4,0
2011,TOR,AL,snidetr01,Travis Snider,49,47,49,48,0,0,0,0,0,0,44,6,3,48,1,2,0
2011,CHN,NL,snydebr02,Brad Snyder,8,1,8,1,0,0,0,0,0,0,1,0,0,1,0,6,1
2011,BAL,AL,snydebr03,Brandon Snyder,6,4,6,5,0,0,5,0,0,0,0,0,0,0,1,0,1
2011,PIT,NL,snydech02,Chris Snyder,34,30,34,33,0,33,0,0,0,0,0,0,0,0,0,1,0
2011,OAK,AL,sogarer01,Eric Sogard,27,19,27,26,0,0,0,3,10,13,0,0,0,0,1,1,1
2011,TBA,AL,sonnaan01,Andy Sonnanstine,15,4,2,15,15,0,0,0,0,0,0,0,0,0,0,0,0
2011,CHN,NL,soriaal01,Alfonso Soriano,137,129,137,128,0,0,0,0,0,0,128,0,0,128,3,7,0
2011,KCA,AL,soriajo01,Joakim Soria,60,0,2,60,60,0,0,0,0,0,0,0,0,0,0,0,0
2011,NYA,AL,soriara01,Rafael Soriano,42,0,2,42,42,0,0,0,0,0,0,0,0,0,0,0,0
2011,BOS,AL,spearna01,Nate Spears,3,0,3,2,0,0,0,1,0,0,1,0,0,1,0,2,0
2011,SDN,NL,spencjo01,Josh Spence,40,0,39,40,40,0,0,0,0,0,0,0,0,0,0,0,0
2011,COL,NL,spilbry01,Ryan Spilborghs,98,41,98,64,0,0,0,0,0,0,29,13,29,64,0,40,1
2011,WAS,NL,stairma01,Matt Stairs,56,8,56,4,0,0,4,0,0,0,0,0,0,0,5,48,0
2011,WAS,NL,stammcr01,Craig Stammen,7,0,7,7,7,0,0,0,0,0,0,0,0,0,0,0,0
2011,FLO,NL,stantmi03,Giancarlo Stanton,150,141,150,142,0,0,0,0,0,0,0,1,142,142,1,9,0
2011,SDN,NL,staufti01,Tim Stauffer,32,31,31,31,31,0,0,0,0,0,0,0,0,0,0,1,0
2011,MIL,NL,stettmi01,Mitch Stetter,16,0,16,16,16,0,0,0,0,0,0,0,0,0,0,0,0
2011,CHN,NL,steveje01,Jeff Stevens,4,0,4,4,4,0,0,0,0,0,0,0,0,0,0,0,0
2011,SFN,NL,stewach01,Chris Stewart,67,51,67,66,0,63,3,0,0,0,0,0,0,0,0,4,1
2011,COL,NL,stewaia01,Ian Stewart,48,31,48,42,0,0,0,0,42,0,0,0,0,0,0,10,1
2011,CHA,AL,stewaza01,Zach Stewart,14,11,2,13,13,0,0,0,0,0,0,0,0,0,0,0,1
2011,NYN,NL,stinsjo01,Josh Stinson,14,0,14,14,14,0,0,0,0,0,0,0,0,0,0,0,0
2011,WAS,NL,storedr01,Drew Storen,73,0,71,73,73,0,0,0,0,0,0,0,0,0,0,0,0
2011,WAS,NL,strasst01,Stephen Strasburg,5,5,5,5,5,0,0,0,0,0,0,0,0,0,0,0,0
2011,COL,NL,streehu01,Huston Street,62,0,59,62,62,0,0,0,0,0,0,0,0,0,0,0,0
2011,BAL,AL,stroppe01,Pedro Strop,23,0,0,23,23,0,0,0,0,0,0,0,0,0,0,0,0
2011,CIN,NL,stubbdr01,Drew Stubbs,158,145,158,157,0,0,0,0,0,0,0,157,0,157,0,3,1
2011,COL,NL,stulter01,Eric Stults,6,0,6,6,6,0,0,0,0,0,0,0,0,0,0,0,0
2011,PHI,NL,stutemi01,Michael Stutes,57,0,55,57,57,0,0,0,0,0,0,0,0,0,0,0,0
2011,SFN,NL,surkaer01,Eric Surkamp,6,6,6,6,6,0,0,0,0,0,0,0,0,0,0,0,0
2011,BOS,AL,suttodr01,Drew Sutton,31,11,31,26,0,0,5,7,8,4,3,0,0,3,1,6,7
2011,SEA,AL,suzukic01,Ichiro Suzuki,161,161,161,151,0,0,0,0,0,0,0,0,151,151,10,0,0
2011,OAK,AL,suzukku01,Kurt Suzuki,134,130,134,129,0,129,0,0,0,0,0,0,0,0,4,1,3
2011,MIN,AL,swarzan01,Anthony Swarzak,27,11,1,27,27,0,0,0,0,0,0,0,0,0,0,0,0
2011,OAK,AL,sweenry01,Ryan Sweeney,108,65,108,92,0,0,0,0,0,0,41,34,23,92,2,21,7
2011,NYA,AL,swishni01,Nick Swisher,150,148,150,144,0,0,11,0,0,0,0,0,141,141,5,2,0
2011,PIT,NL,tabatjo01,Jose Tabata,91,85,91,89,0,0,0,0,0,0,77,2,15,89,0,2,0
2011,LAA,AL,takahhi01,Hisanori Takahashi,61,0,4,61,61,0,0,0,0,0,0,0,0,0,0,0,0
2011,CLE,AL,talbomi01,Mitch Talbot,12,12,2,12,12,0,0,0,0,0,0,0,0,0,0,0,0
2011,SLN,NL,tallebr01,Brian Tallet,19,0,16,19,19,0,0,0,0,0,0,0,0,0,0,0,0
2011,TEX,AL,tateyyo01,Yoshinori Tateyama,39,0,4,39,39,0,0,0,0,0,0,0,0,0,0,0,0
2011,BAL,AL,tatumcr01,Craig Tatum,31,27,31,31,0,30,1,0,0,0,0,0,0,0,0,0,0
2011,OAK,AL,taylomi01,Michael Taylor,11,9,11,11,0,0,0,0,0,0,3,0,8,11,0,1,1
2011,BOS,AL,tazawju01,Junichi Tazawa,3,0,0,3,3,0,0,0,0,0,0,0,0,0,0,0,0
2011,KCA,AL,teafoev01,Everett Teaford,26,3,0,26,26,0,0,0,0,0,0,0,0,0,0,0,0
2011,TEX,AL,teagata01,Taylor Teagarden,14,8,14,14,0,14,0,0,0,0,0,0,0,0,0,0,0
2011,CHA,AL,teahema01,Mark Teahen,78,37,78,60,0,0,18,0,32,0,6,0,9,15,6,27,5
2011,ATL,NL,teherju01,Julio Teheran,5,3,5,5,5,0,0,0,0,0,0,0,0,0,0,0,0
2011,NYA,AL,teixema01,Mark Teixeira,156,153,156,147,0,0,147,0,0,0,0,0,0,0,9,1,0
2011,SFN,NL,tejadmi01,Miguel Tejada,91,82,91,87,0,0,0,4,44,42,0,0,0,0,0,7,0
2011,NYN,NL,tejadru01,Ruben Tejada,96,91,96,95,0,0,0,55,0,41,0,0,0,0,0,2,1
2011,KCA,AL,tejedro01,Rob Tejeda,9,0,0,9,9,0,0,0,0,0,0,0,0,0,0,0,0
2011,SDN,NL,tekotbl01,Blake Tekotte,19,7,19,11,0,0,0,0,0,0,3,7,1,11,0,9,1
2011,KCA,AL,texeika01,Kanekoa Texeira,6,0,0,6,6,0,0,0,0,0,0,0,0,0,0,0,0
2011,TOR,AL,thameer01,Eric Thames,95,90,95,80,0,0,0,0,0,0,53,0,27,80,13,3,0
2011,LAN,NL,thamema01,Marcus Thames,36,17,36,17,0,0,0,0,0,0,17,0,0,17,2,18,0
2011,SDN,NL,thatcjo01,Joe Thatcher,18,0,18,18,18,0,0,0,0,0,0,0,0,0,0,0,0
2011,NYN,NL,thayeda01,Dale Thayer,11,0,11,11,11,0,0,0,0,0,0,0,0,0,0,0,0
2011,SLN,NL,theriry01,Ryan Theriot,132,104,132,125,0,0,0,35,0,91,0,0,0,0,0,15,0
2011,NYN,NL,tholejo01,Josh Thole,114,91,114,102,0,102,0,0,0,0,0,0,0,0,0,17,0
2011,DET,AL,thomabr01,Brad Thomas,12,0,0,12,12,0,0,0,0,0,0,0,0,0,0,0,0
2011,CLE,AL,thomeji01,Jim Thome,93,78,93,1,0,0,0,0,1,0,0,0,0,0,78,15,0
2011,PIT,NL,thompaa01,Aaron Thompson,4,1,4,4,4,0,0,0,0,0,0,0,0,0,0,0,0
2011,CIN,NL,thompda02,Daryl Thompson,1,0,1,1,1,0,0,0,0,0,0,0,0,0,0,0,0
2011,LAA,AL,thompri03,Rich Thompson,44,0,1,44,44,0,0,0,0,0,0,0,0,0,0,0,0
2011,CHA,AL,thornma01,Matt Thornton,62,0,4,62,62,0,0,0,0,0,0,0,0,0,0,0,0
2011,FLO,NL,thursjo01,Joe Thurston,1,1,1,1,0,0,0,1,0,0,0,0,0,0,0,0,0
2011,BAL,AL,tillmch01,Chris Tillman,13,13,0,13,13,0,0,0,0,0,0,0,0,0,0,0,0
2011,TEX,AL,tobinma01,Mason Tobin,4,0,0,4,4,0,0,0,0,0,0,0,0,0,0,0,0
2011,MIN,AL,tolbema01,Matt Tolbert,87,52,87,71,0,0,0,36,6,31,0,0,0,0,3,11,9
2011,TEX,AL,tomkobr01,Brett Tomko,8,0,1,8,8,0,0,0,0,0,0,0,0,0,0,0,0
2011,CLE,AL,tomlijo01,Josh Tomlin,27,26,2,26,26,0,0,0,0,0,0,0,0,0,0,0,1
2011,PIT,NL,toregwy01,Wyatt Toregas,3,1,3,2,0,2,0,0,0,0,0,0,0,0,0,1,0
2011,TBA,AL,torreal01,Alex Torres,4,0,0,4,4,0,0,0,0,0,0,0,0,0,0,0,0
2011,SFN,NL,torrean02,Andres Torres,112,78,112,109,0,0,0,0,0,0,1,106,4,109,0,9,7
2011,TEX,AL,torreyo01,Yorvit Torrealba,113,108,113,98,0,98,0,0,0,0,0,0,0,0,13,5,0
2011,MIN,AL,tosonre01,Rene Tosoni,60,44,60,42,0,0,0,0,0,0,38,0,4,42,9,11,3
2011,HOU,NL,towlejr01,J. R. Towles,54,41,54,51,0,51,0,0,0,0,0,0,0,0,0,4,1
2011,KCA,AL,treanma01,Matt Treanor,72,64,72,72,0,72,0,0,0,0,0,0,0,0,0,1,0
2011,LAN,NL,troncra01,Ramon Troncoso,18,0,16,18,18,0,0,0,0,0,0,0,0,0,0,0,0
2011,LAA,AL,troutmi01,Mike Trout,40,32,40,35,0,0,0,0,0,0,10,13,13,35,0,4,2
2011,LAA,AL,trumbma01,Mark Trumbo,149,143,149,149,0,0,149,0,0,0,1,0,10,11,0,1,2
2011,TEX,AL,tuckery01,Ryan Tucker,5,0,0,5,5,0,0,0,0,0,0,0,0,0,0,0,0
2011,COL,NL,tulowtr01,Troy Tulowitzki,143,140,143,140,0,0,0,0,0,140,0,0,0,0,0,3,0
2011,DET,AL,turneja01,Jacob Turner,3,3,0,3,3,0,0,0,0,0,0,0,0,0,0,0,0
2011,NYN,NL,turneju01,Justin Turner,117,102,117,109,0,0,0,78,36,1,0,0,0,0,0,11,1
2011,BAL,AL,ueharko01,Koji Uehara,65,0,5,65,65,0,0,0,0,0,0,0,0,0,0,0,0
2011,ATL,NL,ugglada01,Dan Uggla,161,157,161,159,0,0,0,159,0,0,0,0,0,0,0,1,1
2011,TBA,AL,uptonbj01,B. J. Upton,153,150,153,151,0,0,0,0,0,0,0,151,0,151,0,3,0
2011,ARI,NL,uptonju01,Justin Upton,159,156,159,159,0,0,0,0,0,0,0,0,159,159,0,2,0
2011,LAN,NL,uribeju01,Juan Uribe,77,73,77,74,0,0,0,18,59,4,0,0,0,0,0,4,0
2011,PHI,NL,utleych01,Chase Utley,103,100,103,100,0,0,0,100,0,0,0,0,0,0,0,3,0
2011,CIN,NL,valaich01,Chris Valaika,14,7,14,7,0,0,0,1,4,2,0,0,0,0,0,5,2
2011,CLE,AL,valbulu01,Luis Valbuena,17,10,17,14,0,0,0,11,0,1,2,0,0,2,2,1,3
2011,HOU,NL,valdejo01,Jose Valdez,12,0,11,12,12,0,0,0,0,0,0,0,0,0,0,0,0
2011,ATL,NL,valdelu01,Jairo Asencio,6,0,5,6,6,0,0,0,0,0,0,0,0,0,0,0,0
2011,TEX,AL,valdeme01,Merkin Valdez,5,0,0,5,5,0,0,0,0,0,0,0,0,0,0,0,0
2011,NYA,AL,valdera02,Raul Valdes,13,0,5,13,13,0,0,0,0,0,0,0,0,0,0,0,0
2011,PHI,NL,valdewi01,Wilson Valdez,99,74,99,94,1,0,0,45,24,25,0,0,0,0,0,8,5
2011,MIN,AL,valenda01,Danny Valencia,154,150,154,147,0,0,0,0,147,0,0,0,0,0,4,3,0
2011,DET,AL,valvejo01,Jose Valverde,75,0,3,75,75,0,0,0,0,0,0,0,0,0,0,0,0
2011,BAL,AL,vanderi01,Rick van den Hurk,4,2,0,4,4,0,0,0,0,0,0,0,0,0,0,0,0
2011,SEA,AL,vargaja01,Jason Vargas,32,32,1,32,32,0,0,0,0,0,0,0,0,0,0,0,0
2011,BOS,AL,varitja01,Jason Varitek,68,64,68,68,0,68,0,0,0,0,0,0,0,0,0,0,0
2011,ATL,NL,varvaan01,Anthony Varvaro,18,0,18,18,18,0,0,0,0,0,0,0,0,0,0,0,0
2011,SEA,AL,vasquan01,Anthony Vasquez,7,7,0,7,7,0,0,0,0,0,0,0,0,0,0,0,0
2011,ARI,NL,vasques01,Esmerling Vasquez,31,0,29,31,31,0,0,0,0,0,0,0,0,0,0,0,0
2011,FLO,NL,vazquja01,Javier Vazquez,36,32,34,32,32,0,0,0,0,0,0,0,0,0,0,3,1
2011,LAA,AL,velazgi01,Gil Velazquez,4,1,4,4,0,0,0,2,2,0,0,0,0,0,0,2,0
2011,LAN,NL,velezeu01,Eugenio Velez,34,7,34,15,0,0,0,11,0,0,4,0,0,4,0,15,7
2011,SDN,NL,venabwi01,Will Venable,121,85,121,109,0,0,0,0,0,0,7,14,91,109,0,24,1
2011,ATL,NL,ventejo01,Jonny Venters,85,0,82,85,85,0,0,0,0,0,0,0,0,0,0,0,0
2011,PIT,NL,verasjo01,Jose Veras,79,0,75,79,79,0,0,0,0,0,0,0,0,0,0,0,0
2011,DET,AL,verlaju01,Justin Verlander,34,34,1,34,34,0,0,0,0,0,0,0,0,0,0,0,0
2011,CHA,AL,vicieda01,Dayan Viciedo,29,27,29,23,0,0,4,0,0,0,0,0,21,21,6,1,0
2011,PHI,NL,victosh01,Shane Victorino,132,128,132,130,0,0,0,0,0,0,0,130,0,130,0,3,0
2011,DET,AL,villabr02,Brayan Villarreal,16,0,1,16,16,0,0,0,0,0,0,0,0,0,0,0,0
2011,TOR,AL,villaca01,Carlos Villanueva,33,13,2,33,33,0,0,0,0,0,0,0,0,0,0,0,0
2011,FLO,NL,villael01,Elih Villanueva,1,1,1,1,1,0,0,0,0,0,0,0,0,0,0,0,0
2011,BAL,AL,violape01,Pedro Viola,4,0,1,4,4,0,0,0,0,0,0,0,0,0,0,0,0
2011,ATL,NL,vizcaar01,Arodys Vizcaino,17,0,17,17,17,0,0,0,0,0,0,0,0,0,0,0,0
2011,CHA,AL,vizquom01,Omar Vizquel,58,42,58,50,0,0,1,16,29,9,0,0,0,0,3,7,5
2011,SFN,NL,vogelry01,Ryan Vogelsong,31,28,30,30,30,0,0,0,0,0,0,0,0,0,0,0,1
2011,CIN,NL,volqued01,Edinson Volquez,21,21,18,21,21,0,0,0,0,0,0,0,0,0,0,0,0
2011,FLO,NL,volstch01,Chris Volstad,29,29,27,29,29,0,0,0,0,0,0,0,0,0,0,0,0
2011,CIN,NL,vottojo01,Joey Votto,161,159,161,160,0,0,160,0,0,0,0,0,0,0,0,2,0
2011,OAK,AL,wagnene01,Neil Wagner,6,0,0,6,6,0,0,0,0,0,0,0,0,0,0,0,0
2011,BOS,AL,wakefti01,Tim Wakefield,33,23,2,33,33,0,0,0,0,0,0,0,0,0,0,0,0
2011,LAA,AL,waldejo01,Jordan Walden,62,0,4,62,62,0,0,0,0,0,0,0,0,0,0,0,0
2011,MIN,AL,waldrky01,Kyle Waldrop,7,0,0,7,7,0,0,0,0,0,0,0,0,0,0,0,0
2011,PIT,NL,walkene01,Neil Walker,159,155,159,159,0,0,0,159,0,0,0,0,0,0,0,2,0
2011,HOU,NL,wallabr01,Brett Wallace,115,89,115,96,0,0,96,0,0,0,0,0,0,0,0,21,0
2011,SLN,NL,waltepj01,P. J. Walters,5,0,4,5,5,0,0,0,0,0,0,0,0,0,0,0,0
2011,PIT,NL,watsoto01,Tony Watson,43,0,39,43,43,0,0,0,0,0,0,0,0,0,0,0,0
2011,LAA,AL,weaveje02,Jered Weaver,33,33,2,33,33,0,0,0,0,0,0,0,0,0,0,0,0
2011,OAK,AL,weeksje01,Jemile Weeks,97,96,97,96,0,0,0,96,0,0,0,0,0,0,0,1,0
2011,MIL,NL,weeksri01,Rickie Weeks,118,117,118,115,0,0,0,115,0,0,0,0,0,0,2,1,0
2011,BOS,AL,weilaky01,Kyle Weiland,7,5,0,7,7,0,0,0,0,0,0,0,0,0,0,0,0
2011,DET,AL,weinhro01,Robbie Weinhardt,2,0,0,2,2,0,0,0,0,0,0,0,0,0,0,0,0
2011,DET,AL,wellsca01,Casper Wells,95,58,95,83,0,0,0,0,0,0,21,9,58,83,8,5,5
2011,CHN,NL,wellsra01,Randy Wells,23,23,22,23,23,0,0,0,0,0,0,0,0,0,0,0,0
2011,LAA,AL,wellsve01,Vernon Wells,131,128,131,122,0,0,0,0,0,0,111,12,10,122,7,1,1
2011,WAS,NL,werthja01,Jayson Werth,150,148,150,149,0,0,0,0,0,0,0,19,134,149,0,2,0
2011,SLN,NL,westbja01,Jake Westbrook,35,33,33,33,33,0,0,0,0,0,0,0,0,0,0,1,1
2011,BOS,AL,wheelda01,Dan Wheeler,47,0,3,47,47,0,0,0,0,0,0,0,0,0,0,0,0
2011,NYA,AL,whelake01,Kevin Whelan,2,0,0,2,2,0,0,0,0,0,0,0,0,0,0,0,0
2011,CLE,AL,whiteal01,Alex White,10,10,7,10,10,0,0,0,0,0,0,0,0,0,0,0,0
2011,SFN,NL,whiteel03,Eli Whiteside,82,64,82,81,0,81,0,0,0,0,0,0,0,0,0,2,0
2011,BAL,AL,wietema01,Matt Wieters,139,133,139,133,0,132,1,0,0,0,0,0,0,0,3,5,0
2011,COL,NL,wiggity01,Ty Wigginton,130,100,130,116,0,0,36,0,68,0,21,0,6,27,0,17,1
2011,SEA,AL,wilheto01,Tom Wilhelmsen,25,0,0,25,25,0,0,0,0,0,0,0,0,0,0,0,0
2011,CIN,NL,willido03,Dontrelle Willis,16,13,16,13,13,0,0,0,0,0,0,0,0,0,0,3,0
2011,LAA,AL,willije01,Jeff Williams,10,6,0,10,10,0,0,0,0,0,0,0,0,0,0,0,0
2011,OAK,AL,willijo03,Josh Willingham,136,130,136,96,0,0,0,0,0,0,96,0,0,96,36,6,0
2011,BOS,AL,willira01,Randy Williams,7,0,0,7,7,0,0,0,0,0,0,0,0,0,0,0,0
2011,LAA,AL,willire03,Reggie Willits,22,8,22,20,0,0,0,0,0,0,19,0,1,20,0,2,2
2011,LAA,AL,wilsobo02,Bobby Wilson,57,36,57,53,0,47,6,0,0,0,0,0,0,0,2,5,0
2011,SFN,NL,wilsobr01,Brian Wilson,57,0,56,57,57,0,0,0,0,0,0,0,0,0,0,0,0
2011,TEX,AL,wilsocj01,C. J. Wilson,34,34,2,34,34,0,0,0,0,0,0,0,0,0,0,0,0
2011,ATL,NL,wilsoja02,Jack Wilson,79,61,79,75,0,0,0,45,4,26,0,0,0,0,0,4,10
2011,ARI,NL,wilsojo03,Josh Wilson,60,17,60,34,0,0,1,10,13,11,3,0,0,3,0,28,6
2011,SEA,AL,wilsomi02,Mike Wilson,8,7,8,7,0,0,0,0,0,0,5,0,2,7,1,1,0
2011,TOR,AL,woodwch01,Chris Woodward,11,2,11,4,0,0,0,2,1,1,0,0,0,0,0,1,7
2011,PHI,NL,worleva01,Vance Worley,25,21,24,25,25,0,0,0,0,0,0,0,0,0,0,0,0
2011,BAL,AL,worrema01,Mark Worrell,4,0,0,4,4,0,0,0,0,0,0,0,0,0,0,0,0
2011,DET,AL,worthda01,Danny Worth,30,8,30,28,0,0,0,15,13,0,0,0,0,0,0,3,5
2011,NYN,NL,wrighda03,David Wright,102,101,102,101,0,0,0,0,101,1,0,0,0,0,0,1,0
2011,SEA,AL,wrighja01,Jamey Wright,60,0,2,60,60,0,0,0,0,0,0,0,0,0,0,0,0
2011,HOU,NL,wrighwe01,Wesley Wright,21,0,21,21,21,0,0,0,0,0,0,0,1,1,0,0,0
2011,OAK,AL,wuertmi01,Michael Wuertz,39,0,4,39,39,0,0,0,0,0,0,0,0,0,0,0,0
2011,BOS,AL,youklke01,Kevin Youkilis,120,120,120,117,0,0,6,0,112,0,0,0,0,0,4,0,0
2011,NYN,NL,youngch03,Chris Young,4,4,4,4,4,0,0,0,0,0,0,0,0,0,0,0,0
2011,ARI,NL,youngch04,Chris Young,156,155,156,155,0,0,0,0,0,0,0,155,0,155,0,1,0
2011,DET,AL,youngde03,Delmon Young,124,121,124,115,0,0,0,0,0,0,115,0,0,115,7,2,1
2011,COL,NL,younger03,Eric Young,77,42,77,48,0,0,0,7,0,0,35,5,3,43,1,26,6
2011,ATL,NL,youngma02,Matt Young,20,11,20,14,0,0,0,0,0,0,9,3,7,14,0,7,1
2011,TEX,AL,youngmi02,Michael Young,159,159,159,91,0,0,36,14,40,1,0,0,0,0,69,0,0
2011,PHI,NL,zagurmi01,Mike Zagurski,4,0,4,4,4,0,0,0,0,0,0,0,0,0,0,0,0
2011,CHN,NL,zambrca01,Carlos Zambrano,25,24,22,24,24,0,0,0,0,0,0,0,0,0,0,1,0
2011,ARI,NL,zieglbr01,Brad Ziegler,66,0,27,66,66,0,0,0,0,0,0,0,0,0,0,0,0
2011,WAS,NL,zimmejo02,Jordan Zimmermann,29,26,26,26,26,0,0,0,0,0,0,0,0,0,0,3,0
2011,WAS,NL,zimmery01,Ryan Zimmerman,101,98,101,97,0,0,0,0,97,0,0,0,0,0,1,3,0
2011,TBA,AL,zobribe01,Ben Zobrist,156,154,156,154,0,0,0,131,0,0,0,0,38,38,3,1,1
