2014,NYN,NL,geedi01,Dillon Gee,22,22,20,22,22,0,0,0,0,0,0,0,0,0,0,0,0
2014,SLN,NL,jayjo02,Jon Jay,140,109,140,125,0,0,0,0,0,0,27,98,33,125,0,23,1
2014,CLE,AL,leech01,C. C. Lee,37,0,3,37,37,0,0,0,0,0,0,0,0,0,0,0,0
2014,PHI,NL,leecl02,Cliff Lee,13,13,11,13,13,0,0,0,0,0,0,0,0,0,0,0,0
2014,MIN,AL,maytr01,Trevor May,10,9,0,10,10,0,0,0,0,0,0,0,0,0,0,0,0
2014,PHI,NL,nixja01,Jayson Nix,41,22,41,36,0,0,1,12,19,6,0,0,2,2,0,5,1
2014,CHN,NL,oltmi01,Mike Olt,89,60,89,61,0,0,12,0,52,0,0,0,0,0,3,27,0
2014,DET,AL,rayro02,Robbie Ray,9,6,1,9,9,0,0,0,0,0,0,0,0,0,0,0,0
2014,NYA,AL,roech01,Chaz Roe,3,0,0,3,3,0,0,0,0,0,0,0,0,0,0,0,0
2014,TEX,AL,ruary01,Ryan Rua,28,28,28,26,0,0,9,0,1,0,17,0,0,17,2,0,0
2014,PHI,NL,rufda01,Darin Ruf,52,25,52,32,0,0,20,0,1,0,15,0,0,15,0,23,0
2014,LAN,NL,ryuhy01,Hyun-jin Ryu,26,26,24,26,26,0,0,0,0,0,0,0,0,0,0,0,0
2014,OAK,AL,abadfe01,Fernando Abad,69,0,7,69,69,0,0,0,0,0,0,0,0,0,0,0,0
2014,NYA,AL,annade01,Dean Anna,12,7,12,12,1,0,0,3,0,9,0,0,0,0,0,0,0
2014,KCR,AL,aokino01,Nori Aoki,132,126,132,120,0,0,0,0,0,0,5,0,119,120,9,3,3
2014,CHN,NL,baezja01,Javier Baez,52,52,52,52,0,0,0,25,0,30,0,0,0,0,0,0,0
2014,LAN,NL,baezpe01,Pedro Baez,20,0,18,20,20,0,0,0,0,0,0,0,0,0,0,0,0
2014,HOU,AL,bassan01,Anthony Bass,21,0,0,21,21,0,0,0,0,0,0,0,0,0,0,0,0
2014,TBA,AL,bellhe01,Heath Bell,13,0,1,13,13,0,0,0,0,0,0,0,0,0,0,0,0
2014,CIN,NL,belltr01,Trevor Bell,2,0,2,2,2,0,0,0,0,0,0,0,0,0,0,0,0
2014,SFN,NL,beltbr01,Brandon Belt,61,56,61,59,0,0,59,0,0,0,0,0,1,1,0,4,0
2014,MIA,NL,bourju01,Justin Bour,39,15,39,15,0,0,15,0,0,0,0,0,0,0,3,22,0
2014,SEA,AL,buckjo01,John Buck,32,24,32,25,0,24,1,0,0,0,0,0,0,0,5,4,0
2014,PHI,NL,byrdma01,Marlon Byrd,154,148,154,149,0,0,0,0,0,0,0,0,149,149,1,5,0
2014,KCR,AL,cainlo01,Lorenzo Cain,133,122,133,133,0,0,0,0,0,0,0,93,77,133,1,0,3
2014,SFN,NL,cainma01,Matt Cain,15,15,14,15,15,0,0,0,0,0,0,0,0,0,0,0,0
2014,PHI,NL,campsh01,Shawn Camp,3,0,2,3,3,0,0,0,0,0,0,0,0,0,0,0,0
2014,SEA,AL,canoro01,Robinson Cano,157,157,157,150,0,0,0,150,0,0,0,0,0,0,8,0,0
2014,BOS,AL,carpmi01,Mike Carp,59,31,59,46,1,0,32,0,1,0,13,0,1,14,1,22,1
2014,KCR,AL,chenbr01,Bruce Chen,13,7,0,13,13,0,0,0,0,0,0,0,0,0,0,0,0
2014,BAL,AL,chenwe02,Wei-Yin Chen,31,31,1,31,31,0,0,0,0,0,0,0,0,0,0,0,0
2014,TEX,AL,choosh01,Shin-Soo Choo,123,119,123,75,0,0,0,0,0,0,64,0,12,75,45,4,0
2014,TBA,AL,cobbal01,Alex Cobb,27,27,4,27,27,0,0,0,0,0,0,0,0,0,0,0,0
2014,DET,AL,cokeph01,Phil Coke,62,0,5,62,62,0,0,0,0,0,0,0,0,0,0,0,0
2014,PIT,NL,colege01,Gerrit Cole,23,22,22,22,22,0,0,0,0,0,0,0,0,0,0,1,0
2014,OAK,AL,cookry01,Ryan Cook,54,0,4,54,54,0,0,0,0,0,0,0,0,0,0,0,0
2014,LAA,AL,croncj01,C. J. Cron,79,62,79,36,0,0,36,0,0,0,0,0,0,0,38,12,0
2014,KCR,AL,crowaa01,Aaron Crow,67,0,5,67,67,0,0,0,0,0,0,0,0,0,0,0,0
2014,BAL,AL,cruzne02,Nelson Cruz,159,159,159,70,0,0,0,0,0,0,60,0,11,70,89,0,0
2014,SLN,NL,cruzto03,Tony Cruz,50,35,50,49,0,47,2,0,1,0,0,0,0,0,0,7,0
2014,LAA,AL,diazja01,Jairo Diaz,5,0,0,5,5,0,0,0,0,0,0,0,0,0,0,0,0
2014,TOR,AL,diazjo02,Jonathan Diaz,23,10,23,22,0,0,0,5,0,14,1,1,1,3,0,3,3
2014,CIN,NL,diazju03,Jumbo Diaz,36,0,34,36,36,0,0,0,0,0,0,0,0,0,0,0,0
2014,BOS,AL,drewst01,Stephen Drew,85,78,85,84,0,0,0,34,0,51,0,0,0,0,1,4,0
2014,NYN,NL,dudalu01,Lucas Duda,153,138,153,146,0,0,146,0,0,0,1,0,0,1,3,10,0
2014,MIL,NL,dukeza01,Zach Duke,74,0,67,74,74,0,0,0,0,0,0,0,0,0,0,0,0
2014,CHA,AL,dunnad01,Adam Dunn,131,119,131,29,1,0,23,0,0,0,4,0,2,6,95,12,0
2014,MIA,NL,dunnmi01,Mike Dunn,75,0,71,75,75,0,0,0,0,0,0,0,0,0,0,0,0
2014,MIL,NL,faluir01,Irving Falu,22,6,22,16,0,0,0,11,3,2,0,0,0,0,0,7,0
2014,MIN,AL,fienca01,Casey Fien,73,0,6,73,73,0,0,0,0,0,0,0,0,0,0,0,0
2014,LAN,NL,fifest01,Stephen Fife,1,1,1,1,1,0,0,0,0,0,0,0,0,0,0,0,0
2014,MIN,AL,fuldsa01,Sam Fuld,113,95,113,107,0,0,0,0,0,0,36,62,17,107,0,9,4
2014,TOR,AL,getzch01,Chris Getz,10,6,10,10,0,0,0,10,0,0,0,0,0,0,0,1,0
2014,KCR,AL,gorete01,Terrance Gore,11,0,11,2,0,0,0,0,0,0,2,0,0,2,4,0,9
2014,TOR,AL,gosean01,Anthony Gose,94,74,94,88,0,0,0,0,0,0,11,65,14,88,1,10,1
2014,OAK,AL,grayso01,Sonny Gray,33,33,2,33,33,0,0,0,0,0,0,0,0,0,0,0,0
2014,SDN,NL,hahnje01,Jesse Hahn,15,12,14,14,14,0,0,0,0,0,0,0,0,0,0,0,1
2014,ATL,NL,haleda02,David Hale,45,6,43,45,45,0,0,0,0,0,0,0,0,0,0,0,0
2014,MIA,NL,handbr01,Brad Hand,32,16,31,32,32,0,0,0,0,0,0,0,0,0,0,0,0
2014,TOR,AL,happja01,J. A. Happ,30,26,3,30,30,0,0,0,0,0,0,0,0,0,0,0,0
2014,SEA,AL,hartco01,Corey Hart,68,62,68,9,0,0,2,0,0,0,1,0,7,8,55,6,0
2014,ARI,NL,hillaa01,Aaron Hill,133,125,133,123,0,0,0,116,7,0,0,0,0,0,2,8,0
2014,PHI,NL,hillko01,Koyie Hill,10,6,10,10,0,10,0,0,0,0,0,0,0,0,0,0,0
2014,LAA,AL,hillri01,Rich Hill,16,0,0,16,16,0,0,0,0,0,0,0,0,0,0,0,0
2014,WAS,NL,hillta01,Taylor Hill,3,1,3,3,3,0,0,0,0,0,0,0,0,0,0,0,0
2014,HOU,AL,hoeslj01,L. J. Hoes,55,35,55,48,0,0,0,0,0,0,36,0,12,48,1,9,4
2014,BOS,AL,holtbr01,Brock Holt,106,105,106,106,0,0,8,11,39,12,8,10,35,44,0,1,0
2014,CLE,AL,holtty01,Tyler Holt,36,17,36,35,0,0,0,0,0,0,1,9,28,35,0,8,1
2014,SFN,NL,huffda01,David Huff,46,0,16,46,46,0,0,0,0,0,0,0,0,0,0,1,0
2014,OAK,AL,jasojo01,John Jaso,99,79,99,54,0,54,0,0,0,0,0,0,0,0,35,19,0
2014,LAN,NL,kempma01,Matt Kemp,150,139,150,143,0,0,0,0,0,0,44,41,59,143,2,10,0
2014,LAA,AL,kohnmi01,Michael Kohn,25,0,3,25,25,0,0,0,0,0,0,0,0,0,0,0,0
2014,DET,AL,krolia01,Ian Krol,45,0,6,45,45,0,0,0,0,0,0,0,0,0,0,0,0
2014,CHN,NL,lakeju01,Junior Lake,108,70,108,85,0,0,0,0,0,0,54,36,1,85,0,31,1
2014,ARI,NL,lambja01,Jake Lamb,37,33,37,34,0,0,0,0,34,0,0,0,0,0,0,4,0
2014,SDN,NL,laneja01,Jason Lane,3,1,3,3,3,0,0,0,0,0,0,0,0,0,0,0,0
2014,WAS,NL,leonsa01,Sandy Leon,20,17,20,20,0,20,0,0,0,0,0,0,0,0,0,1,0
2014,TOR,AL,lindad01,Adam Lind,96,78,96,47,0,0,47,0,0,0,0,0,0,0,37,16,1
2014,TOR,AL,loupaa01,Aaron Loup,71,0,4,71,71,0,0,0,0,0,0,0,0,0,0,0,0
2014,CLE,AL,lowema01,Mark Lowe,7,0,1,7,7,0,0,0,0,0,0,0,0,0,0,0,0
2014,CIN,NL,lutzdo01,Donald Lutz,28,11,28,12,0,0,6,0,0,0,4,0,2,6,1,16,0
2014,SLN,NL,lynnla01,Lance Lynn,33,33,31,33,33,0,0,0,0,0,0,0,0,0,0,0,0
2014,BAL,AL,meekev01,Evan Meek,23,0,0,23,23,0,0,0,0,0,0,0,0,0,0,0,0
2014,OAK,AL,mossbr01,Brandon Moss,147,132,147,132,0,0,67,0,0,0,56,0,34,84,12,12,0
2014,DET,AL,moyast01,Steven Moya,11,0,11,5,0,0,0,0,0,0,0,0,5,5,2,6,1
2014,SDN,NL,nadyxa01,Xavier Nady,22,6,22,13,0,0,1,0,0,0,5,0,8,12,0,15,0
2014,BOS,AL,navada01,Daniel Nava,113,95,113,105,0,0,11,0,0,0,38,0,69,100,2,14,0
2014,NYA,AL,novaiv01,Ivan Nova,4,4,0,4,4,0,0,0,0,0,0,0,0,0,0,0,0
2014,NYA,AL,nunovi01,Vidal Nuno,31,28,12,31,31,0,0,0,0,0,0,0,0,0,0,0,0
2014,BAL,AL,odayda01,Darren O'Day,68,0,5,68,68,0,0,0,0,0,0,0,0,0,0,0,0
2014,TEX,AL,odorro01,Rougned Odor,114,107,114,110,0,0,0,110,0,0,0,0,0,0,1,5,0
2014,ARI,NL,paulxa01,Xavier Paul,14,3,14,5,0,0,0,0,0,0,5,0,0,5,0,10,1
2014,CIN,NL,penabr01,Brayan Pe単a,115,90,115,95,0,46,53,0,0,0,0,0,0,0,1,21,0
2014,TEX,AL,penaca01,Carlos Pe単a,18,16,18,16,0,0,16,0,0,0,0,0,0,0,0,2,0
2014,KCR,AL,penafr01,Francisco Pe単a,1,0,1,1,0,1,0,0,0,0,0,0,0,0,0,0,0
2014,ATL,NL,penara02,Ramiro Pe単a,81,29,81,67,0,0,0,38,17,15,0,0,0,0,0,17,2
2014,SLN,NL,phamth01,Tommy Pham,6,0,6,2,0,0,0,0,0,0,2,0,1,2,0,2,2
2014,MIN,AL,pinoyo01,Yohan Pino,11,11,0,11,11,0,0,0,0,0,0,0,0,0,0,0,0
2014,LAN,NL,puigya01,Yasiel Puig,148,142,148,144,0,0,0,0,0,0,0,53,91,144,1,5,0
2014,ARI,NL,putzjj01,J. J. Putz,18,0,16,18,18,0,0,0,0,0,0,0,0,0,0,0,0
2014,ARI,NL,reedad01,Addison Reed,62,0,60,62,62,0,0,0,0,0,0,0,0,0,0,0,0
2014,DET,AL,reedev01,Evan Reed,32,0,1,32,32,0,0,0,0,0,0,0,0,0,0,0,0
2014,NYN,NL,ricesc01,Scott Rice,32,0,28,32,32,0,0,0,0,0,0,0,0,0,0,0,0
2014,TEX,AL,riosal01,Alex Rios,131,129,131,115,0,0,0,0,0,0,0,0,115,115,16,1,0
2014,SFN,NL,romose01,Sergio Romo,64,0,62,64,64,0,0,0,0,0,0,0,0,0,0,0,0
2014,ARI,NL,rossco01,Cody Ross,83,51,83,56,0,0,0,0,0,0,37,0,20,56,0,30,0
2014,BOS,AL,rossda01,David Ross,50,47,50,50,0,50,0,0,0,0,0,0,0,0,0,0,0
2014,TEX,AL,rossro01,Robbie Ross,27,12,2,27,27,0,0,0,0,0,0,0,0,0,0,0,0
2014,SDN,NL,rossty01,Tyson Ross,32,31,29,31,31,0,0,0,0,0,0,0,0,0,0,0,1
2014,LAA,AL,rothmi01,Michael Roth,7,0,0,7,7,0,0,0,0,0,0,0,0,0,0,0,0
2014,PHI,NL,ruizca01,Carlos Ruiz,110,104,110,109,0,109,0,0,0,0,0,0,0,0,0,3,1
2014,PHI,NL,ruppca01,Cameron Rupp,18,18,18,18,0,18,0,0,0,0,0,0,0,0,0,0,0
2014,NYA,AL,ryanbr01,Brendan Ryan,49,33,49,48,0,0,5,19,2,25,0,0,0,0,1,2,4
2014,DET,AL,ryanky01,Kyle Ryan,6,1,0,6,6,0,0,0,0,0,0,0,0,0,0,0,0
2014,CHA,AL,salech01,Chris Sale,26,26,1,26,26,0,0,0,0,0,0,0,0,0,0,0,0
2014,CLE,AL,shawbr01,Bryan Shaw,80,0,4,80,80,0,0,0,0,0,0,0,0,0,0,0,0
2014,HOU,AL,sippto01,Tony Sipp,56,0,8,56,56,0,0,0,0,0,1,0,1,2,0,0,0
2014,TEX,AL,sotoge01,Geovany Soto,24,24,24,24,0,24,0,0,0,0,0,0,0,0,0,0,0
2014,CIN,NL,sotone01,Neftali Soto,21,4,21,9,0,0,7,0,2,0,0,0,0,0,1,11,0
2014,WAS,NL,spande01,Denard Span,147,144,147,147,0,0,0,0,0,0,0,147,0,147,0,0,0
2014,CHA,AL,vealdo01,Donnie Veal,7,0,1,7,7,0,0,0,0,0,0,0,0,0,0,0,0
2014,OAK,AL,vogtst01,Stephen Vogt,84,67,84,74,0,15,47,0,0,0,1,0,17,18,6,13,0
2014,CHN,NL,wadats01,Tsuyoshi Wada,13,13,13,13,13,0,0,0,0,0,0,0,0,0,0,0,0
2014,LAA,AL,walljo02,Josh Wall,2,0,0,2,2,0,0,0,0,0,0,0,0,0,0,0,0
2014,MIL,NL,wangwe01,Wei-Chung Wang,14,0,14,14,14,0,0,0,0,0,0,0,0,0,0,0,0
2014,CHA,AL,webbda01,Daniel Webb,57,0,3,57,57,0,0,0,0,0,0,0,0,0,0,0,0
2014,BAL,AL,webbry01,Ryan Webb,51,0,4,51,51,0,0,0,0,0,0,0,0,0,0,0,0
2014,TEX,AL,westma03,Matt West,3,0,0,3,3,0,0,0,0,0,0,0,0,0,0,0,0
2014,MIA,NL,wolfra02,Randy Wolf,6,4,6,6,6,0,0,0,0,0,0,0,0,0,0,0,0
2014,SLN,NL,wongko01,Kolten Wong,113,100,113,107,0,0,0,107,0,0,0,0,0,0,0,10,1
2014,ATL,NL,woodal02,Alex Wood,35,24,31,35,35,0,0,0,0,0,0,0,0,0,0,0,0
2014,CLE,AL,woodbl01,Blake Wood,7,0,0,7,7,0,0,0,0,0,0,0,0,0,0,0,0
2014,CHN,NL,woodtr01,Travis Wood,41,31,38,31,31,0,0,0,0,0,0,0,0,0,0,7,3
2014,COL,NL,ynoara01,Rafael Ynoa,19,14,19,16,0,0,0,1,13,2,0,0,0,0,0,3,0
2014,HOU,AL,zeidjo01,Josh Zeid,23,0,3,23,23,0,0,0,0,0,0,0,0,0,0,0,0
2014,NYN,NL,abreubo01,Bobby Abreu,78,29,78,31,0,0,0,0,0,0,5,0,26,31,3,46,0
2014,CHA,AL,abreujo02,Jose Abreu,145,144,145,109,0,0,109,0,0,0,0,0,0,0,35,1,0
2014,SFN,NL,abreuto01,Tony Abreu,3,0,3,2,0,0,0,1,1,0,0,0,0,0,0,1,0
2014,NYA,AL,aceveal01,Alfredo Aceves,10,0,4,10,10,0,0,0,0,0,0,0,0,0,0,0,0
2014,MIN,AL,achteaj01,A. J. Achter,7,0,0,7,7,0,0,0,0,0,0,0,0,0,0,0,0
2014,SEA,AL,ackledu01,Dustin Ackley,143,131,143,133,0,0,0,0,0,0,133,0,0,133,8,7,4
2014,COL,NL,adamecr01,Cristhian Adames,7,2,7,7,0,0,0,2,0,5,0,0,0,0,0,2,0
2014,CLE,AL,adamsau01,Austin Adams,6,0,0,6,6,0,0,0,0,0,0,0,0,0,0,0,0
2014,KCA,AL,adamsla01,Lane Adams,6,0,6,2,0,0,0,0,0,0,2,2,0,2,2,0,4
2014,SLN,NL,adamsma01,Matt Adams,142,132,142,133,0,0,133,0,0,0,0,0,0,0,0,10,0
2014,PHI,NL,adamsmi03,Mike Adams,22,0,22,22,22,0,0,0,0,0,0,0,0,0,0,0,0
2014,TEX,AL,adcocna01,Nathan Adcock,7,0,0,7,7,0,0,0,0,0,0,0,0,0,0,0,0
2014,TEX,AL,adducji02,Jim Adduci,44,26,44,31,0,0,3,0,0,0,20,0,8,28,5,13,2
2014,SFN,NL,adriaeh01,Ehire Adrianza,53,20,53,34,0,0,0,25,3,7,0,0,0,0,0,20,4
2014,SFN,NL,affelje01,Jeremy Affeldt,62,0,59,62,62,0,0,0,0,0,0,0,0,0,0,0,0
2014,CLE,AL,aguilje01,Jesus Aguilar,19,11,19,13,0,0,12,0,1,0,0,0,0,0,5,4,0
2014,ARI,NL,ahmedni01,Nick Ahmed,25,18,25,20,0,0,0,2,0,18,0,0,0,0,0,1,4
2014,HOU,AL,alberma01,Matt Albers,8,0,0,8,8,0,0,0,0,0,0,0,0,0,0,0,0
2014,DET,AL,albural01,Al Alburquerque,72,0,5,72,72,0,0,0,0,0,0,0,0,0,0,0,0
2014,CHN,NL,alcanar01,Arismendy Alcantara,70,69,70,70,0,0,0,25,0,0,0,48,0,48,0,1,0
2014,CLE,AL,allenco01,Cody Allen,76,0,5,76,76,0,0,0,0,0,0,0,0,0,0,0,0
2014,SEA,AL,almonab01,Abraham Almonte,59,49,59,51,0,0,0,0,0,0,16,41,0,51,1,6,2
2014,NYA,AL,almonzo01,Zoilo Almonte,13,9,13,10,0,0,0,0,0,0,6,0,4,10,1,2,0
2014,SDN,NL,alonsyo01,Yonder Alonso,84,72,84,78,0,0,77,0,3,0,0,0,0,0,0,6,0
2014,PHI,NL,altheaa01,Aaron Altherr,2,1,2,1,0,0,0,0,0,0,1,0,0,1,0,1,0
2014,HOU,AL,altuvjo01,Jose Altuve,158,157,158,156,0,0,0,156,0,0,0,0,0,0,1,1,0
2014,NYN,NL,alvarda01,Dario Alvarez,4,0,4,4,4,0,0,0,0,0,0,0,0,0,0,0,0
2014,MIA,NL,alvarhe01,Henderson Alvarez,30,30,29,30,30,0,0,0,0,0,0,0,0,0,0,0,0
2014,LAA,AL,alvarjo02,Jose Alvarez,2,0,0,2,2,0,0,0,0,0,0,0,0,0,0,0,0
2014,PIT,NL,alvarpe01,Pedro Alvarez,122,103,122,104,0,0,5,0,99,0,0,0,0,0,3,16,0
2014,SDN,NL,alvarrj01,R. J. Alvarez,10,0,10,10,10,0,0,0,0,0,0,0,0,0,0,0,0
2014,SDN,NL,amarial01,Alexi Amarista,148,119,148,138,0,0,0,21,22,73,6,21,0,26,0,12,3
2014,SDN,NL,ambrihe01,Hector Ambriz,1,0,1,1,1,0,0,0,0,0,0,0,0,0,0,0,0
2014,COL,NL,anderbr04,Brett Anderson,8,8,8,8,8,0,0,0,0,0,0,0,0,0,0,0,0
2014,OAK,AL,anderbr05,Bryan Anderson,1,0,1,0,0,0,0,0,0,0,0,0,0,0,0,1,0
2014,ARI,NL,anderch01,Chase Anderson,22,21,21,21,21,0,0,0,0,0,0,0,0,0,0,0,1
2014,TEX,AL,andruel01,Elvis Andrus,157,156,157,153,0,0,0,0,0,153,0,0,0,0,4,1,0
2014,TBA,AL,archech01,Chris Archer,32,32,2,32,32,0,0,0,0,0,0,0,0,0,0,0,0
2014,MIN,AL,arciaos01,Oswaldo Arcia,103,98,103,100,0,0,0,0,0,0,0,0,100,100,2,5,0
2014,COL,NL,arenano01,Nolan Arenado,111,111,111,111,0,0,0,0,111,0,0,0,0,0,0,0,0
2014,TEX,AL,arencjp01,J. P. Arencibia,63,58,62,45,1,22,22,0,0,0,0,0,0,0,16,2,0
2014,SFN,NL,ariasjo01,Joaquin Arias,107,39,107,81,0,0,16,15,44,11,0,0,0,0,1,37,2
2014,CHN,NL,arrieja01,Jake Arrieta,26,25,23,25,25,0,0,0,0,0,0,0,0,0,0,1,0
2014,ARI,NL,arroybr01,Bronson Arroyo,15,14,15,14,14,0,0,0,0,0,0,0,0,0,0,0,1
2014,PHI,NL,ascheco01,Cody Asche,121,105,121,112,0,0,0,0,112,0,0,0,0,0,0,11,1
2014,CLE,AL,atchisc01,Scott Atchison,70,0,7,70,70,0,0,0,0,0,0,0,0,0,0,0,0
2014,PHI,NL,aumonph01,Phillippe Aumont,5,0,5,5,5,0,0,0,0,0,0,0,0,0,0,0,0
2014,DET,AL,avilaal01,Alex Avila,124,116,124,123,0,122,1,0,0,0,0,0,0,0,1,5,0
2014,ATL,NL,avilalu01,Luis Avilan,62,0,59,62,62,0,0,0,0,0,0,0,0,0,0,0,0
2014,CLE,AL,avilemi01,Mike Aviles,113,88,113,109,0,0,0,33,36,15,27,3,3,33,0,12,2
2014,CIN,NL,axelrdy01,Dylan Axelrod,5,4,4,5,5,0,0,0,0,0,0,0,0,0,0,0,0
2014,CLE,NL,axforjo01,John Axford,62,0,15,62,62,0,0,0,0,0,0,0,0,0,0,0,0
2014,LAA,AL,aybarer01,Erick Aybar,156,154,156,155,0,0,0,0,0,155,0,0,0,0,0,2,0
2014,BOS,AL,badenbu01,Burke Badenhop,70,0,6,70,70,0,0,0,0,0,0,0,0,0,0,0,0
2014,CIN,NL,baileho02,Homer Bailey,23,23,22,23,23,0,0,0,0,0,0,0,0,0,0,0,0
2014,MIA,NL,bakerje03,Jeff Baker,90,41,90,65,0,0,43,21,2,0,0,0,0,0,0,40,0
2014,CHN,NL,bakerjo01,John Baker,68,51,68,56,1,55,0,0,0,0,0,0,0,0,0,12,1
2014,TEX,AL,bakersc02,Scott Baker,25,8,1,25,25,0,0,0,0,0,0,0,0,0,0,0,0
2014,TBA,AL,balfogr01,Grant Balfour,65,0,4,65,65,0,0,0,0,0,0,0,0,0,0,0,0
2014,PIT,NL,barmecl01,Clint Barmes,48,26,48,44,0,0,2,14,2,27,0,0,0,0,0,4,4
2014,COL,NL,barnebr02,Brandon Barnes,132,55,132,74,0,0,0,0,0,0,18,5,55,74,1,67,1
2014,CHN,NL,barneda01,Darwin Barney,94,61,94,81,0,0,0,79,0,2,0,0,0,0,0,18,0
2014,BOS,AL,barnema01,Matt Barnes,5,0,1,5,5,0,0,0,0,0,0,0,0,0,0,0,0
2014,CIN,NL,barnhtu01,Tucker Barnhart,21,14,21,20,0,20,0,0,0,0,0,0,0,0,0,1,0
2014,WAS,NL,barreaa01,Aaron Barrett,50,0,46,50,50,0,0,0,0,0,0,0,0,0,0,0,0
2014,MIN,AL,bartlja01,Jason Bartlett,3,0,3,2,0,0,0,0,0,0,2,0,0,2,1,0,2
2014,OAK,AL,bartoda02,Daric Barton,30,15,30,30,0,0,30,0,0,0,0,0,0,0,0,0,2
2014,CHA,AL,bassich01,Chris Bassitt,6,5,0,6,6,0,0,0,0,0,0,0,0,0,0,0,0
2014,PHI,NL,bastaan01,Antonio Bastardo,67,0,62,67,67,0,0,0,0,0,0,0,0,0,0,0,0
2014,CLE,AL,bauertr01,Trevor Bauer,26,26,1,26,26,0,0,0,0,0,0,0,0,0,0,0,0
2014,TOR,AL,bautijo02,Jose Bautista,155,154,155,141,0,0,12,0,0,0,0,12,131,133,13,1,0
2014,LAN,NL,baxtemi01,Mike Baxter,4,1,4,1,0,0,0,0,0,0,1,0,0,1,0,3,0
2014,ATL,NL,beatope01,Pedro Beato,3,0,3,3,3,0,0,0,0,0,0,0,0,0,0,0,0
2014,SEA,AL,beavabl01,Blake Beavan,1,1,0,1,1,0,0,0,0,0,0,0,0,0,0,0,0
2014,LAN,NL,beckejo02,Josh Beckett,20,20,20,20,20,0,0,0,0,0,0,0,0,0,0,0,0
2014,CHA,AL,beckhgo01,Gordon Beckham,127,112,127,123,0,0,0,105,13,6,0,0,0,0,1,7,1
2014,TBA,AL,bedarer01,Erik Bedard,17,15,1,17,17,0,0,0,0,0,0,0,0,0,0,0,0
2014,LAA,AL,bedroca01,Cam Bedrosian,17,0,2,17,17,0,0,0,0,0,0,0,0,0,0,0,0
2014,CHN,NL,beeleda01,Dallas Beeler,2,2,2,2,2,0,0,0,0,0,0,0,0,0,0,0,0
2014,SEA,AL,beimejo01,Joe Beimel,56,0,4,56,56,0,0,0,0,0,0,0,0,0,0,0,0
2014,COL,NL,belisma01,Matt Belisle,66,1,64,66,66,0,0,0,0,0,0,0,0,0,0,0,0
2014,CHA,AL,belisro01,Ronald Belisario,62,0,6,62,62,0,0,0,0,0,0,0,0,0,0,0,0
2014,TBA,AL,belivje01,Jeff Beliveau,30,0,3,30,30,0,0,0,0,0,0,0,0,0,0,0,0
2014,TBA,AL,belnovi01,Vince Belnome,4,4,4,0,0,0,0,0,0,0,0,0,0,0,4,0,0
2014,TEX,AL,beltrad01,Adrian Beltre,148,148,148,136,0,0,0,0,136,0,0,0,0,0,12,0,0
2014,NYA,AL,beltrca01,Carlos Beltran,109,107,109,32,0,0,1,0,0,0,0,0,32,32,76,2,0
2014,SDN,NL,benoijo01,Joaquin Benoit,53,0,49,53,53,0,0,0,0,0,0,0,0,0,0,0,0
2014,COL,NL,bergmch01,Christian Bergman,10,10,10,10,10,0,0,0,0,0,0,0,0,0,0,0,0
2014,CIN,NL,bernaro01,Roger Bernadina,53,12,53,31,0,0,1,0,0,0,17,7,10,30,0,25,4
2014,MIN,AL,bernido01,Doug Bernier,7,2,7,5,0,0,0,2,0,3,0,0,0,0,1,2,2
2014,BAL,AL,berryqu01,Quintin Berry,10,0,10,5,0,0,0,0,0,0,3,1,1,5,2,0,8
2014,NYA,AL,betande01,Dellin Betances,70,0,6,70,70,0,0,0,0,0,0,0,0,0,0,0,0
2014,ATL,NL,bethach01,Christian Bethancourt,31,29,31,31,0,31,0,0,0,0,0,0,0,0,0,0,0
2014,COL,NL,bettich01,Chad Bettis,21,0,21,21,21,0,0,0,0,0,0,0,0,0,0,0,0
2014,BOS,AL,bettsmo01,Mookie Betts,52,50,52,51,0,0,0,14,0,0,0,28,12,37,0,0,1
2014,MIL,NL,biancje01,Jeff Bianchi,29,15,29,21,0,0,0,4,9,10,0,0,0,0,0,9,1
2014,NYA,AL,billibr02,Bruce Billings,1,0,0,1,1,0,0,0,0,0,0,0,0,0,0,0,0
2014,COL,NL,blackch02,Charlie Blackmon,154,135,154,142,0,0,0,0,0,0,22,69,73,142,0,17,0
2014,NYN,NL,blackvi01,Vic Black,41,0,40,41,41,0,0,0,0,0,0,0,0,0,0,0,0
2014,PHI,NL,blancan01,Andres Blanco,25,11,25,20,0,0,0,5,10,6,0,0,0,0,0,5,2
2014,SFN,NL,blancgr01,Gregor Blanco,146,92,146,127,0,0,0,0,0,0,64,72,1,127,0,28,7
2014,SDN,NL,blankky01,Kyle Blanks,26,15,26,22,0,0,20,0,0,0,1,0,1,2,3,6,0
2014,WAS,NL,blevije01,Jerry Blevins,64,0,62,64,64,0,0,0,0,0,0,0,0,0,0,0,0
2014,SEA,AL,bloomwi01,Willie Bloomquist,47,32,47,39,0,0,7,10,5,16,3,0,1,3,4,8,2
2014,SFN,NL,bochybr02,Brett Bochy,3,0,3,3,3,0,0,0,0,0,0,0,0,0,0,0,0
2014,LAA,AL,boescbr01,Brennan Boesch,27,20,27,12,0,0,0,0,0,0,3,1,9,12,14,3,1
2014,BOS,AL,bogaexa01,Xander Bogaerts,144,142,144,143,0,0,0,0,44,99,0,0,0,0,0,0,1
2014,ARI,NL,bolsimi01,Mike Bolsinger,10,9,10,10,10,0,0,0,0,0,0,0,0,0,0,0,0
2014,CHN,NL,bonifem01,Emilio Bonifacio,110,91,110,100,0,0,0,31,7,4,4,66,6,74,1,13,3
2014,TEX,AL,bonilli01,Lisalverto Bonilla,5,3,0,5,5,0,0,0,0,0,0,0,0,0,0,0,0
2014,CIN,NL,bourgja01,Jason Bourgeois,18,7,18,10,0,0,0,0,0,0,8,2,1,10,0,7,3
2014,SLN,NL,bourjpe01,Peter Bourjos,119,65,119,104,0,0,0,0,0,0,0,104,0,104,0,16,9
2014,CLE,AL,bournmi01,Michael Bourn,106,104,106,105,0,0,0,0,0,0,0,105,0,105,0,2,0
2014,TBA,AL,boxbebr01,Brad Boxberger,63,0,7,63,63,0,0,0,0,0,0,0,0,0,0,0,0
2014,SDN,NL,boyerbl01,Blaine Boyer,32,0,30,32,32,0,0,0,0,0,0,0,0,0,0,0,0
2014,BAL,AL,brachbr01,Brad Brach,46,0,6,46,46,0,0,0,0,0,0,0,0,0,0,0,0
2014,BOS,AL,bradlja02,Jackie Bradley,127,111,127,125,0,0,0,0,0,0,1,113,12,125,1,2,5
2014,CLE,AL,brantmi02,Michael Brantley,156,154,156,147,0,0,0,0,0,0,107,46,0,147,8,2,0
2014,MIL,NL,braunry02,Ryan Braun,135,134,135,134,0,0,0,0,0,0,0,1,134,134,1,1,0
2014,BOS,AL,brentbr01,Bryce Brentz,9,6,9,8,0,0,0,0,0,0,6,0,2,8,0,2,0
2014,BOS,AL,breslcr01,Craig Breslow,60,0,2,60,60,0,0,0,0,0,0,0,0,0,0,0,0
2014,PHI,NL,brignre01,Reid Brignac,37,16,37,24,0,0,0,3,20,3,0,0,0,0,0,15,0
2014,BOS,AL,brittdr01,Drake Britton,7,0,2,7,7,0,0,0,0,0,0,0,0,0,0,0,0
2014,BAL,AL,brittza01,Zach Britton,71,0,3,71,71,0,0,0,0,0,0,0,0,0,0,0,0
2014,KCR,AL,brookaa01,Aaron Brooks,2,1,0,2,2,0,0,0,0,0,0,0,0,0,0,0,0
2014,COL,NL,brothre01,Rex Brothers,74,0,70,74,74,0,0,0,0,0,0,0,0,0,0,0,0
2014,NYN,NL,brownan02,Andrew Brown,19,9,19,12,0,0,0,0,0,0,8,0,4,12,2,8,0
2014,COL,NL,brownbr02,Brooks Brown,28,0,28,28,28,0,0,0,0,0,0,0,0,0,0,0,0
2014,BOS,AL,brownco01,Corey Brown,3,0,3,1,0,0,0,0,0,0,0,0,1,1,1,1,1
2014,PHI,NL,browndo01,Domonic Brown,144,118,144,127,0,0,0,0,0,0,127,0,0,127,1,24,0
2014,SFN,NL,brownga02,Gary Brown,7,1,7,6,0,0,0,0,0,0,0,6,0,6,0,1,0
2014,CIN,NL,broxtjo01,Jonathan Broxton,62,0,61,62,62,0,0,0,0,0,0,0,0,0,0,0,0
2014,CIN,NL,bruceja01,Jay Bruce,137,131,137,133,0,0,3,0,0,0,0,0,131,131,0,4,0
2014,PHI,NL,buchada01,David Buchanan,20,20,19,20,20,0,0,0,0,0,0,0,0,0,0,0,0
2014,HOU,AL,buchaja01,Jake Buchanan,17,2,2,17,17,0,0,0,0,0,0,0,0,0,0,0,0
2014,BOS,AL,buchhcl01,Clay Buchholz,28,28,2,28,28,0,0,0,0,0,0,0,0,0,0,0,0
2014,ATL,NL,buchtry01,Ryan Buchter,1,0,1,1,1,0,0,0,0,0,0,0,0,0,0,0,0
2014,SDN,NL,bucknbi02,Billy Buckner,1,1,1,1,1,0,0,0,0,0,0,0,0,0,0,0,0
2014,TOR,AL,buehrma01,Mark Buehrle,32,32,0,32,32,0,0,0,0,0,0,0,0,0,0,0,0
2014,KCR,AL,buenofr01,Francisley Bueno,30,0,2,30,30,0,0,0,0,0,0,0,0,0,0,0,0
2014,SFN,NL,bumgama01,Madison Bumgarner,34,33,31,33,33,0,0,0,0,0,0,0,0,0,0,1,0
2014,PHI,NL,burneaj01,A. J. Burnett,34,34,30,34,34,0,0,0,0,0,0,0,0,0,0,0,0
2014,LAA,AL,burnese01,Sean Burnett,3,0,0,3,3,0,0,0,0,0,0,0,0,0,0,0,0
2014,OAK,AL,burnsbi02,Billy Burns,13,1,13,1,0,0,0,0,0,0,0,1,0,1,2,2,10
2014,MIN,AL,burtoja01,Jared Burton,68,0,5,68,68,0,0,0,0,0,0,0,0,0,0,0,0
2014,LAN,NL,buterdr01,Drew Butera,61,48,61,60,2,57,1,0,0,0,0,0,0,0,0,3,2
2014,KCR,AL,butlebi03,Billy Butler,151,143,151,37,0,0,37,0,0,0,0,0,0,0,108,8,0
2014,BOS,AL,butleda01,Dan Butler,7,5,7,7,0,7,0,0,0,0,0,0,0,0,0,0,0
2014,COL,NL,butleed01,Eddie Butler,3,3,3,3,3,0,0,0,0,0,0,0,0,0,0,0,0
2014,SLN,NL,butlejo04,Joey Butler,6,0,6,1,0,0,0,0,0,0,0,0,1,1,0,5,0
2014,SLN,NL,butleke01,Keith Butler,2,0,2,2,2,0,0,0,0,0,0,0,0,0,0,0,0
2014,NYA,AL,cabrace01,Cesar Cabral,4,0,0,4,4,0,0,0,0,0,0,0,0,0,0,0,0
2014,CLE,AL,cabreas01,Asdrubal Cabrera,146,142,146,140,0,0,0,48,0,93,0,0,0,0,3,3,1
2014,SDN,NL,cabreev01,Everth Cabrera,90,90,90,90,0,0,0,0,0,90,0,0,0,0,0,0,0
2014,TOR,AL,cabreme01,Melky Cabrera,139,138,139,136,0,0,0,0,0,0,133,1,4,136,3,1,0
2014,DET,AL,cabremi01,Miguel Cabrera,159,158,159,133,0,0,126,0,10,0,0,0,0,0,25,1,0
2014,ARI,NL,cahiltr01,Trevor Cahill,32,17,31,32,32,0,0,0,0,0,0,0,0,0,0,0,0
2014,LAA,AL,calhoko01,Kole Calhoun,127,112,127,124,0,0,2,0,0,0,0,0,123,123,0,10,1
2014,OAK,AL,callaal01,Alberto Callaspo,127,108,127,81,0,0,23,46,19,0,0,0,0,0,39,17,0
2014,MIA,NL,caminar01,Arquimedes Caminero,6,0,6,6,6,0,0,0,0,0,0,0,0,0,0,0,0
2014,ARI,NL,campato01,Tony Campana,44,14,44,29,0,0,0,0,0,0,6,23,0,29,2,11,9
2014,NYN,NL,campber01,Eric Campbell,85,37,85,58,0,0,18,1,19,2,20,0,3,23,2,38,1
2014,SDN,NL,campole01,Leonel Campos,6,0,6,6,6,0,0,0,0,0,0,0,0,0,0,0,0
2014,MIA,NL,cappsca01,Carter Capps,17,0,17,17,17,0,0,0,0,0,0,0,0,0,0,0,0
2014,BOS,AL,capuach01,Chris Capuano,40,12,1,40,40,0,0,0,0,0,0,0,0,0,0,0,0
2014,NYN,NL,carlybu01,Buddy Carlyle,27,0,27,27,27,0,0,0,0,0,0,0,0,0,0,0,0
2014,PHI,NL,carmofa01,Roberto Hernandez,32,29,32,32,32,0,0,0,0,0,0,0,0,0,0,0,0
2014,ATL,NL,carpeda01,David Carpenter,65,0,62,65,65,0,0,0,0,0,0,0,0,0,0,0,0
2014,LAA,AL,carpeda02,David Carpenter,1,0,0,1,1,0,0,0,0,0,0,0,0,0,0,0,0
2014,SLN,NL,carpema01,Matt Carpenter,158,156,158,156,0,0,0,0,156,0,0,0,2,2,1,2,0
2014,CLE,AL,carraca01,Carlos Carrasco,40,14,2,40,40,0,0,0,0,0,0,0,0,0,0,0,0
2014,DET,AL,carreez01,Ezequiel Carrera,45,13,45,39,0,0,0,0,0,0,1,38,0,39,1,6,9
2014,CHA,AL,carrosc02,Scott Carroll,26,19,0,26,26,0,0,0,0,0,0,0,0,0,0,0,0
2014,HOU,AL,cartech02,Chris Carter,145,138,145,20,0,0,14,0,0,0,6,0,0,6,120,7,0
2014,TBA,AL,casalcu01,Curt Casali,30,22,30,29,0,29,0,0,0,0,0,0,0,0,1,1,0
2014,SDN,NL,cashnan01,Andrew Cashner,23,19,23,20,19,0,0,0,0,0,1,0,0,1,0,1,2
2014,BAL,AL,casilal01,Alexi Casilla,1,1,1,1,0,0,0,1,1,0,0,0,0,0,0,0,0
2014,DET,AL,casteni01,Nick Castellanos,148,141,148,145,0,0,0,0,145,0,0,0,0,0,0,6,0
2014,CHN,NL,castiwe01,Welington Castillo,110,103,110,106,0,106,0,0,0,0,0,0,0,0,0,5,0
2014,HOU,AL,castrja01,Jason Castro,126,121,126,114,0,114,0,0,0,0,0,0,0,0,11,3,0
2014,CHN,NL,castrst01,Starlin Castro,134,133,134,133,0,0,0,0,0,133,0,0,0,0,0,1,0
2014,BOS,AL,cecchga01,Garin Cecchini,11,8,11,9,0,0,0,0,9,0,0,0,0,0,1,1,0
2014,TOR,AL,cecilbr01,Brett Cecil,66,0,5,66,66,0,0,0,0,0,0,0,0,0,0,0,0
2014,PHI,NL,cedenro02,Ronny Cedeno,7,2,7,3,0,0,0,0,1,2,0,0,0,0,0,4,0
2014,WAS,NL,cedenxa01,Xavier Cedeno,9,0,9,9,9,0,0,0,0,0,0,0,0,0,0,0,0
2014,NYN,NL,centeju01,Juan Centeno,10,8,10,9,0,9,0,0,0,0,0,0,0,0,0,2,0
2014,NYA,AL,cervefr01,Francisco Cervelli,49,44,49,47,0,42,5,0,0,0,0,0,0,0,1,2,2
2014,OAK,AL,cespeyo01,Yoenis Cespedes,152,147,152,127,0,0,0,0,0,0,125,9,0,127,22,5,0
2014,COL,NL,chacijh01,Jhoulys Chacin,12,11,10,11,11,0,0,0,0,0,0,0,0,0,0,1,0
2014,ARI,NL,chafian01,Andrew Chafin,3,3,1,3,3,0,0,0,0,0,0,0,0,0,0,0,0
2014,DET,AL,chambjo03,Joba Chamberlain,69,0,5,69,69,0,0,0,0,0,0,0,0,0,0,0,0
2014,CIN,NL,chapmar01,Aroldis Chapman,54,0,53,54,54,0,0,0,0,0,0,0,0,0,0,0,0
2014,HOU,AL,chapmke02,Kevin Chapman,21,0,2,21,21,0,0,0,0,0,0,0,0,0,0,0,0
2014,COL,NL,chatwty01,Tyler Chatwood,4,4,4,4,4,0,0,0,0,0,0,0,0,0,0,0,0
2014,SEA,AL,chaveen01,Endy Chavez,80,57,80,60,0,0,0,0,0,0,11,9,46,60,13,15,2
2014,ARI,NL,chaveer01,Eric Chavez,44,10,44,11,0,0,0,0,11,0,0,0,0,0,3,31,0
2014,OAK,AL,chaveje01,Jesse Chavez,32,21,2,32,32,0,0,0,0,0,0,0,0,0,0,0,0
2014,TEX,AL,chiriro01,Robinson Chirinos,93,88,93,91,0,91,0,0,0,0,0,0,0,0,0,2,0
2014,CLE,AL,chiselo01,Lonnie Chisenhall,142,127,142,122,0,0,11,0,114,0,0,0,0,0,16,14,0
2014,SLN,NL,choatra01,Randy Choate,61,0,57,61,61,0,0,0,0,0,0,0,0,0,0,0,0
2014,TEX,AL,choicmi01,Michael Choice,86,67,86,65,0,0,0,0,0,0,41,7,17,65,16,13,0
2014,CIN,NL,chrisni01,Nick Christiani,10,0,10,10,10,0,0,0,0,0,0,0,0,0,0,0,0
2014,CIN,NL,cingrto01,Tony Cingrani,13,11,13,13,13,0,0,0,0,0,0,0,0,0,0,0,0
2014,KCR,AL,ciriape01,Pedro Ciriaco,25,11,25,18,0,0,0,13,3,2,0,0,0,0,4,1,9
2014,MIA,NL,cishest01,Steve Cishek,67,0,62,67,67,0,0,0,0,0,0,0,0,0,0,0,0
2014,HOU,AL,cisnejo01,Jose Cisnero,5,0,0,5,5,0,0,0,0,0,0,0,0,0,0,0,0
2014,NYA,AL,claibpr01,Preston Claiborne,18,0,3,18,18,0,0,0,0,0,0,0,0,0,0,0,0
2014,MIL,NL,clarkma02,Matt Clark,16,7,16,9,0,0,9,0,0,0,0,0,0,0,0,7,0
2014,TEX,AL,claudal01,Alex Claudio,15,0,0,15,15,0,0,0,0,0,0,0,0,0,0,0,0
2014,HOU,AL,clemepa02,Paul Clemens,13,0,0,13,13,0,0,0,0,0,0,0,0,0,0,0,0
2014,CHA,AL,cletoma01,Maikel Cleto,28,0,1,28,28,0,0,0,0,0,0,0,0,0,0,0,0
2014,BAL,AL,clevest01,Steve Clevenger,35,21,35,28,0,25,3,0,0,0,0,0,0,0,1,11,0
2014,WAS,NL,clippty01,Tyler Clippard,75,0,72,75,75,0,0,0,0,0,0,0,0,0,0,0,0
2014,CHN,NL,coghlch01,Chris Coghlan,125,92,125,103,0,0,0,0,0,0,101,0,4,103,1,25,0
2014,MIN,AL,colabch01,Chris Colabello,59,51,59,41,0,0,23,0,0,0,0,0,19,19,13,8,0
2014,KCR,AL,colemca01,Casey Coleman,10,0,0,10,10,0,0,0,0,0,0,0,0,0,0,0,0
2014,KCR,AL,colemlo01,Louis Coleman,31,0,2,31,31,0,0,0,0,0,0,0,0,0,0,0,0
2014,KCR,AL,colliti01,Tim Collins,22,0,1,22,22,0,0,0,0,0,0,0,0,0,0,0,0
2014,DET,AL,collity01,Tyler Collins,18,4,18,11,0,0,0,0,0,0,5,1,5,11,1,8,1
2014,ARI,NL,collmjo01,Josh Collmenter,33,28,32,33,33,0,0,0,0,0,0,0,0,0,0,0,0
2014,TBA,AL,colomal01,Alex Colome,5,3,0,5,5,0,0,0,0,0,0,0,0,0,0,0,0
2014,NYN,NL,colonba01,Bartolo Colon,31,31,28,31,31,0,0,0,0,0,0,0,0,0,0,0,0
2014,KCR,AL,colonch01,Christian Colon,21,11,21,17,0,0,0,11,5,2,0,0,0,0,2,4,3
2014,SFN,NL,colvity01,Tyler Colvin,57,31,57,44,0,0,0,0,0,0,43,3,0,44,0,15,0
2014,LAA,AL,congeha01,Hank Conger,80,70,80,79,0,79,0,0,0,0,0,0,0,0,0,2,0
2014,SDN,NL,conrabr01,Brooks Conrad,13,9,13,10,0,0,0,10,0,0,0,0,0,0,0,3,0
2014,ATL,NL,constjo01,Jose Constanza,12,0,12,3,0,0,0,0,0,0,2,0,1,3,0,3,6
2014,CIN,NL,contrca01,Carlos Contreras,17,0,14,17,17,0,0,0,0,0,0,0,0,0,0,0,0
2014,CIN,NL,corcida01,Daniel Corcino,5,3,5,5,5,0,0,0,0,0,0,0,0,0,0,0,0
2014,SFN,NL,cordier01,Erik Cordier,7,0,7,7,7,0,0,0,0,0,0,0,0,0,0,0,0
2014,HOU,AL,corpoca01,Carlos Corporan,55,48,55,54,0,54,0,0,0,0,0,0,0,0,1,1,0
2014,LAN,NL,correke01,Kevin Correia,32,26,11,32,32,0,0,0,0,0,0,0,0,0,0,0,0
2014,HOU,AL,cosarja01,Jarred Cosart,30,30,10,30,30,0,0,0,0,0,0,0,0,0,0,0,0
2014,TEX,AL,cottsne01,Neal Cotts,73,0,4,73,73,0,0,0,0,0,0,0,0,0,0,0,0
2014,LAN,NL,couloda01,Daniel Coulombe,5,0,5,5,5,0,0,0,0,0,0,0,0,0,0,0,0
2014,LAA,AL,cowgico01,Collin Cowgill,106,71,106,97,0,0,0,0,0,0,44,11,49,97,4,6,11
2014,CIN,NL,cozarza01,Zack Cozart,147,143,147,147,0,0,0,0,0,147,0,0,0,0,0,1,0
2014,BOS,AL,craigal01,Allen Craig,126,119,126,123,0,0,41,0,0,0,11,0,82,87,1,7,0
2014,SFN,NL,crawfbr01,Brandon Crawford,153,142,153,149,0,0,0,0,0,149,0,0,0,0,0,6,0
2014,LAN,NL,crawfca02,Carl Crawford,105,80,105,94,0,0,0,0,0,0,94,0,0,94,0,17,0
2014,OAK,AL,crispco01,Coco Crisp,126,113,126,111,0,0,0,0,0,0,0,111,0,111,12,11,0
2014,CLE,AL,crockky01,Kyle Crockett,44,0,4,44,44,0,0,0,0,0,0,0,0,0,0,0,0
2014,COL,NL,cuddymi01,Michael Cuddyer,49,48,49,48,0,0,14,0,3,0,0,0,35,35,0,1,0
2014,CIN,NL,cuetojo01,Johnny Cueto,34,34,32,34,34,0,0,0,0,0,0,0,0,0,0,0,0
2014,COL,NL,culbech01,Charlie Culberson,95,48,95,74,0,0,4,20,32,23,0,0,0,0,0,22,6
2014,PIT,NL,cumptbr01,Brandon Cumpton,16,10,14,16,16,0,0,0,0,0,0,0,0,0,0,0,0
2014,NYA,AL,daleyma01,Matt Daley,13,0,2,13,13,0,0,0,0,0,0,0,0,0,0,0,0
2014,CHA,AL,danksjo01,John Danks,32,32,1,32,32,0,0,0,0,0,0,0,0,0,0,0,0
2014,CHA,AL,danksjo02,Jordan Danks,51,31,51,47,0,0,0,0,0,0,12,28,8,47,2,3,3
2014,PIT,NL,darnach01,Chase d'Arnaud,8,0,8,1,0,0,0,0,0,1,0,0,0,0,0,0,7
2014,NYN,NL,darnatr01,Travis d'Arnaud,108,104,108,105,0,105,0,0,0,0,0,0,0,0,1,3,0
2014,MIN,AL,darnelo01,Logan Darnell,7,4,0,7,7,0,0,0,0,0,0,0,0,0,0,0,0
2014,TEX,AL,darviyu01,Yu Darvish,22,22,2,22,22,0,0,0,0,0,0,0,0,0,0,0,0
2014,BAL,AL,davisch02,Chris Davis,127,123,127,125,0,0,115,0,21,0,0,0,0,0,2,3,0
2014,NYN,NL,davisik02,Ike Davis,143,100,143,124,0,0,124,0,0,0,0,0,0,0,2,37,1
2014,MIL,NL,daviskh01,Khris Davis,144,131,144,134,0,0,0,0,0,0,134,0,0,134,0,11,0
2014,DET,AL,davisra01,Rajai Davis,134,118,134,125,0,0,0,0,0,0,99,48,0,125,1,6,6
2014,KCR,AL,daviswa01,Wade Davis,71,0,6,71,71,0,0,0,0,0,0,0,0,0,0,0,0
2014,CHA,AL,deazaal01,Alejandro De Aza,142,129,142,140,0,0,0,0,0,0,132,16,1,140,1,3,3
2014,PIT,NL,deckeja01,Jaff Decker,5,0,5,2,0,0,0,0,0,0,2,0,0,2,0,4,0
2014,MIN,AL,dedunsa01,Sam Deduno,35,9,5,35,35,0,0,0,0,0,0,0,0,0,0,0,0
2014,PHI,NL,defraju01,Justin De Fratus,54,0,52,54,54,0,0,0,0,0,0,0,0,0,0,0,0
2014,NYN,NL,degroja01,Jacob deGrom,23,22,22,22,22,0,0,0,0,0,0,0,0,0,0,1,0
2014,TBA,AL,dejesda01,David DeJesus,83,65,83,15,0,0,0,0,0,0,13,3,0,15,58,18,0
2014,TOR,AL,delabst01,Steve Delabar,30,0,2,30,30,0,0,0,0,0,0,0,0,0,0,0,0
2014,LAA,AL,delarda01,Dane De La Rosa,3,0,1,3,3,0,0,0,0,0,0,0,0,0,0,0,0
2014,ARI,NL,delareu01,Eury De La Rosa,25,0,24,25,25,0,0,0,0,0,0,0,0,0,0,0,0
2014,BOS,AL,delarru01,Rubby De La Rosa,19,18,1,19,19,0,0,0,0,0,0,0,0,0,0,0,0
2014,HOU,AL,deleojo02,Jorge De Leon,8,0,2,8,8,0,0,0,0,0,0,0,0,0,0,0,0
2014,ARI,NL,delgara01,Randall Delgado,47,4,43,47,47,0,0,0,0,0,0,0,0,0,0,0,0
2014,NYN,NL,dendema01,Matt den Dekker,53,41,53,45,0,0,0,0,0,0,28,18,1,45,0,8,1
2014,CIN,NL,denniry01,Ryan Dennick,8,0,7,8,8,0,0,0,0,0,0,0,0,0,0,0,0
2014,SDN,NL,denorch01,Chris Denorfia,121,75,121,101,0,0,0,0,0,0,33,14,76,101,2,37,3
2014,SLN,NL,descada01,Daniel Descalso,104,30,104,55,1,0,4,21,14,19,0,0,0,0,0,57,2
2014,MIA,NL,desclan01,Anthony DeSclafani,13,5,13,13,13,0,0,0,0,0,0,0,0,0,0,0,0
2014,WAS,NL,desmoia01,Ian Desmond,154,154,154,154,0,0,0,0,0,154,0,0,0,0,0,0,0
2014,SDN,NL,despaod01,Odrisamer Despaigne,16,16,15,16,16,0,0,0,0,0,0,0,0,0,0,0,0
2014,WAS,NL,detwiro01,Ross Detwiler,47,0,44,47,47,0,0,0,0,0,0,0,0,0,0,0,0
2014,CLE,AL,dickech01,Chris Dickerson,41,27,41,34,0,0,0,0,0,0,19,5,11,34,5,9,1
2014,COL,NL,dickeco01,Corey Dickerson,131,105,131,105,0,0,0,0,0,0,99,9,0,105,7,21,0
2014,TOR,AL,dickera01,R. A. Dickey,35,34,4,34,34,0,0,0,0,0,0,0,0,0,0,0,1
2014,PHI,NL,diekmja01,Jake Diekman,73,0,67,73,73,0,0,0,0,0,0,0,0,0,0,0,0
2014,MIA,NL,dietrde01,Derek Dietrich,49,43,49,44,0,0,0,44,1,0,0,0,0,0,0,5,0
2014,MIA,NL,dobbsgr01,Greg Dobbs,36,3,36,3,0,0,3,0,0,0,0,0,0,0,0,33,0
2014,SFN,NL,dominch01,Chris Dominguez,8,4,8,5,0,0,0,0,1,0,5,0,0,5,0,2,1
2014,LAN,NL,dominjo01,Jose Dominguez,5,0,5,5,5,0,0,0,0,0,0,0,0,0,0,0,0
2014,HOU,AL,dominma01,Matt Dominguez,157,151,157,153,0,0,0,0,153,0,0,0,0,0,4,0,0
2014,OAK,AL,donaljo02,Josh Donaldson,158,155,158,150,0,0,0,0,150,0,0,0,0,0,9,3,0
2014,OAK,AL,doolise01,Sean Doolittle,62,0,5,61,61,0,0,0,0,0,0,0,0,0,0,1,0
2014,BOS,AL,doubrfe01,Felix Doubront,21,14,4,21,21,0,0,0,0,0,0,0,0,0,0,0,0
2014,ATL,NL,doumiry01,Ryan Doumit,100,22,100,20,0,2,0,0,0,0,9,0,9,18,5,76,0
2014,HOU,AL,downsda02,Darin Downs,45,0,4,45,45,0,0,0,0,0,0,0,0,0,0,0,0
2014,CHA,AL,downssc01,Scott Downs,55,0,5,55,55,0,0,0,0,0,0,0,0,0,0,0,0
2014,MIN,AL,doziebr01,Brian Dozier,156,155,156,156,0,0,0,156,0,0,0,0,0,0,0,0,0
2014,TOR,AL,drabeky01,Kyle Drabek,2,0,1,2,2,0,0,0,0,0,0,0,0,0,0,0,0
2014,MIN,AL,duensbr01,Brian Duensing,62,0,4,62,62,0,0,0,0,0,0,0,0,0,0,0,0
2014,KCR,AL,duffyda01,Danny Duffy,31,25,3,31,31,0,0,0,0,0,0,0,0,0,0,0,0
2014,SFN,NL,duffyma01,Matt Duffy,34,10,34,17,0,0,0,9,2,7,0,0,0,0,0,16,2
2014,SFN,NL,dunnija01,Jake Dunning,1,0,1,1,1,0,0,0,0,0,0,0,0,0,0,0,0
2014,SFN,NL,duvalad01,Adam Duvall,28,18,28,22,0,0,21,0,1,0,0,0,0,0,1,8,0
2014,KCR,AL,dysonja01,Jarrod Dyson,120,66,120,108,0,0,0,0,0,0,3,106,0,108,3,3,18
2014,MIA,NL,dysonsa01,Sam Dyson,31,0,30,31,31,0,0,0,0,0,0,0,0,0,0,0,0
2014,CHA,AL,eatonad02,Adam Eaton,123,123,123,123,0,0,0,0,0,0,0,123,0,123,0,0,0
2014,NYN,NL,edginjo01,Josh Edgin,47,0,44,47,47,0,0,0,0,0,0,0,0,0,0,0,0
2014,TEX,AL,edwarjo02,Jon Edwards,9,0,1,9,9,0,0,0,0,0,0,0,0,0,0,0,0
2014,LAN,NL,elbersc01,Scott Elbert,7,0,7,7,7,0,0,0,0,0,0,0,0,0,0,0,0
2014,SEA,AL,eliasro01,Roenis Elias,29,29,2,29,29,0,0,0,0,0,0,0,0,0,0,0,0
2014,LAN,NL,ellisaj01,A. J. Ellis,93,89,93,92,0,92,0,0,0,0,0,0,0,0,0,2,0
2014,SLN,NL,ellisma01,Mark Ellis,73,46,73,55,0,0,3,50,3,0,0,0,0,0,0,22,0
2014,NYA,AL,ellsbja01,Jacoby Ellsbury,149,143,149,141,0,0,0,0,0,0,0,141,0,141,5,4,0
2014,CIN,NL,elmorja01,Jake Elmore,5,3,5,5,0,0,0,2,0,3,0,0,0,0,0,1,0
2014,TOR,AL,encared01,Edwin Encarnacion,128,127,128,82,0,0,81,0,0,0,2,0,0,2,46,1,0
2014,MIA,NL,eovalna01,Nathan Eovaldi,33,33,32,33,33,0,0,0,0,0,0,0,0,0,0,0,0
2014,SDN,NL,erlinro01,Robbie Erlin,13,11,12,13,13,0,0,0,0,0,0,0,0,0,0,0,0
2014,KCR,AL,escobal02,Alcides Escobar,162,162,162,162,0,0,0,0,0,162,0,0,0,0,0,0,0
2014,MIN,AL,escobed01,Eduardo Escobar,133,117,133,132,0,0,0,9,25,98,2,1,0,3,1,5,4
2014,BOS,AL,escobed02,Edwin Escobar,2,0,0,2,2,0,0,0,0,0,0,0,0,0,0,0,0
2014,TBA,AL,escobyu01,Yunel Escobar,137,134,137,136,0,0,0,0,0,136,1,0,0,1,0,2,0
2014,WAS,NL,espinda01,Danny Espinosa,114,85,114,100,0,0,0,89,0,12,0,0,0,0,0,14,4
2014,MIL,NL,estrama01,Marco Estrada,39,18,35,39,39,0,0,0,0,0,0,0,0,0,0,0,0
2014,LAN,NL,ethiean01,Andre Ethier,130,79,130,93,0,0,1,0,0,0,16,68,15,92,1,41,0
2014,ARI,NL,evansni01,Nick Evans,18,3,18,5,0,0,3,0,1,0,1,0,0,1,1,13,1
2014,NYN,NL,evelada01,Dana Eveland,30,0,30,30,30,0,0,0,0,0,0,0,0,0,0,0,0
2014,NYN,NL,familje01,Jeurys Familia,76,0,71,76,76,0,0,0,0,0,0,0,0,0,0,0,0
2014,DET,AL,farmebu01,Buck Farmer,4,2,0,4,4,0,0,0,0,0,0,0,0,0,0,0,0
2014,NYN,NL,farnsky01,Kyle Farnsworth,35,0,22,35,35,0,0,0,0,0,0,0,0,0,0,0,0
2014,SEA,AL,farquda01,Danny Farquhar,67,0,5,66,66,0,0,0,0,0,0,0,0,0,0,0,1
2014,LAN,NL,federti01,Tim Federowicz,23,19,23,22,0,22,0,0,0,0,0,0,0,0,0,1,0
2014,TEX,AL,feierry01,Ryan Feierabend,6,0,0,6,6,0,0,0,0,0,0,0,0,0,0,0,0
2014,HOU,AL,feldmsc01,Scott Feldman,29,29,1,29,29,0,0,0,0,0,0,0,0,0,0,0,0
2014,TEX,AL,felizne01,Neftali Feliz,30,0,4,30,30,0,0,0,0,0,0,0,0,0,0,0,0
2014,MIA,NL,fernajo02,Jose Fernandez,8,8,8,8,8,0,0,0,0,0,0,0,0,0,0,0,0
2014,HOU,AL,fieldjo03,Josh Fields,54,0,3,54,54,0,0,0,0,0,0,0,0,0,0,0,0
2014,TEX,AL,fieldpr01,Prince Fielder,42,42,42,39,0,0,39,0,0,0,0,0,0,0,3,0,0
2014,MIL,NL,fiersmi01,Mike Fiers,14,10,14,14,14,0,0,0,0,0,0,0,0,0,0,0,0
2014,MIL,NL,figaral01,Alfredo Figaro,6,0,6,6,6,0,0,0,0,0,0,0,0,0,0,0,0
2014,LAN,NL,figgich01,Chone Figgins,38,12,38,17,0,0,0,5,10,2,1,0,0,1,0,23,0
2014,TBA,AL,figueco01,Cole Figueroa,23,11,23,16,0,0,0,16,0,0,0,0,0,0,1,7,4
2014,TEX,AL,figuepe01,Pedro Figueroa,10,0,0,10,10,0,0,0,0,0,0,0,0,0,0,0,0
2014,KCR,AL,finnebr01,Brandon Finnegan,7,0,0,7,7,0,0,0,0,0,0,0,0,0,0,0,0
2014,WAS,NL,fistedo01,Doug Fister,26,25,24,25,25,0,0,0,0,0,0,0,0,0,0,1,0
2014,BAL,AL,flahery01,Ryan Flaherty,102,78,102,99,0,0,3,30,43,29,1,0,1,2,0,3,1
2014,COL,NL,flandyo01,Yohan Flande,16,10,16,16,16,0,0,0,0,0,0,0,0,0,0,0,0
2014,NYN,NL,florewi01,Wilmer Flores,78,67,78,70,0,0,0,19,1,51,0,0,0,0,0,8,0
2014,MIN,AL,floripe01,Pedro Florimon,33,26,33,31,0,0,0,0,0,31,0,0,0,0,2,0,4
2014,CHA,AL,flowety01,Tyler Flowers,127,120,127,124,0,124,0,0,0,0,0,0,0,0,0,2,1
2014,ATL,NL,floydga01,Gavin Floyd,9,9,8,9,9,0,0,0,0,0,0,0,0,0,0,0,0
2014,MIA,NL,flynnbr01,Brian Flynn,2,1,2,2,2,0,0,0,0,0,0,0,0,0,0,0,0
2014,HOU,AL,foltymi01,Michael Foltynewicz,16,0,2,16,16,0,0,0,0,0,0,0,0,0,0,0,0
2014,SLN,NL,fornaer01,Eric Fornataro,8,0,8,8,8,0,0,0,0,0,0,0,0,0,0,0,0
2014,TBA,AL,forsylo01,Logan Forsythe,110,75,110,80,0,0,1,74,6,2,3,0,0,3,20,26,4
2014,HOU,AL,fowlede01,Dexter Fowler,116,114,116,111,0,0,0,0,0,0,0,111,0,111,4,2,0
2014,CHA,AL,francfr01,Frank Francisco,4,0,0,4,4,0,0,0,0,0,0,0,0,0,0,0,0
2014,CIN,NL,francje01,Jeff Francis,12,1,3,12,12,0,0,0,0,0,0,0,0,0,0,0,0
2014,SDN,NL,francje02,Jeff Francoeur,10,6,10,7,0,0,0,0,0,0,0,0,7,7,0,4,0
2014,TOR,AL,francju02,Juan Francisco,106,82,106,89,0,0,20,0,74,0,0,0,0,0,13,16,1
2014,PHI,NL,francma02,Maikel Franco,16,14,16,16,0,0,5,0,12,0,0,0,0,0,0,0,0
2014,WAS,NL,frandke01,Kevin Frandsen,105,42,105,58,0,0,9,13,16,0,21,0,0,21,0,52,2
2014,SEA,AL,frankni01,Nick Franklin,28,22,28,24,0,0,0,12,1,10,0,0,2,2,2,3,1
2014,TEX,AL,frasoja01,Jason Frasor,61,0,5,61,61,0,0,0,0,0,0,0,0,0,0,0,0
2014,CIN,NL,frazito01,Todd Frazier,157,155,157,156,0,0,43,0,124,0,0,0,0,0,0,1,0
2014,ATL,NL,freemfr01,Freddie Freeman,162,162,162,162,0,0,162,0,0,0,0,0,0,0,0,0,0
2014,SLN,NL,freemsa01,Sam Freeman,44,0,41,44,44,0,0,0,0,0,0,0,0,0,0,0,0
2014,LAA,AL,freesda01,David Freese,134,128,134,122,0,0,0,0,122,0,0,0,0,0,10,6,0
2014,OAK,AL,freimna01,Nate Freiman,36,24,36,33,0,0,33,0,0,0,0,0,0,0,2,7,1
2014,LAN,NL,friasca01,Carlos Frias,15,2,15,15,15,0,0,0,0,0,0,0,0,0,0,0,0
2014,COL,NL,friedch01,Christian Friedrich,16,3,16,16,16,0,0,0,0,0,0,0,0,0,0,0,0
2014,LAA,AL,frierer01,Ernesto Frieri,48,0,19,48,48,0,0,0,0,0,0,0,0,0,0,0,0
2014,MIN,AL,fryerer01,Eric Fryer,28,21,28,24,0,24,0,0,0,0,0,0,0,0,3,2,2
2014,CHN,NL,fujikky01,Kyuji Fujikawa,15,0,14,15,15,0,0,0,0,0,0,0,0,0,0,0,0
2014,SEA,AL,furbuch01,Charlie Furbush,67,0,6,67,67,0,0,0,0,0,0,0,0,0,0,0,0
2014,MIL,NL,gallayo01,Yovani Gallardo,33,32,31,32,32,0,0,0,0,0,0,0,0,0,0,1,0
2014,PHI,NL,galvifr01,Freddy Galvis,43,32,43,41,0,0,0,7,11,25,0,0,0,0,0,4,1
2014,SDN,NL,garcefr01,Frank Garces,15,0,15,15,15,0,0,0,0,0,0,0,0,0,0,0,0
2014,CHA,AL,garciav01,Avisail Garcia,46,46,46,46,0,0,0,0,0,0,0,0,46,46,0,0,0
2014,SLN,NL,garcigr01,Greg Garcia,14,2,14,5,0,0,0,4,0,1,0,0,0,0,0,7,3
2014,SFN,NL,garcija01,Santiago Casilla,54,0,52,54,54,0,0,0,0,0,0,0,0,0,0,0,0
2014,SLN,NL,garcija02,Jaime Garcia,8,7,7,7,7,0,0,0,0,0,0,0,0,0,0,1,0
2014,CHA,AL,garcile02,Leury Garcia,74,32,73,53,1,0,0,14,15,9,2,14,3,19,5,9,18
2014,PHI,NL,garcilu03,Luis Garcia,13,0,11,13,13,0,0,0,0,0,0,0,0,0,0,0,0
2014,LAN,NL,garciyi01,Yimi Garcia,8,0,8,8,8,0,0,0,0,0,0,0,0,0,0,0,0
2014,NYA,AL,gardnbr01,Brett Gardner,148,142,148,146,0,0,0,0,0,0,126,25,1,146,1,3,0
2014,MIL,NL,garzama01,Matt Garza,27,27,26,27,27,0,0,0,0,0,0,0,0,0,0,0,0
2014,ATL,NL,gattiev01,Evan Gattis,108,93,108,94,0,94,0,0,0,0,0,0,0,0,3,14,0
2014,BAL,AL,gausmke01,Kevin Gausman,20,20,2,20,20,0,0,0,0,0,0,0,0,0,0,0,0
2014,TBA,AL,geltzst01,Steve Geltz,11,0,0,11,11,0,0,0,0,0,0,0,0,0,0,0,0
2014,MIL,NL,gennesc01,Scooter Gennett,137,110,137,119,0,0,0,119,0,0,0,0,1,1,0,23,0
2014,OAK,AL,gentrcr01,Craig Gentry,94,58,94,87,0,0,0,0,0,0,17,50,29,87,1,16,7
2014,TEX,AL,germaju01,Justin Germano,2,0,0,2,2,0,0,0,0,0,0,0,0,0,0,0,0
2014,NYN,NL,germego01,Gonzalez Germen,25,0,22,25,25,0,0,0,0,0,0,0,0,0,0,0,0
2014,CLE,AL,giambja01,Jason Giambi,26,18,26,0,0,0,0,0,0,0,0,0,0,0,20,8,0
2014,KCR,AL,giavojo01,Johnny Giavotella,12,10,12,12,0,0,0,12,0,0,0,0,0,0,0,0,0
2014,MIN,AL,gibsoky01,Kyle Gibson,31,31,2,31,31,0,0,0,0,0,0,0,0,0,0,0,0
2014,PHI,NL,gileske01,Ken Giles,44,0,42,44,44,0,0,0,0,0,0,0,0,0,0,0,0
2014,CHA,AL,gillaco01,Conor Gillaspie,130,120,130,127,0,0,0,0,127,0,0,0,0,0,0,9,0
2014,SEA,AL,gilleco01,Cole Gillespie,35,23,35,26,0,0,0,0,0,0,16,1,10,26,5,6,4
2014,TEX,AL,gimench01,Chris Gimenez,42,32,41,40,1,28,10,0,1,0,0,0,0,0,1,4,0
2014,MIL,NL,gindlca01,Caleb Gindl,8,6,8,6,0,0,0,0,0,0,0,0,6,6,0,2,0
2014,TOR,AL,glennbr01,Brad Glenn,6,5,6,4,0,0,0,0,0,0,0,0,4,4,1,1,0
2014,SDN,NL,goebbja01,Jake Goebbert,51,23,51,32,0,0,25,0,0,0,8,0,0,8,0,26,0
2014,NYN,NL,goedder01,Erik Goeddel,6,0,6,6,6,0,0,0,0,0,0,0,0,0,0,0,0
2014,TOR,AL,goinsry01,Ryan Goins,67,54,67,66,0,0,0,57,0,16,0,0,0,0,0,1,2
2014,ARI,NL,goldspa01,Paul Goldschmidt,109,108,109,109,0,0,109,0,0,0,0,0,0,0,0,0,0
2014,TBA,AL,gomesbr01,Brandon Gomes,29,0,1,29,29,0,0,0,0,0,0,0,0,0,0,0,0
2014,BOS,AL,gomesjo01,Jonny Gomes,112,71,112,94,0,0,0,0,0,0,84,0,11,94,11,36,1
2014,CLE,AL,gomesya01,Yan Gomes,135,129,135,126,0,126,0,0,0,0,0,0,0,0,8,4,0
2014,MIL,NL,gomezca01,Carlos Gomez,148,145,148,145,0,0,0,0,0,0,0,145,0,145,1,1,1
2014,MIL,NL,gomezhe01,Hector Gomez,15,4,15,13,0,0,0,1,6,7,0,0,0,0,0,2,3
2014,PIT,NL,gomezje01,Jeanmar Gomez,44,0,41,44,44,0,0,0,0,0,0,0,0,0,0,0,0
2014,LAN,NL,gonzaad01,Adrian Gonzalez,159,153,159,157,0,0,157,0,0,0,0,0,0,0,1,4,0
2014,DET,AL,gonzaal02,Alex Gonzalez,9,8,9,9,0,0,0,0,1,9,0,0,0,0,0,0,0
2014,COL,NL,gonzaca01,Carlos Gonzalez,70,66,70,65,0,0,0,0,0,0,48,0,17,65,2,3,0
2014,WAS,NL,gonzagi01,Gio Gonzalez,27,27,24,27,27,0,0,0,0,0,0,0,0,0,0,0,0
2014,HOU,AL,gonzama01,Marwin Gonzalez,103,76,103,93,0,0,1,11,10,71,4,0,1,4,3,9,11
2014,SLN,NL,gonzama02,Marco Gonzales,10,5,10,10,10,0,0,0,0,0,0,0,0,0,0,0,0
2014,BAL,AL,gonzami03,Miguel Gonzalez,27,26,2,27,27,0,0,0,0,0,0,0,0,0,0,0,0
2014,PHI,NL,gonzami05,Miguel Gonzalez,6,0,5,6,6,0,0,0,0,0,0,0,0,0,0,0,0
2014,KCR,AL,gordoal01,Alex Gordon,156,155,156,156,0,0,0,0,0,0,156,0,0,156,0,0,0
2014,LAN,NL,gordode01,Dee Gordon,148,139,148,144,0,0,0,144,0,0,0,0,0,0,0,8,0
2014,MIL,NL,gorzeto01,Tom Gorzelanny,23,0,23,23,23,0,0,0,0,0,0,0,0,0,0,0,0
2014,ARI,NL,gosewtu01,Tuffy Gosewisch,41,31,41,35,0,35,0,0,0,0,0,0,0,0,0,7,0
2014,ATL,NL,gosseph01,Philip Gosselin,46,30,46,38,0,0,0,26,9,8,1,0,0,1,0,8,4
2014,NYN,NL,grandcu01,Curtis Granderson,155,149,155,151,0,0,0,0,0,0,10,15,142,151,0,6,0
2014,SDN,NL,grandya01,Yasmani Grandal,128,101,128,108,0,76,37,0,0,0,0,0,0,0,1,24,0
2014,TOR,AL,graveke01,Kendall Graveman,5,0,0,5,5,0,0,0,0,0,0,0,0,0,0,0,0
2014,LAA,AL,greengr01,Grant Green,43,23,43,33,0,0,1,10,5,1,17,0,0,17,3,11,4
2014,SLN,NL,greenni02,Nick Greenwood,19,1,18,19,19,0,0,0,0,0,0,0,0,0,0,0,0
2014,NYA,AL,greensh02,Shane Greene,15,14,0,15,15,0,0,0,0,0,0,0,0,0,0,0,0
2014,OAK,AL,gregelu01,Luke Gregerson,72,0,3,72,72,0,0,0,0,0,0,0,0,0,0,0,0
2014,MIA,NL,greggke01,Kevin Gregg,12,0,12,12,12,0,0,0,0,0,0,0,0,0,0,0,0
2014,ARI,NL,gregodi01,Didi Gregorius,80,74,80,78,0,0,0,11,2,67,0,0,0,0,0,4,0
2014,LAN,NL,greinza01,Zack Greinke,32,32,29,32,32,0,0,0,0,0,0,0,0,0,0,0,0
2014,SLN,NL,grichra01,Randal Grichuk,47,22,47,35,0,0,0,0,0,0,5,5,28,35,0,18,1
2014,PIT,NL,grillja01,Jason Grilli,62,0,22,62,62,0,0,0,0,0,0,0,0,0,0,0,0
2014,CHN,NL,grimmju01,Justin Grimm,73,0,69,73,73,0,0,0,0,0,0,0,0,0,0,0,0
2014,HOU,AL,grossro01,Robbie Grossman,103,99,103,102,0,0,0,0,0,0,67,6,32,102,1,1,0
2014,LAA,AL,grubeja01,Jarrett Grube,1,0,0,1,1,0,0,0,0,0,0,0,0,0,0,0,0
2014,LAN,NL,guerral01,Alex Guerrero,11,0,11,3,0,0,0,0,0,0,3,0,0,3,0,8,0
2014,CHA,AL,guerrja01,Javy Guerra,42,0,2,42,42,0,0,0,0,0,0,0,0,0,0,0,0
2014,MIN,AL,guerrma02,Matt Guerrier,27,0,6,27,27,0,0,0,0,0,0,0,0,0,0,0,0
2014,BAL,AL,guilmpr01,Preston Guilmet,10,0,1,10,10,0,0,0,0,0,0,0,0,0,0,0,0
2014,KCR,AL,guthrje01,Jeremy Guthrie,33,32,3,32,32,0,0,0,0,0,0,0,0,0,0,0,1
2014,SFN,NL,gutieju01,J. C. Gutierrez,61,0,57,61,61,0,0,0,0,0,0,0,0,0,0,0,0
2014,TBA,AL,guyerbr01,Brandon Guyer,97,60,97,72,0,0,0,0,0,0,62,11,1,72,7,27,5
2014,HOU,AL,guzmaje01,Jesus Guzman,69,41,69,60,0,0,52,0,1,0,8,0,0,8,5,20,0
2014,PHI,NL,gwynnto02,Tony Gwynn,80,18,80,42,0,0,0,0,0,0,16,25,3,42,0,42,7
2014,SDN,NL,gyorkje01,Jedd Gyorko,111,106,111,109,0,0,0,109,0,0,0,0,0,0,0,5,0
2014,CLE,AL,hagadni01,Nick Hagadone,35,0,1,35,35,0,0,0,0,0,0,0,0,0,0,0,0
2014,ARI,NL,hagenbr01,Bradin Hagens,2,0,2,2,2,0,0,0,0,0,0,0,0,0,0,0,0
2014,PIT,NL,haguema01,Matt Hague,3,0,3,0,0,0,0,0,0,0,0,0,0,0,0,3,0
2014,WAS,NL,hairssc01,Scott Hairston,61,12,61,16,0,0,0,0,0,0,15,0,1,16,1,47,1
2014,PHI,NL,hamelco01,Cole Hamels,30,30,30,30,30,0,0,0,0,0,0,0,0,0,0,0,0
2014,CIN,NL,hamilbi02,Billy Hamilton,152,136,152,144,0,0,0,0,0,0,0,144,0,144,1,9,3
2014,LAA,AL,hamiljo03,Josh Hamilton,89,88,89,74,0,0,0,0,0,0,68,7,0,74,14,1,0
2014,CHN,NL,hammeja01,Jason Hammel,30,29,19,30,30,0,0,0,0,0,0,0,0,0,0,0,0
2014,TBA,AL,hanigry01,Ryan Hanigan,84,66,84,79,0,79,0,0,0,0,0,0,0,0,2,8,0
2014,CIN,NL,hannaja01,Jack Hannahan,26,9,26,13,0,0,13,0,0,0,0,0,0,0,1,14,0
2014,ATL,NL,haranaa01,Aaron Harang,33,33,32,33,33,0,0,0,0,0,0,0,0,0,0,0,0
2014,DET,AL,hardybl01,Blaine Hardy,38,0,1,38,38,0,0,0,0,0,0,0,0,0,0,0,0
2014,BAL,AL,hardyjj01,J. J. Hardy,141,141,141,141,0,0,0,0,0,141,0,0,0,0,0,0,0
2014,LAN,NL,harenda01,Dan Haren,32,32,29,32,32,0,0,0,0,0,0,0,0,0,0,0,0
2014,WAS,NL,harpebr03,Bryce Harper,100,94,100,98,0,0,0,0,0,0,90,7,10,98,0,2,0
2014,HOU,AL,harrelu01,Lucas Harrell,3,3,0,3,3,0,0,0,0,0,0,0,0,0,0,0,0
2014,PIT,NL,harrijo05,Josh Harrison,143,116,143,127,0,0,0,17,72,8,26,0,26,50,0,21,3
2014,TEX,AL,harrima01,Matt Harrison,4,4,0,4,4,0,0,0,0,0,0,0,0,0,0,0,0
2014,BOS,AL,hassaal01,Alex Hassan,3,2,3,2,0,0,0,0,0,0,0,0,2,2,1,1,0
2014,MIA,NL,hatchch02,Chris Hatcher,52,0,47,52,52,0,0,0,0,0,0,0,0,0,0,0,0
2014,COL,NL,hawkila01,LaTroy Hawkins,57,0,54,57,57,0,0,0,0,0,0,0,0,0,0,0,0
2014,KCR,AL,hayesbr01,Brett Hayes,27,14,27,27,0,27,0,0,0,0,0,0,0,0,0,0,2
2014,SDN,NL,headlch01,Chase Headley,135,131,135,133,0,0,7,0,127,0,0,0,0,0,1,4,0
2014,MIA,NL,heanean01,Andrew Heaney,7,5,7,7,7,0,0,0,0,0,0,0,0,0,0,0,0
2014,MIA,NL,hechaad01,Adeiny Hechavarria,146,146,146,146,0,0,0,0,0,146,0,0,0,0,0,0,0
2014,CIN,NL,heisech01,Chris Heisey,119,55,119,77,0,0,0,0,0,0,53,16,14,77,0,47,1
2014,TBA,AL,hellije01,Jeremy Hellickson,13,13,0,13,13,0,0,0,0,0,0,0,0,0,0,0,0
2014,BOS,AL,hembrhe01,Heath Hembree,6,0,1,6,6,0,0,0,0,0,0,0,0,0,0,0,0
2014,MIL,NL,hendeji01,Jim Henderson,14,0,13,14,14,0,0,0,0,0,0,0,0,0,0,0,0
2014,CHN,NL,hendrky01,Kyle Hendricks,14,13,13,13,13,0,0,0,0,0,0,0,0,0,0,1,0
2014,TOR,AL,hendrli01,Liam Hendriks,9,6,1,9,9,0,0,0,0,0,0,0,0,0,0,0,0
2014,PHI,NL,hernace02,Cesar Hernandez,66,22,66,29,0,0,0,11,14,4,0,0,0,0,0,38,2
2014,HOU,AL,hernaen02,Enrique Hernandez,42,33,42,38,0,0,0,4,3,5,8,18,3,28,1,5,1
2014,SEA,AL,hernafe02,Felix Hernandez,34,34,1,34,34,0,0,0,0,0,0,0,0,0,0,0,0
2014,COL,NL,hernape02,Pedro Hernandez,1,1,1,1,1,0,0,0,0,0,0,0,0,0,0,0,0
2014,NYN,NL,herredi01,Dilson Herrera,18,17,18,17,0,0,0,17,0,0,0,0,0,0,0,0,1
2014,MIL,NL,herreel01,Elian Herrera,69,27,69,56,0,0,0,7,11,14,7,7,15,26,0,15,8
2014,BOS,AL,herrejo03,Jonathan Herrera,42,24,42,38,0,0,1,9,14,16,0,0,0,0,2,6,4
2014,KCR,AL,herreke01,Kelvin Herrera,70,0,4,70,70,0,0,0,0,0,0,0,0,0,0,0,0
2014,LAA,AL,herreyo01,Yoslan Herrera,20,0,0,20,20,0,0,0,0,0,0,0,0,0,0,0,0
2014,MIN,AL,herrmch01,Chris Herrmann,33,15,33,25,0,1,0,0,0,0,12,0,13,24,0,9,4
2014,SFN,NL,hestoch01,Chris Heston,3,1,3,3,3,0,0,0,0,0,0,0,0,0,0,0,0
2014,ATL,NL,heywaja01,Jason Heyward,149,148,149,149,0,0,0,0,0,0,0,0,149,149,0,1,0
2014,MIN,AL,hicksaa01,Aaron Hicks,69,59,69,65,0,0,0,0,0,0,6,57,5,65,2,0,7
2014,SFN,NL,hicksbr01,Brandon Hicks,71,59,71,62,0,0,1,61,0,0,1,0,0,1,0,9,0
2014,DET,AL,holadbr01,Bryan Holaday,62,42,62,58,0,58,0,0,0,0,0,0,0,0,2,3,3
2014,PIT,NL,holdzjo01,John Holdzkom,9,0,9,9,9,0,0,0,0,0,0,0,0,0,0,0,0
2014,TEX,AL,hollade01,Derek Holland,6,5,0,6,6,0,0,0,0,0,0,0,0,0,0,0,0
2014,KCR,AL,hollagr01,Greg Holland,65,0,6,65,65,0,0,0,0,0,0,0,0,0,0,0,0
2014,PHI,NL,hollama01,Mario Hollands,50,0,46,50,50,0,0,0,0,0,0,0,0,0,0,0,0
2014,SLN,NL,hollima01,Matt Holliday,156,156,156,150,0,0,0,0,0,0,150,0,0,150,6,0,0
2014,CIN,NL,holmbda01,David Holmberg,7,5,6,7,7,0,0,0,0,0,0,0,0,0,0,0,0
2014,CIN,NL,hoovejj01,J. J. Hoover,54,0,50,54,54,0,0,0,0,0,0,0,0,0,0,0,0
2014,KCR,AL,hosmeer01,Eric Hosmer,131,126,131,130,0,0,130,0,0,0,0,0,0,0,0,1,1
2014,CLE,AL,housetj01,T. J. House,19,18,1,19,19,0,0,0,0,0,0,0,0,0,0,0,0
2014,PHI,NL,howarry01,Ryan Howard,153,146,153,141,0,0,141,0,0,0,0,0,0,0,5,7,0
2014,LAN,NL,howeljp01,J. P. Howell,68,0,64,68,68,0,0,0,0,0,0,0,0,0,0,0,0
2014,ARI,NL,hudsoda01,Daniel Hudson,3,0,3,3,3,0,0,0,0,0,0,0,0,0,0,0,0
2014,SFN,NL,hudsoti01,Tim Hudson,31,31,28,31,31,0,0,0,0,0,0,0,0,0,0,0,0
2014,PIT,NL,hugheja02,Jared Hughes,63,0,60,63,63,0,0,0,0,0,0,0,0,0,0,0,0
2014,MIN,AL,hugheph01,Phil Hughes,32,32,2,32,32,0,0,0,0,0,0,0,0,0,0,0,0
2014,BAL,AL,hundlni01,Nick Hundley,83,54,83,63,0,63,0,0,0,0,0,0,0,0,0,24,0
2014,DET,AL,hunteto01,Torii Hunter,142,135,142,128,0,0,0,0,0,0,0,0,128,128,7,7,0
2014,BAL,AL,hunteto02,Tommy Hunter,60,0,2,60,60,0,0,0,0,0,0,0,0,0,0,0,0
2014,TOR,AL,hutchdr01,Drew Hutchison,35,32,4,32,32,0,0,0,0,0,0,0,0,0,0,1,2
2014,LAA,AL,iannech01,Chris Iannetta,108,92,108,104,0,104,0,0,0,0,0,0,0,0,1,13,0
2014,LAA,AL,ibanera01,Raul Ibanez,90,62,90,34,0,0,8,0,0,0,22,0,5,26,42,26,0
2014,ARI,NL,inciaen01,Ender Inciarte,118,98,118,114,0,0,0,0,0,0,37,76,1,114,0,6,4
2014,KCR,AL,infanom01,Omar Infante,135,134,135,134,0,0,0,134,0,0,0,0,0,0,0,1,0
2014,TEX,AL,irwinph01,Phil Irwin,1,1,0,1,1,0,0,0,0,0,0,0,0,0,0,0,0
2014,PIT,NL,ishiktr01,Travis Ishikawa,62,24,62,46,0,0,42,0,0,0,8,0,0,8,0,27,1
2014,SEA,AL,iwakuhi01,Hisashi Iwakuma,28,28,2,28,28,0,0,0,0,0,0,0,0,0,0,0,0
2014,TOR,AL,izturma01,Maicer Izturis,11,10,11,11,0,0,0,11,0,0,0,0,0,0,0,1,0
2014,SEA,AL,jacksau01,Austin Jackson,154,151,154,154,0,0,0,0,0,0,0,154,0,154,0,0,1
2014,ARI,NL,jacksbr01,Brett Jackson,7,1,7,5,0,0,0,0,0,0,0,1,4,5,0,1,4
2014,CHN,NL,jacksed01,Edwin Jackson,29,27,28,28,28,0,0,0,0,0,0,0,0,0,0,0,1
2014,ATL,NL,jaimeju01,Juan Jaime,16,0,13,16,16,0,0,0,0,0,0,0,0,0,0,0,0
2014,LAN,NL,janseke01,Kenley Jansen,68,0,64,68,68,0,0,0,0,0,0,0,0,0,0,0,0
2014,TOR,AL,janssca01,Casey Janssen,50,0,2,50,50,0,0,0,0,0,0,0,0,0,0,0,0
2014,TOR,AL,jeffrje01,Jeremy Jeffress,32,0,27,32,32,0,0,0,0,0,0,0,0,0,0,0,0
2014,TOR,AL,jenkich01,Chad Jenkins,21,0,3,21,21,0,0,0,0,0,0,0,0,0,0,0,0
2014,MIA,NL,jennida01,Dan Jennings,47,0,43,47,47,0,0,0,0,0,0,0,0,0,0,0,0
2014,TBA,AL,jennide01,Desmond Jennings,123,118,123,118,0,0,0,0,0,0,0,118,0,118,3,3,0
2014,LAA,AL,jepseke01,Kevin Jepsen,74,0,6,74,74,0,0,0,0,0,0,0,0,0,0,0,0
2014,NYA,AL,jeterde01,Derek Jeter,145,144,145,130,0,0,0,0,0,130,0,0,0,0,15,1,0
2014,PHI,NL,jimence01,Cesar Jimenez,16,0,14,16,16,0,0,0,0,0,0,0,0,0,0,0,0
2014,LAA,AL,jimenlu02,Luis Jimenez,18,10,18,16,0,0,0,0,16,0,0,0,0,0,2,2,2
2014,BAL,AL,jimenub01,Ubaldo Jimenez,25,22,1,25,25,0,0,0,0,0,0,0,0,0,0,0,0
2014,ATL,NL,johnsch05,Chris Johnson,153,149,153,150,0,0,1,0,150,0,0,0,0,0,1,3,0
2014,TOR,AL,johnsda06,Dan Johnson,15,11,15,8,0,0,8,0,0,0,0,0,0,0,6,3,0
2014,CLE,AL,johnsel02,Elliot Johnson,7,5,7,6,0,0,0,2,1,0,0,0,3,3,0,2,0
2014,CHA,AL,johnser04,Erik Johnson,5,5,1,5,5,0,0,0,0,0,0,0,0,0,0,0,0
2014,OAK,AL,johnsji04,Jim Johnson,54,0,3,54,54,0,0,0,0,0,0,0,0,0,0,0,0
2014,NYA,AL,johnske05,Kelly Johnson,106,75,106,94,0,0,32,5,60,0,4,0,1,5,4,14,5
2014,MIN,AL,johnskr01,Kris Johnson,3,3,1,3,3,0,0,0,0,0,0,0,0,0,0,0,0
2014,MIA,NL,johnsre02,Reed Johnson,113,27,113,34,0,0,0,0,0,0,23,1,11,34,2,77,1
2014,CHN,NL,jokiser01,Eric Jokisch,4,1,4,4,4,0,0,0,0,0,0,0,0,0,0,0,0
2014,BAL,AL,jonesad01,Adam Jones,159,157,159,155,0,0,0,0,0,0,0,155,0,155,4,2,0
2014,MIA,NL,jonesga02,Garrett Jones,146,129,146,137,0,0,129,0,0,0,0,0,9,9,0,13,0
2014,SEA,AL,jonesja06,James Jones,108,72,108,98,0,0,0,0,0,0,4,85,9,98,5,6,17
2014,CHA,AL,jonesna01,Nate Jones,2,0,0,2,2,0,0,0,0,0,0,0,0,0,0,0,0
2014,WAS,NL,jordata01,Taylor Jordan,5,5,5,5,5,0,0,0,0,0,0,0,0,0,0,0,0
2014,BAL,AL,josepca01,Caleb Joseph,82,77,82,81,0,78,4,0,0,0,0,0,0,0,0,2,0
2014,KCR,AL,josepdo01,Donnie Joseph,1,0,0,1,1,0,0,0,0,0,0,0,0,0,0,0,0
2014,TBA,AL,joycema01,Matthew Joyce,140,116,140,94,0,0,0,0,0,0,81,0,15,94,36,24,0
2014,COL,NL,jurrjja01,Jair Jurrjens,2,2,2,2,2,0,0,0,0,0,0,0,0,0,0,0,0
2014,COL,NL,kahnlto01,Tommy Kahnle,54,0,49,54,54,0,0,0,0,0,0,0,0,0,0,0,0
2014,CHN,NL,kalisry01,Ryan Kalish,57,27,57,38,0,0,0,0,0,0,18,11,11,38,0,24,0
2014,TBA,AL,karnsna01,Nate Karns,2,2,0,2,2,0,0,0,0,0,0,0,0,0,0,0,0
2014,TOR,AL,kawasmu01,Munenori Kawasaki,82,69,82,80,0,0,0,64,19,4,0,0,0,0,0,11,0
2014,OAK,AL,kazmisc01,Scott Kazmir,32,32,2,32,32,0,0,0,0,0,0,0,0,0,0,0,0
2014,NYA,AL,kellesh01,Shawn Kelley,59,0,1,59,59,0,0,0,0,0,0,0,0,0,0,0,0
2014,DET,AL,kellydo01,Don Kelly,95,36,95,89,0,0,30,1,41,0,8,6,11,25,1,11,11
2014,SLN,NL,kellyjo05,Joe Kelly,17,17,9,17,17,0,0,0,0,0,0,0,0,0,0,0,0
2014,LAA,AL,kendrho01,Howie Kendrick,157,157,157,154,0,0,0,154,0,0,0,0,0,0,3,0,0
2014,PHI,NL,kendrky01,Kyle Kendrick,32,32,31,32,32,0,0,0,0,0,0,0,0,0,0,0,0
2014,SDN,NL,kenneia01,Ian Kennedy,33,33,32,33,33,0,0,0,0,0,0,0,0,0,0,0,0
2014,LAN,NL,kershcl01,Clayton Kershaw,27,27,26,27,27,0,0,0,0,0,0,0,0,0,0,0,0
2014,HOU,AL,keuchda01,Dallas Keuchel,30,29,3,29,29,0,0,0,0,0,0,0,0,0,0,0,1
2014,SFN,NL,kickhmi01,Mike Kickham,2,0,2,2,2,0,0,0,0,0,0,0,0,0,0,0,0
2014,TBA,AL,kiermke01,Kevin Kiermaier,108,89,108,108,0,0,0,0,0,0,1,42,68,108,1,10,1
2014,ARI,NL,kiescro01,Roger Kieschnick,25,7,25,8,0,0,0,0,0,0,5,0,3,8,0,17,0
2014,ATL,NL,kimbrcr01,Craig Kimbrel,63,0,61,63,63,0,0,0,0,0,0,0,0,0,0,0,0
2014,DET,AL,kinslia01,Ian Kinsler,161,160,161,160,0,0,0,160,0,0,0,0,0,0,0,1,0
2014,MIL,NL,kintzbr01,Brandon Kintzler,64,0,60,64,64,0,0,0,0,0,0,0,0,0,0,0,0
2014,CLE,AL,kipnija01,Jason Kipnis,129,126,129,123,0,0,0,123,0,0,0,0,0,0,5,3,0
2014,TEX,AL,kirkmmi01,Michael Kirkman,12,0,0,12,12,0,0,0,0,0,0,0,0,0,0,0,0
2014,TEX,AL,kleinph01,Phil Klein,17,0,1,17,17,0,0,0,0,0,0,0,0,0,0,0,0
2014,CLE,AL,klubeco01,Corey Kluber,36,34,4,34,34,0,0,0,0,0,0,0,0,0,0,1,1
2014,DET,AL,knebeco01,Corey Knebel,8,0,1,8,8,0,0,0,0,0,0,0,0,0,0,0,0
2014,WAS,NL,koberje01,Jeff Kobernus,4,2,4,3,0,0,0,3,0,0,0,0,0,0,0,0,1
2014,MIA,NL,koehlto01,Tom Koehler,32,32,29,32,32,0,0,0,0,0,0,0,0,0,0,0,0
2014,CHA,AL,konerpa01,Paul Konerko,81,49,81,23,0,0,23,0,0,0,0,0,0,0,36,31,0
2014,SFN,NL,kontoge01,George Kontos,24,0,22,24,24,0,0,0,0,0,0,0,0,0,0,0,0
2014,TOR,AL,korecbo01,Bobby Korecky,2,0,0,2,2,0,0,0,0,0,0,0,0,0,0,0,0
2014,CLE,AL,kottage01,George Kottaras,18,8,18,15,0,15,0,0,0,0,0,0,0,0,0,5,0
2014,TEX,AL,kouzmke01,Kevin Kouzmanoff,13,12,13,13,0,0,0,0,13,0,0,0,0,0,0,1,0
2014,SLN,NL,kozmape01,Pete Kozma,14,6,14,13,0,0,0,6,0,8,0,0,0,0,0,3,0
2014,TOR,AL,kratzer01,Erik Kratz,47,26,47,36,0,36,0,0,0,0,0,0,0,0,6,12,2
2014,HOU,AL,krausma01,Marc Krauss,67,53,67,55,0,0,33,0,0,0,19,0,5,23,4,13,0
2014,MIN,AL,kubelja01,Jason Kubel,45,40,45,40,0,0,0,0,0,0,36,0,4,40,1,5,0
2014,NYA,AL,kurodhi01,Hiroki Kuroda,32,32,1,32,32,0,0,0,0,0,0,0,0,0,0,0,0
2014,BOS,AL,lackejo01,John Lackey,31,31,9,31,31,0,0,0,0,0,0,0,0,0,0,0,0
2014,PIT,NL,lafrobo01,Bobby LaFromboise,6,0,6,6,6,0,0,0,0,0,0,0,0,0,0,0,0
2014,NYN,NL,lagarju01,Juan Lagares,116,105,116,112,0,0,0,0,0,0,0,112,0,112,0,4,2
2014,ATL,NL,lairdge01,Gerald Laird,53,41,53,48,0,48,0,0,0,0,0,0,0,0,0,7,0
2014,PIT,NL,lamboan01,Andrew Lambo,21,6,21,7,0,0,1,0,0,0,0,0,6,6,0,15,0
2014,NYN,NL,lannajo01,John Lannan,5,0,4,5,5,0,0,0,0,0,0,0,0,0,0,0,0
2014,WAS,NL,larocad01,Adam LaRoche,140,136,140,136,0,0,136,0,0,0,0,0,0,0,1,4,0
2014,ATL,NL,lasteto01,Tommy La Stella,93,87,93,88,0,0,0,88,0,0,0,0,0,0,1,5,0
2014,CIN,NL,latosma01,Mat Latos,16,16,15,16,16,0,0,0,0,0,0,0,0,0,0,0,0
2014,BOS,AL,lavarry01,Ryan Lavarnway,9,2,9,6,0,0,6,0,0,0,0,0,0,0,0,5,0
2014,TOR,AL,lawribr01,Brett Lawrie,70,70,70,70,0,0,0,32,63,0,0,0,0,0,0,0,0
2014,BOS,AL,layneto01,Tommy Layne,30,0,4,30,30,0,0,0,0,0,0,0,0,0,0,0,0
2014,LAN,NL,leagubr01,Brandon League,63,0,59,63,63,0,0,0,0,0,0,0,0,0,0,0,0
2014,CIN,NL,leakemi01,Mike Leake,40,33,37,33,33,0,0,0,0,0,0,0,0,0,0,2,5
2014,NYA,AL,leblawa01,Wade LeBlanc,11,3,2,11,11,0,0,0,0,0,0,0,0,0,0,0,0
2014,CIN,NL,lecursa01,Sam LeCure,62,0,58,62,62,0,0,0,0,0,0,0,0,0,0,0,0
2014,CHA,AL,leesmch01,Charles Leesman,1,1,0,1,1,0,0,0,0,0,0,0,0,0,0,0,0
2014,COL,NL,lemahdj01,DJ LeMahieu,149,139,149,148,0,0,1,144,7,1,0,0,0,0,0,1,0
2014,SEA,AL,leonedo01,Dominic Leone,57,0,4,57,57,0,0,0,0,0,0,0,0,0,0,0,0
2014,NYA,AL,lerouch01,Chris Leroux,2,0,1,2,2,0,0,0,0,0,0,0,0,0,0,0,0
2014,BOS,AL,lestejo01,Jon Lester,32,32,2,32,32,0,0,0,0,0,0,0,0,0,0,0,0
2014,TEX,AL,lewisco01,Colby Lewis,29,29,2,29,29,0,0,0,0,0,0,0,0,0,0,0,0
2014,SFN,NL,linceti01,Tim Lincecum,34,26,32,33,33,0,0,0,0,0,0,0,0,0,0,0,1
2014,PHI,NL,lincobr01,Brad Lincoln,2,0,2,2,2,0,0,0,0,0,0,0,0,0,0,0,0
2014,OAK,AL,lindbjo01,Josh Lindblom,1,1,0,1,1,0,0,0,0,0,0,0,0,0,0,0,0
2014,CHA,AL,lindsma01,Matt Lindstrom,35,0,2,35,35,0,0,0,0,0,0,0,0,0,0,0,0
2014,PIT,NL,liriafr01,Francisco Liriano,29,29,28,29,29,0,0,0,0,0,0,0,0,0,0,0,0
2014,SDN,NL,liriary01,Rymer Liriano,38,29,38,34,0,0,0,0,0,0,0,0,34,34,0,7,0
2014,WAS,NL,lobatjo01,Jose Lobaton,66,58,66,64,0,64,0,0,0,0,0,0,0,0,0,2,0
2014,DET,AL,lobstky01,Kyle Lobstein,7,6,0,7,7,0,0,0,0,0,0,0,0,0,0,0,0
2014,PIT,NL,lockeje01,Jeff Locke,21,21,20,21,21,0,0,0,0,0,0,0,0,0,0,0,0
2014,COL,NL,loganbo02,Boone Logan,35,0,32,35,35,0,0,0,0,0,0,0,0,0,0,0,0
2014,MIL,NL,lohseky01,Kyle Lohse,31,31,30,31,31,0,0,0,0,0,0,0,0,0,0,0,0
2014,BAL,AL,lombast02,Steve Lombardozzi,20,17,20,20,0,0,0,20,0,0,0,0,0,0,0,1,0
2014,TBA,AL,loneyja01,James Loney,155,152,155,152,0,0,152,0,0,0,0,0,0,0,4,3,0
2014,TBA,AL,longoev01,Evan Longoria,162,162,162,155,0,0,0,0,155,0,0,0,0,0,8,0,0
2014,SFN,NL,lopezja02,Javier Lopez,65,0,62,65,65,0,0,0,0,0,0,0,0,0,0,0,0
2014,CHN,NL,lopezra02,Rafael Lopez,7,1,7,4,0,4,0,0,0,0,0,0,0,0,0,4,0
2014,COL,NL,lopezwi01,Wilton Lopez,4,0,4,4,4,0,0,0,0,0,0,0,0,0,0,0,0
2014,BAL,AL,loughda01,David Lough,112,47,112,103,0,0,0,0,0,0,85,16,6,103,1,4,19
2014,OAK,AL,lowrije01,Jed Lowrie,136,132,136,130,0,0,0,0,0,130,0,0,0,0,4,4,0
2014,MIA,NL,lucased01,Ed Lucas,69,34,69,51,0,0,6,20,4,19,4,0,3,7,0,18,3
2014,MIL,NL,lucrojo01,Jonathan Lucroy,153,150,153,149,0,136,19,0,0,0,0,0,0,0,1,3,0
2014,CIN,NL,ludwiry01,Ryan Ludwick,112,96,112,92,0,0,0,0,0,0,92,0,0,92,5,16,0
2014,TBA,AL,luekejo01,Josh Lueke,25,0,2,25,25,0,0,0,0,0,0,0,0,0,0,0,0
2014,SEA,AL,luetglu01,Lucas Luetge,12,0,0,12,12,0,0,0,0,0,0,0,0,0,0,0,0
2014,COL,NL,lylesjo01,Jordan Lyles,23,22,23,22,22,0,0,0,0,0,0,0,0,0,0,1,0
2014,SLN,NL,lyonsty01,Tyler Lyons,11,4,11,11,11,0,0,0,0,0,0,0,0,0,0,0,0
2014,BAL,AL,machama01,Manny Machado,82,82,82,82,0,0,0,0,82,0,0,0,0,0,0,0,0
2014,SFN,NL,machije01,Jean Machi,71,0,68,71,71,0,0,0,0,0,0,0,0,0,0,0,0
2014,LAN,NL,maholpa01,Paul Maholm,30,8,29,30,30,0,0,0,0,0,0,0,0,0,0,0,0
2014,MIL,NL,maldoma01,Martin Maldonado,52,30,52,45,1,42,2,0,0,0,0,0,0,0,0,9,0
2014,SLN,NL,manesse01,Seth Maness,73,0,69,73,73,0,0,0,0,0,0,0,0,0,0,0,0
2014,PHI,NL,manshje01,Jeff Manship,20,0,20,20,20,0,0,0,0,0,0,0,0,0,0,0,0
2014,KCR,AL,mariomi01,Michael Mariot,17,0,0,17,17,0,0,0,0,0,0,0,0,0,0,0,0
2014,MIA,NL,marisja01,Jake Marisnick,65,57,65,62,0,0,0,0,0,0,2,30,31,62,0,2,1
2014,BAL,AL,markani01,Nick Markakis,155,155,155,149,0,0,2,0,0,0,0,0,147,147,6,0,0
2014,KCR,AL,marksju01,Justin Marks,1,0,0,1,1,0,0,0,0,0,0,0,0,0,0,0,0
2014,MIA,NL,marmoca01,Carlos Marmol,15,0,15,15,15,0,0,0,0,0,0,0,0,0,0,0,0
2014,LAA,AL,maronni01,Nick Maronde,11,0,0,11,11,0,0,0,0,0,0,0,0,0,0,0,0
2014,ARI,NL,marshev01,Evan Marshall,57,0,52,57,57,0,0,0,0,0,0,0,0,0,0,0,0
2014,CIN,NL,marshse01,Sean Marshall,15,0,14,15,15,0,0,0,0,0,0,0,0,0,0,0,0
2014,ARI,NL,marteal01,Alfredo Marte,44,25,44,27,0,0,0,0,0,0,20,0,7,27,1,18,0
2014,ARI,NL,martean01,Andy Marte,6,3,6,4,0,0,0,0,4,0,0,0,0,0,0,3,0
2014,PIT,NL,martest01,Starling Marte,135,123,135,131,0,0,0,0,0,0,114,28,0,131,0,7,1
2014,SLN,NL,martica04,Carlos Martinez,57,7,54,57,57,0,0,0,0,0,0,0,0,0,0,0,0
2014,COL,NL,martich02,Chris Martin,16,0,15,16,16,0,0,0,0,0,0,0,0,0,0,0,0
2014,HOU,AL,martida02,David Martinez,3,0,0,3,3,0,0,0,0,0,0,0,0,0,0,0,0
2014,PHI,NL,martiet01,Ethan Martin,2,0,2,2,2,0,0,0,0,0,0,0,0,0,0,0,0
2014,DET,AL,martijd02,J. D. Martinez,123,112,123,111,0,0,0,0,0,0,83,0,34,111,5,7,1
2014,TEX,AL,martile01,Leonys Martin,155,141,155,152,0,0,0,0,0,0,0,152,0,152,1,9,0
2014,PIT,NL,martimi02,Michael Martinez,26,7,26,14,0,0,0,6,0,0,6,2,1,9,0,12,3
2014,TEX,AL,martini01,Nick Martinez,32,24,4,29,29,0,0,0,0,0,0,0,0,0,0,1,2
2014,PIT,NL,martiru01,Russell Martin,111,107,111,107,0,107,0,0,0,0,0,0,0,0,1,3,0
2014,DET,AL,martivi01,Victor Martinez,151,150,151,36,0,2,35,0,0,0,0,0,0,0,115,1,0
2014,COL,NL,masseni01,Nick Masset,51,0,46,51,51,0,0,0,0,0,0,0,0,0,0,0,0
2014,CLE,AL,masteju01,Justin Masterson,28,25,10,28,28,0,0,0,0,0,0,0,0,0,0,0,0
2014,MIN,AL,mastrda01,Darin Mastroianni,21,8,21,19,0,0,0,0,0,0,3,7,10,19,1,5,5
2014,MIA,NL,mathije01,Jeff Mathis,64,52,64,62,0,62,0,0,0,0,0,0,0,0,0,2,0
2014,NYN,NL,matsuda01,Daisuke Matsuzaka,34,9,32,34,34,0,0,0,0,0,0,0,0,0,0,0,0
2014,WAS,NL,matthry01,Ryan Mattheus,7,0,6,7,7,0,0,0,0,0,0,0,0,0,0,0,0
2014,BAL,AL,matusbr01,Brian Matusz,63,0,5,63,63,0,0,0,0,0,0,0,0,0,0,0,0
2014,COL,NL,matzety01,Tyler Matzek,21,19,20,20,20,0,0,0,0,0,0,0,0,0,0,0,1
2014,MIN,AL,mauerjo01,Joe Mauer,120,118,120,100,0,0,100,0,0,0,0,0,0,0,19,2,0
2014,SEA,AL,maurebr01,Brandon Maurer,38,7,2,38,38,0,0,0,0,0,0,0,0,0,0,0,0
2014,KCR,AL,maxweju01,Justin Maxwell,20,12,20,14,0,0,0,0,0,0,1,6,7,14,3,3,4
2014,PHI,NL,maybejo02,John Mayberry,78,34,78,55,0,0,23,0,0,0,16,11,7,34,2,33,5
2014,SDN,NL,maybica01,Cameron Maybin,95,73,95,86,0,0,0,0,0,0,0,86,0,86,0,7,5
2014,PIT,NL,mazzavi01,Vin Mazzaro,5,0,4,5,5,0,0,0,0,0,0,0,0,0,0,0,0
2014,CLE,AL,mcallza01,Zach McAllister,22,15,1,22,22,0,0,0,0,0,0,0,0,0,0,0,0
2014,COL,NL,mcbrima02,Matt McBride,21,5,21,8,0,0,5,0,0,0,2,0,3,4,0,14,0
2014,NYA,AL,mccanbr01,Brian McCann,140,125,140,119,0,108,16,0,0,0,0,0,0,0,14,14,1
2014,DET,AL,mccanja02,James McCann,9,2,9,6,0,6,0,0,0,0,0,0,0,0,3,3,0
2014,ARI,NL,mccarbr01,Brandon McCarthy,32,32,16,32,32,0,0,0,0,0,0,0,0,0,0,0,0
2014,DET,AL,mccoypa01,Pat McCoy,14,0,0,14,14,0,0,0,0,0,0,0,0,0,0,0,0
2014,PIT,NL,mccutan01,Andrew McCutchen,146,146,146,146,0,0,0,0,0,0,0,146,0,146,0,0,0
2014,TEX,AL,mccutda01,Daniel McCutchen,1,0,0,1,1,0,0,0,0,0,0,0,0,0,0,0,0
2014,LAA,AL,mcdonjo03,John McDonald,95,16,95,90,0,0,0,2,73,16,0,0,0,0,2,10,12
2014,BAL,AL,mcfartj01,T. J. McFarland,37,1,3,37,37,0,0,0,0,0,0,0,0,0,0,0,0
2014,TBA,AL,mcgeeja01,Jake McGee,73,0,5,73,73,0,0,0,0,0,0,0,0,0,0,0,0
2014,MIA,NL,mcgehca01,Casey McGehee,160,159,160,158,0,0,0,0,158,0,0,0,0,0,1,1,0
2014,TOR,AL,mcgowdu01,Dustin McGowan,53,8,4,53,53,0,0,0,0,0,0,0,0,0,0,0,0
2014,HOU,AL,mchugco01,Collin McHugh,25,25,1,25,25,0,0,0,0,0,0,0,0,0,0,0,0
2014,COL,NL,mckenmi01,Michael McKenry,57,45,57,50,0,50,0,0,0,0,0,0,0,0,0,9,0
2014,WAS,NL,mclouna01,Nate McLouth,79,33,79,50,0,0,0,0,0,0,28,9,16,50,1,30,3
2014,SDN,NL,medicto01,Tommy Medica,102,58,102,64,0,0,46,0,0,0,22,0,0,22,4,41,1
2014,SEA,AL,medinyo01,Yoervis Medina,66,0,4,66,66,0,0,0,0,0,0,0,0,0,0,0,0
2014,NYN,NL,mejiaje01,Jenrry Mejia,63,7,60,63,63,0,0,0,0,0,0,0,0,0,0,0,0
2014,PIT,NL,melanma01,Mark Melancon,72,0,70,72,72,0,0,0,0,0,0,0,0,0,0,0,0
2014,TEX,AL,mendero01,Roman Mendez,30,0,2,30,30,0,0,0,0,0,0,0,0,0,0,0,0
2014,PIT,NL,mercejo03,Jordy Mercer,149,137,149,144,0,0,0,0,0,144,0,0,1,1,0,6,1
2014,DET,AL,merceme01,Melvin Mercedes,1,0,0,1,1,0,0,0,0,0,0,0,0,0,0,0,0
2014,CIN,NL,mesorde01,Devin Mesoraco,114,105,114,109,0,109,0,0,0,0,0,0,0,0,1,9,0
2014,BOS,AL,middlwi01,Will Middlebrooks,63,57,63,62,0,0,1,0,62,0,0,0,0,0,0,3,0
2014,TEX,AL,mikolmi01,Miles Mikolas,10,10,1,10,10,0,0,0,0,0,0,0,0,0,0,0,0
2014,ARI,NL,mileywa01,Wade Miley,33,33,31,33,33,0,0,0,0,0,0,0,0,0,0,0,0
2014,BOS,AL,millean01,Andrew Miller,73,0,3,73,73,0,0,0,0,0,0,0,0,0,0,0,0
2014,SEA,AL,millebr02,Brad Miller,123,107,123,119,0,0,0,13,2,107,0,0,0,0,1,6,2
2014,NYA,AL,milleji02,Jim Miller,2,0,0,2,2,0,0,0,0,0,0,0,0,0,0,0,0
2014,DET,AL,milleju02,Justin Miller,8,0,1,8,8,0,0,0,0,0,0,0,0,0,0,0,0
2014,SLN,NL,millesh01,Shelby Miller,32,31,31,32,32,0,0,0,0,0,0,0,0,0,0,0,0
2014,OAK,AL,millsbr02,Brad Mills,5,3,1,5,5,0,0,0,0,0,0,0,0,0,0,0,0
2014,OAK,AL,milonto01,Tommy Milone,23,21,2,22,22,0,0,0,0,0,0,0,0,0,0,1,0
2014,ATL,NL,minormi01,Mike Minor,25,25,22,25,25,0,0,0,0,0,0,0,0,0,0,0,0
2014,NYA,AL,mitchbr01,Bryan Mitchell,3,1,0,3,3,0,0,0,0,0,0,0,0,0,0,0,0
2014,TBA,AL,molinjo01,Jose Molina,80,70,80,80,0,80,0,0,0,0,0,0,0,0,0,2,0
2014,SLN,NL,molinya01,Yadier Molina,110,109,110,108,0,107,1,0,0,0,0,0,0,0,2,1,0
2014,SEA,AL,monteje01,Jesus Montero,6,5,6,1,0,0,1,0,0,0,0,0,0,0,4,1,0
2014,ARI,NL,montemi01,Miguel Montero,136,132,136,131,0,131,0,0,0,0,0,0,0,0,2,4,0
2014,NYN,NL,montera01,Rafael Montero,10,8,10,10,10,0,0,0,0,0,0,0,0,0,0,0,0
2014,SDN,NL,mooread01,Adam Moore,9,1,9,1,0,1,0,0,0,0,0,0,0,0,0,8,0
2014,TBA,AL,moorema02,Matt Moore,2,2,0,2,2,0,0,0,0,0,0,0,0,0,0,0,0
2014,WAS,NL,moorety01,Tyler Moore,42,20,42,27,0,0,24,0,0,0,4,0,0,4,0,16,2
2014,COL,NL,moralfr01,Franklin Morales,38,22,34,38,38,0,0,0,0,0,0,0,0,0,0,0,0
2014,MIN,AL,moralke01,Kendrys Morales,98,97,98,27,0,0,27,0,0,0,0,0,0,0,71,1,0
2014,PIT,NL,morelbr01,Brent Morel,23,8,23,14,0,0,1,0,13,0,0,0,0,0,0,9,1
2014,TEX,AL,morelmi01,Mitch Moreland,52,44,52,25,1,0,22,0,0,0,2,0,0,2,23,8,0
2014,CLE,AL,morgany01,Nyjer Morgan,15,12,15,14,0,0,0,0,0,0,2,12,0,14,0,0,1
2014,LAA,AL,morinmi01,Mike Morin,60,0,3,60,60,0,0,0,0,0,0,0,0,0,0,0,0
2014,COL,NL,morneju01,Justin Morneau,135,127,135,131,0,0,131,0,0,0,0,0,0,0,1,5,0
2014,PIT,NL,morribr01,Bryan Morris,60,0,54,60,60,0,0,0,0,0,0,0,0,0,0,0,0
2014,SEA,AL,morrilo01,Logan Morrison,99,92,99,88,0,0,79,0,0,0,2,0,9,11,10,5,0
2014,TOR,AL,morrobr01,Brandon Morrow,13,6,1,13,13,0,0,0,0,0,0,0,0,0,0,0,0
2014,SFN,NL,morsemi01,Mike Morse,131,125,131,123,0,0,43,0,0,0,84,0,0,84,4,6,0
2014,PIT,NL,mortoch02,Charlie Morton,26,26,23,26,26,0,0,0,0,0,0,0,0,0,0,0,0
2014,SLN,NL,motteja01,Jason Motte,29,0,28,29,29,0,0,0,0,0,0,0,0,0,0,0,0
2014,KCR,AL,moustmi01,Mike Moustakas,140,126,140,138,0,0,0,0,138,0,0,0,0,0,0,4,0
2014,BOS,AL,mujiced01,Edward Mujica,64,0,4,64,64,0,0,0,0,0,0,0,0,0,0,0,0
2014,CLE,AL,murphda07,David Murphy,129,113,129,122,0,0,0,0,0,0,2,0,120,122,2,13,1
2014,NYN,NL,murphda08,Daniel Murphy,143,142,143,142,0,0,1,126,16,0,0,0,0,0,0,1,0
2014,TEX,AL,murphdo01,Donnie Murphy,45,31,45,32,0,0,6,21,5,0,0,0,0,0,8,6,1
2014,NYA,AL,murphjr01,J. R. Murphy,32,21,32,30,0,30,0,0,0,0,0,0,0,0,2,4,0
2014,TBA,AL,myerswi01,Wil Myers,87,84,87,78,0,0,2,0,0,0,0,1,78,78,9,3,0
2014,BOS,AL,napolmi01,Mike Napoli,119,116,119,110,0,0,110,0,0,0,0,0,0,0,7,2,0
2014,DET,AL,nathajo01,Joe Nathan,62,0,3,62,62,0,0,0,0,0,0,0,0,0,0,0,0
2014,TOR,AL,navardi01,Dioner Navarro,139,121,139,112,0,112,0,0,0,0,0,0,0,0,21,18,0
2014,LAA,AL,navaref01,Efren Navarro,64,39,64,53,0,0,28,0,0,0,23,0,6,27,4,11,1
2014,CIN,NL,negrokr01,Kristopher Negron,49,36,49,42,0,0,0,17,25,2,1,0,0,1,0,7,2
2014,SDN,NL,nelsoch01,Chris Nelson,27,17,27,24,0,0,1,3,20,0,0,0,0,0,0,7,0
2014,MIL,NL,nelsoji02,Jimmy Nelson,14,12,14,14,14,0,0,0,0,0,0,0,0,0,0,0,0
2014,PHI,NL,nerishe01,Hector Neris,1,0,1,1,1,0,0,0,0,0,0,0,0,0,0,0,0
2014,SLN,NL,neshepa01,Pat Neshek,71,0,67,71,71,0,0,0,0,0,0,0,0,0,0,0,0
2014,COL,NL,nicasju01,Juan Nicasio,33,14,32,33,33,0,0,0,0,0,0,0,0,0,0,0,0
2014,NYN,NL,niesejo01,Jonathon Niese,31,30,29,30,30,0,0,0,0,0,0,0,0,0,0,1,0
2014,CHA,AL,nietoad01,Adrian Nieto,48,32,48,46,0,46,0,0,0,0,0,0,0,0,1,1,3
2014,NYN,NL,nieuwki01,Kirk Nieuwenhuis,61,22,61,35,0,0,0,0,0,0,17,14,6,35,0,31,0
2014,PHI,NL,nievewi01,Wil Nieves,36,34,36,35,0,34,1,0,0,0,0,0,0,0,0,1,0
2014,SEA,AL,noesihe01,Hector Noesi,33,27,2,33,33,0,0,0,0,0,0,0,0,0,0,0,0
2014,MIN,AL,nolasri01,Ricky Nolasco,27,27,1,27,27,0,0,0,0,0,0,0,0,0,0,0,0
2014,TOR,AL,nolinse01,Sean Nolin,1,0,0,1,1,0,0,0,0,0,0,0,0,0,0,0,0
2014,BAL,AL,norribu01,Bud Norris,29,28,3,28,28,0,0,0,0,0,0,0,0,0,0,1,0
2014,TOR,AL,norrida01,Daniel Norris,5,1,0,5,5,0,0,0,0,0,0,0,0,0,0,0,0
2014,OAK,AL,norride01,Derek Norris,127,103,127,114,0,114,0,0,0,0,0,0,0,0,10,18,0
2014,MIN,AL,nunezed02,Eduardo Nunez,72,45,72,58,0,0,0,2,20,20,16,0,2,18,7,12,9
2014,TBA,AL,nunezle01,Juan Carlos Oviedo,32,0,1,32,32,0,0,0,0,0,0,0,0,0,0,0,0
2014,HOU,AL,oberhbr01,Brett Oberholtzer,24,24,0,24,24,0,0,0,0,0,0,0,0,0,0,0,0
2014,TBA,AL,odorija01,Jake Odorizzi,31,31,2,31,31,0,0,0,0,0,0,0,0,0,0,0,0
2014,OAK,AL,oflaher01,Eric O'Flaherty,21,0,4,21,21,0,0,0,0,0,0,0,0,0,0,0,0
2014,TEX,AL,ogandal01,Alexi Ogando,27,0,1,27,27,0,0,0,0,0,0,0,0,0,0,0,0
2014,MIN,AL,olivele01,Lester Oliveros,7,0,0,7,7,0,0,0,0,0,0,0,0,0,0,0,0
2014,LAN,NL,olivomi01,Miguel Olivo,8,6,8,8,0,8,0,0,0,0,0,0,0,0,0,0,0
2014,LAA,AL,omallsh01,Shawn O'Malley,11,2,11,7,0,0,0,1,0,0,5,0,1,6,1,3,3
2014,CIN,NL,ondrulo01,Logan Ondrusek,40,0,38,40,40,0,0,0,0,0,0,0,0,0,0,0,0
2014,DET,AL,ortegjo01,Jose Ortega,1,0,0,1,1,0,0,0,0,0,0,0,0,0,0,0,0
2014,BOS,AL,ortizda01,David Ortiz,142,136,142,5,0,0,5,0,0,0,0,0,0,0,131,6,0
2014,PHI,NL,osullse01,Sean O'Sullivan,3,2,3,3,3,0,0,0,0,0,0,0,0,0,0,0,0
2014,OAK,AL,oteroda01,Dan Otero,72,0,8,72,72,0,0,0,0,0,0,0,0,0,0,0,0
2014,COL,NL,ottavad01,Adam Ottavino,75,0,72,75,75,0,0,0,0,0,0,0,0,0,0,0,0
2014,CLE,AL,outmajo01,Josh Outman,40,0,2,40,40,0,0,0,0,0,0,0,0,0,0,0,0
2014,MIL,NL,overbly01,Lyle Overbay,121,64,121,84,1,0,83,0,0,0,0,0,0,0,0,45,0
2014,HOU,AL,owensru01,Rudy Owens,1,1,0,1,1,0,0,0,0,0,0,0,0,0,0,0,0
2014,ARI,NL,owingch01,Chris Owings,91,77,91,79,0,0,0,18,0,61,0,0,0,0,0,13,0
2014,MIA,NL,ozunama01,Marcell Ozuna,153,146,153,151,0,0,0,0,0,0,11,140,4,151,0,5,0
2014,COL,NL,pachejo01,Jordan Pacheco,69,34,69,37,0,19,15,2,3,0,0,0,0,0,0,32,0
2014,SFN,NL,paganan01,Angel Pagan,96,91,96,91,0,0,0,0,0,0,0,91,0,91,0,5,0
2014,MIL,NL,pagnoma01,Matt Pagnozzi,1,0,1,1,0,1,0,0,0,0,0,0,0,0,0,0,0
2014,SFN,NL,panikjo01,Joe Panik,73,66,73,70,0,0,0,70,0,0,0,0,0,0,0,7,0
2014,PHI,NL,papeljo01,Jonathan Papelbon,66,0,64,66,66,0,0,0,0,0,0,0,0,0,0,0,0
2014,KCA,AL,paredji01,Jimmy Paredes,27,14,27,19,0,0,0,3,16,0,0,0,0,0,3,5,4
2014,CHN,NL,parkebl01,Blake Parker,18,0,17,18,18,0,0,0,0,0,0,0,0,0,0,0,0
2014,COL,NL,parkeky01,Kyle Parker,18,3,18,6,0,0,2,0,0,0,0,0,4,4,0,12,0
2014,MIN,AL,parmech01,Chris Parmelee,87,59,87,81,0,0,33,0,0,0,22,3,33,54,1,15,2
2014,NYN,NL,parnebo01,Bobby Parnell,1,0,1,1,1,0,0,0,0,0,0,0,0,0,0,0,0
2014,ARI,NL,parrage01,Gerardo Parra,150,126,150,142,0,0,0,0,0,0,27,12,109,142,0,12,0
2014,CIN,NL,parrama01,Manny Parra,53,0,48,53,53,0,0,0,0,0,0,0,0,0,0,0,0
2014,OAK,AL,parrian01,Andy Parrino,21,15,21,20,0,0,0,4,1,14,2,0,0,2,0,0,1
2014,CIN,NL,partccu01,Curtis Partch,6,0,6,6,6,0,0,0,0,0,0,0,0,0,0,0,0
2014,ATL,NL,pastoty01,Tyler Pastornicky,28,10,28,10,0,0,0,10,0,0,0,0,0,0,0,14,4
2014,ARI,NL,paterjo01,Joe Paterson,3,0,3,3,3,0,0,0,0,0,0,0,0,0,0,0,0
2014,LAN,NL,pattere02,Red Patterson,1,1,0,1,1,0,0,0,0,0,0,0,0,0,0,0,0
2014,TEX,AL,pattosp01,Spencer Patton,9,0,0,9,9,0,0,0,0,0,0,0,0,0,0,0,0
2014,BAL,AL,pattotr01,Troy Patton,17,0,8,17,17,0,0,0,0,0,0,0,0,0,0,0,0
2014,CHA,AL,paulife01,Felipe Paulino,4,4,1,4,4,0,0,0,0,0,0,0,0,0,0,0,0
2014,COL,NL,paulsbe01,Ben Paulsen,31,13,31,18,0,0,15,0,0,0,0,0,3,3,0,14,0
2014,SEA,AL,paxtoja01,James Paxton,13,13,1,13,13,0,0,0,0,0,0,0,0,0,0,0,0
2014,HOU,AL,peacobr01,Brad Peacock,28,24,3,28,28,0,0,0,0,0,0,0,0,0,0,0,0
2014,BAL,AL,pearcst01,Steve Pearce,102,86,102,86,0,0,51,0,0,0,35,0,8,40,8,13,0
2014,BOS,AL,peavyja01,Jake Peavy,32,32,11,32,32,0,0,0,0,0,0,0,0,0,0,0,0
2014,LAN,NL,pederjo01,Joc Pederson,18,3,18,12,0,0,0,0,0,0,2,7,5,12,0,8,2
2014,BOS,AL,pedrodu01,Dustin Pedroia,135,133,135,135,0,0,0,135,0,0,0,0,0,0,0,1,1
2014,KCR,AL,pegueca01,Carlos Peguero,4,2,4,4,0,0,0,0,0,0,0,0,4,4,0,0,0
2014,MIN,AL,pelfrmi01,Mike Pelfrey,5,5,0,5,5,0,0,0,0,0,0,0,0,0,0,0,0
2014,SFN,NL,pencehu01,Hunter Pence,162,161,162,161,0,0,0,0,0,0,0,1,161,161,0,1,0
2014,ARI,NL,pennicl01,Cliff Pennington,68,43,68,48,0,0,0,18,8,23,0,0,0,0,0,19,1
2014,MIA,NL,pennybr01,Brad Penny,8,4,8,8,8,0,0,0,0,0,0,0,0,0,0,0,0
2014,ARI,NL,peralda01,David Peralta,88,80,88,84,0,0,0,0,0,0,36,14,40,84,0,4,1
2014,SLN,NL,peraljh01,Jhonny Peralta,157,152,157,152,0,0,0,0,0,152,0,0,0,0,1,5,0
2014,TBA,AL,peraljo01,Joel Peralta,69,0,4,69,69,0,0,0,0,0,0,0,0,0,0,0,0
2014,MIL,NL,peralwi01,Wily Peralta,32,32,29,32,32,0,0,0,0,0,0,0,0,0,0,0,0
2014,SLN,NL,perezau01,Audry Perez,1,0,1,0,0,0,0,0,0,0,0,0,0,0,0,1,0
2014,LAN,NL,perezch01,Chris Perez,49,0,46,49,49,0,0,0,0,0,0,0,0,0,0,0,0
2014,NYA,AL,perezeu01,Eury Perez,4,2,4,4,0,0,0,0,0,0,0,2,2,4,0,0,0
2014,DET,AL,perezhe01,Hernan Perez,8,1,8,8,0,0,0,5,2,1,0,0,0,0,0,1,0
2014,SFN,NL,perezju02,Juan Perez,61,21,61,59,0,0,0,0,0,0,40,17,5,59,0,2,11
2014,TEX,AL,perezma02,Martin Perez,8,8,1,8,8,0,0,0,0,0,0,0,0,0,0,0,0
2014,ARI,NL,perezol01,Oliver Perez,68,0,65,68,68,0,0,0,0,0,0,0,0,0,0,0,0
2014,CLE,AL,perezro02,Roberto Perez,29,25,29,29,0,29,0,0,0,0,0,0,0,0,0,0,0
2014,KCR,AL,perezsa02,Salvador Perez,150,147,150,146,0,146,0,0,0,0,0,0,0,0,4,2,0
2014,MIN,AL,perkigl01,Glen Perkins,63,0,4,63,63,0,0,0,0,0,0,0,0,0,0,0,0
2014,CLE,AL,pestavi01,Vinnie Pestano,25,0,3,25,25,0,0,0,0,0,0,0,0,0,0,0,0
2014,SDN,NL,peterja01,Jace Peterson,27,18,27,24,0,0,0,14,10,0,0,0,0,0,0,3,3
2014,HOU,AL,petitgr01,Gregorio Petit,37,27,37,32,0,0,0,4,12,19,0,0,0,0,3,2,3
2014,SFN,NL,petityu01,Yusmeiro Petit,39,12,36,39,39,0,0,0,0,0,0,0,0,0,0,0,0
2014,CHA,AL,petrija01,Jake Petricka,67,0,6,67,67,0,0,0,0,0,0,0,0,0,0,0,0
2014,PHI,NL,pettijo02,Jonathan Pettibone,2,2,2,2,2,0,0,0,0,0,0,0,0,0,0,0,0
2014,CHA,AL,phegljo01,Josh Phegley,11,10,11,11,0,11,0,0,0,0,0,0,0,0,0,0,0
2014,BAL,AL,phelpco01,Cord Phelps,3,0,3,0,0,0,0,0,0,0,0,0,0,0,0,3,0
2014,NYA,AL,phelpda01,David Phelps,32,17,2,32,32,0,0,0,0,0,0,0,0,0,0,0,0
2014,CIN,NL,phillbr01,Brandon Phillips,121,121,121,121,0,0,0,121,0,0,0,0,0,0,0,0,0
2014,BOS,AL,pierzaj01,A. J. Pierzynski,102,85,102,87,0,87,0,0,0,0,0,0,0,0,5,15,0
2014,TOR,AL,pillake01,Kevin Pillar,53,31,53,47,0,0,0,0,0,0,30,16,7,47,3,8,3
2014,PIT,NL,pimenst01,Stolmy Pimentel,20,0,18,20,20,0,0,0,0,0,0,0,0,0,0,0,0
2014,NYA,AL,pinedmi01,Michael Pineda,13,13,0,13,13,0,0,0,0,0,0,0,0,0,0,0,0
2014,MIN,AL,pintojo01,Josmil Pinto,57,47,57,26,0,26,0,0,0,0,0,0,0,0,21,10,0
2014,NYA,AL,pireljo01,Jose Pirela,7,6,7,4,0,0,0,4,0,0,0,0,0,0,3,1,0
2014,MIN,AL,plouftr01,Trevor Plouffe,136,135,136,127,0,0,0,0,127,0,0,0,0,0,8,1,0
2014,PIT,NL,polangr01,Gregory Polanco,89,63,89,83,0,0,0,0,0,0,0,0,83,83,0,9,6
2014,MIN,AL,polanjo01,Jorge Polanco,5,1,5,4,0,0,0,0,0,4,0,0,0,0,0,3,0
2014,ARI,NL,polloaj01,A. J. Pollock,75,66,75,70,0,0,0,0,0,0,2,68,0,70,0,7,2
2014,OAK,AL,pomerdr01,Drew Pomeranz,20,10,0,20,20,0,0,0,0,0,0,0,0,0,0,0,0
2014,TOR,AL,pompeda01,Dalton Pompey,17,10,17,11,0,0,0,0,0,0,9,5,0,11,3,3,4
2014,DET,AL,porceri01,Rick Porcello,32,31,2,32,32,0,0,0,0,0,0,0,0,0,0,0,0
2014,TEX,AL,poredaa01,Aaron Poreda,26,0,3,26,26,0,0,0,0,0,0,0,0,0,0,0,0
2014,SFN,NL,poseybu01,Buster Posey,147,141,147,142,0,111,35,0,0,0,0,0,0,0,2,6,0
2014,ARI,NL,pradoma01,Martin Prado,143,136,143,140,0,0,0,21,110,0,4,0,8,12,0,6,0
2014,HOU,AL,preslal01,Alex Presley,89,67,89,80,0,0,0,0,0,0,43,21,20,80,5,10,1
2014,MIN,AL,pressry01,Ryan Pressly,25,0,0,25,25,0,0,0,0,0,0,0,0,0,0,0,0
2014,TBA,AL,priceda01,David Price,34,34,1,34,34,0,0,0,0,0,0,0,0,0,0,0,0
2014,COL,NL,pridija01,Jason Pridie,2,1,2,2,0,0,0,0,0,0,1,0,1,2,0,0,0
2014,SEA,AL,pryorst01,Stephen Pryor,1,0,0,1,1,0,0,0,0,0,0,0,0,0,0,0,0
2014,LAA,AL,pujolal01,Albert Pujols,159,159,159,116,0,0,116,0,1,0,0,0,0,0,43,0,0
2014,OAK,AL,puntoni01,Nick Punto,73,48,73,68,0,0,0,52,2,17,0,0,1,1,1,15,4
2014,DET,AL,putkolu01,Luke Putkonen,2,0,1,2,2,0,0,0,0,0,0,0,0,0,0,0,0
2014,CHA,AL,putnaza01,Zach Putnam,49,0,4,49,49,0,0,0,0,0,0,0,0,0,0,0,0
2014,SDN,NL,quackke01,Kevin Quackenbush,56,0,54,56,56,0,0,0,0,0,0,0,0,0,0,0,0
2014,HOU,AL,quallch01,Chad Qualls,58,0,3,58,58,0,0,0,0,0,0,0,0,0,0,0,0
2014,SDN,NL,quentca01,Carlos Quentin,50,36,50,32,0,0,0,0,0,0,32,0,0,32,5,14,0
2014,SEA,AL,quinthu01,Humberto Quintero,3,0,3,3,0,3,0,0,0,0,0,0,0,0,0,0,0
2014,CHA,AL,quintjo01,Jose Quintana,32,32,4,32,32,0,0,0,0,0,0,0,0,0,0,0,0
2014,NYN,NL,quintom01,Omar Quintanilla,15,7,15,13,0,0,0,2,0,11,0,0,0,0,0,2,0
2014,SFN,NL,quirogu01,Guillermo Quiroz,2,0,2,2,0,2,0,0,0,0,0,0,0,0,0,0,0
2014,CLE,AL,raburry01,Ryan Raburn,74,52,74,44,0,0,1,0,0,0,20,0,25,44,26,19,1
2014,CHA,AL,ramiral03,Alexei Ramirez,158,157,158,158,0,0,0,0,0,158,0,0,0,0,0,1,0
2014,MIL,NL,ramirar01,Aramis Ramirez,133,131,133,126,0,0,0,0,126,0,0,0,0,0,5,2,0
2014,SEA,AL,ramirer02,Erasmo Ramirez,17,14,2,17,17,0,0,0,0,0,0,0,0,0,0,0,0
2014,LAN,NL,ramirha01,Hanley Ramirez,128,121,128,116,0,0,0,0,0,116,0,0,0,0,5,7,0
2014,CLE,AL,ramirjo01,Jose Ramirez,68,61,68,67,0,0,0,11,0,56,0,0,0,0,1,4,0
2014,NYA,AL,ramirjo02,Jose Ramirez,8,0,0,8,8,0,0,0,0,0,0,0,0,0,0,0,0
2014,CHN,NL,ramirne01,Neil Ramirez,50,0,47,50,50,0,0,0,0,0,0,0,0,0,0,0,0
2014,BAL,AL,ramirra02,Ramon Ramirez,1,0,0,1,1,0,0,0,0,0,0,0,0,0,0,0,0
2014,MIA,NL,ramosaj01,A. J. Ramos,68,0,64,68,68,0,0,0,0,0,0,0,0,0,0,0,0
2014,TBA,AL,ramosce01,Cesar Ramos,43,7,4,43,43,0,0,0,0,0,0,0,0,0,0,0,0
2014,WAS,NL,ramoswi01,Wilson Ramos,88,88,88,87,0,87,0,0,0,0,0,0,0,0,1,0,0
2014,BOS,AL,ranauan01,Anthony Ranaudo,7,7,2,7,7,0,0,0,0,0,0,0,0,0,0,0,0
2014,TOR,AL,rasmuco01,Colby Rasmus,104,88,104,87,0,0,0,0,0,0,0,87,0,87,9,14,0
2014,LAA,AL,rasmuco02,Cory Rasmus,30,6,3,30,30,0,0,0,0,0,0,0,0,0,0,0,0
2014,TOR,AL,rasmuro01,Rob Rasmussen,10,0,1,10,10,0,0,0,0,0,0,0,0,0,0,0,0
2014,MIA,NL,realmjt01,J. T. Realmuto,11,7,11,9,0,9,0,0,0,0,0,0,0,0,0,2,1
2014,NYN,NL,reckean01,Anthony Recker,58,43,58,52,0,52,0,0,0,0,0,0,0,0,0,5,1
2014,OAK,AL,reddijo01,Josh Reddick,109,100,109,108,0,0,0,0,0,0,0,1,107,108,0,5,2
2014,TOR,AL,redmoto01,Todd Redmond,42,0,3,42,42,0,0,0,0,0,0,0,0,0,0,0,0
2014,TOR,AL,reimono01,Nolan Reimold,29,15,29,14,0,0,0,0,0,0,4,0,10,14,10,11,1
2014,WAS,NL,rendoan01,Anthony Rendon,153,151,153,152,0,0,0,28,134,0,0,0,0,0,0,1,0
2014,PHI,NL,reverbe01,Ben Revere,151,132,151,141,0,0,0,0,0,0,0,141,0,141,0,16,1
2014,TOR,AL,reyesjo01,Jose Reyes,143,142,143,143,0,0,0,0,0,143,0,0,0,0,0,0,1
2014,MIL,NL,reynoma01,Mark Reynolds,130,102,130,122,0,0,91,0,42,0,0,0,3,3,0,16,0
2014,NYA,AL,richaan01,Antoan Richardson,13,5,13,6,0,0,0,0,0,0,0,1,5,6,1,1,6
2014,LAA,AL,richaga01,Garrett Richards,26,26,4,26,26,0,0,0,0,0,0,0,0,0,0,0,0
2014,TBA,AL,riefecj01,C. J. Riefenhauser,7,0,0,7,7,0,0,0,0,0,0,0,0,0,0,0,0
2014,CHA,AL,rienzan01,Andre Rienzo,19,11,1,18,18,0,0,0,0,0,0,0,0,0,0,0,1
2014,BOS,AL,riverca02,Carlos Rivero,4,1,4,3,0,0,0,0,3,0,0,0,0,0,1,2,0
2014,SDN,NL,riverre01,Rene Rivera,103,85,103,92,0,89,3,0,0,0,0,0,0,0,0,15,0
2014,CHN,NL,rizzoan01,Anthony Rizzo,140,140,140,140,0,0,140,0,0,0,0,0,0,0,0,0,0
2014,SDN,NL,roachdo01,Donn Roach,16,1,16,16,16,0,0,0,0,0,0,0,0,0,0,0,0
2014,WAS,NL,roarkta01,Tanner Roark,31,31,29,31,31,0,0,0,0,0,0,0,0,0,0,0,0
2014,NYA,AL,roberbr01,Brian Roberts,91,85,91,91,0,0,0,91,0,0,0,0,0,0,0,5,0
2014,NYA,AL,roberda08,David Robertson,63,0,7,63,63,0,0,0,0,0,0,0,0,0,0,0,0
2014,TEX,AL,roberda09,Dan Robertson,70,41,70,64,0,0,0,1,0,0,30,21,18,63,2,8,8
2014,BOS,AL,roberry01,Ryan Roberts,8,7,8,8,0,0,0,0,8,0,0,0,0,0,0,1,0
2014,LAN,NL,robincl01,Clint Robinson,9,1,9,3,0,0,3,0,0,0,0,0,0,0,0,7,0
2014,SLN,NL,robinsh01,Shane Robinson,47,7,47,20,0,0,0,0,0,0,5,1,15,20,0,30,2
2014,SEA,AL,rodnefe01,Fernando Rodney,69,0,7,69,69,0,0,0,0,0,0,0,0,0,0,0,0
2014,OAK,AL,rodrife02,Fernando Rodriguez,7,0,0,7,7,0,0,0,0,0,0,0,0,0,0,0,0
2014,MIL,NL,rodrifr03,Francisco Rodriguez,69,0,65,69,69,0,0,0,0,0,0,0,0,0,0,0,0
2014,TEX,AL,rodrigu02,Guilder Rodriguez,7,3,7,5,0,0,0,2,3,1,0,0,0,0,2,1,2
2014,MIA,NL,rodrihe03,Henry Rodriguez,2,0,2,2,2,0,0,0,0,0,0,0,0,0,0,0,0
2014,TBA,AL,rodrise01,Sean Rodriguez,96,59,96,64,0,0,18,23,9,1,17,0,2,18,22,26,7
2014,LAN,NL,rodrist02,Paco Rodriguez,19,0,17,19,19,0,0,0,0,0,0,0,0,0,0,0,0
2014,PIT,NL,rodriwa01,Wandy Rodriguez,6,6,6,6,6,0,0,0,0,0,0,0,0,0,0,0,0
2014,KCR,AL,rodriwi02,Wilking Rodriguez,2,0,1,2,2,0,0,0,0,0,0,0,0,0,0,0,0
2014,CIN,NL,rodriyo01,Yorman Rodriguez,11,7,11,8,0,0,0,0,0,0,2,2,4,8,0,1,2
2014,TOR,AL,rogeres01,Esmil Rogers,34,1,1,34,34,0,0,0,0,0,0,0,0,0,0,0,0
2014,MIL,NL,rogerja02,Jason Rogers,8,2,8,4,0,0,4,0,0,0,0,0,0,0,0,4,0
2014,LAN,NL,rojasmi02,Miguel Rojas,85,36,85,82,0,0,0,3,19,66,1,0,0,1,0,5,4
2014,PHI,NL,rolliji01,Jimmy Rollins,138,131,138,131,0,0,0,0,0,131,0,0,0,0,2,6,0
2014,LAN,NL,romakja01,Jamie Romak,15,4,15,5,0,0,1,0,1,0,0,0,3,3,0,9,1
2014,SEA,AL,romerst01,Stefen Romero,72,45,72,49,0,0,0,0,0,0,11,0,42,49,14,11,8
2014,DET,AL,rominan01,Andrew Romine,94,72,94,92,1,0,0,12,0,83,0,0,0,0,1,2,6
2014,NYA,AL,rominau01,Austin Romine,7,2,7,4,0,3,1,0,0,0,0,0,0,0,2,2,1
2014,CHN,NL,rondohe01,Hector Rondon,64,0,61,64,64,0,0,0,0,0,0,0,0,0,0,0,0
2014,SLN,NL,rondojo01,Jorge Rondon,1,0,1,1,1,0,0,0,0,0,0,0,0,0,0,0,0
2014,TEX,AL,rosalad01,Adam Rosales,56,44,56,46,0,0,32,5,7,3,0,0,0,0,5,4,3
2014,COL,NL,rosarwi01,Wilin Rosario,106,97,106,98,0,96,4,0,0,0,0,0,0,0,0,9,0
2014,PHI,NL,rosenbj01,B. J. Rosenberg,13,0,11,13,13,0,0,0,0,0,0,0,0,0,0,0,0
2014,SLN,NL,rosentr01,Trevor Rosenthal,72,0,68,72,72,0,0,0,0,0,0,0,0,0,0,0,0
2014,TEX,AL,rosinse01,Seth Rosin,3,0,0,3,3,0,0,0,0,0,0,0,0,0,0,0,0
2014,CHN,NL,rosscza01,Zac Rosscup,18,0,15,18,18,0,0,0,0,0,0,0,0,0,0,0,0
2014,TEX,AL,rowenbe01,Ben Rowen,8,0,0,8,8,0,0,0,0,0,0,0,0,0,0,0,0
2014,ARI,NL,rowlary01,Ryan Rowland-Smith,6,0,6,6,6,0,0,0,0,0,0,0,0,0,0,0,0
2014,LAA,AL,rucindr01,Drew Rucinski,3,0,1,3,3,0,0,0,0,0,0,0,0,0,0,0,0
2014,CHN,NL,ruggiju01,Justin Ruggiano,81,52,81,57,0,0,0,0,0,0,10,18,34,57,0,29,0
2014,CHN,NL,rusinch01,Chris Rusin,4,0,4,4,4,0,0,0,0,0,0,0,0,0,0,0,0
2014,CHN,NL,russeja02,James Russell,66,1,62,66,66,0,0,0,0,0,0,0,0,0,0,0,0
2014,COL,NL,rutlejo01,Josh Rutledge,105,75,105,87,0,0,0,17,5,69,0,0,0,0,0,21,1
2014,CLE,AL,rzepcma01,Marc Rzepczynski,73,0,5,73,73,0,0,0,0,0,0,0,0,0,0,0,0
2014,NYA,AL,sabatcc01,CC Sabathia,8,8,1,8,8,0,0,0,0,0,0,0,0,0,0,0,0
2014,PIT,NL,sadleca02,Casey Sadler,6,0,6,6,6,0,0,0,0,0,0,0,0,0,0,0,0
2014,LAA,AL,salasfe01,Fernando Salas,57,0,5,57,57,0,0,0,0,0,0,0,0,0,0,0,0
2014,CLE,AL,salazda01,Danny Salazar,20,20,2,20,20,0,0,0,0,0,0,0,0,0,0,0,0
2014,MIA,NL,saltaja01,Jarrod Saltalamacchia,114,104,114,107,0,107,0,0,0,0,0,0,0,0,1,10,0
2014,CHN,NL,samarje01,Jeff Samardzija,33,33,17,33,33,0,0,0,0,0,0,0,0,0,0,0,0
2014,TOR,AL,sanchaa01,Aaron Sanchez,24,0,1,24,24,0,0,0,0,0,0,0,0,0,0,0,0
2014,DET,AL,sanchan01,Anibal Sanchez,22,21,2,22,22,0,0,0,0,0,0,0,0,0,0,0,0
2014,CHA,AL,sanchca01,Carlos Sanchez,28,27,28,28,0,0,0,27,0,1,0,0,0,0,0,1,0
2014,PIT,NL,sanchga01,Gaby Sanchez,123,55,123,97,0,0,96,0,0,0,0,0,1,1,3,60,0
2014,SFN,NL,sanchhe01,Hector Sanchez,66,34,66,45,0,45,1,0,0,0,0,0,0,0,0,27,0
2014,PIT,NL,sanchto01,Tony Sanchez,26,20,26,20,0,20,0,0,0,0,0,0,0,0,1,5,0
2014,SFN,NL,sandopa01,Pablo Sandoval,157,154,157,152,0,0,0,0,152,0,0,0,0,0,3,3,0
2014,TBA,AL,sandsje01,Jerry Sands,12,4,12,0,0,0,0,0,0,0,0,0,0,0,7,8,0
2014,CLE,AL,santaca01,Carlos Santana,152,151,152,129,0,11,94,0,26,0,0,0,0,0,22,1,0
2014,MIN,AL,santada01,Danny Santana,101,95,101,99,0,0,0,0,0,34,0,69,0,69,3,3,1
2014,HOU,AL,santado01,Domingo Santana,6,5,6,5,0,0,0,0,0,0,3,0,2,5,0,1,0
2014,ATL,NL,santaer01,Ervin Santana,31,31,31,31,31,0,0,0,0,0,0,0,0,0,0,0,0
2014,LAA,AL,santihe01,Hector Santiago,30,24,2,30,30,0,0,0,0,0,0,0,0,0,0,0,0
2014,CIN,NL,santira01,Ramon Santiago,75,49,75,63,0,0,0,20,28,20,1,0,0,1,0,13,2
2014,TOR,AL,santose01,Sergio Santos,27,0,4,26,26,0,0,0,0,0,0,0,0,0,1,0,1
2014,TEX,AL,sardilu01,Luis Sardinas,43,31,43,36,0,0,0,19,7,13,0,0,0,0,5,4,2
2014,NYN,NL,satinjo01,Josh Satin,25,7,25,8,0,0,8,0,1,0,0,0,0,0,0,18,0
2014,TEX,AL,saundjo01,Joe Saunders,14,8,0,14,14,0,0,0,0,0,0,0,0,0,0,0,0
2014,SEA,AL,saundmi01,Michael Saunders,78,61,78,71,0,0,0,0,0,0,1,12,68,71,3,5,4
2014,OAK,AL,saverjo01,Joe Savery,3,0,0,3,3,0,0,0,0,0,0,0,0,0,0,0,0
2014,COL,NL,scahiro01,Rob Scahill,12,0,12,12,12,0,0,0,0,0,0,0,0,0,0,0,0
2014,MIN,AL,schafjo02,Jordan Schafer,104,51,104,71,0,0,0,0,0,0,49,20,6,71,1,28,12
2014,MIL,NL,schaflo01,Logan Schafer,65,29,65,47,0,0,0,0,0,0,17,14,17,47,0,18,5
2014,TEX,AL,schepta01,Tanner Scheppers,8,4,0,8,8,0,0,0,0,0,0,0,0,0,0,0,0
2014,DET,AL,scherma01,Max Scherzer,33,33,2,33,33,0,0,0,0,0,0,0,0,0,0,0,0
2014,CHN,NL,schiena01,Nate Schierholtz,122,82,122,91,0,0,0,0,0,0,4,2,87,91,1,34,1
2014,CHN,NL,schlibr01,Brian Schlitter,61,0,57,61,61,0,0,0,0,0,0,0,0,0,0,0,0
2014,ATL,NL,schlogu01,Gus Schlosser,15,0,14,15,15,0,0,0,0,0,0,0,0,0,0,0,0
2014,BAL,AL,schoojo01,Jonathan Schoop,137,126,137,137,0,0,0,123,17,0,0,0,0,0,0,3,1
2014,ARI,NL,schulbo02,Bo Schultz,4,0,4,4,4,0,0,0,0,0,0,0,0,0,0,0,0
2014,CIN,NL,schumsk01,Skip Schumaker,83,61,83,67,1,0,0,19,0,0,33,8,13,52,0,18,1
2014,OAK,AL,scribev01,Evan Scribner,13,0,1,13,13,0,0,0,0,0,0,0,0,0,0,0,0
2014,SLN,NL,scrugxa01,Xavier Scruggs,9,3,9,5,0,0,5,0,0,0,0,0,0,0,0,5,0
2014,SFN,NL,scutama01,Marco Scutaro,5,3,5,3,0,0,0,3,0,0,0,0,0,0,0,2,0
2014,SEA,AL,seageky01,Kyle Seager,159,158,159,157,0,0,0,0,157,0,0,0,0,0,1,1,0
2014,MIL,NL,segurje01,Jean Segura,146,139,146,144,0,0,0,0,0,144,0,0,0,0,0,2,1
2014,CLE,AL,selleju01,Justin Sellers,17,5,17,17,0,0,0,7,4,6,0,0,0,0,0,0,1
2014,CHA,AL,semiema01,Marcus Semien,64,59,64,59,0,0,0,26,33,3,0,0,0,0,2,4,0
2014,KCR,AL,shielja02,James Shields,34,34,3,34,34,0,0,0,0,0,0,0,0,0,0,0,0
2014,LAA,AL,shoemma01,Matt Shoemaker,27,20,1,27,27,0,0,0,0,0,0,0,0,0,0,0,0
2014,ATL,NL,shrevch01,Chasen Shreve,15,0,14,15,15,0,0,0,0,0,0,0,0,0,0,0,0
2014,LAA,AL,shuckja01,J. B. Shuck,38,24,38,30,0,0,0,0,0,0,25,0,8,30,4,7,5
2014,SLN,NL,siegrke01,Kevin Siegrist,37,0,35,37,37,0,0,0,0,0,0,0,0,0,0,0,0
2014,TOR,AL,sierrmo01,Moises Sierra,96,41,96,80,0,0,0,0,0,0,9,4,70,80,7,8,19
2014,ATL,NL,simmoan01,Andrelton Simmons,146,144,146,146,0,0,0,0,0,146,0,0,0,0,0,0,1
2014,ATL,NL,simmosh01,Shae Simmons,26,0,25,26,26,0,0,0,0,0,0,0,0,0,0,0,0
2014,CIN,NL,simonal01,Alfredo Simon,32,32,30,32,32,0,0,0,0,0,0,0,0,0,0,0,0
2014,HOU,AL,singljo02,Jon Singleton,95,86,95,91,0,0,91,0,0,0,0,0,0,0,0,6,0
2014,BOS,AL,sizemgr01,Grady Sizemore,112,84,112,93,0,0,0,0,0,0,52,25,26,93,0,20,3
2014,NYA,AL,sizemsc01,Scott Sizemore,6,5,6,6,0,0,2,0,5,0,0,0,0,0,0,0,0
2014,LAA,AL,skaggty01,Tyler Skaggs,18,18,1,18,18,0,0,0,0,0,0,0,0,0,0,0,0
2014,MIA,NL,sloweke01,Kevin Slowey,17,2,16,17,17,0,0,0,0,0,0,0,0,0,0,0,0
2014,SEA,AL,smithca02,Carson Smith,9,0,0,9,9,0,0,0,0,0,0,0,0,0,0,0,0
2014,LAA,AL,smithjo05,Joe Smith,76,0,6,76,76,0,0,0,0,0,0,0,0,0,0,0,0
2014,SDN,NL,smithse01,Seth Smith,136,119,136,124,0,0,0,0,0,0,102,0,43,124,1,16,0
2014,MIL,NL,smithwi04,Will Smith,78,0,72,78,78,0,0,0,0,0,0,0,0,0,0,0,0
2014,SEA,AL,smoakju01,Justin Smoak,80,66,80,79,0,0,79,0,0,0,0,0,0,0,0,3,0
2014,TEX,AL,smolija01,Jake Smolinski,24,23,24,21,0,0,0,0,0,0,12,0,9,21,3,1,0
2014,DET,AL,smylydr01,Drew Smyly,28,25,1,28,28,0,0,0,0,0,0,0,0,0,0,0,0
2014,PIT,NL,snidetr01,Travis Snider,140,71,140,97,1,0,0,0,0,0,36,0,64,96,1,60,0
2014,CHA,AL,snodgsc01,Scott Snodgress,4,0,0,4,4,0,0,0,0,0,0,0,0,0,0,0,0
2014,TEX,AL,snydebr02,Brad Snyder,10,8,10,10,0,0,10,0,0,0,0,0,0,0,0,1,0
2014,OAK,AL,sogarer01,Eric Sogard,117,92,117,115,0,0,0,102,0,14,0,0,0,0,1,3,9
2014,MIA,NL,solando01,Donovan Solano,111,67,111,77,0,0,0,73,2,4,0,0,0,0,0,36,0
2014,NYA,AL,solarya01,Yangervis Solarte,131,124,131,129,0,0,0,27,111,8,7,0,0,7,0,5,0
2014,CHN,NL,solerjo01,Jorge Soler,24,24,24,24,0,0,0,0,0,0,0,0,24,24,0,0,0
2014,TBA,AL,solisal01,Ali Solis,8,4,8,8,0,8,0,0,0,0,0,0,0,0,0,0,1
2014,NYA,AL,soriaal01,Alfonso Soriano,67,56,67,35,0,0,0,0,0,0,11,0,26,35,25,9,0
2014,TEX,AL,soriajo01,Joakim Soria,48,0,2,48,48,0,0,0,0,0,0,0,0,0,0,0,0
2014,WAS,NL,soriara01,Rafael Soriano,64,0,60,64,64,0,0,0,0,0,0,0,0,0,0,0,0
2014,WAS,NL,souzast01,Steven Souza,21,4,21,13,0,0,0,0,0,0,4,1,8,13,0,8,2
2014,SDN,NL,spangco01,Cory Spangenberg,20,14,20,15,0,0,0,3,9,0,4,0,0,4,0,6,0
2014,HOU,AL,springe01,George Springer,78,78,78,77,0,0,0,0,0,0,0,8,71,77,1,0,0
2014,ARI,NL,spruize01,Zeke Spruill,6,1,5,6,6,0,0,0,0,0,0,0,0,0,0,0,0
2014,WAS,NL,stammcr01,Craig Stammen,49,0,46,49,49,0,0,0,0,0,0,0,0,0,0,0,0
2014,MIA,NL,stantmi03,Giancarlo Stanton,145,144,145,143,0,0,0,0,0,0,0,0,143,143,2,1,0
2014,HOU,AL,stassma01,Max Stassi,7,4,7,6,0,6,0,0,0,0,0,0,0,0,0,1,0
2014,SDN,NL,staufti01,Tim Stauffer,44,3,42,44,44,0,0,0,0,0,0,0,0,0,0,0,0
2014,PIT,NL,stewach01,Chris Stewart,49,37,49,46,0,46,0,0,0,0,0,0,0,0,0,4,0
2014,LAA,AL,stewaia01,Ian Stewart,24,16,24,20,0,0,6,0,16,0,0,0,0,0,1,4,1
2014,BAL,AL,stinsjo01,Josh Stinson,8,0,0,8,8,0,0,0,0,0,0,0,0,0,0,0,0
2014,ARI,NL,stitema01,Matt Stites,37,0,35,37,37,0,0,0,0,0,0,0,0,0,0,0,0
2014,WAS,NL,storedr01,Drew Storen,65,0,62,65,65,0,0,0,0,0,0,0,0,0,0,0,0
2014,OAK,AL,straida01,Dan Straily,14,8,6,14,14,0,0,0,0,0,0,0,0,0,0,0,0
2014,WAS,NL,strasst01,Stephen Strasburg,34,34,33,34,34,0,0,0,0,0,0,0,0,0,0,0,0
2014,SDN,NL,streehu01,Huston Street,61,0,30,61,61,0,0,0,0,0,0,0,0,0,0,0,0
2014,SFN,NL,strichu01,Hunter Strickland,9,0,8,9,9,0,0,0,0,0,0,0,0,0,0,0,0
2014,TOR,AL,stromma01,Marcus Stroman,32,20,8,26,26,0,0,0,0,0,0,0,0,0,1,0,6
2014,CHN,NL,stroppe01,Pedro Strop,65,0,63,65,65,0,0,0,0,0,0,0,0,0,0,0,0
2014,COL,NL,stubbdr01,Drew Stubbs,132,92,132,113,0,0,0,0,0,0,0,113,0,113,0,27,3
2014,SDN,NL,stulter01,Eric Stults,32,32,29,32,32,0,0,0,0,0,0,0,0,0,0,0,0
2014,DET,AL,suareeu01,Eugenio Suarez,85,71,85,83,0,0,0,0,2,81,0,0,0,0,1,5,1
2014,SEA,AL,sucreje01,Jesus Sucre,21,18,21,21,0,21,0,0,0,0,0,0,0,0,0,0,0
2014,CHA,AL,surkaer01,Eric Surkamp,35,0,0,35,35,0,0,0,0,0,0,0,0,0,0,0,0
2014,SFN,NL,susacan01,Andrew Susac,35,20,35,29,0,29,0,0,0,0,0,0,0,0,0,6,0
2014,NYA,AL,suzukic01,Ichiro Suzuki,143,95,143,128,0,0,0,0,0,0,9,5,119,128,3,15,9
2014,MIN,AL,suzukku01,Kurt Suzuki,131,119,131,119,0,119,0,0,0,0,0,0,0,0,5,11,1
2014,MIN,AL,swarzan01,Anthony Swarzak,50,4,3,50,50,0,0,0,0,0,0,0,0,0,0,0,0
2014,CHN,NL,sweenry01,Ryan Sweeney,77,50,77,56,0,0,0,0,0,0,12,24,22,56,2,22,1
2014,CLE,AL,swishni01,Nick Swisher,97,92,97,58,0,0,52,0,0,0,2,0,4,6,34,5,0
2014,CHN,NL,szczuma01,Matt Szczur,33,12,33,26,0,0,0,0,0,0,6,9,13,26,1,11,2
2014,PIT,NL,tabatjo01,Jose Tabata,80,34,80,50,0,0,0,0,0,0,18,1,37,50,1,40,2
2014,NYA,AL,tanakma01,Masahiro Tanaka,20,20,3,20,20,0,0,0,0,0,0,0,0,0,0,0,0
2014,SLN,NL,taveros01,Oscar Taveras,80,61,80,63,0,0,0,0,0,0,0,3,62,63,0,18,0
2014,SEA,AL,tayloch03,Chris Taylor,47,40,47,47,0,0,0,0,0,47,0,0,0,0,0,3,0
2014,CHA,AL,taylomi01,Michael Taylor,11,7,11,8,0,0,0,0,0,0,8,0,0,8,3,4,0
2014,WAS,NL,taylomi02,Michael Taylor,17,8,17,14,0,0,0,0,0,0,0,10,5,14,0,5,0
2014,BOS,AL,tazawju01,Junichi Tazawa,71,0,6,71,71,0,0,0,0,0,0,0,0,0,0,0,0
2014,NYN,NL,teagata01,Taylor Teagarden,9,8,9,9,0,9,0,0,0,0,0,0,0,0,0,0,0
2014,ATL,NL,teherju01,Julio Teheran,33,33,31,33,33,0,0,0,0,0,0,0,0,0,0,0,0
2014,NYA,AL,teixema01,Mark Teixeira,123,120,123,117,0,0,117,0,0,0,0,0,0,0,5,3,0
2014,NYN,NL,tejadru01,Ruben Tejada,119,105,119,114,0,0,0,0,0,114,0,0,0,0,0,9,1
2014,TEX,AL,telisto01,Tomas Telis,18,18,18,17,0,17,0,0,0,0,0,0,0,0,1,0,0
2014,TEX,AL,tepesni01,Nick Tepesch,23,22,2,23,23,0,0,0,0,0,0,0,0,0,0,0,0
2014,ATL,NL,terdojo01,Joey Terdoslavich,9,1,9,4,0,0,2,0,0,0,0,0,2,2,0,6,0
2014,ARI,NL,thatcjo01,Joe Thatcher,53,0,33,53,53,0,0,0,0,0,0,0,0,0,0,0,0
2014,SDN,NL,thayeda01,Dale Thayer,70,0,65,70,70,0,0,0,0,0,0,0,0,0,0,0,0
2014,MIN,AL,thielca01,Caleb Thielbar,54,0,1,54,54,0,0,0,0,0,0,0,0,0,0,0,0
2014,TOR,AL,tholejo01,Josh Thole,57,41,57,53,0,53,0,0,0,0,0,0,0,0,1,7,0
2014,ATL,NL,thomaia01,Ian Thomas,16,0,16,16,16,0,0,0,0,0,0,0,0,0,0,0,0
2014,MIN,AL,thompaa01,Aaron Thompson,7,0,0,7,7,0,0,0,0,0,0,0,0,0,0,0,0
2014,CHA,AL,thompta01,Taylor Thompson,5,0,0,5,5,0,0,0,0,0,0,0,0,0,0,0,0
2014,NYA,AL,thornma01,Matt Thornton,64,0,22,64,64,0,0,0,0,0,0,0,0,0,0,0,0
2014,MIL,NL,thornty01,Tyler Thornburg,27,0,25,27,27,0,0,0,0,0,0,0,0,0,0,0,0
2014,BAL,AL,tillmch01,Chris Tillman,34,34,3,34,34,0,0,0,0,0,0,0,0,0,0,0,0
2014,TEX,AL,tollesh01,Shawn Tolleson,65,0,5,65,65,0,0,0,0,0,0,0,0,0,0,0,0
2014,TOR,AL,tollest01,Steven Tolleson,109,37,108,102,2,0,0,55,43,2,1,0,6,7,1,39,10
2014,CLE,AL,tomlijo01,Josh Tomlin,26,16,1,25,25,0,0,0,0,0,0,0,0,0,1,0,1
2014,MIN,AL,tonkimi01,Michael Tonkin,25,0,0,25,25,0,0,0,0,0,0,0,0,0,0,0,0
2014,SDN,NL,torreal01,Alex Torres,70,0,67,70,70,0,0,0,0,0,0,0,0,0,0,0,0
2014,NYN,NL,torreca01,Carlos Torres,73,1,70,73,73,0,0,0,0,0,0,0,0,0,0,0,0
2014,NYN,NL,tovarwi01,Wilfredo Tovar,2,0,2,1,0,0,0,0,0,1,0,0,0,0,0,1,0
2014,WAS,NL,treinbl01,Blake Treinen,15,7,15,15,15,0,0,0,0,0,0,0,0,0,0,0,0
2014,LAN,NL,triunca01,Carlos Triunfel,12,4,12,10,0,0,0,0,0,10,0,0,0,0,0,2,2
2014,HOU,AL,tropeni01,Nick Tropeano,4,4,1,4,4,0,0,0,0,0,0,0,0,0,0,0,0
2014,LAA,AL,troutmi01,Mike Trout,157,157,157,149,0,0,0,0,0,0,0,149,0,149,8,0,0
2014,ARI,NL,trumbma01,Mark Trumbo,88,86,88,84,0,0,43,0,0,0,41,0,0,41,2,2,0
2014,SLN,NL,tuivasa01,Sam Tuivailala,2,0,2,2,2,0,0,0,0,0,0,0,0,0,0,0,0
2014,COL,NL,tulowtr01,Troy Tulowitzki,91,88,91,89,0,0,0,0,0,89,0,0,0,0,0,3,0
2014,MIA,NL,turneja01,Jacob Turner,28,18,24,28,28,0,0,0,0,0,0,0,0,0,0,0,0
2014,LAN,NL,turneju01,Justin Turner,109,67,109,85,0,0,2,14,59,15,0,0,0,0,0,32,2
2014,BOS,AL,ueharko01,Koji Uehara,64,0,5,64,64,0,0,0,0,0,0,0,0,0,0,0,0
2014,ATL,NL,ugglada01,Dan Uggla,52,37,52,39,0,0,0,39,0,0,0,0,0,0,0,13,1
2014,ATL,NL,uptonbj01,B. J. Upton,141,135,141,139,0,0,0,0,0,0,0,139,0,139,0,1,2
2014,ATL,NL,uptonju01,Justin Upton,154,152,154,151,0,0,0,0,0,0,151,0,0,151,1,2,0
2014,LAN,NL,uribeju01,Juan Uribe,103,98,103,102,0,0,0,0,102,0,0,0,0,0,0,1,0
2014,PHI,NL,utleych01,Chase Utley,155,148,155,147,0,0,1,147,0,0,0,0,0,0,1,7,0
2014,CHN,NL,valaich01,Chris Valaika,44,29,44,36,0,0,15,12,8,2,0,0,0,0,0,11,0
2014,CHN,NL,valbulu01,Luis Valbuena,149,124,149,140,0,0,0,21,124,0,0,0,0,0,2,18,0
2014,MIA,NL,valdejo02,Jordany Valdespin,52,22,52,28,0,0,0,17,0,0,0,2,10,11,1,24,3
2014,HOU,AL,valdera02,Raul Valdes,8,0,0,8,8,0,0,0,0,0,0,0,0,0,0,0,0
2014,KCA,AL,valenda01,Danny Valencia,86,68,86,78,0,0,20,6,66,0,0,0,0,0,3,13,1
2014,NYN,NL,valvejo01,Jose Valverde,21,0,20,21,21,0,0,0,0,0,0,0,0,0,0,0,0
2014,LAN,NL,vanslsc01,Scott Van Slyke,98,50,98,79,0,0,21,0,0,0,32,21,13,60,0,25,1
2014,KCR,AL,vargaja01,Jason Vargas,30,30,0,30,30,0,0,0,0,0,0,0,0,0,0,0,0
2014,MIN,AL,vargake01,Kennys Vargas,53,53,53,13,0,0,13,0,0,0,0,0,0,0,40,0,0
2014,ATL,NL,varvaan01,Anthony Varvaro,61,0,58,61,61,0,0,0,0,0,0,0,0,0,0,0,0
2014,BOS,AL,vazquch01,Christian Vazquez,55,50,55,54,0,54,0,0,0,0,0,0,0,0,1,1,0
2014,SDN,NL,venabwi01,Will Venable,146,102,146,136,0,0,0,0,0,0,6,76,75,136,0,26,5
2014,KCR,AL,ventuyo01,Yordano Ventura,31,30,2,31,31,0,0,0,0,0,0,0,0,0,0,0,0
2014,CHN,NL,verasjo01,Jose Veras,46,0,14,46,46,0,0,0,0,0,0,0,0,0,0,0,0
2014,DET,AL,verhadr01,Drew VerHagen,1,1,0,1,1,0,0,0,0,0,0,0,0,0,0,0,0
2014,DET,AL,verlaju01,Justin Verlander,32,32,3,32,32,0,0,0,0,0,0,0,0,0,0,0,0
2014,CHA,AL,vicieda01,Dayan Viciedo,145,136,145,131,0,0,4,0,0,0,55,0,84,128,10,6,1
2014,BOS,AL,victosh01,Shane Victorino,30,30,30,30,0,0,0,0,0,0,0,0,30,30,0,0,0
2014,CHN,NL,villaca01,Carlos Villanueva,42,5,40,42,42,0,0,0,0,0,0,0,0,0,0,0,0
2014,HOU,AL,villajo01,Jonathan Villar,87,78,87,82,0,0,0,0,0,82,0,0,0,0,4,0,6
2014,CIN,NL,villape01,Pedro Villarreal,12,0,10,12,12,0,0,0,0,0,0,0,0,0,0,0,0
2014,SDN,NL,vinceni01,Nick Vincent,63,0,59,63,63,0,0,0,0,0,0,0,0,0,0,0,0
2014,CHN,NL,vizcaar01,Arodys Vizcaino,5,0,4,5,5,0,0,0,0,0,0,0,0,0,0,0,0
2014,SFN,NL,vogelry01,Ryan Vogelsong,32,32,31,32,32,0,0,0,0,0,0,0,0,0,0,0,0
2014,PIT,NL,volqued01,Edinson Volquez,32,31,30,32,32,0,0,0,0,0,0,0,0,0,0,0,0
2014,CIN,NL,vottojo01,Joey Votto,62,61,62,61,0,0,61,0,0,0,0,0,0,0,0,1,0
2014,SLN,NL,wachami01,Michael Wacha,19,19,17,19,19,0,0,0,0,0,0,0,0,0,0,0,0
2014,TOR,AL,wagnene01,Neil Wagner,10,0,0,10,10,0,0,0,0,0,0,0,0,0,0,0,0
2014,SLN,NL,wainwad01,Adam Wainwright,32,32,30,32,32,0,0,0,0,0,0,0,0,0,0,0,0
2014,ATL,NL,waldejo01,Jordan Walden,58,0,57,58,58,0,0,0,0,0,0,0,0,0,0,0,0
2014,BAL,AL,walkech02,Christian Walker,6,6,6,6,0,0,6,0,0,0,0,0,0,0,0,0,0
2014,PIT,NL,walkene01,Neil Walker,137,132,137,135,0,0,0,135,0,0,0,0,0,0,0,3,0
2014,SEA,AL,walketa01,Taijuan Walker,8,5,0,8,8,0,0,0,0,0,0,0,0,0,0,0,0
2014,WAS,NL,walteza01,Zach Walters,62,26,62,18,0,0,0,5,3,3,6,0,2,7,20,26,2
2014,NYA,AL,warread01,Adam Warren,69,0,6,69,69,0,0,0,0,0,0,0,0,0,0,0,0
2014,CHN,NL,watkilo01,Logan Watkins,31,16,31,18,0,0,0,16,0,0,0,0,2,2,1,13,0
2014,PIT,NL,watsoto01,Tony Watson,78,0,75,78,78,0,0,0,0,0,0,0,0,0,0,0,0
2014,LAA,AL,weaveje02,Jered Weaver,34,34,1,34,34,0,0,0,0,0,0,0,0,0,0,0,0
2014,BOS,AL,webstal01,Allen Webster,11,11,0,11,11,0,0,0,0,0,0,0,0,0,0,0,0
2014,BAL,AL,weeksje01,Jemile Weeks,17,10,17,10,0,0,0,7,0,3,0,0,0,0,2,2,4
2014,MIL,NL,weeksri01,Rickie Weeks,121,51,121,62,0,0,0,62,0,0,0,0,0,0,2,67,0
2014,WAS,NL,werthja01,Jayson Werth,147,142,147,139,0,0,0,0,0,0,0,0,139,139,5,5,0
2014,COL,NL,wheelry01,Ryan Wheeler,31,13,31,16,0,0,5,0,12,0,0,0,0,0,0,17,0
2014,NYN,NL,wheelza01,Zach Wheeler,34,32,32,32,32,0,0,0,0,0,0,0,0,0,0,1,1
2014,NYA,AL,wheelze01,Zelous Wheeler,29,18,29,25,0,0,0,0,18,0,2,0,6,8,2,6,0
2014,DET,AL,whelake01,Kevin Whelan,1,0,1,1,1,0,0,0,0,0,0,0,0,0,0,0,0
2014,CHN,NL,whiteel03,Eli Whiteside,8,7,8,8,0,8,0,0,0,0,0,0,0,0,0,0,0
2014,NYA,AL,whitlch01,Chase Whitley,24,12,3,24,24,0,0,0,0,0,0,0,0,0,0,0,0
2014,SDN,NL,wielajo01,Joe Wieland,4,2,4,4,4,0,0,0,0,0,0,0,0,0,0,0,0
2014,BAL,AL,wietema01,Matt Wieters,26,26,26,22,0,22,0,0,0,0,0,0,0,0,4,0,0
2014,SEA,AL,wilheto01,Tom Wilhelmsen,57,2,5,57,57,0,0,0,0,0,0,0,0,0,0,0,0
2014,CHA,AL,wilkian01,Andy Wilkins,17,11,17,13,0,0,13,0,0,0,0,0,0,0,3,1,0
2014,COL,NL,willija01,Jackson Williams,7,4,7,7,0,7,0,0,0,0,0,0,0,0,0,0,0
2014,HOU,AL,willije01,Jeff Williams,37,11,9,37,37,0,0,0,0,0,0,0,0,0,0,0,0
2014,MIN,AL,willijo03,Josh Willingham,92,84,92,54,0,0,0,0,0,0,53,0,1,54,34,7,0
2014,BOS,AL,wilsoal01,Alex Wilson,18,0,2,18,18,0,0,0,0,0,0,0,0,0,0,0,0
2014,ARI,NL,wilsobo02,Bobby Wilson,2,1,2,2,0,2,0,0,0,0,0,0,0,0,0,0,0
2014,LAN,NL,wilsobr01,Brian Wilson,61,0,58,61,61,0,0,0,0,0,0,0,0,0,0,0,0
2014,LAA,AL,wilsocj01,C. J. Wilson,32,31,2,31,31,0,0,0,0,0,0,0,0,0,0,1,0
2014,TEX,AL,wilsojo03,Josh Wilson,24,19,24,23,0,0,0,19,4,3,0,0,0,0,0,0,1
2014,PIT,NL,wilsoju10,Justin Wilson,70,0,67,70,70,0,0,0,0,0,0,0,0,0,0,0,0
2014,LAN,NL,withrch01,Chris Withrow,20,0,19,20,20,0,0,0,0,0,0,0,0,0,0,0,0
2014,MIL,NL,wootero01,Rob Wooten,40,0,37,40,40,0,0,0,0,0,0,0,0,0,0,0,0
2014,BOS,AL,workmbr01,Brandon Workman,19,15,2,19,19,0,0,0,0,0,0,0,0,0,0,0,0
2014,PIT,NL,worleva01,Vance Worley,20,17,19,18,18,0,0,0,0,0,0,0,0,0,0,2,0
2014,DET,AL,worthda01,Danny Worth,20,12,18,17,2,0,1,3,0,13,0,0,0,0,0,0,3
2014,NYN,NL,wrighda03,David Wright,134,133,134,133,0,0,0,0,133,0,0,0,0,0,0,1,0
2014,LAN,NL,wrighja01,Jamey Wright,61,1,56,61,61,0,0,0,0,0,0,0,0,0,0,0,0
2014,BOS,AL,wrighst01,Steven Wright,6,1,1,6,6,0,0,0,0,0,0,0,0,0,0,0,0
2014,CHN,NL,wrighwe01,Wesley Wright,58,0,53,58,58,0,0,0,0,0,0,0,0,0,0,0,0
2014,TBA,AL,yateski01,Kirby Yates,37,0,3,37,37,0,0,0,0,0,0,0,0,0,0,0,0
2014,MIA,NL,yelicch01,Christian Yelich,144,142,144,144,0,0,0,0,0,0,138,12,0,144,0,1,0
2014,SEA,AL,youngch03,Chris Young,30,29,1,30,30,0,0,0,0,0,0,0,0,0,0,0,0
2014,NYN,NL,youngch04,Chris Young,111,82,111,97,0,0,0,0,0,0,73,27,7,97,2,18,1
2014,BAL,AL,youngde03,Delmon Young,83,56,83,28,0,0,0,0,0,0,27,0,2,28,39,23,0
2014,NYN,NL,younger03,Eric Young,100,67,100,73,0,0,0,2,0,0,73,1,0,73,1,21,8
2014,ARI,NL,zieglbr01,Brad Ziegler,68,0,64,68,68,0,0,0,0,0,0,0,0,0,0,0,0
2014,WAS,NL,zimmejo02,Jordan Zimmermann,32,32,30,32,32,0,0,0,0,0,0,0,0,0,0,0,0
2014,WAS,NL,zimmery01,Ryan Zimmerman,61,56,61,55,0,0,5,0,23,0,30,0,0,30,2,4,0
2014,TBA,AL,zobribe01,Ben Zobrist,146,144,146,137,0,0,0,79,0,31,38,7,19,54,8,2,0
2014,SEA,AL,zuninmi01,Mike Zunino,131,126,131,130,0,130,0,0,0,0,0,0,0,0,1,0,1
